subject_id,person_code,sequence_id,frame_id,emotion_code,emotion,image_path,width,height,color_mode,filename,raw_image_path
1,mr,01_AN_mr,1,AN,Anger,C:\Users\kundu\OneDrive\Desktop\KMU-FED-2\data\frames\01_AN_mr\01_AN_mr_001.jpg,1600,1200,RGB,01_AN_mr_001.jpg,C:\Users\kundu\Downloads\KMU-FED\01_AN_mr_001.jpg
1,mr,01_AN_mr,2,AN,Anger,C:\Users\kundu\OneDrive\Desktop\KMU-FED-2\data\frames\01_AN_mr\01_AN_mr_002.jpg,1600,1200,RGB,01_AN_mr_002.jpg,C:\Users\kundu\Downloads\KMU-FED\01_AN_mr_002.jpg
1,mr,01_AN_mr,3,AN,Anger,C:\Users\kundu\OneDrive\Desktop\KMU-FED-2\data\frames\01_AN_mr\01_AN_mr_003.jpg,1600,1200,RGB,01_AN_mr_003.jpg,C:\Users\kundu\Downloads\KMU-FED\01_AN_mr_003.jpg
1,mr,01_AN_mr,4,AN,Anger,C:\Users\kundu\OneDrive\Desktop\KMU-FED-2\data\frames\01_AN_mr\01_AN_mr_004.jpg,1600,1200,RGB,01_AN_mr_004.jpg,C:\Users\kundu\Downloads\KMU-FED\01_AN_mr_004.jpg
1,mr,01_AN_mr,5,AN,Anger,C:\Users\kundu\OneDrive\Desktop\KMU-FED-2\data\frames\01_AN_mr\01_AN_mr_005.jpg,1600,1200,RGB,01_AN_mr_005.jpg,C:\Users\kundu\Downloads\KMU-FED\01_AN_mr_005.jpg
1,mr,01_AN_mr,6,AN,Anger,C:\Users\kundu\OneDrive\Desktop\KMU-FED-2\data\frames\01_AN_mr\01_AN_mr_006.jpg,1600,1200,RGB,01_AN_mr_006.jpg,C:\Users\kundu\Downloads\KMU-FED\01_AN_mr_006.jpg
1,mr,01_AN_mr,7,AN,Anger,C:\Users\kundu\OneDrive\Desktop\KMU-FED-2\data\frames\01_AN_mr\01_AN_mr_007.jpg,1600,1200,RGB,01_AN_mr_007.jpg,C:\Users\kundu\Downloads\KMU-FED\01_AN_mr_007.jpg
1,mr,01_AN_mr,8,AN,Anger,C:\Users\kundu\OneDrive\Desktop\KMU-FED-2\data\frames\01_AN_mr\01_AN_mr_008.jpg,1600,1200,RGB,01_AN_mr_008.jpg,C:\Users\kundu\Downloads\KMU-FED\01_AN_mr_008.jpg
1,mr,01_AN_mr,9,AN,Anger,C:\Users\kundu\OneDrive\Desktop\KMU-FED-2\data\frames\01_AN_mr\01_AN_mr_009.jpg,1600,1200,RGB,01_AN_mr_009.jpg,C:\Users\kundu\Downloads\KMU-FED\01_AN_mr_009.jpg
1,mr,01_AN_mr,10,AN,Anger,C:\Users\kundu\OneDrive\Desktop\KMU-FED-2\data\frames\01_AN_mr\01_AN_mr_010.jpg,1600,1200,RGB,01_AN_mr_010.jpg,C:\Users\kundu\Downloads\KMU-FED\01_AN_mr_010.jpg
1,mr,01_AN_mr,11,AN,Anger,C:\Users\kundu\OneDrive\Desktop\KMU-FED-2\data\frames\01_AN_mr\01_AN_mr_011.jpg,1600,1200,RGB,01_AN_mr_011.jpg,C:\Users\kundu\Downloads\KMU-FED\01_AN_mr_011.jpg
1,mr,01_AN_mr,12,AN,Anger,C:\Users\kundu\OneDrive\Desktop\KMU-FED-2\data\frames\01_AN_mr\01_AN_mr_012.jpg,1600,1200,RGB,01_AN_mr_012.jpg,C:\Users\kundu\Downloads\KMU-FED\01_AN_mr_012.jpg
1,mr,01_AN_mr,13,AN,Anger,C:\Users\kundu\OneDrive\Desktop\KMU-FED-2\data\frames\01_AN_mr\01_AN_mr_013.jpg,1600,1200,RGB,01_AN_mr_013.jpg,C:\Users\kundu\Downloads\KMU-FED\01_AN_mr_013.jpg
1,mr,01_AN_mr,14,AN,Anger,C:\Users\kundu\OneDrive\Desktop\KMU-FED-2\data\frames\01_AN_mr\01_AN_mr_014.jpg,1600,1200,RGB,01_AN_mr_014.jpg,C:\Users\kundu\Downloads\KMU-FED\01_AN_mr_014.jpg
1,mr,01_AN_mr,15,AN,Anger,C:\Users\kundu\OneDrive\Desktop\KMU-FED-2\data\frames\01_AN_mr\01_AN_mr_015.jpg,1600,1200,RGB,01_AN_mr_015.jpg,C:\Users\kundu\Downloads\KMU-FED\01_AN_mr_015.jpg
1,mr,01_AN_mr,16,AN,Anger,C:\Users\kundu\OneDrive\Desktop\KMU-FED-2\data\frames\01_AN_mr\01_AN_mr_016.jpg,1600,1200,RGB,01_AN_mr_016.jpg,C:\Users\kundu\Downloads\KMU-FED\01_AN_mr_016.jpg
1,mr,01_AN_mr,17,AN,Anger,C:\Users\kundu\OneDrive\Desktop\KMU-FED-2\data\frames\01_AN_mr\01_AN_mr_017.jpg,1600,1200,RGB,01_AN_mr_017.jpg,C:\Users\kundu\Downloads\KMU-FED\01_AN_mr_017.jpg
1,mr,01_AN_mr,18,AN,Anger,C:\Users\kundu\OneDrive\Desktop\KMU-FED-2\data\frames\01_AN_mr\01_AN_mr_018.jpg,1600,1200,RGB,01_AN_mr_018.jpg,C:\Users\kundu\Downloads\KMU-FED\01_AN_mr_018.jpg
1,mr,01_AN_mr,19,AN,Anger,C:\Users\kundu\OneDrive\Desktop\KMU-FED-2\data\frames\01_AN_mr\01_AN_mr_019.jpg,1600,1200,RGB,01_AN_mr_019.jpg,C:\Users\kundu\Downloads\KMU-FED\01_AN_mr_019.jpg
1,mr,01_AN_mr,20,AN,Anger,C:\Users\kundu\OneDrive\Desktop\KMU-FED-2\data\frames\01_AN_mr\01_AN_mr_020.jpg,1600,1200,RGB,01_AN_mr_020.jpg,C:\Users\kundu\Downloads\KMU-FED\01_AN_mr_020.jpg
1,mr,01_DI_mr,1,DI,Disgust,C:\Users\kundu\OneDrive\Desktop\KMU-FED-2\data\frames\01_DI_mr\01_DI_mr_001.jpg,1600,1200,RGB,01_DI_mr_001.jpg,C:\Users\kundu\Downloads\KMU-FED\01_DI_mr_001.jpg
1,mr,01_DI_mr,2,DI,Disgust,C:\Users\kundu\OneDrive\Desktop\KMU-FED-2\data\frames\01_DI_mr\01_DI_mr_002.jpg,1600,1200,RGB,01_DI_mr_002.jpg,C:\Users\kundu\Downloads\KMU-FED\01_DI_mr_002.jpg
1,mr,01_DI_mr,3,DI,Disgust,C:\Users\kundu\OneDrive\Desktop\KMU-FED-2\data\frames\01_DI_mr\01_DI_mr_003.jpg,1600,1200,RGB,01_DI_mr_003.jpg,C:\Users\kundu\Downloads\KMU-FED\01_DI_mr_003.jpg
1,mr,01_DI_mr,4,DI,Disgust,C:\Users\kundu\OneDrive\Desktop\KMU-FED-2\data\frames\01_DI_mr\01_DI_mr_004.jpg,1600,1200,RGB,01_DI_mr_004.jpg,C:\Users\kundu\Downloads\KMU-FED\01_DI_mr_004.jpg
1,mr,01_DI_mr,5,DI,Disgust,C:\Users\kundu\OneDrive\Desktop\KMU-FED-2\data\frames\01_DI_mr\01_DI_mr_005.jpg,1600,1200,RGB,01_DI_mr_005.jpg,C:\Users\kundu\Downloads\KMU-FED\01_DI_mr_005.jpg
1,mr,01_DI_mr,6,DI,Disgust,C:\Users\kundu\OneDrive\Desktop\KMU-FED-2\data\frames\01_DI_mr\01_DI_mr_006.jpg,1600,1200,RGB,01_DI_mr_006.jpg,C:\Users\kundu\Downloads\KMU-FED\01_DI_mr_006.jpg
1,mr,01_DI_mr,7,DI,Disgust,C:\Users\kundu\OneDrive\Desktop\KMU-FED-2\data\frames\01_DI_mr\01_DI_mr_007.jpg,1600,1200,RGB,01_DI_mr_007.jpg,C:\Users\kundu\Downloads\KMU-FED\01_DI_mr_007.jpg
1,mr,01_DI_mr,8,DI,Disgust,C:\Users\kundu\OneDrive\Desktop\KMU-FED-2\data\frames\01_DI_mr\01_DI_mr_008.jpg,1600,1200,RGB,01_DI_mr_008.jpg,C:\Users\kundu\Downloads\KMU-FED\01_DI_mr_008.jpg
1,mr,01_DI_mr,9,DI,Disgust,C:\Users\kundu\OneDrive\Desktop\KMU-FED-2\data\frames\01_DI_mr\01_DI_mr_009.jpg,1600,1200,RGB,01_DI_mr_009.jpg,C:\Users\kundu\Downloads\KMU-FED\01_DI_mr_009.jpg
1,mr,01_DI_mr,10,DI,Disgust,C:\Users\kundu\OneDrive\Desktop\KMU-FED-2\data\frames\01_DI_mr\01_DI_mr_010.jpg,1600,1200,RGB,01_DI_mr_010.jpg,C:\Users\kundu\Downloads\KMU-FED\01_DI_mr_010.jpg
1,mr,01_DI_mr,11,DI,Disgust,C:\Users\kundu\OneDrive\Desktop\KMU-FED-2\data\frames\01_DI_mr\01_DI_mr_011.jpg,1600,1200,RGB,01_DI_mr_011.jpg,C:\Users\kundu\Downloads\KMU-FED\01_DI_mr_011.jpg
1,mr,01_DI_mr,12,DI,Disgust,C:\Users\kundu\OneDrive\Desktop\KMU-FED-2\data\frames\01_DI_mr\01_DI_mr_012.jpg,1600,1200,RGB,01_DI_mr_012.jpg,C:\Users\kundu\Downloads\KMU-FED\01_DI_mr_012.jpg
1,mr,01_DI_mr,13,DI,Disgust,C:\Users\kundu\OneDrive\Desktop\KMU-FED-2\data\frames\01_DI_mr\01_DI_mr_013.jpg,1600,1200,RGB,01_DI_mr_013.jpg,C:\Users\kundu\Downloads\KMU-FED\01_DI_mr_013.jpg
1,mr,01_DI_mr,14,DI,Disgust,C:\Users\kundu\OneDrive\Desktop\KMU-FED-2\data\frames\01_DI_mr\01_DI_mr_014.jpg,1600,1200,RGB,01_DI_mr_014.jpg,C:\Users\kundu\Downloads\KMU-FED\01_DI_mr_014.jpg
1,mr,01_DI_mr,15,DI,Disgust,C:\Users\kundu\OneDrive\Desktop\KMU-FED-2\data\frames\01_DI_mr\01_DI_mr_015.jpg,1600,1200,RGB,01_DI_mr_015.jpg,C:\Users\kundu\Downloads\KMU-FED\01_DI_mr_015.jpg
1,mr,01_DI_mr,16,DI,Disgust,C:\Users\kundu\OneDrive\Desktop\KMU-FED-2\data\frames\01_DI_mr\01_DI_mr_016.jpg,1600,1200,RGB,01_DI_mr_016.jpg,C:\Users\kundu\Downloads\KMU-FED\01_DI_mr_016.jpg
1,mr,01_DI_mr,17,DI,Disgust,C:\Users\kundu\OneDrive\Desktop\KMU-FED-2\data\frames\01_DI_mr\01_DI_mr_017.jpg,1600,1200,RGB,01_DI_mr_017.jpg,C:\Users\kundu\Downloads\KMU-FED\01_DI_mr_017.jpg
1,mr,01_DI_mr,18,DI,Disgust,C:\Users\kundu\OneDrive\Desktop\KMU-FED-2\data\frames\01_DI_mr\01_DI_mr_018.jpg,1600,1200,RGB,01_DI_mr_018.jpg,C:\Users\kundu\Downloads\KMU-FED\01_DI_mr_018.jpg
1,mr,01_DI_mr,19,DI,Disgust,C:\Users\kundu\OneDrive\Desktop\KMU-FED-2\data\frames\01_DI_mr\01_DI_mr_019.jpg,1600,1200,RGB,01_DI_mr_019.jpg,C:\Users\kundu\Downloads\KMU-FED\01_DI_mr_019.jpg
1,mr,01_DI_mr,20,DI,Disgust,C:\Users\kundu\OneDrive\Desktop\KMU-FED-2\data\frames\01_DI_mr\01_DI_mr_020.jpg,1600,1200,RGB,01_DI_mr_020.jpg,C:\Users\kundu\Downloads\KMU-FED\01_DI_mr_020.jpg
1,mr,01_FE_mr,1,FE,Fear,C:\Users\kundu\OneDrive\Desktop\KMU-FED-2\data\frames\01_FE_mr\01_FE_mr_001.jpg,1600,1200,RGB,01_FE_mr_001.jpg,C:\Users\kundu\Downloads\KMU-FED\01_FE_mr_001.jpg
1,mr,01_FE_mr,2,FE,Fear,C:\Users\kundu\OneDrive\Desktop\KMU-FED-2\data\frames\01_FE_mr\01_FE_mr_002.jpg,1600,1200,RGB,01_FE_mr_002.jpg,C:\Users\kundu\Downloads\KMU-FED\01_FE_mr_002.jpg
1,mr,01_FE_mr,3,FE,Fear,C:\Users\kundu\OneDrive\Desktop\KMU-FED-2\data\frames\01_FE_mr\01_FE_mr_003.jpg,1600,1200,RGB,01_FE_mr_003.jpg,C:\Users\kundu\Downloads\KMU-FED\01_FE_mr_003.jpg
1,mr,01_FE_mr,4,FE,Fear,C:\Users\kundu\OneDrive\Desktop\KMU-FED-2\data\frames\01_FE_mr\01_FE_mr_004.jpg,1600,1200,RGB,01_FE_mr_004.jpg,C:\Users\kundu\Downloads\KMU-FED\01_FE_mr_004.jpg
1,mr,01_FE_mr,5,FE,Fear,C:\Users\kundu\OneDrive\Desktop\KMU-FED-2\data\frames\01_FE_mr\01_FE_mr_005.jpg,1600,1200,RGB,01_FE_mr_005.jpg,C:\Users\kundu\Downloads\KMU-FED\01_FE_mr_005.jpg
1,mr,01_FE_mr,6,FE,Fear,C:\Users\kundu\OneDrive\Desktop\KMU-FED-2\data\frames\01_FE_mr\01_FE_mr_006.jpg,1600,1200,RGB,01_FE_mr_006.jpg,C:\Users\kundu\Downloads\KMU-FED\01_FE_mr_006.jpg
1,mr,01_FE_mr,7,FE,Fear,C:\Users\kundu\OneDrive\Desktop\KMU-FED-2\data\frames\01_FE_mr\01_FE_mr_007.jpg,1600,1200,RGB,01_FE_mr_007.jpg,C:\Users\kundu\Downloads\KMU-FED\01_FE_mr_007.jpg
1,mr,01_FE_mr,8,FE,Fear,C:\Users\kundu\OneDrive\Desktop\KMU-FED-2\data\frames\01_FE_mr\01_FE_mr_008.jpg,1600,1200,RGB,01_FE_mr_008.jpg,C:\Users\kundu\Downloads\KMU-FED\01_FE_mr_008.jpg
1,mr,01_FE_mr,9,FE,Fear,C:\Users\kundu\OneDrive\Desktop\KMU-FED-2\data\frames\01_FE_mr\01_FE_mr_009.jpg,1600,1200,RGB,01_FE_mr_009.jpg,C:\Users\kundu\Downloads\KMU-FED\01_FE_mr_009.jpg
1,mr,01_FE_mr,10,FE,Fear,C:\Users\kundu\OneDrive\Desktop\KMU-FED-2\data\frames\01_FE_mr\01_FE_mr_010.jpg,1600,1200,RGB,01_FE_mr_010.jpg,C:\Users\kundu\Downloads\KMU-FED\01_FE_mr_010.jpg
1,mr,01_FE_mr,11,FE,Fear,C:\Users\kundu\OneDrive\Desktop\KMU-FED-2\data\frames\01_FE_mr\01_FE_mr_011.jpg,1600,1200,RGB,01_FE_mr_011.jpg,C:\Users\kundu\Downloads\KMU-FED\01_FE_mr_011.jpg
1,mr,01_FE_mr,12,FE,Fear,C:\Users\kundu\OneDrive\Desktop\KMU-FED-2\data\frames\01_FE_mr\01_FE_mr_012.jpg,1600,1200,RGB,01_FE_mr_012.jpg,C:\Users\kundu\Downloads\KMU-FED\01_FE_mr_012.jpg
1,mr,01_FE_mr,13,FE,Fear,C:\Users\kundu\OneDrive\Desktop\KMU-FED-2\data\frames\01_FE_mr\01_FE_mr_013.jpg,1600,1200,RGB,01_FE_mr_013.jpg,C:\Users\kundu\Downloads\KMU-FED\01_FE_mr_013.jpg
1,mr,01_FE_mr,14,FE,Fear,C:\Users\kundu\OneDrive\Desktop\KMU-FED-2\data\frames\01_FE_mr\01_FE_mr_014.jpg,1600,1200,RGB,01_FE_mr_014.jpg,C:\Users\kundu\Downloads\KMU-FED\01_FE_mr_014.jpg
1,mr,01_FE_mr,15,FE,Fear,C:\Users\kundu\OneDrive\Desktop\KMU-FED-2\data\frames\01_FE_mr\01_FE_mr_015.jpg,1600,1200,RGB,01_FE_mr_015.jpg,C:\Users\kundu\Downloads\KMU-FED\01_FE_mr_015.jpg
1,mr,01_FE_mr,16,FE,Fear,C:\Users\kundu\OneDrive\Desktop\KMU-FED-2\data\frames\01_FE_mr\01_FE_mr_016.jpg,1600,1200,RGB,01_FE_mr_016.jpg,C:\Users\kundu\Downloads\KMU-FED\01_FE_mr_016.jpg
1,mr,01_FE_mr,17,FE,Fear,C:\Users\kundu\OneDrive\Desktop\KMU-FED-2\data\frames\01_FE_mr\01_FE_mr_017.jpg,1600,1200,RGB,01_FE_mr_017.jpg,C:\Users\kundu\Downloads\KMU-FED\01_FE_mr_017.jpg
1,mr,01_FE_mr,18,FE,Fear,C:\Users\kundu\OneDrive\Desktop\KMU-FED-2\data\frames\01_FE_mr\01_FE_mr_018.jpg,1600,1200,RGB,01_FE_mr_018.jpg,C:\Users\kundu\Downloads\KMU-FED\01_FE_mr_018.jpg
1,mr,01_FE_mr,19,FE,Fear,C:\Users\kundu\OneDrive\Desktop\KMU-FED-2\data\frames\01_FE_mr\01_FE_mr_019.jpg,1600,1200,RGB,01_FE_mr_019.jpg,C:\Users\kundu\Downloads\KMU-FED\01_FE_mr_019.jpg
1,mr,01_FE_mr,20,FE,Fear,C:\Users\kundu\OneDrive\Desktop\KMU-FED-2\data\frames\01_FE_mr\01_FE_mr_020.jpg,1600,1200,RGB,01_FE_mr_020.jpg,C:\Users\kundu\Downloads\KMU-FED\01_FE_mr_020.jpg
1,mr,01_HA_mr,1,HA,Happiness,C:\Users\kundu\OneDrive\Desktop\KMU-FED-2\data\frames\01_HA_mr\01_HA_mr_001.jpg,1600,1200,RGB,01_HA_mr_001.jpg,C:\Users\kundu\Downloads\KMU-FED\01_HA_mr_001.jpg
1,mr,01_HA_mr,2,HA,Happiness,C:\Users\kundu\OneDrive\Desktop\KMU-FED-2\data\frames\01_HA_mr\01_HA_mr_002.jpg,1600,1200,RGB,01_HA_mr_002.jpg,C:\Users\kundu\Downloads\KMU-FED\01_HA_mr_002.jpg
1,mr,01_HA_mr,3,HA,Happiness,C:\Users\kundu\OneDrive\Desktop\KMU-FED-2\data\frames\01_HA_mr\01_HA_mr_003.jpg,1600,1200,RGB,01_HA_mr_003.jpg,C:\Users\kundu\Downloads\KMU-FED\01_HA_mr_003.jpg
1,mr,01_HA_mr,4,HA,Happiness,C:\Users\kundu\OneDrive\Desktop\KMU-FED-2\data\frames\01_HA_mr\01_HA_mr_004.jpg,1600,1200,RGB,01_HA_mr_004.jpg,C:\Users\kundu\Downloads\KMU-FED\01_HA_mr_004.jpg
1,mr,01_HA_mr,5,HA,Happiness,C:\Users\kundu\OneDrive\Desktop\KMU-FED-2\data\frames\01_HA_mr\01_HA_mr_005.jpg,1600,1200,RGB,01_HA_mr_005.jpg,C:\Users\kundu\Downloads\KMU-FED\01_HA_mr_005.jpg
1,mr,01_HA_mr,6,HA,Happiness,C:\Users\kundu\OneDrive\Desktop\KMU-FED-2\data\frames\01_HA_mr\01_HA_mr_006.jpg,1600,1200,RGB,01_HA_mr_006.jpg,C:\Users\kundu\Downloads\KMU-FED\01_HA_mr_006.jpg
1,mr,01_HA_mr,7,HA,Happiness,C:\Users\kundu\OneDrive\Desktop\KMU-FED-2\data\frames\01_HA_mr\01_HA_mr_007.jpg,1600,1200,RGB,01_HA_mr_007.jpg,C:\Users\kundu\Downloads\KMU-FED\01_HA_mr_007.jpg
1,mr,01_HA_mr,8,HA,Happiness,C:\Users\kundu\OneDrive\Desktop\KMU-FED-2\data\frames\01_HA_mr\01_HA_mr_008.jpg,1600,1200,RGB,01_HA_mr_008.jpg,C:\Users\kundu\Downloads\KMU-FED\01_HA_mr_008.jpg
1,mr,01_HA_mr,9,HA,Happiness,C:\Users\kundu\OneDrive\Desktop\KMU-FED-2\data\frames\01_HA_mr\01_HA_mr_009.jpg,1600,1200,RGB,01_HA_mr_009.jpg,C:\Users\kundu\Downloads\KMU-FED\01_HA_mr_009.jpg
1,mr,01_HA_mr,10,HA,Happiness,C:\Users\kundu\OneDrive\Desktop\KMU-FED-2\data\frames\01_HA_mr\01_HA_mr_010.jpg,1600,1200,RGB,01_HA_mr_010.jpg,C:\Users\kundu\Downloads\KMU-FED\01_HA_mr_010.jpg
1,mr,01_HA_mr,11,HA,Happiness,C:\Users\kundu\OneDrive\Desktop\KMU-FED-2\data\frames\01_HA_mr\01_HA_mr_011.jpg,1600,1200,RGB,01_HA_mr_011.jpg,C:\Users\kundu\Downloads\KMU-FED\01_HA_mr_011.jpg
1,mr,01_HA_mr,12,HA,Happiness,C:\Users\kundu\OneDrive\Desktop\KMU-FED-2\data\frames\01_HA_mr\01_HA_mr_012.jpg,1600,1200,RGB,01_HA_mr_012.jpg,C:\Users\kundu\Downloads\KMU-FED\01_HA_mr_012.jpg
1,mr,01_HA_mr,13,HA,Happiness,C:\Users\kundu\OneDrive\Desktop\KMU-FED-2\data\frames\01_HA_mr\01_HA_mr_013.jpg,1600,1200,RGB,01_HA_mr_013.jpg,C:\Users\kundu\Downloads\KMU-FED\01_HA_mr_013.jpg
1,mr,01_HA_mr,14,HA,Happiness,C:\Users\kundu\OneDrive\Desktop\KMU-FED-2\data\frames\01_HA_mr\01_HA_mr_014.jpg,1600,1200,RGB,01_HA_mr_014.jpg,C:\Users\kundu\Downloads\KMU-FED\01_HA_mr_014.jpg
1,mr,01_HA_mr,15,HA,Happiness,C:\Users\kundu\OneDrive\Desktop\KMU-FED-2\data\frames\01_HA_mr\01_HA_mr_015.jpg,1600,1200,RGB,01_HA_mr_015.jpg,C:\Users\kundu\Downloads\KMU-FED\01_HA_mr_015.jpg
1,mr,01_HA_mr,16,HA,Happiness,C:\Users\kundu\OneDrive\Desktop\KMU-FED-2\data\frames\01_HA_mr\01_HA_mr_016.jpg,1600,1200,RGB,01_HA_mr_016.jpg,C:\Users\kundu\Downloads\KMU-FED\01_HA_mr_016.jpg
1,mr,01_HA_mr,17,HA,Happiness,C:\Users\kundu\OneDrive\Desktop\KMU-FED-2\data\frames\01_HA_mr\01_HA_mr_017.jpg,1600,1200,RGB,01_HA_mr_017.jpg,C:\Users\kundu\Downloads\KMU-FED\01_HA_mr_017.jpg
1,mr,01_HA_mr,18,HA,Happiness,C:\Users\kundu\OneDrive\Desktop\KMU-FED-2\data\frames\01_HA_mr\01_HA_mr_018.jpg,1600,1200,RGB,01_HA_mr_018.jpg,C:\Users\kundu\Downloads\KMU-FED\01_HA_mr_018.jpg
1,mr,01_HA_mr,19,HA,Happiness,C:\Users\kundu\OneDrive\Desktop\KMU-FED-2\data\frames\01_HA_mr\01_HA_mr_019.jpg,1600,1200,RGB,01_HA_mr_019.jpg,C:\Users\kundu\Downloads\KMU-FED\01_HA_mr_019.jpg
1,mr,01_HA_mr,20,HA,Happiness,C:\Users\kundu\OneDrive\Desktop\KMU-FED-2\data\frames\01_HA_mr\01_HA_mr_020.jpg,1600,1200,RGB,01_HA_mr_020.jpg,C:\Users\kundu\Downloads\KMU-FED\01_HA_mr_020.jpg
1,mr,01_SA_mr,1,SA,Sadness,C:\Users\kundu\OneDrive\Desktop\KMU-FED-2\data\frames\01_SA_mr\01_SA_mr_001.jpg,1600,1200,RGB,01_SA_mr_001.jpg,C:\Users\kundu\Downloads\KMU-FED\01_SA_mr_001.jpg
1,mr,01_SA_mr,2,SA,Sadness,C:\Users\kundu\OneDrive\Desktop\KMU-FED-2\data\frames\01_SA_mr\01_SA_mr_002.jpg,1600,1200,RGB,01_SA_mr_002.jpg,C:\Users\kundu\Downloads\KMU-FED\01_SA_mr_002.jpg
1,mr,01_SA_mr,3,SA,Sadness,C:\Users\kundu\OneDrive\Desktop\KMU-FED-2\data\frames\01_SA_mr\01_SA_mr_003.jpg,1600,1200,RGB,01_SA_mr_003.jpg,C:\Users\kundu\Downloads\KMU-FED\01_SA_mr_003.jpg
1,mr,01_SA_mr,4,SA,Sadness,C:\Users\kundu\OneDrive\Desktop\KMU-FED-2\data\frames\01_SA_mr\01_SA_mr_004.jpg,1600,1200,RGB,01_SA_mr_004.jpg,C:\Users\kundu\Downloads\KMU-FED\01_SA_mr_004.jpg
1,mr,01_SA_mr,5,SA,Sadness,C:\Users\kundu\OneDrive\Desktop\KMU-FED-2\data\frames\01_SA_mr\01_SA_mr_005.jpg,1600,1200,RGB,01_SA_mr_005.jpg,C:\Users\kundu\Downloads\KMU-FED\01_SA_mr_005.jpg
1,mr,01_SA_mr,6,SA,Sadness,C:\Users\kundu\OneDrive\Desktop\KMU-FED-2\data\frames\01_SA_mr\01_SA_mr_006.jpg,1600,1200,RGB,01_SA_mr_006.jpg,C:\Users\kundu\Downloads\KMU-FED\01_SA_mr_006.jpg
1,mr,01_SA_mr,7,SA,Sadness,C:\Users\kundu\OneDrive\Desktop\KMU-FED-2\data\frames\01_SA_mr\01_SA_mr_007.jpg,1600,1200,RGB,01_SA_mr_007.jpg,C:\Users\kundu\Downloads\KMU-FED\01_SA_mr_007.jpg
1,mr,01_SA_mr,8,SA,Sadness,C:\Users\kundu\OneDrive\Desktop\KMU-FED-2\data\frames\01_SA_mr\01_SA_mr_008.jpg,1600,1200,RGB,01_SA_mr_008.jpg,C:\Users\kundu\Downloads\KMU-FED\01_SA_mr_008.jpg
1,mr,01_SA_mr,9,SA,Sadness,C:\Users\kundu\OneDrive\Desktop\KMU-FED-2\data\frames\01_SA_mr\01_SA_mr_009.jpg,1600,1200,RGB,01_SA_mr_009.jpg,C:\Users\kundu\Downloads\KMU-FED\01_SA_mr_009.jpg
1,mr,01_SA_mr,10,SA,Sadness,C:\Users\kundu\OneDrive\Desktop\KMU-FED-2\data\frames\01_SA_mr\01_SA_mr_010.jpg,1600,1200,RGB,01_SA_mr_010.jpg,C:\Users\kundu\Downloads\KMU-FED\01_SA_mr_010.jpg
1,mr,01_SA_mr,11,SA,Sadness,C:\Users\kundu\OneDrive\Desktop\KMU-FED-2\data\frames\01_SA_mr\01_SA_mr_011.jpg,1600,1200,RGB,01_SA_mr_011.jpg,C:\Users\kundu\Downloads\KMU-FED\01_SA_mr_011.jpg
1,mr,01_SA_mr,12,SA,Sadness,C:\Users\kundu\OneDrive\Desktop\KMU-FED-2\data\frames\01_SA_mr\01_SA_mr_012.jpg,1600,1200,RGB,01_SA_mr_012.jpg,C:\Users\kundu\Downloads\KMU-FED\01_SA_mr_012.jpg
1,mr,01_SA_mr,13,SA,Sadness,C:\Users\kundu\OneDrive\Desktop\KMU-FED-2\data\frames\01_SA_mr\01_SA_mr_013.jpg,1600,1200,RGB,01_SA_mr_013.jpg,C:\Users\kundu\Downloads\KMU-FED\01_SA_mr_013.jpg
1,mr,01_SA_mr,14,SA,Sadness,C:\Users\kundu\OneDrive\Desktop\KMU-FED-2\data\frames\01_SA_mr\01_SA_mr_014.jpg,1600,1200,RGB,01_SA_mr_014.jpg,C:\Users\kundu\Downloads\KMU-FED\01_SA_mr_014.jpg
1,mr,01_SA_mr,15,SA,Sadness,C:\Users\kundu\OneDrive\Desktop\KMU-FED-2\data\frames\01_SA_mr\01_SA_mr_015.jpg,1600,1200,RGB,01_SA_mr_015.jpg,C:\Users\kundu\Downloads\KMU-FED\01_SA_mr_015.jpg
1,mr,01_SA_mr,16,SA,Sadness,C:\Users\kundu\OneDrive\Desktop\KMU-FED-2\data\frames\01_SA_mr\01_SA_mr_016.jpg,1600,1200,RGB,01_SA_mr_016.jpg,C:\Users\kundu\Downloads\KMU-FED\01_SA_mr_016.jpg
1,mr,01_SA_mr,17,SA,Sadness,C:\Users\kundu\OneDrive\Desktop\KMU-FED-2\data\frames\01_SA_mr\01_SA_mr_017.jpg,1600,1200,RGB,01_SA_mr_017.jpg,C:\Users\kundu\Downloads\KMU-FED\01_SA_mr_017.jpg
1,mr,01_SA_mr,18,SA,Sadness,C:\Users\kundu\OneDrive\Desktop\KMU-FED-2\data\frames\01_SA_mr\01_SA_mr_018.jpg,1600,1200,RGB,01_SA_mr_018.jpg,C:\Users\kundu\Downloads\KMU-FED\01_SA_mr_018.jpg
1,mr,01_SA_mr,19,SA,Sadness,C:\Users\kundu\OneDrive\Desktop\KMU-FED-2\data\frames\01_SA_mr\01_SA_mr_019.jpg,1600,1200,RGB,01_SA_mr_019.jpg,C:\Users\kundu\Downloads\KMU-FED\01_SA_mr_019.jpg
1,mr,01_SA_mr,20,SA,Sadness,C:\Users\kundu\OneDrive\Desktop\KMU-FED-2\data\frames\01_SA_mr\01_SA_mr_020.jpg,1600,1200,RGB,01_SA_mr_020.jpg,C:\Users\kundu\Downloads\KMU-FED\01_SA_mr_020.jpg
1,mr,01_SU_mr,1,SU,Surprise,C:\Users\kundu\OneDrive\Desktop\KMU-FED-2\data\frames\01_SU_mr\01_SU_mr_001.jpg,1600,1200,RGB,01_SU_mr_001.jpg,C:\Users\kundu\Downloads\KMU-FED\01_SU_mr_001.jpg
1,mr,01_SU_mr,2,SU,Surprise,C:\Users\kundu\OneDrive\Desktop\KMU-FED-2\data\frames\01_SU_mr\01_SU_mr_002.jpg,1600,1200,RGB,01_SU_mr_002.jpg,C:\Users\kundu\Downloads\KMU-FED\01_SU_mr_002.jpg
1,mr,01_SU_mr,3,SU,Surprise,C:\Users\kundu\OneDrive\Desktop\KMU-FED-2\data\frames\01_SU_mr\01_SU_mr_003.jpg,1600,1200,RGB,01_SU_mr_003.jpg,C:\Users\kundu\Downloads\KMU-FED\01_SU_mr_003.jpg
1,mr,01_SU_mr,4,SU,Surprise,C:\Users\kundu\OneDrive\Desktop\KMU-FED-2\data\frames\01_SU_mr\01_SU_mr_004.jpg,1600,1200,RGB,01_SU_mr_004.jpg,C:\Users\kundu\Downloads\KMU-FED\01_SU_mr_004.jpg
1,mr,01_SU_mr,5,SU,Surprise,C:\Users\kundu\OneDrive\Desktop\KMU-FED-2\data\frames\01_SU_mr\01_SU_mr_005.jpg,1600,1200,RGB,01_SU_mr_005.jpg,C:\Users\kundu\Downloads\KMU-FED\01_SU_mr_005.jpg
1,mr,01_SU_mr,6,SU,Surprise,C:\Users\kundu\OneDrive\Desktop\KMU-FED-2\data\frames\01_SU_mr\01_SU_mr_006.jpg,1600,1200,RGB,01_SU_mr_006.jpg,C:\Users\kundu\Downloads\KMU-FED\01_SU_mr_006.jpg
1,mr,01_SU_mr,7,SU,Surprise,C:\Users\kundu\OneDrive\Desktop\KMU-FED-2\data\frames\01_SU_mr\01_SU_mr_007.jpg,1600,1200,RGB,01_SU_mr_007.jpg,C:\Users\kundu\Downloads\KMU-FED\01_SU_mr_007.jpg
1,mr,01_SU_mr,8,SU,Surprise,C:\Users\kundu\OneDrive\Desktop\KMU-FED-2\data\frames\01_SU_mr\01_SU_mr_008.jpg,1600,1200,RGB,01_SU_mr_008.jpg,C:\Users\kundu\Downloads\KMU-FED\01_SU_mr_008.jpg
1,mr,01_SU_mr,9,SU,Surprise,C:\Users\kundu\OneDrive\Desktop\KMU-FED-2\data\frames\01_SU_mr\01_SU_mr_009.jpg,1600,1200,RGB,01_SU_mr_009.jpg,C:\Users\kundu\Downloads\KMU-FED\01_SU_mr_009.jpg
1,mr,01_SU_mr,10,SU,Surprise,C:\Users\kundu\OneDrive\Desktop\KMU-FED-2\data\frames\01_SU_mr\01_SU_mr_010.jpg,1600,1200,RGB,01_SU_mr_010.jpg,C:\Users\kundu\Downloads\KMU-FED\01_SU_mr_010.jpg
1,mr,01_SU_mr,11,SU,Surprise,C:\Users\kundu\OneDrive\Desktop\KMU-FED-2\data\frames\01_SU_mr\01_SU_mr_011.jpg,1600,1200,RGB,01_SU_mr_011.jpg,C:\Users\kundu\Downloads\KMU-FED\01_SU_mr_011.jpg
1,mr,01_SU_mr,12,SU,Surprise,C:\Users\kundu\OneDrive\Desktop\KMU-FED-2\data\frames\01_SU_mr\01_SU_mr_012.jpg,1600,1200,RGB,01_SU_mr_012.jpg,C:\Users\kundu\Downloads\KMU-FED\01_SU_mr_012.jpg
1,mr,01_SU_mr,13,SU,Surprise,C:\Users\kundu\OneDrive\Desktop\KMU-FED-2\data\frames\01_SU_mr\01_SU_mr_013.jpg,1600,1200,RGB,01_SU_mr_013.jpg,C:\Users\kundu\Downloads\KMU-FED\01_SU_mr_013.jpg
1,mr,01_SU_mr,14,SU,Surprise,C:\Users\kundu\OneDrive\Desktop\KMU-FED-2\data\frames\01_SU_mr\01_SU_mr_014.jpg,1600,1200,RGB,01_SU_mr_014.jpg,C:\Users\kundu\Downloads\KMU-FED\01_SU_mr_014.jpg
1,mr,01_SU_mr,15,SU,Surprise,C:\Users\kundu\OneDrive\Desktop\KMU-FED-2\data\frames\01_SU_mr\01_SU_mr_015.jpg,1600,1200,RGB,01_SU_mr_015.jpg,C:\Users\kundu\Downloads\KMU-FED\01_SU_mr_015.jpg
1,mr,01_SU_mr,16,SU,Surprise,C:\Users\kundu\OneDrive\Desktop\KMU-FED-2\data\frames\01_SU_mr\01_SU_mr_016.jpg,1600,1200,RGB,01_SU_mr_016.jpg,C:\Users\kundu\Downloads\KMU-FED\01_SU_mr_016.jpg
1,mr,01_SU_mr,17,SU,Surprise,C:\Users\kundu\OneDrive\Desktop\KMU-FED-2\data\frames\01_SU_mr\01_SU_mr_017.jpg,1600,1200,RGB,01_SU_mr_017.jpg,C:\Users\kundu\Downloads\KMU-FED\01_SU_mr_017.jpg
1,mr,01_SU_mr,18,SU,Surprise,C:\Users\kundu\OneDrive\Desktop\KMU-FED-2\data\frames\01_SU_mr\01_SU_mr_018.jpg,1600,1200,RGB,01_SU_mr_018.jpg,C:\Users\kundu\Downloads\KMU-FED\01_SU_mr_018.jpg
1,mr,01_SU_mr,19,SU,Surprise,C:\Users\kundu\OneDrive\Desktop\KMU-FED-2\data\frames\01_SU_mr\01_SU_mr_019.jpg,1600,1200,RGB,01_SU_mr_019.jpg,C:\Users\kundu\Downloads\KMU-FED\01_SU_mr_019.jpg
1,mr,01_SU_mr,20,SU,Surprise,C:\Users\kundu\OneDrive\Desktop\KMU-FED-2\data\frames\01_SU_mr\01_SU_mr_020.jpg,1600,1200,RGB,01_SU_mr_020.jpg,C:\Users\kundu\Downloads\KMU-FED\01_SU_mr_020.jpg
2,s01,02_AN_s01,21,AN,Anger,C:\Users\kundu\OneDrive\Desktop\KMU-FED-2\data\frames\02_AN_s01\02_AN_s01_021.jpg,1600,1200,RGB,02_AN_s01_021.jpg,C:\Users\kundu\Downloads\KMU-FED\02_AN_s01_021.jpg
2,s01,02_AN_s01,22,AN,Anger,C:\Users\kundu\OneDrive\Desktop\KMU-FED-2\data\frames\02_AN_s01\02_AN_s01_022.jpg,1600,1200,RGB,02_AN_s01_022.jpg,C:\Users\kundu\Downloads\KMU-FED\02_AN_s01_022.jpg
2,s01,02_AN_s01,23,AN,Anger,C:\Users\kundu\OneDrive\Desktop\KMU-FED-2\data\frames\02_AN_s01\02_AN_s01_023.jpg,1600,1200,RGB,02_AN_s01_023.jpg,C:\Users\kundu\Downloads\KMU-FED\02_AN_s01_023.jpg
2,s01,02_AN_s01,24,AN,Anger,C:\Users\kundu\OneDrive\Desktop\KMU-FED-2\data\frames\02_AN_s01\02_AN_s01_024.jpg,1600,1200,RGB,02_AN_s01_024.jpg,C:\Users\kundu\Downloads\KMU-FED\02_AN_s01_024.jpg
2,s01,02_AN_s01,25,AN,Anger,C:\Users\kundu\OneDrive\Desktop\KMU-FED-2\data\frames\02_AN_s01\02_AN_s01_025.jpg,1600,1200,RGB,02_AN_s01_025.jpg,C:\Users\kundu\Downloads\KMU-FED\02_AN_s01_025.jpg
2,s01,02_AN_s01,26,AN,Anger,C:\Users\kundu\OneDrive\Desktop\KMU-FED-2\data\frames\02_AN_s01\02_AN_s01_026.jpg,1600,1200,RGB,02_AN_s01_026.jpg,C:\Users\kundu\Downloads\KMU-FED\02_AN_s01_026.jpg
2,s01,02_AN_s01,27,AN,Anger,C:\Users\kundu\OneDrive\Desktop\KMU-FED-2\data\frames\02_AN_s01\02_AN_s01_027.jpg,1600,1200,RGB,02_AN_s01_027.jpg,C:\Users\kundu\Downloads\KMU-FED\02_AN_s01_027.jpg
2,s01,02_AN_s01,28,AN,Anger,C:\Users\kundu\OneDrive\Desktop\KMU-FED-2\data\frames\02_AN_s01\02_AN_s01_028.jpg,1600,1200,RGB,02_AN_s01_028.jpg,C:\Users\kundu\Downloads\KMU-FED\02_AN_s01_028.jpg
2,s01,02_AN_s01,29,AN,Anger,C:\Users\kundu\OneDrive\Desktop\KMU-FED-2\data\frames\02_AN_s01\02_AN_s01_029.jpg,1600,1200,RGB,02_AN_s01_029.jpg,C:\Users\kundu\Downloads\KMU-FED\02_AN_s01_029.jpg
2,s01,02_AN_s01,30,AN,Anger,C:\Users\kundu\OneDrive\Desktop\KMU-FED-2\data\frames\02_AN_s01\02_AN_s01_030.jpg,1600,1200,RGB,02_AN_s01_030.jpg,C:\Users\kundu\Downloads\KMU-FED\02_AN_s01_030.jpg
2,s01,02_FE_s01,21,FE,Fear,C:\Users\kundu\OneDrive\Desktop\KMU-FED-2\data\frames\02_FE_s01\02_FE_s01_021.jpg,1600,1200,RGB,02_FE_s01_021.jpg,C:\Users\kundu\Downloads\KMU-FED\02_FE_s01_021.jpg
2,s01,02_FE_s01,22,FE,Fear,C:\Users\kundu\OneDrive\Desktop\KMU-FED-2\data\frames\02_FE_s01\02_FE_s01_022.jpg,1600,1200,RGB,02_FE_s01_022.jpg,C:\Users\kundu\Downloads\KMU-FED\02_FE_s01_022.jpg
2,s01,02_FE_s01,23,FE,Fear,C:\Users\kundu\OneDrive\Desktop\KMU-FED-2\data\frames\02_FE_s01\02_FE_s01_023.jpg,1600,1200,RGB,02_FE_s01_023.jpg,C:\Users\kundu\Downloads\KMU-FED\02_FE_s01_023.jpg
2,s01,02_FE_s01,24,FE,Fear,C:\Users\kundu\OneDrive\Desktop\KMU-FED-2\data\frames\02_FE_s01\02_FE_s01_024.jpg,1600,1200,RGB,02_FE_s01_024.jpg,C:\Users\kundu\Downloads\KMU-FED\02_FE_s01_024.jpg
2,s01,02_FE_s01,25,FE,Fear,C:\Users\kundu\OneDrive\Desktop\KMU-FED-2\data\frames\02_FE_s01\02_FE_s01_025.jpg,1600,1200,RGB,02_FE_s01_025.jpg,C:\Users\kundu\Downloads\KMU-FED\02_FE_s01_025.jpg
2,s01,02_FE_s01,26,FE,Fear,C:\Users\kundu\OneDrive\Desktop\KMU-FED-2\data\frames\02_FE_s01\02_FE_s01_026.jpg,1600,1200,RGB,02_FE_s01_026.jpg,C:\Users\kundu\Downloads\KMU-FED\02_FE_s01_026.jpg
2,s01,02_FE_s01,27,FE,Fear,C:\Users\kundu\OneDrive\Desktop\KMU-FED-2\data\frames\02_FE_s01\02_FE_s01_027.jpg,1600,1200,RGB,02_FE_s01_027.jpg,C:\Users\kundu\Downloads\KMU-FED\02_FE_s01_027.jpg
2,s01,02_FE_s01,28,FE,Fear,C:\Users\kundu\OneDrive\Desktop\KMU-FED-2\data\frames\02_FE_s01\02_FE_s01_028.jpg,1600,1200,RGB,02_FE_s01_028.jpg,C:\Users\kundu\Downloads\KMU-FED\02_FE_s01_028.jpg
2,s01,02_FE_s01,29,FE,Fear,C:\Users\kundu\OneDrive\Desktop\KMU-FED-2\data\frames\02_FE_s01\02_FE_s01_029.jpg,1600,1200,RGB,02_FE_s01_029.jpg,C:\Users\kundu\Downloads\KMU-FED\02_FE_s01_029.jpg
2,s01,02_FE_s01,30,FE,Fear,C:\Users\kundu\OneDrive\Desktop\KMU-FED-2\data\frames\02_FE_s01\02_FE_s01_030.jpg,1600,1200,RGB,02_FE_s01_030.jpg,C:\Users\kundu\Downloads\KMU-FED\02_FE_s01_030.jpg
2,s01,02_FE_s01,31,FE,Fear,C:\Users\kundu\OneDrive\Desktop\KMU-FED-2\data\frames\02_FE_s01\02_FE_s01_031.jpg,1600,1200,RGB,02_FE_s01_031.jpg,C:\Users\kundu\Downloads\KMU-FED\02_FE_s01_031.jpg
2,s01,02_FE_s01,32,FE,Fear,C:\Users\kundu\OneDrive\Desktop\KMU-FED-2\data\frames\02_FE_s01\02_FE_s01_032.jpg,1600,1200,RGB,02_FE_s01_032.jpg,C:\Users\kundu\Downloads\KMU-FED\02_FE_s01_032.jpg
2,s01,02_FE_s01,33,FE,Fear,C:\Users\kundu\OneDrive\Desktop\KMU-FED-2\data\frames\02_FE_s01\02_FE_s01_033.jpg,1600,1200,RGB,02_FE_s01_033.jpg,C:\Users\kundu\Downloads\KMU-FED\02_FE_s01_033.jpg
2,s01,02_FE_s01,34,FE,Fear,C:\Users\kundu\OneDrive\Desktop\KMU-FED-2\data\frames\02_FE_s01\02_FE_s01_034.jpg,1600,1200,RGB,02_FE_s01_034.jpg,C:\Users\kundu\Downloads\KMU-FED\02_FE_s01_034.jpg
2,s01,02_FE_s01,35,FE,Fear,C:\Users\kundu\OneDrive\Desktop\KMU-FED-2\data\frames\02_FE_s01\02_FE_s01_035.jpg,1600,1200,RGB,02_FE_s01_035.jpg,C:\Users\kundu\Downloads\KMU-FED\02_FE_s01_035.jpg
2,s01,02_FE_s01,36,FE,Fear,C:\Users\kundu\OneDrive\Desktop\KMU-FED-2\data\frames\02_FE_s01\02_FE_s01_036.jpg,1600,1200,RGB,02_FE_s01_036.jpg,C:\Users\kundu\Downloads\KMU-FED\02_FE_s01_036.jpg
2,s01,02_FE_s01,37,FE,Fear,C:\Users\kundu\OneDrive\Desktop\KMU-FED-2\data\frames\02_FE_s01\02_FE_s01_037.jpg,1600,1200,RGB,02_FE_s01_037.jpg,C:\Users\kundu\Downloads\KMU-FED\02_FE_s01_037.jpg
2,s01,02_FE_s01,38,FE,Fear,C:\Users\kundu\OneDrive\Desktop\KMU-FED-2\data\frames\02_FE_s01\02_FE_s01_038.jpg,1600,1200,RGB,02_FE_s01_038.jpg,C:\Users\kundu\Downloads\KMU-FED\02_FE_s01_038.jpg
2,s01,02_FE_s01,39,FE,Fear,C:\Users\kundu\OneDrive\Desktop\KMU-FED-2\data\frames\02_FE_s01\02_FE_s01_039.jpg,1600,1200,RGB,02_FE_s01_039.jpg,C:\Users\kundu\Downloads\KMU-FED\02_FE_s01_039.jpg
2,s01,02_FE_s01,40,FE,Fear,C:\Users\kundu\OneDrive\Desktop\KMU-FED-2\data\frames\02_FE_s01\02_FE_s01_040.jpg,1600,1200,RGB,02_FE_s01_040.jpg,C:\Users\kundu\Downloads\KMU-FED\02_FE_s01_040.jpg
2,s01,02_HA_s01,21,HA,Happiness,C:\Users\kundu\OneDrive\Desktop\KMU-FED-2\data\frames\02_HA_s01\02_HA_s01_021.jpg,1600,1200,RGB,02_HA_s01_021.jpg,C:\Users\kundu\Downloads\KMU-FED\02_HA_s01_021.jpg
2,s01,02_HA_s01,22,HA,Happiness,C:\Users\kundu\OneDrive\Desktop\KMU-FED-2\data\frames\02_HA_s01\02_HA_s01_022.jpg,1600,1200,RGB,02_HA_s01_022.jpg,C:\Users\kundu\Downloads\KMU-FED\02_HA_s01_022.jpg
2,s01,02_HA_s01,23,HA,Happiness,C:\Users\kundu\OneDrive\Desktop\KMU-FED-2\data\frames\02_HA_s01\02_HA_s01_023.jpg,1600,1200,RGB,02_HA_s01_023.jpg,C:\Users\kundu\Downloads\KMU-FED\02_HA_s01_023.jpg
2,s01,02_HA_s01,24,HA,Happiness,C:\Users\kundu\OneDrive\Desktop\KMU-FED-2\data\frames\02_HA_s01\02_HA_s01_024.jpg,1600,1200,RGB,02_HA_s01_024.jpg,C:\Users\kundu\Downloads\KMU-FED\02_HA_s01_024.jpg
2,s01,02_HA_s01,25,HA,Happiness,C:\Users\kundu\OneDrive\Desktop\KMU-FED-2\data\frames\02_HA_s01\02_HA_s01_025.jpg,1600,1200,RGB,02_HA_s01_025.jpg,C:\Users\kundu\Downloads\KMU-FED\02_HA_s01_025.jpg
2,s01,02_HA_s01,26,HA,Happiness,C:\Users\kundu\OneDrive\Desktop\KMU-FED-2\data\frames\02_HA_s01\02_HA_s01_026.jpg,1600,1200,RGB,02_HA_s01_026.jpg,C:\Users\kundu\Downloads\KMU-FED\02_HA_s01_026.jpg
2,s01,02_HA_s01,27,HA,Happiness,C:\Users\kundu\OneDrive\Desktop\KMU-FED-2\data\frames\02_HA_s01\02_HA_s01_027.jpg,1600,1200,RGB,02_HA_s01_027.jpg,C:\Users\kundu\Downloads\KMU-FED\02_HA_s01_027.jpg
2,s01,02_HA_s01,28,HA,Happiness,C:\Users\kundu\OneDrive\Desktop\KMU-FED-2\data\frames\02_HA_s01\02_HA_s01_028.jpg,1600,1200,RGB,02_HA_s01_028.jpg,C:\Users\kundu\Downloads\KMU-FED\02_HA_s01_028.jpg
2,s01,02_HA_s01,29,HA,Happiness,C:\Users\kundu\OneDrive\Desktop\KMU-FED-2\data\frames\02_HA_s01\02_HA_s01_029.jpg,1600,1200,RGB,02_HA_s01_029.jpg,C:\Users\kundu\Downloads\KMU-FED\02_HA_s01_029.jpg
2,s01,02_HA_s01,30,HA,Happiness,C:\Users\kundu\OneDrive\Desktop\KMU-FED-2\data\frames\02_HA_s01\02_HA_s01_030.jpg,1600,1200,RGB,02_HA_s01_030.jpg,C:\Users\kundu\Downloads\KMU-FED\02_HA_s01_030.jpg
2,s01,02_SU_s01,21,SU,Surprise,C:\Users\kundu\OneDrive\Desktop\KMU-FED-2\data\frames\02_SU_s01\02_SU_s01_021.jpg,1600,1200,RGB,02_SU_s01_021.jpg,C:\Users\kundu\Downloads\KMU-FED\02_SU_s01_021.jpg
2,s01,02_SU_s01,22,SU,Surprise,C:\Users\kundu\OneDrive\Desktop\KMU-FED-2\data\frames\02_SU_s01\02_SU_s01_022.jpg,1600,1200,RGB,02_SU_s01_022.jpg,C:\Users\kundu\Downloads\KMU-FED\02_SU_s01_022.jpg
2,s01,02_SU_s01,23,SU,Surprise,C:\Users\kundu\OneDrive\Desktop\KMU-FED-2\data\frames\02_SU_s01\02_SU_s01_023.jpg,1600,1200,RGB,02_SU_s01_023.jpg,C:\Users\kundu\Downloads\KMU-FED\02_SU_s01_023.jpg
2,s01,02_SU_s01,24,SU,Surprise,C:\Users\kundu\OneDrive\Desktop\KMU-FED-2\data\frames\02_SU_s01\02_SU_s01_024.jpg,1600,1200,RGB,02_SU_s01_024.jpg,C:\Users\kundu\Downloads\KMU-FED\02_SU_s01_024.jpg
2,s01,02_SU_s01,25,SU,Surprise,C:\Users\kundu\OneDrive\Desktop\KMU-FED-2\data\frames\02_SU_s01\02_SU_s01_025.jpg,1600,1200,RGB,02_SU_s01_025.jpg,C:\Users\kundu\Downloads\KMU-FED\02_SU_s01_025.jpg
2,s01,02_SU_s01,26,SU,Surprise,C:\Users\kundu\OneDrive\Desktop\KMU-FED-2\data\frames\02_SU_s01\02_SU_s01_026.jpg,1600,1200,RGB,02_SU_s01_026.jpg,C:\Users\kundu\Downloads\KMU-FED\02_SU_s01_026.jpg
2,s01,02_SU_s01,27,SU,Surprise,C:\Users\kundu\OneDrive\Desktop\KMU-FED-2\data\frames\02_SU_s01\02_SU_s01_027.jpg,1600,1200,RGB,02_SU_s01_027.jpg,C:\Users\kundu\Downloads\KMU-FED\02_SU_s01_027.jpg
2,s01,02_SU_s01,28,SU,Surprise,C:\Users\kundu\OneDrive\Desktop\KMU-FED-2\data\frames\02_SU_s01\02_SU_s01_028.jpg,1600,1200,RGB,02_SU_s01_028.jpg,C:\Users\kundu\Downloads\KMU-FED\02_SU_s01_028.jpg
2,s01,02_SU_s01,29,SU,Surprise,C:\Users\kundu\OneDrive\Desktop\KMU-FED-2\data\frames\02_SU_s01\02_SU_s01_029.jpg,1600,1200,RGB,02_SU_s01_029.jpg,C:\Users\kundu\Downloads\KMU-FED\02_SU_s01_029.jpg
2,s01,02_SU_s01,30,SU,Surprise,C:\Users\kundu\OneDrive\Desktop\KMU-FED-2\data\frames\02_SU_s01\02_SU_s01_030.jpg,1600,1200,RGB,02_SU_s01_030.jpg,C:\Users\kundu\Downloads\KMU-FED\02_SU_s01_030.jpg
2,s01,02_SU_s01,31,SU,Surprise,C:\Users\kundu\OneDrive\Desktop\KMU-FED-2\data\frames\02_SU_s01\02_SU_s01_031.jpg,1600,1200,RGB,02_SU_s01_031.jpg,C:\Users\kundu\Downloads\KMU-FED\02_SU_s01_031.jpg
2,s01,02_SU_s01,32,SU,Surprise,C:\Users\kundu\OneDrive\Desktop\KMU-FED-2\data\frames\02_SU_s01\02_SU_s01_032.jpg,1600,1200,RGB,02_SU_s01_032.jpg,C:\Users\kundu\Downloads\KMU-FED\02_SU_s01_032.jpg
2,s01,02_SU_s01,33,SU,Surprise,C:\Users\kundu\OneDrive\Desktop\KMU-FED-2\data\frames\02_SU_s01\02_SU_s01_033.jpg,1600,1200,RGB,02_SU_s01_033.jpg,C:\Users\kundu\Downloads\KMU-FED\02_SU_s01_033.jpg
2,s01,02_SU_s01,34,SU,Surprise,C:\Users\kundu\OneDrive\Desktop\KMU-FED-2\data\frames\02_SU_s01\02_SU_s01_034.jpg,1600,1200,RGB,02_SU_s01_034.jpg,C:\Users\kundu\Downloads\KMU-FED\02_SU_s01_034.jpg
2,s01,02_SU_s01,35,SU,Surprise,C:\Users\kundu\OneDrive\Desktop\KMU-FED-2\data\frames\02_SU_s01\02_SU_s01_035.jpg,1600,1200,RGB,02_SU_s01_035.jpg,C:\Users\kundu\Downloads\KMU-FED\02_SU_s01_035.jpg
2,s01,02_SU_s01,36,SU,Surprise,C:\Users\kundu\OneDrive\Desktop\KMU-FED-2\data\frames\02_SU_s01\02_SU_s01_036.jpg,1600,1200,RGB,02_SU_s01_036.jpg,C:\Users\kundu\Downloads\KMU-FED\02_SU_s01_036.jpg
2,s01,02_SU_s01,37,SU,Surprise,C:\Users\kundu\OneDrive\Desktop\KMU-FED-2\data\frames\02_SU_s01\02_SU_s01_037.jpg,1600,1200,RGB,02_SU_s01_037.jpg,C:\Users\kundu\Downloads\KMU-FED\02_SU_s01_037.jpg
2,s01,02_SU_s01,38,SU,Surprise,C:\Users\kundu\OneDrive\Desktop\KMU-FED-2\data\frames\02_SU_s01\02_SU_s01_038.jpg,1600,1200,RGB,02_SU_s01_038.jpg,C:\Users\kundu\Downloads\KMU-FED\02_SU_s01_038.jpg
2,s01,02_SU_s01,39,SU,Surprise,C:\Users\kundu\OneDrive\Desktop\KMU-FED-2\data\frames\02_SU_s01\02_SU_s01_039.jpg,1600,1200,RGB,02_SU_s01_039.jpg,C:\Users\kundu\Downloads\KMU-FED\02_SU_s01_039.jpg
2,s01,02_SU_s01,40,SU,Surprise,C:\Users\kundu\OneDrive\Desktop\KMU-FED-2\data\frames\02_SU_s01\02_SU_s01_040.jpg,1600,1200,RGB,02_SU_s01_040.jpg,C:\Users\kundu\Downloads\KMU-FED\02_SU_s01_040.jpg
3,s02,03_AN_s02,31,AN,Anger,C:\Users\kundu\OneDrive\Desktop\KMU-FED-2\data\frames\03_AN_s02\03_AN_s02_031.jpg,1600,1200,RGB,03_AN_s02_031.jpg,C:\Users\kundu\Downloads\KMU-FED\03_AN_s02_031.jpg
3,s02,03_AN_s02,32,AN,Anger,C:\Users\kundu\OneDrive\Desktop\KMU-FED-2\data\frames\03_AN_s02\03_AN_s02_032.jpg,1600,1200,RGB,03_AN_s02_032.jpg,C:\Users\kundu\Downloads\KMU-FED\03_AN_s02_032.jpg
3,s02,03_AN_s02,33,AN,Anger,C:\Users\kundu\OneDrive\Desktop\KMU-FED-2\data\frames\03_AN_s02\03_AN_s02_033.jpg,1600,1200,RGB,03_AN_s02_033.jpg,C:\Users\kundu\Downloads\KMU-FED\03_AN_s02_033.jpg
3,s02,03_AN_s02,34,AN,Anger,C:\Users\kundu\OneDrive\Desktop\KMU-FED-2\data\frames\03_AN_s02\03_AN_s02_034.jpg,1600,1200,RGB,03_AN_s02_034.jpg,C:\Users\kundu\Downloads\KMU-FED\03_AN_s02_034.jpg
3,s02,03_AN_s02,35,AN,Anger,C:\Users\kundu\OneDrive\Desktop\KMU-FED-2\data\frames\03_AN_s02\03_AN_s02_035.jpg,1600,1200,RGB,03_AN_s02_035.jpg,C:\Users\kundu\Downloads\KMU-FED\03_AN_s02_035.jpg
3,s02,03_AN_s02,36,AN,Anger,C:\Users\kundu\OneDrive\Desktop\KMU-FED-2\data\frames\03_AN_s02\03_AN_s02_036.jpg,1600,1200,RGB,03_AN_s02_036.jpg,C:\Users\kundu\Downloads\KMU-FED\03_AN_s02_036.jpg
3,s02,03_AN_s02,37,AN,Anger,C:\Users\kundu\OneDrive\Desktop\KMU-FED-2\data\frames\03_AN_s02\03_AN_s02_037.jpg,1600,1200,RGB,03_AN_s02_037.jpg,C:\Users\kundu\Downloads\KMU-FED\03_AN_s02_037.jpg
3,s02,03_AN_s02,38,AN,Anger,C:\Users\kundu\OneDrive\Desktop\KMU-FED-2\data\frames\03_AN_s02\03_AN_s02_038.jpg,1600,1200,RGB,03_AN_s02_038.jpg,C:\Users\kundu\Downloads\KMU-FED\03_AN_s02_038.jpg
3,s02,03_AN_s02,39,AN,Anger,C:\Users\kundu\OneDrive\Desktop\KMU-FED-2\data\frames\03_AN_s02\03_AN_s02_039.jpg,1600,1200,RGB,03_AN_s02_039.jpg,C:\Users\kundu\Downloads\KMU-FED\03_AN_s02_039.jpg
3,s02,03_AN_s02,40,AN,Anger,C:\Users\kundu\OneDrive\Desktop\KMU-FED-2\data\frames\03_AN_s02\03_AN_s02_040.jpg,1600,1200,RGB,03_AN_s02_040.jpg,C:\Users\kundu\Downloads\KMU-FED\03_AN_s02_040.jpg
3,s02,03_FE_s02,41,FE,Fear,C:\Users\kundu\OneDrive\Desktop\KMU-FED-2\data\frames\03_FE_s02\03_FE_s02_041.jpg,1600,1200,RGB,03_FE_s02_041.jpg,C:\Users\kundu\Downloads\KMU-FED\03_FE_s02_041.jpg
3,s02,03_FE_s02,42,FE,Fear,C:\Users\kundu\OneDrive\Desktop\KMU-FED-2\data\frames\03_FE_s02\03_FE_s02_042.jpg,1600,1200,RGB,03_FE_s02_042.jpg,C:\Users\kundu\Downloads\KMU-FED\03_FE_s02_042.jpg
3,s02,03_FE_s02,43,FE,Fear,C:\Users\kundu\OneDrive\Desktop\KMU-FED-2\data\frames\03_FE_s02\03_FE_s02_043.jpg,1600,1200,RGB,03_FE_s02_043.jpg,C:\Users\kundu\Downloads\KMU-FED\03_FE_s02_043.jpg
3,s02,03_FE_s02,44,FE,Fear,C:\Users\kundu\OneDrive\Desktop\KMU-FED-2\data\frames\03_FE_s02\03_FE_s02_044.jpg,1600,1200,RGB,03_FE_s02_044.jpg,C:\Users\kundu\Downloads\KMU-FED\03_FE_s02_044.jpg
3,s02,03_FE_s02,45,FE,Fear,C:\Users\kundu\OneDrive\Desktop\KMU-FED-2\data\frames\03_FE_s02\03_FE_s02_045.jpg,1600,1200,RGB,03_FE_s02_045.jpg,C:\Users\kundu\Downloads\KMU-FED\03_FE_s02_045.jpg
3,s02,03_FE_s02,46,FE,Fear,C:\Users\kundu\OneDrive\Desktop\KMU-FED-2\data\frames\03_FE_s02\03_FE_s02_046.jpg,1600,1200,RGB,03_FE_s02_046.jpg,C:\Users\kundu\Downloads\KMU-FED\03_FE_s02_046.jpg
3,s02,03_FE_s02,47,FE,Fear,C:\Users\kundu\OneDrive\Desktop\KMU-FED-2\data\frames\03_FE_s02\03_FE_s02_047.jpg,1600,1200,RGB,03_FE_s02_047.jpg,C:\Users\kundu\Downloads\KMU-FED\03_FE_s02_047.jpg
3,s02,03_FE_s02,48,FE,Fear,C:\Users\kundu\OneDrive\Desktop\KMU-FED-2\data\frames\03_FE_s02\03_FE_s02_048.jpg,1600,1200,RGB,03_FE_s02_048.jpg,C:\Users\kundu\Downloads\KMU-FED\03_FE_s02_048.jpg
3,s02,03_FE_s02,49,FE,Fear,C:\Users\kundu\OneDrive\Desktop\KMU-FED-2\data\frames\03_FE_s02\03_FE_s02_049.jpg,1600,1200,RGB,03_FE_s02_049.jpg,C:\Users\kundu\Downloads\KMU-FED\03_FE_s02_049.jpg
3,s02,03_FE_s02,50,FE,Fear,C:\Users\kundu\OneDrive\Desktop\KMU-FED-2\data\frames\03_FE_s02\03_FE_s02_050.jpg,1600,1200,RGB,03_FE_s02_050.jpg,C:\Users\kundu\Downloads\KMU-FED\03_FE_s02_050.jpg
3,s02,03_FE_s02,51,FE,Fear,C:\Users\kundu\OneDrive\Desktop\KMU-FED-2\data\frames\03_FE_s02\03_FE_s02_051.jpg,1600,1200,RGB,03_FE_s02_051.jpg,C:\Users\kundu\Downloads\KMU-FED\03_FE_s02_051.jpg
3,s02,03_FE_s02,52,FE,Fear,C:\Users\kundu\OneDrive\Desktop\KMU-FED-2\data\frames\03_FE_s02\03_FE_s02_052.jpg,1600,1200,RGB,03_FE_s02_052.jpg,C:\Users\kundu\Downloads\KMU-FED\03_FE_s02_052.jpg
3,s02,03_FE_s02,53,FE,Fear,C:\Users\kundu\OneDrive\Desktop\KMU-FED-2\data\frames\03_FE_s02\03_FE_s02_053.jpg,1600,1200,RGB,03_FE_s02_053.jpg,C:\Users\kundu\Downloads\KMU-FED\03_FE_s02_053.jpg
3,s02,03_FE_s02,54,FE,Fear,C:\Users\kundu\OneDrive\Desktop\KMU-FED-2\data\frames\03_FE_s02\03_FE_s02_054.jpg,1600,1200,RGB,03_FE_s02_054.jpg,C:\Users\kundu\Downloads\KMU-FED\03_FE_s02_054.jpg
3,s02,03_FE_s02,55,FE,Fear,C:\Users\kundu\OneDrive\Desktop\KMU-FED-2\data\frames\03_FE_s02\03_FE_s02_055.jpg,1600,1200,RGB,03_FE_s02_055.jpg,C:\Users\kundu\Downloads\KMU-FED\03_FE_s02_055.jpg
3,s02,03_FE_s02,56,FE,Fear,C:\Users\kundu\OneDrive\Desktop\KMU-FED-2\data\frames\03_FE_s02\03_FE_s02_056.jpg,1600,1200,RGB,03_FE_s02_056.jpg,C:\Users\kundu\Downloads\KMU-FED\03_FE_s02_056.jpg
3,s02,03_FE_s02,57,FE,Fear,C:\Users\kundu\OneDrive\Desktop\KMU-FED-2\data\frames\03_FE_s02\03_FE_s02_057.jpg,1600,1200,RGB,03_FE_s02_057.jpg,C:\Users\kundu\Downloads\KMU-FED\03_FE_s02_057.jpg
3,s02,03_FE_s02,58,FE,Fear,C:\Users\kundu\OneDrive\Desktop\KMU-FED-2\data\frames\03_FE_s02\03_FE_s02_058.jpg,1600,1200,RGB,03_FE_s02_058.jpg,C:\Users\kundu\Downloads\KMU-FED\03_FE_s02_058.jpg
3,s02,03_FE_s02,59,FE,Fear,C:\Users\kundu\OneDrive\Desktop\KMU-FED-2\data\frames\03_FE_s02\03_FE_s02_059.jpg,1600,1200,RGB,03_FE_s02_059.jpg,C:\Users\kundu\Downloads\KMU-FED\03_FE_s02_059.jpg
3,s02,03_FE_s02,60,FE,Fear,C:\Users\kundu\OneDrive\Desktop\KMU-FED-2\data\frames\03_FE_s02\03_FE_s02_060.jpg,1600,1200,RGB,03_FE_s02_060.jpg,C:\Users\kundu\Downloads\KMU-FED\03_FE_s02_060.jpg
3,s02,03_HA_s02,31,HA,Happiness,C:\Users\kundu\OneDrive\Desktop\KMU-FED-2\data\frames\03_HA_s02\03_HA_s02_031.jpg,1600,1200,RGB,03_HA_s02_031.jpg,C:\Users\kundu\Downloads\KMU-FED\03_HA_s02_031.jpg
3,s02,03_HA_s02,32,HA,Happiness,C:\Users\kundu\OneDrive\Desktop\KMU-FED-2\data\frames\03_HA_s02\03_HA_s02_032.jpg,1600,1200,RGB,03_HA_s02_032.jpg,C:\Users\kundu\Downloads\KMU-FED\03_HA_s02_032.jpg
3,s02,03_HA_s02,33,HA,Happiness,C:\Users\kundu\OneDrive\Desktop\KMU-FED-2\data\frames\03_HA_s02\03_HA_s02_033.jpg,1600,1200,RGB,03_HA_s02_033.jpg,C:\Users\kundu\Downloads\KMU-FED\03_HA_s02_033.jpg
3,s02,03_HA_s02,34,HA,Happiness,C:\Users\kundu\OneDrive\Desktop\KMU-FED-2\data\frames\03_HA_s02\03_HA_s02_034.jpg,1600,1200,RGB,03_HA_s02_034.jpg,C:\Users\kundu\Downloads\KMU-FED\03_HA_s02_034.jpg
3,s02,03_HA_s02,35,HA,Happiness,C:\Users\kundu\OneDrive\Desktop\KMU-FED-2\data\frames\03_HA_s02\03_HA_s02_035.jpg,1600,1200,RGB,03_HA_s02_035.jpg,C:\Users\kundu\Downloads\KMU-FED\03_HA_s02_035.jpg
3,s02,03_HA_s02,36,HA,Happiness,C:\Users\kundu\OneDrive\Desktop\KMU-FED-2\data\frames\03_HA_s02\03_HA_s02_036.jpg,1600,1200,RGB,03_HA_s02_036.jpg,C:\Users\kundu\Downloads\KMU-FED\03_HA_s02_036.jpg
3,s02,03_HA_s02,37,HA,Happiness,C:\Users\kundu\OneDrive\Desktop\KMU-FED-2\data\frames\03_HA_s02\03_HA_s02_037.jpg,1600,1200,RGB,03_HA_s02_037.jpg,C:\Users\kundu\Downloads\KMU-FED\03_HA_s02_037.jpg
3,s02,03_HA_s02,38,HA,Happiness,C:\Users\kundu\OneDrive\Desktop\KMU-FED-2\data\frames\03_HA_s02\03_HA_s02_038.jpg,1600,1200,RGB,03_HA_s02_038.jpg,C:\Users\kundu\Downloads\KMU-FED\03_HA_s02_038.jpg
3,s02,03_HA_s02,39,HA,Happiness,C:\Users\kundu\OneDrive\Desktop\KMU-FED-2\data\frames\03_HA_s02\03_HA_s02_039.jpg,1600,1200,RGB,03_HA_s02_039.jpg,C:\Users\kundu\Downloads\KMU-FED\03_HA_s02_039.jpg
3,s02,03_HA_s02,40,HA,Happiness,C:\Users\kundu\OneDrive\Desktop\KMU-FED-2\data\frames\03_HA_s02\03_HA_s02_040.jpg,1600,1200,RGB,03_HA_s02_040.jpg,C:\Users\kundu\Downloads\KMU-FED\03_HA_s02_040.jpg
3,s02,03_HA_s02,41,HA,Happiness,C:\Users\kundu\OneDrive\Desktop\KMU-FED-2\data\frames\03_HA_s02\03_HA_s02_041.jpg,1600,1200,RGB,03_HA_s02_041.jpg,C:\Users\kundu\Downloads\KMU-FED\03_HA_s02_041.jpg
3,s02,03_HA_s02,42,HA,Happiness,C:\Users\kundu\OneDrive\Desktop\KMU-FED-2\data\frames\03_HA_s02\03_HA_s02_042.jpg,1600,1200,RGB,03_HA_s02_042.jpg,C:\Users\kundu\Downloads\KMU-FED\03_HA_s02_042.jpg
3,s02,03_HA_s02,43,HA,Happiness,C:\Users\kundu\OneDrive\Desktop\KMU-FED-2\data\frames\03_HA_s02\03_HA_s02_043.jpg,1600,1200,RGB,03_HA_s02_043.jpg,C:\Users\kundu\Downloads\KMU-FED\03_HA_s02_043.jpg
3,s02,03_HA_s02,44,HA,Happiness,C:\Users\kundu\OneDrive\Desktop\KMU-FED-2\data\frames\03_HA_s02\03_HA_s02_044.jpg,1600,1200,RGB,03_HA_s02_044.jpg,C:\Users\kundu\Downloads\KMU-FED\03_HA_s02_044.jpg
3,s02,03_HA_s02,45,HA,Happiness,C:\Users\kundu\OneDrive\Desktop\KMU-FED-2\data\frames\03_HA_s02\03_HA_s02_045.jpg,1600,1200,RGB,03_HA_s02_045.jpg,C:\Users\kundu\Downloads\KMU-FED\03_HA_s02_045.jpg
3,s02,03_HA_s02,46,HA,Happiness,C:\Users\kundu\OneDrive\Desktop\KMU-FED-2\data\frames\03_HA_s02\03_HA_s02_046.jpg,1600,1200,RGB,03_HA_s02_046.jpg,C:\Users\kundu\Downloads\KMU-FED\03_HA_s02_046.jpg
3,s02,03_HA_s02,47,HA,Happiness,C:\Users\kundu\OneDrive\Desktop\KMU-FED-2\data\frames\03_HA_s02\03_HA_s02_047.jpg,1600,1200,RGB,03_HA_s02_047.jpg,C:\Users\kundu\Downloads\KMU-FED\03_HA_s02_047.jpg
3,s02,03_HA_s02,48,HA,Happiness,C:\Users\kundu\OneDrive\Desktop\KMU-FED-2\data\frames\03_HA_s02\03_HA_s02_048.jpg,1600,1200,RGB,03_HA_s02_048.jpg,C:\Users\kundu\Downloads\KMU-FED\03_HA_s02_048.jpg
3,s02,03_HA_s02,49,HA,Happiness,C:\Users\kundu\OneDrive\Desktop\KMU-FED-2\data\frames\03_HA_s02\03_HA_s02_049.jpg,1600,1200,RGB,03_HA_s02_049.jpg,C:\Users\kundu\Downloads\KMU-FED\03_HA_s02_049.jpg
3,s02,03_HA_s02,50,HA,Happiness,C:\Users\kundu\OneDrive\Desktop\KMU-FED-2\data\frames\03_HA_s02\03_HA_s02_050.jpg,1600,1200,RGB,03_HA_s02_050.jpg,C:\Users\kundu\Downloads\KMU-FED\03_HA_s02_050.jpg
3,s02,03_SA_s02,21,SA,Sadness,C:\Users\kundu\OneDrive\Desktop\KMU-FED-2\data\frames\03_SA_s02\03_SA_s02_021.jpg,1600,1200,RGB,03_SA_s02_021.jpg,C:\Users\kundu\Downloads\KMU-FED\03_SA_s02_021.jpg
3,s02,03_SA_s02,22,SA,Sadness,C:\Users\kundu\OneDrive\Desktop\KMU-FED-2\data\frames\03_SA_s02\03_SA_s02_022.jpg,1600,1200,RGB,03_SA_s02_022.jpg,C:\Users\kundu\Downloads\KMU-FED\03_SA_s02_022.jpg
3,s02,03_SA_s02,23,SA,Sadness,C:\Users\kundu\OneDrive\Desktop\KMU-FED-2\data\frames\03_SA_s02\03_SA_s02_023.jpg,1600,1200,RGB,03_SA_s02_023.jpg,C:\Users\kundu\Downloads\KMU-FED\03_SA_s02_023.jpg
3,s02,03_SA_s02,24,SA,Sadness,C:\Users\kundu\OneDrive\Desktop\KMU-FED-2\data\frames\03_SA_s02\03_SA_s02_024.jpg,1600,1200,RGB,03_SA_s02_024.jpg,C:\Users\kundu\Downloads\KMU-FED\03_SA_s02_024.jpg
3,s02,03_SA_s02,25,SA,Sadness,C:\Users\kundu\OneDrive\Desktop\KMU-FED-2\data\frames\03_SA_s02\03_SA_s02_025.jpg,1600,1200,RGB,03_SA_s02_025.jpg,C:\Users\kundu\Downloads\KMU-FED\03_SA_s02_025.jpg
3,s02,03_SA_s02,26,SA,Sadness,C:\Users\kundu\OneDrive\Desktop\KMU-FED-2\data\frames\03_SA_s02\03_SA_s02_026.jpg,1600,1200,RGB,03_SA_s02_026.jpg,C:\Users\kundu\Downloads\KMU-FED\03_SA_s02_026.jpg
3,s02,03_SA_s02,27,SA,Sadness,C:\Users\kundu\OneDrive\Desktop\KMU-FED-2\data\frames\03_SA_s02\03_SA_s02_027.jpg,1600,1200,RGB,03_SA_s02_027.jpg,C:\Users\kundu\Downloads\KMU-FED\03_SA_s02_027.jpg
3,s02,03_SA_s02,28,SA,Sadness,C:\Users\kundu\OneDrive\Desktop\KMU-FED-2\data\frames\03_SA_s02\03_SA_s02_028.jpg,1600,1200,RGB,03_SA_s02_028.jpg,C:\Users\kundu\Downloads\KMU-FED\03_SA_s02_028.jpg
3,s02,03_SA_s02,29,SA,Sadness,C:\Users\kundu\OneDrive\Desktop\KMU-FED-2\data\frames\03_SA_s02\03_SA_s02_029.jpg,1600,1200,RGB,03_SA_s02_029.jpg,C:\Users\kundu\Downloads\KMU-FED\03_SA_s02_029.jpg
3,s02,03_SA_s02,30,SA,Sadness,C:\Users\kundu\OneDrive\Desktop\KMU-FED-2\data\frames\03_SA_s02\03_SA_s02_030.jpg,1600,1200,RGB,03_SA_s02_030.jpg,C:\Users\kundu\Downloads\KMU-FED\03_SA_s02_030.jpg
3,s02,03_SA_s02,31,SA,Sadness,C:\Users\kundu\OneDrive\Desktop\KMU-FED-2\data\frames\03_SA_s02\03_SA_s02_031.jpg,1600,1200,RGB,03_SA_s02_031.jpg,C:\Users\kundu\Downloads\KMU-FED\03_SA_s02_031.jpg
3,s02,03_SA_s02,32,SA,Sadness,C:\Users\kundu\OneDrive\Desktop\KMU-FED-2\data\frames\03_SA_s02\03_SA_s02_032.jpg,1600,1200,RGB,03_SA_s02_032.jpg,C:\Users\kundu\Downloads\KMU-FED\03_SA_s02_032.jpg
3,s02,03_SA_s02,33,SA,Sadness,C:\Users\kundu\OneDrive\Desktop\KMU-FED-2\data\frames\03_SA_s02\03_SA_s02_033.jpg,1600,1200,RGB,03_SA_s02_033.jpg,C:\Users\kundu\Downloads\KMU-FED\03_SA_s02_033.jpg
3,s02,03_SA_s02,34,SA,Sadness,C:\Users\kundu\OneDrive\Desktop\KMU-FED-2\data\frames\03_SA_s02\03_SA_s02_034.jpg,1600,1200,RGB,03_SA_s02_034.jpg,C:\Users\kundu\Downloads\KMU-FED\03_SA_s02_034.jpg
3,s02,03_SA_s02,35,SA,Sadness,C:\Users\kundu\OneDrive\Desktop\KMU-FED-2\data\frames\03_SA_s02\03_SA_s02_035.jpg,1600,1200,RGB,03_SA_s02_035.jpg,C:\Users\kundu\Downloads\KMU-FED\03_SA_s02_035.jpg
3,s02,03_SA_s02,36,SA,Sadness,C:\Users\kundu\OneDrive\Desktop\KMU-FED-2\data\frames\03_SA_s02\03_SA_s02_036.jpg,1600,1200,RGB,03_SA_s02_036.jpg,C:\Users\kundu\Downloads\KMU-FED\03_SA_s02_036.jpg
3,s02,03_SA_s02,37,SA,Sadness,C:\Users\kundu\OneDrive\Desktop\KMU-FED-2\data\frames\03_SA_s02\03_SA_s02_037.jpg,1600,1200,RGB,03_SA_s02_037.jpg,C:\Users\kundu\Downloads\KMU-FED\03_SA_s02_037.jpg
3,s02,03_SA_s02,38,SA,Sadness,C:\Users\kundu\OneDrive\Desktop\KMU-FED-2\data\frames\03_SA_s02\03_SA_s02_038.jpg,1600,1200,RGB,03_SA_s02_038.jpg,C:\Users\kundu\Downloads\KMU-FED\03_SA_s02_038.jpg
3,s02,03_SA_s02,39,SA,Sadness,C:\Users\kundu\OneDrive\Desktop\KMU-FED-2\data\frames\03_SA_s02\03_SA_s02_039.jpg,1600,1200,RGB,03_SA_s02_039.jpg,C:\Users\kundu\Downloads\KMU-FED\03_SA_s02_039.jpg
3,s02,03_SA_s02,40,SA,Sadness,C:\Users\kundu\OneDrive\Desktop\KMU-FED-2\data\frames\03_SA_s02\03_SA_s02_040.jpg,1600,1200,RGB,03_SA_s02_040.jpg,C:\Users\kundu\Downloads\KMU-FED\03_SA_s02_040.jpg
3,s02,03_SU_s02,41,SU,Surprise,C:\Users\kundu\OneDrive\Desktop\KMU-FED-2\data\frames\03_SU_s02\03_SU_s02_041.jpg,1600,1200,RGB,03_SU_s02_041.jpg,C:\Users\kundu\Downloads\KMU-FED\03_SU_s02_041.jpg
3,s02,03_SU_s02,42,SU,Surprise,C:\Users\kundu\OneDrive\Desktop\KMU-FED-2\data\frames\03_SU_s02\03_SU_s02_042.jpg,1600,1200,RGB,03_SU_s02_042.jpg,C:\Users\kundu\Downloads\KMU-FED\03_SU_s02_042.jpg
3,s02,03_SU_s02,43,SU,Surprise,C:\Users\kundu\OneDrive\Desktop\KMU-FED-2\data\frames\03_SU_s02\03_SU_s02_043.jpg,1600,1200,RGB,03_SU_s02_043.jpg,C:\Users\kundu\Downloads\KMU-FED\03_SU_s02_043.jpg
3,s02,03_SU_s02,44,SU,Surprise,C:\Users\kundu\OneDrive\Desktop\KMU-FED-2\data\frames\03_SU_s02\03_SU_s02_044.jpg,1600,1200,RGB,03_SU_s02_044.jpg,C:\Users\kundu\Downloads\KMU-FED\03_SU_s02_044.jpg
3,s02,03_SU_s02,45,SU,Surprise,C:\Users\kundu\OneDrive\Desktop\KMU-FED-2\data\frames\03_SU_s02\03_SU_s02_045.jpg,1600,1200,RGB,03_SU_s02_045.jpg,C:\Users\kundu\Downloads\KMU-FED\03_SU_s02_045.jpg
3,s02,03_SU_s02,46,SU,Surprise,C:\Users\kundu\OneDrive\Desktop\KMU-FED-2\data\frames\03_SU_s02\03_SU_s02_046.jpg,1600,1200,RGB,03_SU_s02_046.jpg,C:\Users\kundu\Downloads\KMU-FED\03_SU_s02_046.jpg
3,s02,03_SU_s02,47,SU,Surprise,C:\Users\kundu\OneDrive\Desktop\KMU-FED-2\data\frames\03_SU_s02\03_SU_s02_047.jpg,1600,1200,RGB,03_SU_s02_047.jpg,C:\Users\kundu\Downloads\KMU-FED\03_SU_s02_047.jpg
3,s02,03_SU_s02,48,SU,Surprise,C:\Users\kundu\OneDrive\Desktop\KMU-FED-2\data\frames\03_SU_s02\03_SU_s02_048.jpg,1600,1200,RGB,03_SU_s02_048.jpg,C:\Users\kundu\Downloads\KMU-FED\03_SU_s02_048.jpg
3,s02,03_SU_s02,49,SU,Surprise,C:\Users\kundu\OneDrive\Desktop\KMU-FED-2\data\frames\03_SU_s02\03_SU_s02_049.jpg,1600,1200,RGB,03_SU_s02_049.jpg,C:\Users\kundu\Downloads\KMU-FED\03_SU_s02_049.jpg
3,s02,03_SU_s02,50,SU,Surprise,C:\Users\kundu\OneDrive\Desktop\KMU-FED-2\data\frames\03_SU_s02\03_SU_s02_050.jpg,1600,1200,RGB,03_SU_s02_050.jpg,C:\Users\kundu\Downloads\KMU-FED\03_SU_s02_050.jpg
3,s02,03_SU_s02,51,SU,Surprise,C:\Users\kundu\OneDrive\Desktop\KMU-FED-2\data\frames\03_SU_s02\03_SU_s02_051.jpg,1600,1200,RGB,03_SU_s02_051.jpg,C:\Users\kundu\Downloads\KMU-FED\03_SU_s02_051.jpg
3,s02,03_SU_s02,52,SU,Surprise,C:\Users\kundu\OneDrive\Desktop\KMU-FED-2\data\frames\03_SU_s02\03_SU_s02_052.jpg,1600,1200,RGB,03_SU_s02_052.jpg,C:\Users\kundu\Downloads\KMU-FED\03_SU_s02_052.jpg
3,s02,03_SU_s02,53,SU,Surprise,C:\Users\kundu\OneDrive\Desktop\KMU-FED-2\data\frames\03_SU_s02\03_SU_s02_053.jpg,1600,1200,RGB,03_SU_s02_053.jpg,C:\Users\kundu\Downloads\KMU-FED\03_SU_s02_053.jpg
3,s02,03_SU_s02,54,SU,Surprise,C:\Users\kundu\OneDrive\Desktop\KMU-FED-2\data\frames\03_SU_s02\03_SU_s02_054.jpg,1600,1200,RGB,03_SU_s02_054.jpg,C:\Users\kundu\Downloads\KMU-FED\03_SU_s02_054.jpg
3,s02,03_SU_s02,55,SU,Surprise,C:\Users\kundu\OneDrive\Desktop\KMU-FED-2\data\frames\03_SU_s02\03_SU_s02_055.jpg,1600,1200,RGB,03_SU_s02_055.jpg,C:\Users\kundu\Downloads\KMU-FED\03_SU_s02_055.jpg
3,s02,03_SU_s02,56,SU,Surprise,C:\Users\kundu\OneDrive\Desktop\KMU-FED-2\data\frames\03_SU_s02\03_SU_s02_056.jpg,1600,1200,RGB,03_SU_s02_056.jpg,C:\Users\kundu\Downloads\KMU-FED\03_SU_s02_056.jpg
3,s02,03_SU_s02,57,SU,Surprise,C:\Users\kundu\OneDrive\Desktop\KMU-FED-2\data\frames\03_SU_s02\03_SU_s02_057.jpg,1600,1200,RGB,03_SU_s02_057.jpg,C:\Users\kundu\Downloads\KMU-FED\03_SU_s02_057.jpg
3,s02,03_SU_s02,58,SU,Surprise,C:\Users\kundu\OneDrive\Desktop\KMU-FED-2\data\frames\03_SU_s02\03_SU_s02_058.jpg,1600,1200,RGB,03_SU_s02_058.jpg,C:\Users\kundu\Downloads\KMU-FED\03_SU_s02_058.jpg
3,s02,03_SU_s02,59,SU,Surprise,C:\Users\kundu\OneDrive\Desktop\KMU-FED-2\data\frames\03_SU_s02\03_SU_s02_059.jpg,1600,1200,RGB,03_SU_s02_059.jpg,C:\Users\kundu\Downloads\KMU-FED\03_SU_s02_059.jpg
3,s02,03_SU_s02,60,SU,Surprise,C:\Users\kundu\OneDrive\Desktop\KMU-FED-2\data\frames\03_SU_s02\03_SU_s02_060.jpg,1600,1200,RGB,03_SU_s02_060.jpg,C:\Users\kundu\Downloads\KMU-FED\03_SU_s02_060.jpg
4,s03,04_FE_s03,61,FE,Fear,C:\Users\kundu\OneDrive\Desktop\KMU-FED-2\data\frames\04_FE_s03\04_FE_s03_061.jpg,1600,1200,RGB,04_FE_s03_061.jpg,C:\Users\kundu\Downloads\KMU-FED\04_FE_s03_061.jpg
4,s03,04_FE_s03,62,FE,Fear,C:\Users\kundu\OneDrive\Desktop\KMU-FED-2\data\frames\04_FE_s03\04_FE_s03_062.jpg,1600,1200,RGB,04_FE_s03_062.jpg,C:\Users\kundu\Downloads\KMU-FED\04_FE_s03_062.jpg
4,s03,04_FE_s03,63,FE,Fear,C:\Users\kundu\OneDrive\Desktop\KMU-FED-2\data\frames\04_FE_s03\04_FE_s03_063.jpg,1600,1200,RGB,04_FE_s03_063.jpg,C:\Users\kundu\Downloads\KMU-FED\04_FE_s03_063.jpg
4,s03,04_FE_s03,64,FE,Fear,C:\Users\kundu\OneDrive\Desktop\KMU-FED-2\data\frames\04_FE_s03\04_FE_s03_064.jpg,1600,1200,RGB,04_FE_s03_064.jpg,C:\Users\kundu\Downloads\KMU-FED\04_FE_s03_064.jpg
4,s03,04_FE_s03,65,FE,Fear,C:\Users\kundu\OneDrive\Desktop\KMU-FED-2\data\frames\04_FE_s03\04_FE_s03_065.jpg,1600,1200,RGB,04_FE_s03_065.jpg,C:\Users\kundu\Downloads\KMU-FED\04_FE_s03_065.jpg
4,s03,04_FE_s03,66,FE,Fear,C:\Users\kundu\OneDrive\Desktop\KMU-FED-2\data\frames\04_FE_s03\04_FE_s03_066.jpg,1600,1200,RGB,04_FE_s03_066.jpg,C:\Users\kundu\Downloads\KMU-FED\04_FE_s03_066.jpg
4,s03,04_FE_s03,67,FE,Fear,C:\Users\kundu\OneDrive\Desktop\KMU-FED-2\data\frames\04_FE_s03\04_FE_s03_067.jpg,1600,1200,RGB,04_FE_s03_067.jpg,C:\Users\kundu\Downloads\KMU-FED\04_FE_s03_067.jpg
4,s03,04_FE_s03,68,FE,Fear,C:\Users\kundu\OneDrive\Desktop\KMU-FED-2\data\frames\04_FE_s03\04_FE_s03_068.jpg,1600,1200,RGB,04_FE_s03_068.jpg,C:\Users\kundu\Downloads\KMU-FED\04_FE_s03_068.jpg
4,s03,04_FE_s03,69,FE,Fear,C:\Users\kundu\OneDrive\Desktop\KMU-FED-2\data\frames\04_FE_s03\04_FE_s03_069.jpg,1600,1200,RGB,04_FE_s03_069.jpg,C:\Users\kundu\Downloads\KMU-FED\04_FE_s03_069.jpg
4,s03,04_FE_s03,70,FE,Fear,C:\Users\kundu\OneDrive\Desktop\KMU-FED-2\data\frames\04_FE_s03\04_FE_s03_070.jpg,1600,1200,RGB,04_FE_s03_070.jpg,C:\Users\kundu\Downloads\KMU-FED\04_FE_s03_070.jpg
4,s03,04_FE_s03,71,FE,Fear,C:\Users\kundu\OneDrive\Desktop\KMU-FED-2\data\frames\04_FE_s03\04_FE_s03_071.jpg,1600,1200,RGB,04_FE_s03_071.jpg,C:\Users\kundu\Downloads\KMU-FED\04_FE_s03_071.jpg
4,s03,04_FE_s03,72,FE,Fear,C:\Users\kundu\OneDrive\Desktop\KMU-FED-2\data\frames\04_FE_s03\04_FE_s03_072.jpg,1600,1200,RGB,04_FE_s03_072.jpg,C:\Users\kundu\Downloads\KMU-FED\04_FE_s03_072.jpg
4,s03,04_FE_s03,73,FE,Fear,C:\Users\kundu\OneDrive\Desktop\KMU-FED-2\data\frames\04_FE_s03\04_FE_s03_073.jpg,1600,1200,RGB,04_FE_s03_073.jpg,C:\Users\kundu\Downloads\KMU-FED\04_FE_s03_073.jpg
4,s03,04_FE_s03,74,FE,Fear,C:\Users\kundu\OneDrive\Desktop\KMU-FED-2\data\frames\04_FE_s03\04_FE_s03_074.jpg,1600,1200,RGB,04_FE_s03_074.jpg,C:\Users\kundu\Downloads\KMU-FED\04_FE_s03_074.jpg
4,s03,04_FE_s03,75,FE,Fear,C:\Users\kundu\OneDrive\Desktop\KMU-FED-2\data\frames\04_FE_s03\04_FE_s03_075.jpg,1600,1200,RGB,04_FE_s03_075.jpg,C:\Users\kundu\Downloads\KMU-FED\04_FE_s03_075.jpg
4,s03,04_FE_s03,76,FE,Fear,C:\Users\kundu\OneDrive\Desktop\KMU-FED-2\data\frames\04_FE_s03\04_FE_s03_076.jpg,1600,1200,RGB,04_FE_s03_076.jpg,C:\Users\kundu\Downloads\KMU-FED\04_FE_s03_076.jpg
4,s03,04_FE_s03,77,FE,Fear,C:\Users\kundu\OneDrive\Desktop\KMU-FED-2\data\frames\04_FE_s03\04_FE_s03_077.jpg,1600,1200,RGB,04_FE_s03_077.jpg,C:\Users\kundu\Downloads\KMU-FED\04_FE_s03_077.jpg
4,s03,04_FE_s03,78,FE,Fear,C:\Users\kundu\OneDrive\Desktop\KMU-FED-2\data\frames\04_FE_s03\04_FE_s03_078.jpg,1600,1200,RGB,04_FE_s03_078.jpg,C:\Users\kundu\Downloads\KMU-FED\04_FE_s03_078.jpg
4,s03,04_FE_s03,79,FE,Fear,C:\Users\kundu\OneDrive\Desktop\KMU-FED-2\data\frames\04_FE_s03\04_FE_s03_079.jpg,1600,1200,RGB,04_FE_s03_079.jpg,C:\Users\kundu\Downloads\KMU-FED\04_FE_s03_079.jpg
4,s03,04_FE_s03,80,FE,Fear,C:\Users\kundu\OneDrive\Desktop\KMU-FED-2\data\frames\04_FE_s03\04_FE_s03_080.jpg,1600,1200,RGB,04_FE_s03_080.jpg,C:\Users\kundu\Downloads\KMU-FED\04_FE_s03_080.jpg
4,s03,04_HA_s03,51,HA,Happiness,C:\Users\kundu\OneDrive\Desktop\KMU-FED-2\data\frames\04_HA_s03\04_HA_s03_051.jpg,1600,1200,RGB,04_HA_s03_051.jpg,C:\Users\kundu\Downloads\KMU-FED\04_HA_s03_051.jpg
4,s03,04_HA_s03,52,HA,Happiness,C:\Users\kundu\OneDrive\Desktop\KMU-FED-2\data\frames\04_HA_s03\04_HA_s03_052.jpg,1600,1200,RGB,04_HA_s03_052.jpg,C:\Users\kundu\Downloads\KMU-FED\04_HA_s03_052.jpg
4,s03,04_HA_s03,53,HA,Happiness,C:\Users\kundu\OneDrive\Desktop\KMU-FED-2\data\frames\04_HA_s03\04_HA_s03_053.jpg,1600,1200,RGB,04_HA_s03_053.jpg,C:\Users\kundu\Downloads\KMU-FED\04_HA_s03_053.jpg
4,s03,04_HA_s03,54,HA,Happiness,C:\Users\kundu\OneDrive\Desktop\KMU-FED-2\data\frames\04_HA_s03\04_HA_s03_054.jpg,1600,1200,RGB,04_HA_s03_054.jpg,C:\Users\kundu\Downloads\KMU-FED\04_HA_s03_054.jpg
4,s03,04_HA_s03,55,HA,Happiness,C:\Users\kundu\OneDrive\Desktop\KMU-FED-2\data\frames\04_HA_s03\04_HA_s03_055.jpg,1600,1200,RGB,04_HA_s03_055.jpg,C:\Users\kundu\Downloads\KMU-FED\04_HA_s03_055.jpg
4,s03,04_HA_s03,56,HA,Happiness,C:\Users\kundu\OneDrive\Desktop\KMU-FED-2\data\frames\04_HA_s03\04_HA_s03_056.jpg,1600,1200,RGB,04_HA_s03_056.jpg,C:\Users\kundu\Downloads\KMU-FED\04_HA_s03_056.jpg
4,s03,04_HA_s03,57,HA,Happiness,C:\Users\kundu\OneDrive\Desktop\KMU-FED-2\data\frames\04_HA_s03\04_HA_s03_057.jpg,1600,1200,RGB,04_HA_s03_057.jpg,C:\Users\kundu\Downloads\KMU-FED\04_HA_s03_057.jpg
4,s03,04_HA_s03,58,HA,Happiness,C:\Users\kundu\OneDrive\Desktop\KMU-FED-2\data\frames\04_HA_s03\04_HA_s03_058.jpg,1600,1200,RGB,04_HA_s03_058.jpg,C:\Users\kundu\Downloads\KMU-FED\04_HA_s03_058.jpg
4,s03,04_HA_s03,59,HA,Happiness,C:\Users\kundu\OneDrive\Desktop\KMU-FED-2\data\frames\04_HA_s03\04_HA_s03_059.jpg,1600,1200,RGB,04_HA_s03_059.jpg,C:\Users\kundu\Downloads\KMU-FED\04_HA_s03_059.jpg
4,s03,04_HA_s03,60,HA,Happiness,C:\Users\kundu\OneDrive\Desktop\KMU-FED-2\data\frames\04_HA_s03\04_HA_s03_060.jpg,1600,1200,RGB,04_HA_s03_060.jpg,C:\Users\kundu\Downloads\KMU-FED\04_HA_s03_060.jpg
4,s03,04_HA_s03,61,HA,Happiness,C:\Users\kundu\OneDrive\Desktop\KMU-FED-2\data\frames\04_HA_s03\04_HA_s03_061.jpg,1600,1200,RGB,04_HA_s03_061.jpg,C:\Users\kundu\Downloads\KMU-FED\04_HA_s03_061.jpg
4,s03,04_HA_s03,62,HA,Happiness,C:\Users\kundu\OneDrive\Desktop\KMU-FED-2\data\frames\04_HA_s03\04_HA_s03_062.jpg,1600,1200,RGB,04_HA_s03_062.jpg,C:\Users\kundu\Downloads\KMU-FED\04_HA_s03_062.jpg
4,s03,04_HA_s03,63,HA,Happiness,C:\Users\kundu\OneDrive\Desktop\KMU-FED-2\data\frames\04_HA_s03\04_HA_s03_063.jpg,1600,1200,RGB,04_HA_s03_063.jpg,C:\Users\kundu\Downloads\KMU-FED\04_HA_s03_063.jpg
4,s03,04_HA_s03,64,HA,Happiness,C:\Users\kundu\OneDrive\Desktop\KMU-FED-2\data\frames\04_HA_s03\04_HA_s03_064.jpg,1600,1200,RGB,04_HA_s03_064.jpg,C:\Users\kundu\Downloads\KMU-FED\04_HA_s03_064.jpg
4,s03,04_HA_s03,65,HA,Happiness,C:\Users\kundu\OneDrive\Desktop\KMU-FED-2\data\frames\04_HA_s03\04_HA_s03_065.jpg,1600,1200,RGB,04_HA_s03_065.jpg,C:\Users\kundu\Downloads\KMU-FED\04_HA_s03_065.jpg
4,s03,04_HA_s03,66,HA,Happiness,C:\Users\kundu\OneDrive\Desktop\KMU-FED-2\data\frames\04_HA_s03\04_HA_s03_066.jpg,1600,1200,RGB,04_HA_s03_066.jpg,C:\Users\kundu\Downloads\KMU-FED\04_HA_s03_066.jpg
4,s03,04_HA_s03,67,HA,Happiness,C:\Users\kundu\OneDrive\Desktop\KMU-FED-2\data\frames\04_HA_s03\04_HA_s03_067.jpg,1600,1200,RGB,04_HA_s03_067.jpg,C:\Users\kundu\Downloads\KMU-FED\04_HA_s03_067.jpg
4,s03,04_HA_s03,68,HA,Happiness,C:\Users\kundu\OneDrive\Desktop\KMU-FED-2\data\frames\04_HA_s03\04_HA_s03_068.jpg,1600,1200,RGB,04_HA_s03_068.jpg,C:\Users\kundu\Downloads\KMU-FED\04_HA_s03_068.jpg
4,s03,04_HA_s03,69,HA,Happiness,C:\Users\kundu\OneDrive\Desktop\KMU-FED-2\data\frames\04_HA_s03\04_HA_s03_069.jpg,1600,1200,RGB,04_HA_s03_069.jpg,C:\Users\kundu\Downloads\KMU-FED\04_HA_s03_069.jpg
4,s03,04_HA_s03,70,HA,Happiness,C:\Users\kundu\OneDrive\Desktop\KMU-FED-2\data\frames\04_HA_s03\04_HA_s03_070.jpg,1600,1200,RGB,04_HA_s03_070.jpg,C:\Users\kundu\Downloads\KMU-FED\04_HA_s03_070.jpg
4,s03,04_SA_s03,41,SA,Sadness,C:\Users\kundu\OneDrive\Desktop\KMU-FED-2\data\frames\04_SA_s03\04_SA_s03_041.jpg,1600,1200,RGB,04_SA_s03_041.jpg,C:\Users\kundu\Downloads\KMU-FED\04_SA_s03_041.jpg
4,s03,04_SA_s03,42,SA,Sadness,C:\Users\kundu\OneDrive\Desktop\KMU-FED-2\data\frames\04_SA_s03\04_SA_s03_042.jpg,1600,1200,RGB,04_SA_s03_042.jpg,C:\Users\kundu\Downloads\KMU-FED\04_SA_s03_042.jpg
4,s03,04_SA_s03,43,SA,Sadness,C:\Users\kundu\OneDrive\Desktop\KMU-FED-2\data\frames\04_SA_s03\04_SA_s03_043.jpg,1600,1200,RGB,04_SA_s03_043.jpg,C:\Users\kundu\Downloads\KMU-FED\04_SA_s03_043.jpg
4,s03,04_SA_s03,44,SA,Sadness,C:\Users\kundu\OneDrive\Desktop\KMU-FED-2\data\frames\04_SA_s03\04_SA_s03_044.jpg,1600,1200,RGB,04_SA_s03_044.jpg,C:\Users\kundu\Downloads\KMU-FED\04_SA_s03_044.jpg
4,s03,04_SA_s03,45,SA,Sadness,C:\Users\kundu\OneDrive\Desktop\KMU-FED-2\data\frames\04_SA_s03\04_SA_s03_045.jpg,1600,1200,RGB,04_SA_s03_045.jpg,C:\Users\kundu\Downloads\KMU-FED\04_SA_s03_045.jpg
4,s03,04_SA_s03,46,SA,Sadness,C:\Users\kundu\OneDrive\Desktop\KMU-FED-2\data\frames\04_SA_s03\04_SA_s03_046.jpg,1600,1200,RGB,04_SA_s03_046.jpg,C:\Users\kundu\Downloads\KMU-FED\04_SA_s03_046.jpg
4,s03,04_SA_s03,47,SA,Sadness,C:\Users\kundu\OneDrive\Desktop\KMU-FED-2\data\frames\04_SA_s03\04_SA_s03_047.jpg,1600,1200,RGB,04_SA_s03_047.jpg,C:\Users\kundu\Downloads\KMU-FED\04_SA_s03_047.jpg
4,s03,04_SA_s03,48,SA,Sadness,C:\Users\kundu\OneDrive\Desktop\KMU-FED-2\data\frames\04_SA_s03\04_SA_s03_048.jpg,1600,1200,RGB,04_SA_s03_048.jpg,C:\Users\kundu\Downloads\KMU-FED\04_SA_s03_048.jpg
4,s03,04_SA_s03,49,SA,Sadness,C:\Users\kundu\OneDrive\Desktop\KMU-FED-2\data\frames\04_SA_s03\04_SA_s03_049.jpg,1600,1200,RGB,04_SA_s03_049.jpg,C:\Users\kundu\Downloads\KMU-FED\04_SA_s03_049.jpg
4,s03,04_SA_s03,50,SA,Sadness,C:\Users\kundu\OneDrive\Desktop\KMU-FED-2\data\frames\04_SA_s03\04_SA_s03_050.jpg,1600,1200,RGB,04_SA_s03_050.jpg,C:\Users\kundu\Downloads\KMU-FED\04_SA_s03_050.jpg
4,s03,04_SU_s03,61,SU,Surprise,C:\Users\kundu\OneDrive\Desktop\KMU-FED-2\data\frames\04_SU_s03\04_SU_s03_061.jpg,1600,1200,RGB,04_SU_s03_061.jpg,C:\Users\kundu\Downloads\KMU-FED\04_SU_s03_061.jpg
4,s03,04_SU_s03,62,SU,Surprise,C:\Users\kundu\OneDrive\Desktop\KMU-FED-2\data\frames\04_SU_s03\04_SU_s03_062.jpg,1600,1200,RGB,04_SU_s03_062.jpg,C:\Users\kundu\Downloads\KMU-FED\04_SU_s03_062.jpg
4,s03,04_SU_s03,63,SU,Surprise,C:\Users\kundu\OneDrive\Desktop\KMU-FED-2\data\frames\04_SU_s03\04_SU_s03_063.jpg,1600,1200,RGB,04_SU_s03_063.jpg,C:\Users\kundu\Downloads\KMU-FED\04_SU_s03_063.jpg
4,s03,04_SU_s03,64,SU,Surprise,C:\Users\kundu\OneDrive\Desktop\KMU-FED-2\data\frames\04_SU_s03\04_SU_s03_064.jpg,1600,1200,RGB,04_SU_s03_064.jpg,C:\Users\kundu\Downloads\KMU-FED\04_SU_s03_064.jpg
4,s03,04_SU_s03,65,SU,Surprise,C:\Users\kundu\OneDrive\Desktop\KMU-FED-2\data\frames\04_SU_s03\04_SU_s03_065.jpg,1600,1200,RGB,04_SU_s03_065.jpg,C:\Users\kundu\Downloads\KMU-FED\04_SU_s03_065.jpg
4,s03,04_SU_s03,66,SU,Surprise,C:\Users\kundu\OneDrive\Desktop\KMU-FED-2\data\frames\04_SU_s03\04_SU_s03_066.jpg,1600,1200,RGB,04_SU_s03_066.jpg,C:\Users\kundu\Downloads\KMU-FED\04_SU_s03_066.jpg
4,s03,04_SU_s03,67,SU,Surprise,C:\Users\kundu\OneDrive\Desktop\KMU-FED-2\data\frames\04_SU_s03\04_SU_s03_067.jpg,1600,1200,RGB,04_SU_s03_067.jpg,C:\Users\kundu\Downloads\KMU-FED\04_SU_s03_067.jpg
4,s03,04_SU_s03,68,SU,Surprise,C:\Users\kundu\OneDrive\Desktop\KMU-FED-2\data\frames\04_SU_s03\04_SU_s03_068.jpg,1600,1200,RGB,04_SU_s03_068.jpg,C:\Users\kundu\Downloads\KMU-FED\04_SU_s03_068.jpg
4,s03,04_SU_s03,69,SU,Surprise,C:\Users\kundu\OneDrive\Desktop\KMU-FED-2\data\frames\04_SU_s03\04_SU_s03_069.jpg,1600,1200,RGB,04_SU_s03_069.jpg,C:\Users\kundu\Downloads\KMU-FED\04_SU_s03_069.jpg
4,s03,04_SU_s03,70,SU,Surprise,C:\Users\kundu\OneDrive\Desktop\KMU-FED-2\data\frames\04_SU_s03\04_SU_s03_070.jpg,1600,1200,RGB,04_SU_s03_070.jpg,C:\Users\kundu\Downloads\KMU-FED\04_SU_s03_070.jpg
5,uj,05_AN_uj,41,AN,Anger,C:\Users\kundu\OneDrive\Desktop\KMU-FED-2\data\frames\05_AN_uj\05_AN_uj_041.jpg,1600,1200,RGB,05_AN_uj_041.jpg,C:\Users\kundu\Downloads\KMU-FED\05_AN_uj_041.jpg
5,uj,05_AN_uj,42,AN,Anger,C:\Users\kundu\OneDrive\Desktop\KMU-FED-2\data\frames\05_AN_uj\05_AN_uj_042.jpg,1600,1200,RGB,05_AN_uj_042.jpg,C:\Users\kundu\Downloads\KMU-FED\05_AN_uj_042.jpg
5,uj,05_AN_uj,43,AN,Anger,C:\Users\kundu\OneDrive\Desktop\KMU-FED-2\data\frames\05_AN_uj\05_AN_uj_043.jpg,1600,1200,RGB,05_AN_uj_043.jpg,C:\Users\kundu\Downloads\KMU-FED\05_AN_uj_043.jpg
5,uj,05_AN_uj,44,AN,Anger,C:\Users\kundu\OneDrive\Desktop\KMU-FED-2\data\frames\05_AN_uj\05_AN_uj_044.jpg,1600,1200,RGB,05_AN_uj_044.jpg,C:\Users\kundu\Downloads\KMU-FED\05_AN_uj_044.jpg
5,uj,05_AN_uj,45,AN,Anger,C:\Users\kundu\OneDrive\Desktop\KMU-FED-2\data\frames\05_AN_uj\05_AN_uj_045.jpg,1600,1200,RGB,05_AN_uj_045.jpg,C:\Users\kundu\Downloads\KMU-FED\05_AN_uj_045.jpg
5,uj,05_AN_uj,46,AN,Anger,C:\Users\kundu\OneDrive\Desktop\KMU-FED-2\data\frames\05_AN_uj\05_AN_uj_046.jpg,1600,1200,RGB,05_AN_uj_046.jpg,C:\Users\kundu\Downloads\KMU-FED\05_AN_uj_046.jpg
5,uj,05_AN_uj,47,AN,Anger,C:\Users\kundu\OneDrive\Desktop\KMU-FED-2\data\frames\05_AN_uj\05_AN_uj_047.jpg,1600,1200,RGB,05_AN_uj_047.jpg,C:\Users\kundu\Downloads\KMU-FED\05_AN_uj_047.jpg
5,uj,05_AN_uj,48,AN,Anger,C:\Users\kundu\OneDrive\Desktop\KMU-FED-2\data\frames\05_AN_uj\05_AN_uj_048.jpg,1600,1200,RGB,05_AN_uj_048.jpg,C:\Users\kundu\Downloads\KMU-FED\05_AN_uj_048.jpg
5,uj,05_AN_uj,49,AN,Anger,C:\Users\kundu\OneDrive\Desktop\KMU-FED-2\data\frames\05_AN_uj\05_AN_uj_049.jpg,1600,1200,RGB,05_AN_uj_049.jpg,C:\Users\kundu\Downloads\KMU-FED\05_AN_uj_049.jpg
5,uj,05_AN_uj,50,AN,Anger,C:\Users\kundu\OneDrive\Desktop\KMU-FED-2\data\frames\05_AN_uj\05_AN_uj_050.jpg,1600,1200,RGB,05_AN_uj_050.jpg,C:\Users\kundu\Downloads\KMU-FED\05_AN_uj_050.jpg
5,uj,05_AN_uj,51,AN,Anger,C:\Users\kundu\OneDrive\Desktop\KMU-FED-2\data\frames\05_AN_uj\05_AN_uj_051.jpg,1600,1200,RGB,05_AN_uj_051.jpg,C:\Users\kundu\Downloads\KMU-FED\05_AN_uj_051.jpg
5,uj,05_AN_uj,52,AN,Anger,C:\Users\kundu\OneDrive\Desktop\KMU-FED-2\data\frames\05_AN_uj\05_AN_uj_052.jpg,1600,1200,RGB,05_AN_uj_052.jpg,C:\Users\kundu\Downloads\KMU-FED\05_AN_uj_052.jpg
5,uj,05_AN_uj,53,AN,Anger,C:\Users\kundu\OneDrive\Desktop\KMU-FED-2\data\frames\05_AN_uj\05_AN_uj_053.jpg,1600,1200,RGB,05_AN_uj_053.jpg,C:\Users\kundu\Downloads\KMU-FED\05_AN_uj_053.jpg
5,uj,05_AN_uj,54,AN,Anger,C:\Users\kundu\OneDrive\Desktop\KMU-FED-2\data\frames\05_AN_uj\05_AN_uj_054.jpg,1600,1200,RGB,05_AN_uj_054.jpg,C:\Users\kundu\Downloads\KMU-FED\05_AN_uj_054.jpg
5,uj,05_AN_uj,55,AN,Anger,C:\Users\kundu\OneDrive\Desktop\KMU-FED-2\data\frames\05_AN_uj\05_AN_uj_055.jpg,1600,1200,RGB,05_AN_uj_055.jpg,C:\Users\kundu\Downloads\KMU-FED\05_AN_uj_055.jpg
5,uj,05_AN_uj,56,AN,Anger,C:\Users\kundu\OneDrive\Desktop\KMU-FED-2\data\frames\05_AN_uj\05_AN_uj_056.jpg,1600,1200,RGB,05_AN_uj_056.jpg,C:\Users\kundu\Downloads\KMU-FED\05_AN_uj_056.jpg
5,uj,05_AN_uj,57,AN,Anger,C:\Users\kundu\OneDrive\Desktop\KMU-FED-2\data\frames\05_AN_uj\05_AN_uj_057.jpg,1600,1200,RGB,05_AN_uj_057.jpg,C:\Users\kundu\Downloads\KMU-FED\05_AN_uj_057.jpg
5,uj,05_AN_uj,58,AN,Anger,C:\Users\kundu\OneDrive\Desktop\KMU-FED-2\data\frames\05_AN_uj\05_AN_uj_058.jpg,1600,1200,RGB,05_AN_uj_058.jpg,C:\Users\kundu\Downloads\KMU-FED\05_AN_uj_058.jpg
5,uj,05_AN_uj,59,AN,Anger,C:\Users\kundu\OneDrive\Desktop\KMU-FED-2\data\frames\05_AN_uj\05_AN_uj_059.jpg,1600,1200,RGB,05_AN_uj_059.jpg,C:\Users\kundu\Downloads\KMU-FED\05_AN_uj_059.jpg
5,uj,05_AN_uj,60,AN,Anger,C:\Users\kundu\OneDrive\Desktop\KMU-FED-2\data\frames\05_AN_uj\05_AN_uj_060.jpg,1600,1200,RGB,05_AN_uj_060.jpg,C:\Users\kundu\Downloads\KMU-FED\05_AN_uj_060.jpg
5,uj,05_DI_uj,31,DI,Disgust,C:\Users\kundu\OneDrive\Desktop\KMU-FED-2\data\frames\05_DI_uj\05_DI_uj_031.jpg,1600,1200,RGB,05_DI_uj_031.jpg,C:\Users\kundu\Downloads\KMU-FED\05_DI_uj_031.jpg
5,uj,05_DI_uj,32,DI,Disgust,C:\Users\kundu\OneDrive\Desktop\KMU-FED-2\data\frames\05_DI_uj\05_DI_uj_032.jpg,1600,1200,RGB,05_DI_uj_032.jpg,C:\Users\kundu\Downloads\KMU-FED\05_DI_uj_032.jpg
5,uj,05_DI_uj,33,DI,Disgust,C:\Users\kundu\OneDrive\Desktop\KMU-FED-2\data\frames\05_DI_uj\05_DI_uj_033.jpg,1600,1200,RGB,05_DI_uj_033.jpg,C:\Users\kundu\Downloads\KMU-FED\05_DI_uj_033.jpg
5,uj,05_DI_uj,34,DI,Disgust,C:\Users\kundu\OneDrive\Desktop\KMU-FED-2\data\frames\05_DI_uj\05_DI_uj_034.jpg,1600,1200,RGB,05_DI_uj_034.jpg,C:\Users\kundu\Downloads\KMU-FED\05_DI_uj_034.jpg
5,uj,05_DI_uj,35,DI,Disgust,C:\Users\kundu\OneDrive\Desktop\KMU-FED-2\data\frames\05_DI_uj\05_DI_uj_035.jpg,1600,1200,RGB,05_DI_uj_035.jpg,C:\Users\kundu\Downloads\KMU-FED\05_DI_uj_035.jpg
5,uj,05_DI_uj,36,DI,Disgust,C:\Users\kundu\OneDrive\Desktop\KMU-FED-2\data\frames\05_DI_uj\05_DI_uj_036.jpg,1600,1200,RGB,05_DI_uj_036.jpg,C:\Users\kundu\Downloads\KMU-FED\05_DI_uj_036.jpg
5,uj,05_DI_uj,37,DI,Disgust,C:\Users\kundu\OneDrive\Desktop\KMU-FED-2\data\frames\05_DI_uj\05_DI_uj_037.jpg,1600,1200,RGB,05_DI_uj_037.jpg,C:\Users\kundu\Downloads\KMU-FED\05_DI_uj_037.jpg
5,uj,05_DI_uj,38,DI,Disgust,C:\Users\kundu\OneDrive\Desktop\KMU-FED-2\data\frames\05_DI_uj\05_DI_uj_038.jpg,1600,1200,RGB,05_DI_uj_038.jpg,C:\Users\kundu\Downloads\KMU-FED\05_DI_uj_038.jpg
5,uj,05_DI_uj,39,DI,Disgust,C:\Users\kundu\OneDrive\Desktop\KMU-FED-2\data\frames\05_DI_uj\05_DI_uj_039.jpg,1600,1200,RGB,05_DI_uj_039.jpg,C:\Users\kundu\Downloads\KMU-FED\05_DI_uj_039.jpg
5,uj,05_DI_uj,40,DI,Disgust,C:\Users\kundu\OneDrive\Desktop\KMU-FED-2\data\frames\05_DI_uj\05_DI_uj_040.jpg,1600,1200,RGB,05_DI_uj_040.jpg,C:\Users\kundu\Downloads\KMU-FED\05_DI_uj_040.jpg
5,uj,05_DI_uj,41,DI,Disgust,C:\Users\kundu\OneDrive\Desktop\KMU-FED-2\data\frames\05_DI_uj\05_DI_uj_041.jpg,1600,1200,RGB,05_DI_uj_041.jpg,C:\Users\kundu\Downloads\KMU-FED\05_DI_uj_041.jpg
5,uj,05_DI_uj,42,DI,Disgust,C:\Users\kundu\OneDrive\Desktop\KMU-FED-2\data\frames\05_DI_uj\05_DI_uj_042.jpg,1600,1200,RGB,05_DI_uj_042.jpg,C:\Users\kundu\Downloads\KMU-FED\05_DI_uj_042.jpg
5,uj,05_DI_uj,43,DI,Disgust,C:\Users\kundu\OneDrive\Desktop\KMU-FED-2\data\frames\05_DI_uj\05_DI_uj_043.jpg,1600,1200,RGB,05_DI_uj_043.jpg,C:\Users\kundu\Downloads\KMU-FED\05_DI_uj_043.jpg
5,uj,05_DI_uj,44,DI,Disgust,C:\Users\kundu\OneDrive\Desktop\KMU-FED-2\data\frames\05_DI_uj\05_DI_uj_044.jpg,1600,1200,RGB,05_DI_uj_044.jpg,C:\Users\kundu\Downloads\KMU-FED\05_DI_uj_044.jpg
5,uj,05_DI_uj,45,DI,Disgust,C:\Users\kundu\OneDrive\Desktop\KMU-FED-2\data\frames\05_DI_uj\05_DI_uj_045.jpg,1600,1200,RGB,05_DI_uj_045.jpg,C:\Users\kundu\Downloads\KMU-FED\05_DI_uj_045.jpg
5,uj,05_DI_uj,46,DI,Disgust,C:\Users\kundu\OneDrive\Desktop\KMU-FED-2\data\frames\05_DI_uj\05_DI_uj_046.jpg,1600,1200,RGB,05_DI_uj_046.jpg,C:\Users\kundu\Downloads\KMU-FED\05_DI_uj_046.jpg
5,uj,05_DI_uj,47,DI,Disgust,C:\Users\kundu\OneDrive\Desktop\KMU-FED-2\data\frames\05_DI_uj\05_DI_uj_047.jpg,1600,1200,RGB,05_DI_uj_047.jpg,C:\Users\kundu\Downloads\KMU-FED\05_DI_uj_047.jpg
5,uj,05_DI_uj,48,DI,Disgust,C:\Users\kundu\OneDrive\Desktop\KMU-FED-2\data\frames\05_DI_uj\05_DI_uj_048.jpg,1600,1200,RGB,05_DI_uj_048.jpg,C:\Users\kundu\Downloads\KMU-FED\05_DI_uj_048.jpg
5,uj,05_DI_uj,49,DI,Disgust,C:\Users\kundu\OneDrive\Desktop\KMU-FED-2\data\frames\05_DI_uj\05_DI_uj_049.jpg,1600,1200,RGB,05_DI_uj_049.jpg,C:\Users\kundu\Downloads\KMU-FED\05_DI_uj_049.jpg
5,uj,05_DI_uj,50,DI,Disgust,C:\Users\kundu\OneDrive\Desktop\KMU-FED-2\data\frames\05_DI_uj\05_DI_uj_050.jpg,1600,1200,RGB,05_DI_uj_050.jpg,C:\Users\kundu\Downloads\KMU-FED\05_DI_uj_050.jpg
5,uj,05_FE_uj,81,FE,Fear,C:\Users\kundu\OneDrive\Desktop\KMU-FED-2\data\frames\05_FE_uj\05_FE_uj_081.jpg,1600,1200,RGB,05_FE_uj_081.jpg,C:\Users\kundu\Downloads\KMU-FED\05_FE_uj_081.jpg
5,uj,05_FE_uj,82,FE,Fear,C:\Users\kundu\OneDrive\Desktop\KMU-FED-2\data\frames\05_FE_uj\05_FE_uj_082.jpg,1600,1200,RGB,05_FE_uj_082.jpg,C:\Users\kundu\Downloads\KMU-FED\05_FE_uj_082.jpg
5,uj,05_FE_uj,83,FE,Fear,C:\Users\kundu\OneDrive\Desktop\KMU-FED-2\data\frames\05_FE_uj\05_FE_uj_083.jpg,1600,1200,RGB,05_FE_uj_083.jpg,C:\Users\kundu\Downloads\KMU-FED\05_FE_uj_083.jpg
5,uj,05_FE_uj,84,FE,Fear,C:\Users\kundu\OneDrive\Desktop\KMU-FED-2\data\frames\05_FE_uj\05_FE_uj_084.jpg,1600,1200,RGB,05_FE_uj_084.jpg,C:\Users\kundu\Downloads\KMU-FED\05_FE_uj_084.jpg
5,uj,05_FE_uj,85,FE,Fear,C:\Users\kundu\OneDrive\Desktop\KMU-FED-2\data\frames\05_FE_uj\05_FE_uj_085.jpg,1600,1200,RGB,05_FE_uj_085.jpg,C:\Users\kundu\Downloads\KMU-FED\05_FE_uj_085.jpg
5,uj,05_FE_uj,86,FE,Fear,C:\Users\kundu\OneDrive\Desktop\KMU-FED-2\data\frames\05_FE_uj\05_FE_uj_086.jpg,1600,1200,RGB,05_FE_uj_086.jpg,C:\Users\kundu\Downloads\KMU-FED\05_FE_uj_086.jpg
5,uj,05_FE_uj,87,FE,Fear,C:\Users\kundu\OneDrive\Desktop\KMU-FED-2\data\frames\05_FE_uj\05_FE_uj_087.jpg,1600,1200,RGB,05_FE_uj_087.jpg,C:\Users\kundu\Downloads\KMU-FED\05_FE_uj_087.jpg
5,uj,05_FE_uj,88,FE,Fear,C:\Users\kundu\OneDrive\Desktop\KMU-FED-2\data\frames\05_FE_uj\05_FE_uj_088.jpg,1600,1200,RGB,05_FE_uj_088.jpg,C:\Users\kundu\Downloads\KMU-FED\05_FE_uj_088.jpg
5,uj,05_FE_uj,89,FE,Fear,C:\Users\kundu\OneDrive\Desktop\KMU-FED-2\data\frames\05_FE_uj\05_FE_uj_089.jpg,1600,1200,RGB,05_FE_uj_089.jpg,C:\Users\kundu\Downloads\KMU-FED\05_FE_uj_089.jpg
5,uj,05_FE_uj,90,FE,Fear,C:\Users\kundu\OneDrive\Desktop\KMU-FED-2\data\frames\05_FE_uj\05_FE_uj_090.jpg,1600,1200,RGB,05_FE_uj_090.jpg,C:\Users\kundu\Downloads\KMU-FED\05_FE_uj_090.jpg
5,uj,05_FE_uj,91,FE,Fear,C:\Users\kundu\OneDrive\Desktop\KMU-FED-2\data\frames\05_FE_uj\05_FE_uj_091.jpg,1600,1200,RGB,05_FE_uj_091.jpg,C:\Users\kundu\Downloads\KMU-FED\05_FE_uj_091.jpg
5,uj,05_FE_uj,92,FE,Fear,C:\Users\kundu\OneDrive\Desktop\KMU-FED-2\data\frames\05_FE_uj\05_FE_uj_092.jpg,1600,1200,RGB,05_FE_uj_092.jpg,C:\Users\kundu\Downloads\KMU-FED\05_FE_uj_092.jpg
5,uj,05_FE_uj,93,FE,Fear,C:\Users\kundu\OneDrive\Desktop\KMU-FED-2\data\frames\05_FE_uj\05_FE_uj_093.jpg,1600,1200,RGB,05_FE_uj_093.jpg,C:\Users\kundu\Downloads\KMU-FED\05_FE_uj_093.jpg
5,uj,05_FE_uj,94,FE,Fear,C:\Users\kundu\OneDrive\Desktop\KMU-FED-2\data\frames\05_FE_uj\05_FE_uj_094.jpg,1600,1200,RGB,05_FE_uj_094.jpg,C:\Users\kundu\Downloads\KMU-FED\05_FE_uj_094.jpg
5,uj,05_FE_uj,95,FE,Fear,C:\Users\kundu\OneDrive\Desktop\KMU-FED-2\data\frames\05_FE_uj\05_FE_uj_095.jpg,1600,1200,RGB,05_FE_uj_095.jpg,C:\Users\kundu\Downloads\KMU-FED\05_FE_uj_095.jpg
5,uj,05_FE_uj,96,FE,Fear,C:\Users\kundu\OneDrive\Desktop\KMU-FED-2\data\frames\05_FE_uj\05_FE_uj_096.jpg,1600,1200,RGB,05_FE_uj_096.jpg,C:\Users\kundu\Downloads\KMU-FED\05_FE_uj_096.jpg
5,uj,05_FE_uj,97,FE,Fear,C:\Users\kundu\OneDrive\Desktop\KMU-FED-2\data\frames\05_FE_uj\05_FE_uj_097.jpg,1600,1200,RGB,05_FE_uj_097.jpg,C:\Users\kundu\Downloads\KMU-FED\05_FE_uj_097.jpg
5,uj,05_FE_uj,98,FE,Fear,C:\Users\kundu\OneDrive\Desktop\KMU-FED-2\data\frames\05_FE_uj\05_FE_uj_098.jpg,1600,1200,RGB,05_FE_uj_098.jpg,C:\Users\kundu\Downloads\KMU-FED\05_FE_uj_098.jpg
5,uj,05_FE_uj,99,FE,Fear,C:\Users\kundu\OneDrive\Desktop\KMU-FED-2\data\frames\05_FE_uj\05_FE_uj_099.jpg,1600,1200,RGB,05_FE_uj_099.jpg,C:\Users\kundu\Downloads\KMU-FED\05_FE_uj_099.jpg
5,uj,05_FE_uj,100,FE,Fear,C:\Users\kundu\OneDrive\Desktop\KMU-FED-2\data\frames\05_FE_uj\05_FE_uj_100.jpg,1600,1200,RGB,05_FE_uj_100.jpg,C:\Users\kundu\Downloads\KMU-FED\05_FE_uj_100.jpg
5,uj,05_HA_uj,71,HA,Happiness,C:\Users\kundu\OneDrive\Desktop\KMU-FED-2\data\frames\05_HA_uj\05_HA_uj_071.jpg,1600,1200,RGB,05_HA_uj_071.jpg,C:\Users\kundu\Downloads\KMU-FED\05_HA_uj_071.jpg
5,uj,05_HA_uj,72,HA,Happiness,C:\Users\kundu\OneDrive\Desktop\KMU-FED-2\data\frames\05_HA_uj\05_HA_uj_072.jpg,1600,1200,RGB,05_HA_uj_072.jpg,C:\Users\kundu\Downloads\KMU-FED\05_HA_uj_072.jpg
5,uj,05_HA_uj,73,HA,Happiness,C:\Users\kundu\OneDrive\Desktop\KMU-FED-2\data\frames\05_HA_uj\05_HA_uj_073.jpg,1600,1200,RGB,05_HA_uj_073.jpg,C:\Users\kundu\Downloads\KMU-FED\05_HA_uj_073.jpg
5,uj,05_HA_uj,74,HA,Happiness,C:\Users\kundu\OneDrive\Desktop\KMU-FED-2\data\frames\05_HA_uj\05_HA_uj_074.jpg,1600,1200,RGB,05_HA_uj_074.jpg,C:\Users\kundu\Downloads\KMU-FED\05_HA_uj_074.jpg
5,uj,05_HA_uj,75,HA,Happiness,C:\Users\kundu\OneDrive\Desktop\KMU-FED-2\data\frames\05_HA_uj\05_HA_uj_075.jpg,1600,1200,RGB,05_HA_uj_075.jpg,C:\Users\kundu\Downloads\KMU-FED\05_HA_uj_075.jpg
5,uj,05_HA_uj,76,HA,Happiness,C:\Users\kundu\OneDrive\Desktop\KMU-FED-2\data\frames\05_HA_uj\05_HA_uj_076.jpg,1600,1200,RGB,05_HA_uj_076.jpg,C:\Users\kundu\Downloads\KMU-FED\05_HA_uj_076.jpg
5,uj,05_HA_uj,77,HA,Happiness,C:\Users\kundu\OneDrive\Desktop\KMU-FED-2\data\frames\05_HA_uj\05_HA_uj_077.jpg,1600,1200,RGB,05_HA_uj_077.jpg,C:\Users\kundu\Downloads\KMU-FED\05_HA_uj_077.jpg
5,uj,05_HA_uj,78,HA,Happiness,C:\Users\kundu\OneDrive\Desktop\KMU-FED-2\data\frames\05_HA_uj\05_HA_uj_078.jpg,1600,1200,RGB,05_HA_uj_078.jpg,C:\Users\kundu\Downloads\KMU-FED\05_HA_uj_078.jpg
5,uj,05_HA_uj,79,HA,Happiness,C:\Users\kundu\OneDrive\Desktop\KMU-FED-2\data\frames\05_HA_uj\05_HA_uj_079.jpg,1600,1200,RGB,05_HA_uj_079.jpg,C:\Users\kundu\Downloads\KMU-FED\05_HA_uj_079.jpg
5,uj,05_HA_uj,80,HA,Happiness,C:\Users\kundu\OneDrive\Desktop\KMU-FED-2\data\frames\05_HA_uj\05_HA_uj_080.jpg,1600,1200,RGB,05_HA_uj_080.jpg,C:\Users\kundu\Downloads\KMU-FED\05_HA_uj_080.jpg
5,uj,05_HA_uj,81,HA,Happiness,C:\Users\kundu\OneDrive\Desktop\KMU-FED-2\data\frames\05_HA_uj\05_HA_uj_081.jpg,1600,1200,RGB,05_HA_uj_081.jpg,C:\Users\kundu\Downloads\KMU-FED\05_HA_uj_081.jpg
5,uj,05_HA_uj,82,HA,Happiness,C:\Users\kundu\OneDrive\Desktop\KMU-FED-2\data\frames\05_HA_uj\05_HA_uj_082.jpg,1600,1200,RGB,05_HA_uj_082.jpg,C:\Users\kundu\Downloads\KMU-FED\05_HA_uj_082.jpg
5,uj,05_HA_uj,83,HA,Happiness,C:\Users\kundu\OneDrive\Desktop\KMU-FED-2\data\frames\05_HA_uj\05_HA_uj_083.jpg,1600,1200,RGB,05_HA_uj_083.jpg,C:\Users\kundu\Downloads\KMU-FED\05_HA_uj_083.jpg
5,uj,05_HA_uj,84,HA,Happiness,C:\Users\kundu\OneDrive\Desktop\KMU-FED-2\data\frames\05_HA_uj\05_HA_uj_084.jpg,1600,1200,RGB,05_HA_uj_084.jpg,C:\Users\kundu\Downloads\KMU-FED\05_HA_uj_084.jpg
5,uj,05_HA_uj,85,HA,Happiness,C:\Users\kundu\OneDrive\Desktop\KMU-FED-2\data\frames\05_HA_uj\05_HA_uj_085.jpg,1600,1200,RGB,05_HA_uj_085.jpg,C:\Users\kundu\Downloads\KMU-FED\05_HA_uj_085.jpg
5,uj,05_HA_uj,86,HA,Happiness,C:\Users\kundu\OneDrive\Desktop\KMU-FED-2\data\frames\05_HA_uj\05_HA_uj_086.jpg,1600,1200,RGB,05_HA_uj_086.jpg,C:\Users\kundu\Downloads\KMU-FED\05_HA_uj_086.jpg
5,uj,05_HA_uj,87,HA,Happiness,C:\Users\kundu\OneDrive\Desktop\KMU-FED-2\data\frames\05_HA_uj\05_HA_uj_087.jpg,1600,1200,RGB,05_HA_uj_087.jpg,C:\Users\kundu\Downloads\KMU-FED\05_HA_uj_087.jpg
5,uj,05_HA_uj,88,HA,Happiness,C:\Users\kundu\OneDrive\Desktop\KMU-FED-2\data\frames\05_HA_uj\05_HA_uj_088.jpg,1600,1200,RGB,05_HA_uj_088.jpg,C:\Users\kundu\Downloads\KMU-FED\05_HA_uj_088.jpg
5,uj,05_HA_uj,89,HA,Happiness,C:\Users\kundu\OneDrive\Desktop\KMU-FED-2\data\frames\05_HA_uj\05_HA_uj_089.jpg,1600,1200,RGB,05_HA_uj_089.jpg,C:\Users\kundu\Downloads\KMU-FED\05_HA_uj_089.jpg
5,uj,05_HA_uj,90,HA,Happiness,C:\Users\kundu\OneDrive\Desktop\KMU-FED-2\data\frames\05_HA_uj\05_HA_uj_090.jpg,1600,1200,RGB,05_HA_uj_090.jpg,C:\Users\kundu\Downloads\KMU-FED\05_HA_uj_090.jpg
5,uj,05_SA_uj,51,SA,Sadness,C:\Users\kundu\OneDrive\Desktop\KMU-FED-2\data\frames\05_SA_uj\05_SA_uj_051.jpg,1600,1200,RGB,05_SA_uj_051.jpg,C:\Users\kundu\Downloads\KMU-FED\05_SA_uj_051.jpg
5,uj,05_SA_uj,52,SA,Sadness,C:\Users\kundu\OneDrive\Desktop\KMU-FED-2\data\frames\05_SA_uj\05_SA_uj_052.jpg,1600,1200,RGB,05_SA_uj_052.jpg,C:\Users\kundu\Downloads\KMU-FED\05_SA_uj_052.jpg
5,uj,05_SA_uj,53,SA,Sadness,C:\Users\kundu\OneDrive\Desktop\KMU-FED-2\data\frames\05_SA_uj\05_SA_uj_053.jpg,1600,1200,RGB,05_SA_uj_053.jpg,C:\Users\kundu\Downloads\KMU-FED\05_SA_uj_053.jpg
5,uj,05_SA_uj,54,SA,Sadness,C:\Users\kundu\OneDrive\Desktop\KMU-FED-2\data\frames\05_SA_uj\05_SA_uj_054.jpg,1600,1200,RGB,05_SA_uj_054.jpg,C:\Users\kundu\Downloads\KMU-FED\05_SA_uj_054.jpg
5,uj,05_SA_uj,55,SA,Sadness,C:\Users\kundu\OneDrive\Desktop\KMU-FED-2\data\frames\05_SA_uj\05_SA_uj_055.jpg,1600,1200,RGB,05_SA_uj_055.jpg,C:\Users\kundu\Downloads\KMU-FED\05_SA_uj_055.jpg
5,uj,05_SA_uj,56,SA,Sadness,C:\Users\kundu\OneDrive\Desktop\KMU-FED-2\data\frames\05_SA_uj\05_SA_uj_056.jpg,1600,1200,RGB,05_SA_uj_056.jpg,C:\Users\kundu\Downloads\KMU-FED\05_SA_uj_056.jpg
5,uj,05_SA_uj,57,SA,Sadness,C:\Users\kundu\OneDrive\Desktop\KMU-FED-2\data\frames\05_SA_uj\05_SA_uj_057.jpg,1600,1200,RGB,05_SA_uj_057.jpg,C:\Users\kundu\Downloads\KMU-FED\05_SA_uj_057.jpg
5,uj,05_SA_uj,58,SA,Sadness,C:\Users\kundu\OneDrive\Desktop\KMU-FED-2\data\frames\05_SA_uj\05_SA_uj_058.jpg,1600,1200,RGB,05_SA_uj_058.jpg,C:\Users\kundu\Downloads\KMU-FED\05_SA_uj_058.jpg
5,uj,05_SA_uj,59,SA,Sadness,C:\Users\kundu\OneDrive\Desktop\KMU-FED-2\data\frames\05_SA_uj\05_SA_uj_059.jpg,1600,1200,RGB,05_SA_uj_059.jpg,C:\Users\kundu\Downloads\KMU-FED\05_SA_uj_059.jpg
5,uj,05_SA_uj,60,SA,Sadness,C:\Users\kundu\OneDrive\Desktop\KMU-FED-2\data\frames\05_SA_uj\05_SA_uj_060.jpg,1600,1200,RGB,05_SA_uj_060.jpg,C:\Users\kundu\Downloads\KMU-FED\05_SA_uj_060.jpg
5,uj,05_SA_uj,61,SA,Sadness,C:\Users\kundu\OneDrive\Desktop\KMU-FED-2\data\frames\05_SA_uj\05_SA_uj_061.jpg,1600,1200,RGB,05_SA_uj_061.jpg,C:\Users\kundu\Downloads\KMU-FED\05_SA_uj_061.jpg
5,uj,05_SA_uj,62,SA,Sadness,C:\Users\kundu\OneDrive\Desktop\KMU-FED-2\data\frames\05_SA_uj\05_SA_uj_062.jpg,1600,1200,RGB,05_SA_uj_062.jpg,C:\Users\kundu\Downloads\KMU-FED\05_SA_uj_062.jpg
5,uj,05_SA_uj,63,SA,Sadness,C:\Users\kundu\OneDrive\Desktop\KMU-FED-2\data\frames\05_SA_uj\05_SA_uj_063.jpg,1600,1200,RGB,05_SA_uj_063.jpg,C:\Users\kundu\Downloads\KMU-FED\05_SA_uj_063.jpg
5,uj,05_SA_uj,64,SA,Sadness,C:\Users\kundu\OneDrive\Desktop\KMU-FED-2\data\frames\05_SA_uj\05_SA_uj_064.jpg,1600,1200,RGB,05_SA_uj_064.jpg,C:\Users\kundu\Downloads\KMU-FED\05_SA_uj_064.jpg
5,uj,05_SA_uj,65,SA,Sadness,C:\Users\kundu\OneDrive\Desktop\KMU-FED-2\data\frames\05_SA_uj\05_SA_uj_065.jpg,1600,1200,RGB,05_SA_uj_065.jpg,C:\Users\kundu\Downloads\KMU-FED\05_SA_uj_065.jpg
5,uj,05_SA_uj,66,SA,Sadness,C:\Users\kundu\OneDrive\Desktop\KMU-FED-2\data\frames\05_SA_uj\05_SA_uj_066.jpg,1600,1200,RGB,05_SA_uj_066.jpg,C:\Users\kundu\Downloads\KMU-FED\05_SA_uj_066.jpg
5,uj,05_SA_uj,67,SA,Sadness,C:\Users\kundu\OneDrive\Desktop\KMU-FED-2\data\frames\05_SA_uj\05_SA_uj_067.jpg,1600,1200,RGB,05_SA_uj_067.jpg,C:\Users\kundu\Downloads\KMU-FED\05_SA_uj_067.jpg
5,uj,05_SA_uj,68,SA,Sadness,C:\Users\kundu\OneDrive\Desktop\KMU-FED-2\data\frames\05_SA_uj\05_SA_uj_068.jpg,1600,1200,RGB,05_SA_uj_068.jpg,C:\Users\kundu\Downloads\KMU-FED\05_SA_uj_068.jpg
5,uj,05_SA_uj,69,SA,Sadness,C:\Users\kundu\OneDrive\Desktop\KMU-FED-2\data\frames\05_SA_uj\05_SA_uj_069.jpg,1600,1200,RGB,05_SA_uj_069.jpg,C:\Users\kundu\Downloads\KMU-FED\05_SA_uj_069.jpg
5,uj,05_SA_uj,70,SA,Sadness,C:\Users\kundu\OneDrive\Desktop\KMU-FED-2\data\frames\05_SA_uj\05_SA_uj_070.jpg,1600,1200,RGB,05_SA_uj_070.jpg,C:\Users\kundu\Downloads\KMU-FED\05_SA_uj_070.jpg
5,uj,05_SU_uj,61,SU,Surprise,C:\Users\kundu\OneDrive\Desktop\KMU-FED-2\data\frames\05_SU_uj\05_SU_uj_061.jpg,1600,1200,RGB,05_SU_uj_061.jpg,C:\Users\kundu\Downloads\KMU-FED\05_SU_uj_061.jpg
5,uj,05_SU_uj,62,SU,Surprise,C:\Users\kundu\OneDrive\Desktop\KMU-FED-2\data\frames\05_SU_uj\05_SU_uj_062.jpg,1600,1200,RGB,05_SU_uj_062.jpg,C:\Users\kundu\Downloads\KMU-FED\05_SU_uj_062.jpg
5,uj,05_SU_uj,63,SU,Surprise,C:\Users\kundu\OneDrive\Desktop\KMU-FED-2\data\frames\05_SU_uj\05_SU_uj_063.jpg,1600,1200,RGB,05_SU_uj_063.jpg,C:\Users\kundu\Downloads\KMU-FED\05_SU_uj_063.jpg
5,uj,05_SU_uj,64,SU,Surprise,C:\Users\kundu\OneDrive\Desktop\KMU-FED-2\data\frames\05_SU_uj\05_SU_uj_064.jpg,1600,1200,RGB,05_SU_uj_064.jpg,C:\Users\kundu\Downloads\KMU-FED\05_SU_uj_064.jpg
5,uj,05_SU_uj,65,SU,Surprise,C:\Users\kundu\OneDrive\Desktop\KMU-FED-2\data\frames\05_SU_uj\05_SU_uj_065.jpg,1600,1200,RGB,05_SU_uj_065.jpg,C:\Users\kundu\Downloads\KMU-FED\05_SU_uj_065.jpg
5,uj,05_SU_uj,66,SU,Surprise,C:\Users\kundu\OneDrive\Desktop\KMU-FED-2\data\frames\05_SU_uj\05_SU_uj_066.jpg,1600,1200,RGB,05_SU_uj_066.jpg,C:\Users\kundu\Downloads\KMU-FED\05_SU_uj_066.jpg
5,uj,05_SU_uj,67,SU,Surprise,C:\Users\kundu\OneDrive\Desktop\KMU-FED-2\data\frames\05_SU_uj\05_SU_uj_067.jpg,1600,1200,RGB,05_SU_uj_067.jpg,C:\Users\kundu\Downloads\KMU-FED\05_SU_uj_067.jpg
5,uj,05_SU_uj,68,SU,Surprise,C:\Users\kundu\OneDrive\Desktop\KMU-FED-2\data\frames\05_SU_uj\05_SU_uj_068.jpg,1600,1200,RGB,05_SU_uj_068.jpg,C:\Users\kundu\Downloads\KMU-FED\05_SU_uj_068.jpg
5,uj,05_SU_uj,69,SU,Surprise,C:\Users\kundu\OneDrive\Desktop\KMU-FED-2\data\frames\05_SU_uj\05_SU_uj_069.jpg,1600,1200,RGB,05_SU_uj_069.jpg,C:\Users\kundu\Downloads\KMU-FED\05_SU_uj_069.jpg
5,uj,05_SU_uj,70,SU,Surprise,C:\Users\kundu\OneDrive\Desktop\KMU-FED-2\data\frames\05_SU_uj\05_SU_uj_070.jpg,1600,1200,RGB,05_SU_uj_070.jpg,C:\Users\kundu\Downloads\KMU-FED\05_SU_uj_070.jpg
5,uj,05_SU_uj,71,SU,Surprise,C:\Users\kundu\OneDrive\Desktop\KMU-FED-2\data\frames\05_SU_uj\05_SU_uj_071.jpg,1600,1200,RGB,05_SU_uj_071.jpg,C:\Users\kundu\Downloads\KMU-FED\05_SU_uj_071.jpg
5,uj,05_SU_uj,72,SU,Surprise,C:\Users\kundu\OneDrive\Desktop\KMU-FED-2\data\frames\05_SU_uj\05_SU_uj_072.jpg,1600,1200,RGB,05_SU_uj_072.jpg,C:\Users\kundu\Downloads\KMU-FED\05_SU_uj_072.jpg
5,uj,05_SU_uj,73,SU,Surprise,C:\Users\kundu\OneDrive\Desktop\KMU-FED-2\data\frames\05_SU_uj\05_SU_uj_073.jpg,1600,1200,RGB,05_SU_uj_073.jpg,C:\Users\kundu\Downloads\KMU-FED\05_SU_uj_073.jpg
5,uj,05_SU_uj,74,SU,Surprise,C:\Users\kundu\OneDrive\Desktop\KMU-FED-2\data\frames\05_SU_uj\05_SU_uj_074.jpg,1600,1200,RGB,05_SU_uj_074.jpg,C:\Users\kundu\Downloads\KMU-FED\05_SU_uj_074.jpg
5,uj,05_SU_uj,75,SU,Surprise,C:\Users\kundu\OneDrive\Desktop\KMU-FED-2\data\frames\05_SU_uj\05_SU_uj_075.jpg,1600,1200,RGB,05_SU_uj_075.jpg,C:\Users\kundu\Downloads\KMU-FED\05_SU_uj_075.jpg
5,uj,05_SU_uj,76,SU,Surprise,C:\Users\kundu\OneDrive\Desktop\KMU-FED-2\data\frames\05_SU_uj\05_SU_uj_076.jpg,1600,1200,RGB,05_SU_uj_076.jpg,C:\Users\kundu\Downloads\KMU-FED\05_SU_uj_076.jpg
5,uj,05_SU_uj,77,SU,Surprise,C:\Users\kundu\OneDrive\Desktop\KMU-FED-2\data\frames\05_SU_uj\05_SU_uj_077.jpg,1600,1200,RGB,05_SU_uj_077.jpg,C:\Users\kundu\Downloads\KMU-FED\05_SU_uj_077.jpg
5,uj,05_SU_uj,78,SU,Surprise,C:\Users\kundu\OneDrive\Desktop\KMU-FED-2\data\frames\05_SU_uj\05_SU_uj_078.jpg,1600,1200,RGB,05_SU_uj_078.jpg,C:\Users\kundu\Downloads\KMU-FED\05_SU_uj_078.jpg
5,uj,05_SU_uj,79,SU,Surprise,C:\Users\kundu\OneDrive\Desktop\KMU-FED-2\data\frames\05_SU_uj\05_SU_uj_079.jpg,1600,1200,RGB,05_SU_uj_079.jpg,C:\Users\kundu\Downloads\KMU-FED\05_SU_uj_079.jpg
5,uj,05_SU_uj,80,SU,Surprise,C:\Users\kundu\OneDrive\Desktop\KMU-FED-2\data\frames\05_SU_uj\05_SU_uj_080.jpg,1600,1200,RGB,05_SU_uj_080.jpg,C:\Users\kundu\Downloads\KMU-FED\05_SU_uj_080.jpg
6,dy,06_AN_dy,61,AN,Anger,C:\Users\kundu\OneDrive\Desktop\KMU-FED-2\data\frames\06_AN_dy\06_AN_dy_061.jpg,1600,1200,RGB,06_AN_dy_061.jpg,C:\Users\kundu\Downloads\KMU-FED\06_AN_dy_061.jpg
6,dy,06_AN_dy,62,AN,Anger,C:\Users\kundu\OneDrive\Desktop\KMU-FED-2\data\frames\06_AN_dy\06_AN_dy_062.jpg,1600,1200,RGB,06_AN_dy_062.jpg,C:\Users\kundu\Downloads\KMU-FED\06_AN_dy_062.jpg
6,dy,06_AN_dy,63,AN,Anger,C:\Users\kundu\OneDrive\Desktop\KMU-FED-2\data\frames\06_AN_dy\06_AN_dy_063.jpg,1600,1200,RGB,06_AN_dy_063.jpg,C:\Users\kundu\Downloads\KMU-FED\06_AN_dy_063.jpg
6,dy,06_AN_dy,64,AN,Anger,C:\Users\kundu\OneDrive\Desktop\KMU-FED-2\data\frames\06_AN_dy\06_AN_dy_064.jpg,1600,1200,RGB,06_AN_dy_064.jpg,C:\Users\kundu\Downloads\KMU-FED\06_AN_dy_064.jpg
6,dy,06_AN_dy,65,AN,Anger,C:\Users\kundu\OneDrive\Desktop\KMU-FED-2\data\frames\06_AN_dy\06_AN_dy_065.jpg,1600,1200,RGB,06_AN_dy_065.jpg,C:\Users\kundu\Downloads\KMU-FED\06_AN_dy_065.jpg
6,dy,06_AN_dy,66,AN,Anger,C:\Users\kundu\OneDrive\Desktop\KMU-FED-2\data\frames\06_AN_dy\06_AN_dy_066.jpg,1600,1200,RGB,06_AN_dy_066.jpg,C:\Users\kundu\Downloads\KMU-FED\06_AN_dy_066.jpg
6,dy,06_AN_dy,67,AN,Anger,C:\Users\kundu\OneDrive\Desktop\KMU-FED-2\data\frames\06_AN_dy\06_AN_dy_067.jpg,1600,1200,RGB,06_AN_dy_067.jpg,C:\Users\kundu\Downloads\KMU-FED\06_AN_dy_067.jpg
6,dy,06_AN_dy,68,AN,Anger,C:\Users\kundu\OneDrive\Desktop\KMU-FED-2\data\frames\06_AN_dy\06_AN_dy_068.jpg,1600,1200,RGB,06_AN_dy_068.jpg,C:\Users\kundu\Downloads\KMU-FED\06_AN_dy_068.jpg
6,dy,06_AN_dy,69,AN,Anger,C:\Users\kundu\OneDrive\Desktop\KMU-FED-2\data\frames\06_AN_dy\06_AN_dy_069.jpg,1600,1200,RGB,06_AN_dy_069.jpg,C:\Users\kundu\Downloads\KMU-FED\06_AN_dy_069.jpg
6,dy,06_AN_dy,70,AN,Anger,C:\Users\kundu\OneDrive\Desktop\KMU-FED-2\data\frames\06_AN_dy\06_AN_dy_070.jpg,1600,1200,RGB,06_AN_dy_070.jpg,C:\Users\kundu\Downloads\KMU-FED\06_AN_dy_070.jpg
6,dy,06_AN_dy,71,AN,Anger,C:\Users\kundu\OneDrive\Desktop\KMU-FED-2\data\frames\06_AN_dy\06_AN_dy_071.jpg,1600,1200,RGB,06_AN_dy_071.jpg,C:\Users\kundu\Downloads\KMU-FED\06_AN_dy_071.jpg
6,dy,06_AN_dy,72,AN,Anger,C:\Users\kundu\OneDrive\Desktop\KMU-FED-2\data\frames\06_AN_dy\06_AN_dy_072.jpg,1600,1200,RGB,06_AN_dy_072.jpg,C:\Users\kundu\Downloads\KMU-FED\06_AN_dy_072.jpg
6,dy,06_AN_dy,73,AN,Anger,C:\Users\kundu\OneDrive\Desktop\KMU-FED-2\data\frames\06_AN_dy\06_AN_dy_073.jpg,1600,1200,RGB,06_AN_dy_073.jpg,C:\Users\kundu\Downloads\KMU-FED\06_AN_dy_073.jpg
6,dy,06_AN_dy,74,AN,Anger,C:\Users\kundu\OneDrive\Desktop\KMU-FED-2\data\frames\06_AN_dy\06_AN_dy_074.jpg,1600,1200,RGB,06_AN_dy_074.jpg,C:\Users\kundu\Downloads\KMU-FED\06_AN_dy_074.jpg
6,dy,06_AN_dy,75,AN,Anger,C:\Users\kundu\OneDrive\Desktop\KMU-FED-2\data\frames\06_AN_dy\06_AN_dy_075.jpg,1600,1200,RGB,06_AN_dy_075.jpg,C:\Users\kundu\Downloads\KMU-FED\06_AN_dy_075.jpg
6,dy,06_AN_dy,76,AN,Anger,C:\Users\kundu\OneDrive\Desktop\KMU-FED-2\data\frames\06_AN_dy\06_AN_dy_076.jpg,1600,1200,RGB,06_AN_dy_076.jpg,C:\Users\kundu\Downloads\KMU-FED\06_AN_dy_076.jpg
6,dy,06_AN_dy,77,AN,Anger,C:\Users\kundu\OneDrive\Desktop\KMU-FED-2\data\frames\06_AN_dy\06_AN_dy_077.jpg,1600,1200,RGB,06_AN_dy_077.jpg,C:\Users\kundu\Downloads\KMU-FED\06_AN_dy_077.jpg
6,dy,06_AN_dy,78,AN,Anger,C:\Users\kundu\OneDrive\Desktop\KMU-FED-2\data\frames\06_AN_dy\06_AN_dy_078.jpg,1600,1200,RGB,06_AN_dy_078.jpg,C:\Users\kundu\Downloads\KMU-FED\06_AN_dy_078.jpg
6,dy,06_AN_dy,79,AN,Anger,C:\Users\kundu\OneDrive\Desktop\KMU-FED-2\data\frames\06_AN_dy\06_AN_dy_079.jpg,1600,1200,RGB,06_AN_dy_079.jpg,C:\Users\kundu\Downloads\KMU-FED\06_AN_dy_079.jpg
6,dy,06_AN_dy,80,AN,Anger,C:\Users\kundu\OneDrive\Desktop\KMU-FED-2\data\frames\06_AN_dy\06_AN_dy_080.jpg,1600,1200,RGB,06_AN_dy_080.jpg,C:\Users\kundu\Downloads\KMU-FED\06_AN_dy_080.jpg
6,dy,06_DI_dy,51,DI,Disgust,C:\Users\kundu\OneDrive\Desktop\KMU-FED-2\data\frames\06_DI_dy\06_DI_dy_051.jpg,1600,1200,RGB,06_DI_dy_051.jpg,C:\Users\kundu\Downloads\KMU-FED\06_DI_dy_051.jpg
6,dy,06_DI_dy,52,DI,Disgust,C:\Users\kundu\OneDrive\Desktop\KMU-FED-2\data\frames\06_DI_dy\06_DI_dy_052.jpg,1600,1200,RGB,06_DI_dy_052.jpg,C:\Users\kundu\Downloads\KMU-FED\06_DI_dy_052.jpg
6,dy,06_DI_dy,53,DI,Disgust,C:\Users\kundu\OneDrive\Desktop\KMU-FED-2\data\frames\06_DI_dy\06_DI_dy_053.jpg,1600,1200,RGB,06_DI_dy_053.jpg,C:\Users\kundu\Downloads\KMU-FED\06_DI_dy_053.jpg
6,dy,06_DI_dy,54,DI,Disgust,C:\Users\kundu\OneDrive\Desktop\KMU-FED-2\data\frames\06_DI_dy\06_DI_dy_054.jpg,1600,1200,RGB,06_DI_dy_054.jpg,C:\Users\kundu\Downloads\KMU-FED\06_DI_dy_054.jpg
6,dy,06_DI_dy,55,DI,Disgust,C:\Users\kundu\OneDrive\Desktop\KMU-FED-2\data\frames\06_DI_dy\06_DI_dy_055.jpg,1600,1200,RGB,06_DI_dy_055.jpg,C:\Users\kundu\Downloads\KMU-FED\06_DI_dy_055.jpg
6,dy,06_DI_dy,56,DI,Disgust,C:\Users\kundu\OneDrive\Desktop\KMU-FED-2\data\frames\06_DI_dy\06_DI_dy_056.jpg,1600,1200,RGB,06_DI_dy_056.jpg,C:\Users\kundu\Downloads\KMU-FED\06_DI_dy_056.jpg
6,dy,06_DI_dy,57,DI,Disgust,C:\Users\kundu\OneDrive\Desktop\KMU-FED-2\data\frames\06_DI_dy\06_DI_dy_057.jpg,1600,1200,RGB,06_DI_dy_057.jpg,C:\Users\kundu\Downloads\KMU-FED\06_DI_dy_057.jpg
6,dy,06_DI_dy,58,DI,Disgust,C:\Users\kundu\OneDrive\Desktop\KMU-FED-2\data\frames\06_DI_dy\06_DI_dy_058.jpg,1600,1200,RGB,06_DI_dy_058.jpg,C:\Users\kundu\Downloads\KMU-FED\06_DI_dy_058.jpg
6,dy,06_DI_dy,59,DI,Disgust,C:\Users\kundu\OneDrive\Desktop\KMU-FED-2\data\frames\06_DI_dy\06_DI_dy_059.jpg,1600,1200,RGB,06_DI_dy_059.jpg,C:\Users\kundu\Downloads\KMU-FED\06_DI_dy_059.jpg
6,dy,06_DI_dy,60,DI,Disgust,C:\Users\kundu\OneDrive\Desktop\KMU-FED-2\data\frames\06_DI_dy\06_DI_dy_060.jpg,1600,1200,RGB,06_DI_dy_060.jpg,C:\Users\kundu\Downloads\KMU-FED\06_DI_dy_060.jpg
6,dy,06_DI_dy,61,DI,Disgust,C:\Users\kundu\OneDrive\Desktop\KMU-FED-2\data\frames\06_DI_dy\06_DI_dy_061.jpg,1600,1200,RGB,06_DI_dy_061.jpg,C:\Users\kundu\Downloads\KMU-FED\06_DI_dy_061.jpg
6,dy,06_DI_dy,62,DI,Disgust,C:\Users\kundu\OneDrive\Desktop\KMU-FED-2\data\frames\06_DI_dy\06_DI_dy_062.jpg,1600,1200,RGB,06_DI_dy_062.jpg,C:\Users\kundu\Downloads\KMU-FED\06_DI_dy_062.jpg
6,dy,06_DI_dy,63,DI,Disgust,C:\Users\kundu\OneDrive\Desktop\KMU-FED-2\data\frames\06_DI_dy\06_DI_dy_063.jpg,1600,1200,RGB,06_DI_dy_063.jpg,C:\Users\kundu\Downloads\KMU-FED\06_DI_dy_063.jpg
6,dy,06_DI_dy,64,DI,Disgust,C:\Users\kundu\OneDrive\Desktop\KMU-FED-2\data\frames\06_DI_dy\06_DI_dy_064.jpg,1600,1200,RGB,06_DI_dy_064.jpg,C:\Users\kundu\Downloads\KMU-FED\06_DI_dy_064.jpg
6,dy,06_DI_dy,65,DI,Disgust,C:\Users\kundu\OneDrive\Desktop\KMU-FED-2\data\frames\06_DI_dy\06_DI_dy_065.jpg,1600,1200,RGB,06_DI_dy_065.jpg,C:\Users\kundu\Downloads\KMU-FED\06_DI_dy_065.jpg
6,dy,06_DI_dy,66,DI,Disgust,C:\Users\kundu\OneDrive\Desktop\KMU-FED-2\data\frames\06_DI_dy\06_DI_dy_066.jpg,1600,1200,RGB,06_DI_dy_066.jpg,C:\Users\kundu\Downloads\KMU-FED\06_DI_dy_066.jpg
6,dy,06_DI_dy,67,DI,Disgust,C:\Users\kundu\OneDrive\Desktop\KMU-FED-2\data\frames\06_DI_dy\06_DI_dy_067.jpg,1600,1200,RGB,06_DI_dy_067.jpg,C:\Users\kundu\Downloads\KMU-FED\06_DI_dy_067.jpg
6,dy,06_DI_dy,68,DI,Disgust,C:\Users\kundu\OneDrive\Desktop\KMU-FED-2\data\frames\06_DI_dy\06_DI_dy_068.jpg,1600,1200,RGB,06_DI_dy_068.jpg,C:\Users\kundu\Downloads\KMU-FED\06_DI_dy_068.jpg
6,dy,06_DI_dy,69,DI,Disgust,C:\Users\kundu\OneDrive\Desktop\KMU-FED-2\data\frames\06_DI_dy\06_DI_dy_069.jpg,1600,1200,RGB,06_DI_dy_069.jpg,C:\Users\kundu\Downloads\KMU-FED\06_DI_dy_069.jpg
6,dy,06_DI_dy,70,DI,Disgust,C:\Users\kundu\OneDrive\Desktop\KMU-FED-2\data\frames\06_DI_dy\06_DI_dy_070.jpg,1600,1200,RGB,06_DI_dy_070.jpg,C:\Users\kundu\Downloads\KMU-FED\06_DI_dy_070.jpg
6,dy,06_FE_dy,101,FE,Fear,C:\Users\kundu\OneDrive\Desktop\KMU-FED-2\data\frames\06_FE_dy\06_FE_dy_101.jpg,1600,1200,RGB,06_FE_dy_101.jpg,C:\Users\kundu\Downloads\KMU-FED\06_FE_dy_101.jpg
6,dy,06_FE_dy,102,FE,Fear,C:\Users\kundu\OneDrive\Desktop\KMU-FED-2\data\frames\06_FE_dy\06_FE_dy_102.jpg,1600,1200,RGB,06_FE_dy_102.jpg,C:\Users\kundu\Downloads\KMU-FED\06_FE_dy_102.jpg
6,dy,06_FE_dy,103,FE,Fear,C:\Users\kundu\OneDrive\Desktop\KMU-FED-2\data\frames\06_FE_dy\06_FE_dy_103.jpg,1600,1200,RGB,06_FE_dy_103.jpg,C:\Users\kundu\Downloads\KMU-FED\06_FE_dy_103.jpg
6,dy,06_FE_dy,104,FE,Fear,C:\Users\kundu\OneDrive\Desktop\KMU-FED-2\data\frames\06_FE_dy\06_FE_dy_104.jpg,1600,1200,RGB,06_FE_dy_104.jpg,C:\Users\kundu\Downloads\KMU-FED\06_FE_dy_104.jpg
6,dy,06_FE_dy,105,FE,Fear,C:\Users\kundu\OneDrive\Desktop\KMU-FED-2\data\frames\06_FE_dy\06_FE_dy_105.jpg,1600,1200,RGB,06_FE_dy_105.jpg,C:\Users\kundu\Downloads\KMU-FED\06_FE_dy_105.jpg
6,dy,06_FE_dy,106,FE,Fear,C:\Users\kundu\OneDrive\Desktop\KMU-FED-2\data\frames\06_FE_dy\06_FE_dy_106.jpg,1600,1200,RGB,06_FE_dy_106.jpg,C:\Users\kundu\Downloads\KMU-FED\06_FE_dy_106.jpg
6,dy,06_FE_dy,107,FE,Fear,C:\Users\kundu\OneDrive\Desktop\KMU-FED-2\data\frames\06_FE_dy\06_FE_dy_107.jpg,1600,1200,RGB,06_FE_dy_107.jpg,C:\Users\kundu\Downloads\KMU-FED\06_FE_dy_107.jpg
6,dy,06_FE_dy,108,FE,Fear,C:\Users\kundu\OneDrive\Desktop\KMU-FED-2\data\frames\06_FE_dy\06_FE_dy_108.jpg,1600,1200,RGB,06_FE_dy_108.jpg,C:\Users\kundu\Downloads\KMU-FED\06_FE_dy_108.jpg
6,dy,06_FE_dy,109,FE,Fear,C:\Users\kundu\OneDrive\Desktop\KMU-FED-2\data\frames\06_FE_dy\06_FE_dy_109.jpg,1600,1200,RGB,06_FE_dy_109.jpg,C:\Users\kundu\Downloads\KMU-FED\06_FE_dy_109.jpg
6,dy,06_FE_dy,110,FE,Fear,C:\Users\kundu\OneDrive\Desktop\KMU-FED-2\data\frames\06_FE_dy\06_FE_dy_110.jpg,1600,1200,RGB,06_FE_dy_110.jpg,C:\Users\kundu\Downloads\KMU-FED\06_FE_dy_110.jpg
6,dy,06_FE_dy,111,FE,Fear,C:\Users\kundu\OneDrive\Desktop\KMU-FED-2\data\frames\06_FE_dy\06_FE_dy_111.jpg,1600,1200,RGB,06_FE_dy_111.jpg,C:\Users\kundu\Downloads\KMU-FED\06_FE_dy_111.jpg
6,dy,06_FE_dy,112,FE,Fear,C:\Users\kundu\OneDrive\Desktop\KMU-FED-2\data\frames\06_FE_dy\06_FE_dy_112.jpg,1600,1200,RGB,06_FE_dy_112.jpg,C:\Users\kundu\Downloads\KMU-FED\06_FE_dy_112.jpg
6,dy,06_FE_dy,113,FE,Fear,C:\Users\kundu\OneDrive\Desktop\KMU-FED-2\data\frames\06_FE_dy\06_FE_dy_113.jpg,1600,1200,RGB,06_FE_dy_113.jpg,C:\Users\kundu\Downloads\KMU-FED\06_FE_dy_113.jpg
6,dy,06_FE_dy,114,FE,Fear,C:\Users\kundu\OneDrive\Desktop\KMU-FED-2\data\frames\06_FE_dy\06_FE_dy_114.jpg,1600,1200,RGB,06_FE_dy_114.jpg,C:\Users\kundu\Downloads\KMU-FED\06_FE_dy_114.jpg
6,dy,06_FE_dy,115,FE,Fear,C:\Users\kundu\OneDrive\Desktop\KMU-FED-2\data\frames\06_FE_dy\06_FE_dy_115.jpg,1600,1200,RGB,06_FE_dy_115.jpg,C:\Users\kundu\Downloads\KMU-FED\06_FE_dy_115.jpg
6,dy,06_FE_dy,116,FE,Fear,C:\Users\kundu\OneDrive\Desktop\KMU-FED-2\data\frames\06_FE_dy\06_FE_dy_116.jpg,1600,1200,RGB,06_FE_dy_116.jpg,C:\Users\kundu\Downloads\KMU-FED\06_FE_dy_116.jpg
6,dy,06_FE_dy,117,FE,Fear,C:\Users\kundu\OneDrive\Desktop\KMU-FED-2\data\frames\06_FE_dy\06_FE_dy_117.jpg,1600,1200,RGB,06_FE_dy_117.jpg,C:\Users\kundu\Downloads\KMU-FED\06_FE_dy_117.jpg
6,dy,06_FE_dy,118,FE,Fear,C:\Users\kundu\OneDrive\Desktop\KMU-FED-2\data\frames\06_FE_dy\06_FE_dy_118.jpg,1600,1200,RGB,06_FE_dy_118.jpg,C:\Users\kundu\Downloads\KMU-FED\06_FE_dy_118.jpg
6,dy,06_FE_dy,119,FE,Fear,C:\Users\kundu\OneDrive\Desktop\KMU-FED-2\data\frames\06_FE_dy\06_FE_dy_119.jpg,1600,1200,RGB,06_FE_dy_119.jpg,C:\Users\kundu\Downloads\KMU-FED\06_FE_dy_119.jpg
6,dy,06_FE_dy,120,FE,Fear,C:\Users\kundu\OneDrive\Desktop\KMU-FED-2\data\frames\06_FE_dy\06_FE_dy_120.jpg,1600,1200,RGB,06_FE_dy_120.jpg,C:\Users\kundu\Downloads\KMU-FED\06_FE_dy_120.jpg
6,dy,06_HA_dy,91,HA,Happiness,C:\Users\kundu\OneDrive\Desktop\KMU-FED-2\data\frames\06_HA_dy\06_HA_dy_091.jpg,1600,1200,RGB,06_HA_dy_091.jpg,C:\Users\kundu\Downloads\KMU-FED\06_HA_dy_091.jpg
6,dy,06_HA_dy,92,HA,Happiness,C:\Users\kundu\OneDrive\Desktop\KMU-FED-2\data\frames\06_HA_dy\06_HA_dy_092.jpg,1600,1200,RGB,06_HA_dy_092.jpg,C:\Users\kundu\Downloads\KMU-FED\06_HA_dy_092.jpg
6,dy,06_HA_dy,93,HA,Happiness,C:\Users\kundu\OneDrive\Desktop\KMU-FED-2\data\frames\06_HA_dy\06_HA_dy_093.jpg,1600,1200,RGB,06_HA_dy_093.jpg,C:\Users\kundu\Downloads\KMU-FED\06_HA_dy_093.jpg
6,dy,06_HA_dy,94,HA,Happiness,C:\Users\kundu\OneDrive\Desktop\KMU-FED-2\data\frames\06_HA_dy\06_HA_dy_094.jpg,1600,1200,RGB,06_HA_dy_094.jpg,C:\Users\kundu\Downloads\KMU-FED\06_HA_dy_094.jpg
6,dy,06_HA_dy,95,HA,Happiness,C:\Users\kundu\OneDrive\Desktop\KMU-FED-2\data\frames\06_HA_dy\06_HA_dy_095.jpg,1600,1200,RGB,06_HA_dy_095.jpg,C:\Users\kundu\Downloads\KMU-FED\06_HA_dy_095.jpg
6,dy,06_HA_dy,96,HA,Happiness,C:\Users\kundu\OneDrive\Desktop\KMU-FED-2\data\frames\06_HA_dy\06_HA_dy_096.jpg,1600,1200,RGB,06_HA_dy_096.jpg,C:\Users\kundu\Downloads\KMU-FED\06_HA_dy_096.jpg
6,dy,06_HA_dy,97,HA,Happiness,C:\Users\kundu\OneDrive\Desktop\KMU-FED-2\data\frames\06_HA_dy\06_HA_dy_097.jpg,1600,1200,RGB,06_HA_dy_097.jpg,C:\Users\kundu\Downloads\KMU-FED\06_HA_dy_097.jpg
6,dy,06_HA_dy,98,HA,Happiness,C:\Users\kundu\OneDrive\Desktop\KMU-FED-2\data\frames\06_HA_dy\06_HA_dy_098.jpg,1600,1200,RGB,06_HA_dy_098.jpg,C:\Users\kundu\Downloads\KMU-FED\06_HA_dy_098.jpg
6,dy,06_HA_dy,99,HA,Happiness,C:\Users\kundu\OneDrive\Desktop\KMU-FED-2\data\frames\06_HA_dy\06_HA_dy_099.jpg,1600,1200,RGB,06_HA_dy_099.jpg,C:\Users\kundu\Downloads\KMU-FED\06_HA_dy_099.jpg
6,dy,06_HA_dy,100,HA,Happiness,C:\Users\kundu\OneDrive\Desktop\KMU-FED-2\data\frames\06_HA_dy\06_HA_dy_100.jpg,1600,1200,RGB,06_HA_dy_100.jpg,C:\Users\kundu\Downloads\KMU-FED\06_HA_dy_100.jpg
6,dy,06_HA_dy,101,HA,Happiness,C:\Users\kundu\OneDrive\Desktop\KMU-FED-2\data\frames\06_HA_dy\06_HA_dy_101.jpg,1600,1200,RGB,06_HA_dy_101.jpg,C:\Users\kundu\Downloads\KMU-FED\06_HA_dy_101.jpg
6,dy,06_HA_dy,102,HA,Happiness,C:\Users\kundu\OneDrive\Desktop\KMU-FED-2\data\frames\06_HA_dy\06_HA_dy_102.jpg,1600,1200,RGB,06_HA_dy_102.jpg,C:\Users\kundu\Downloads\KMU-FED\06_HA_dy_102.jpg
6,dy,06_HA_dy,103,HA,Happiness,C:\Users\kundu\OneDrive\Desktop\KMU-FED-2\data\frames\06_HA_dy\06_HA_dy_103.jpg,1600,1200,RGB,06_HA_dy_103.jpg,C:\Users\kundu\Downloads\KMU-FED\06_HA_dy_103.jpg
6,dy,06_HA_dy,104,HA,Happiness,C:\Users\kundu\OneDrive\Desktop\KMU-FED-2\data\frames\06_HA_dy\06_HA_dy_104.jpg,1600,1200,RGB,06_HA_dy_104.jpg,C:\Users\kundu\Downloads\KMU-FED\06_HA_dy_104.jpg
6,dy,06_HA_dy,105,HA,Happiness,C:\Users\kundu\OneDrive\Desktop\KMU-FED-2\data\frames\06_HA_dy\06_HA_dy_105.jpg,1600,1200,RGB,06_HA_dy_105.jpg,C:\Users\kundu\Downloads\KMU-FED\06_HA_dy_105.jpg
6,dy,06_HA_dy,106,HA,Happiness,C:\Users\kundu\OneDrive\Desktop\KMU-FED-2\data\frames\06_HA_dy\06_HA_dy_106.jpg,1600,1200,RGB,06_HA_dy_106.jpg,C:\Users\kundu\Downloads\KMU-FED\06_HA_dy_106.jpg
6,dy,06_HA_dy,107,HA,Happiness,C:\Users\kundu\OneDrive\Desktop\KMU-FED-2\data\frames\06_HA_dy\06_HA_dy_107.jpg,1600,1200,RGB,06_HA_dy_107.jpg,C:\Users\kundu\Downloads\KMU-FED\06_HA_dy_107.jpg
6,dy,06_HA_dy,108,HA,Happiness,C:\Users\kundu\OneDrive\Desktop\KMU-FED-2\data\frames\06_HA_dy\06_HA_dy_108.jpg,1600,1200,RGB,06_HA_dy_108.jpg,C:\Users\kundu\Downloads\KMU-FED\06_HA_dy_108.jpg
6,dy,06_HA_dy,109,HA,Happiness,C:\Users\kundu\OneDrive\Desktop\KMU-FED-2\data\frames\06_HA_dy\06_HA_dy_109.jpg,1600,1200,RGB,06_HA_dy_109.jpg,C:\Users\kundu\Downloads\KMU-FED\06_HA_dy_109.jpg
6,dy,06_HA_dy,110,HA,Happiness,C:\Users\kundu\OneDrive\Desktop\KMU-FED-2\data\frames\06_HA_dy\06_HA_dy_110.jpg,1600,1200,RGB,06_HA_dy_110.jpg,C:\Users\kundu\Downloads\KMU-FED\06_HA_dy_110.jpg
6,dy,06_SA_dy,71,SA,Sadness,C:\Users\kundu\OneDrive\Desktop\KMU-FED-2\data\frames\06_SA_dy\06_SA_dy_071.jpg,1600,1200,RGB,06_SA_dy_071.jpg,C:\Users\kundu\Downloads\KMU-FED\06_SA_dy_071.jpg
6,dy,06_SA_dy,72,SA,Sadness,C:\Users\kundu\OneDrive\Desktop\KMU-FED-2\data\frames\06_SA_dy\06_SA_dy_072.jpg,1600,1200,RGB,06_SA_dy_072.jpg,C:\Users\kundu\Downloads\KMU-FED\06_SA_dy_072.jpg
6,dy,06_SA_dy,73,SA,Sadness,C:\Users\kundu\OneDrive\Desktop\KMU-FED-2\data\frames\06_SA_dy\06_SA_dy_073.jpg,1600,1200,RGB,06_SA_dy_073.jpg,C:\Users\kundu\Downloads\KMU-FED\06_SA_dy_073.jpg
6,dy,06_SA_dy,74,SA,Sadness,C:\Users\kundu\OneDrive\Desktop\KMU-FED-2\data\frames\06_SA_dy\06_SA_dy_074.jpg,1600,1200,RGB,06_SA_dy_074.jpg,C:\Users\kundu\Downloads\KMU-FED\06_SA_dy_074.jpg
6,dy,06_SA_dy,75,SA,Sadness,C:\Users\kundu\OneDrive\Desktop\KMU-FED-2\data\frames\06_SA_dy\06_SA_dy_075.jpg,1600,1200,RGB,06_SA_dy_075.jpg,C:\Users\kundu\Downloads\KMU-FED\06_SA_dy_075.jpg
6,dy,06_SA_dy,76,SA,Sadness,C:\Users\kundu\OneDrive\Desktop\KMU-FED-2\data\frames\06_SA_dy\06_SA_dy_076.jpg,1600,1200,RGB,06_SA_dy_076.jpg,C:\Users\kundu\Downloads\KMU-FED\06_SA_dy_076.jpg
6,dy,06_SA_dy,77,SA,Sadness,C:\Users\kundu\OneDrive\Desktop\KMU-FED-2\data\frames\06_SA_dy\06_SA_dy_077.jpg,1600,1200,RGB,06_SA_dy_077.jpg,C:\Users\kundu\Downloads\KMU-FED\06_SA_dy_077.jpg
6,dy,06_SA_dy,78,SA,Sadness,C:\Users\kundu\OneDrive\Desktop\KMU-FED-2\data\frames\06_SA_dy\06_SA_dy_078.jpg,1600,1200,RGB,06_SA_dy_078.jpg,C:\Users\kundu\Downloads\KMU-FED\06_SA_dy_078.jpg
6,dy,06_SA_dy,79,SA,Sadness,C:\Users\kundu\OneDrive\Desktop\KMU-FED-2\data\frames\06_SA_dy\06_SA_dy_079.jpg,1600,1200,RGB,06_SA_dy_079.jpg,C:\Users\kundu\Downloads\KMU-FED\06_SA_dy_079.jpg
6,dy,06_SA_dy,80,SA,Sadness,C:\Users\kundu\OneDrive\Desktop\KMU-FED-2\data\frames\06_SA_dy\06_SA_dy_080.jpg,1600,1200,RGB,06_SA_dy_080.jpg,C:\Users\kundu\Downloads\KMU-FED\06_SA_dy_080.jpg
6,dy,06_SA_dy,81,SA,Sadness,C:\Users\kundu\OneDrive\Desktop\KMU-FED-2\data\frames\06_SA_dy\06_SA_dy_081.jpg,1600,1200,RGB,06_SA_dy_081.jpg,C:\Users\kundu\Downloads\KMU-FED\06_SA_dy_081.jpg
6,dy,06_SA_dy,82,SA,Sadness,C:\Users\kundu\OneDrive\Desktop\KMU-FED-2\data\frames\06_SA_dy\06_SA_dy_082.jpg,1600,1200,RGB,06_SA_dy_082.jpg,C:\Users\kundu\Downloads\KMU-FED\06_SA_dy_082.jpg
6,dy,06_SA_dy,83,SA,Sadness,C:\Users\kundu\OneDrive\Desktop\KMU-FED-2\data\frames\06_SA_dy\06_SA_dy_083.jpg,1600,1200,RGB,06_SA_dy_083.jpg,C:\Users\kundu\Downloads\KMU-FED\06_SA_dy_083.jpg
6,dy,06_SA_dy,84,SA,Sadness,C:\Users\kundu\OneDrive\Desktop\KMU-FED-2\data\frames\06_SA_dy\06_SA_dy_084.jpg,1600,1200,RGB,06_SA_dy_084.jpg,C:\Users\kundu\Downloads\KMU-FED\06_SA_dy_084.jpg
6,dy,06_SA_dy,85,SA,Sadness,C:\Users\kundu\OneDrive\Desktop\KMU-FED-2\data\frames\06_SA_dy\06_SA_dy_085.jpg,1600,1200,RGB,06_SA_dy_085.jpg,C:\Users\kundu\Downloads\KMU-FED\06_SA_dy_085.jpg
6,dy,06_SA_dy,86,SA,Sadness,C:\Users\kundu\OneDrive\Desktop\KMU-FED-2\data\frames\06_SA_dy\06_SA_dy_086.jpg,1600,1200,RGB,06_SA_dy_086.jpg,C:\Users\kundu\Downloads\KMU-FED\06_SA_dy_086.jpg
6,dy,06_SA_dy,87,SA,Sadness,C:\Users\kundu\OneDrive\Desktop\KMU-FED-2\data\frames\06_SA_dy\06_SA_dy_087.jpg,1600,1200,RGB,06_SA_dy_087.jpg,C:\Users\kundu\Downloads\KMU-FED\06_SA_dy_087.jpg
6,dy,06_SA_dy,88,SA,Sadness,C:\Users\kundu\OneDrive\Desktop\KMU-FED-2\data\frames\06_SA_dy\06_SA_dy_088.jpg,1600,1200,RGB,06_SA_dy_088.jpg,C:\Users\kundu\Downloads\KMU-FED\06_SA_dy_088.jpg
6,dy,06_SA_dy,89,SA,Sadness,C:\Users\kundu\OneDrive\Desktop\KMU-FED-2\data\frames\06_SA_dy\06_SA_dy_089.jpg,1600,1200,RGB,06_SA_dy_089.jpg,C:\Users\kundu\Downloads\KMU-FED\06_SA_dy_089.jpg
6,dy,06_SA_dy,90,SA,Sadness,C:\Users\kundu\OneDrive\Desktop\KMU-FED-2\data\frames\06_SA_dy\06_SA_dy_090.jpg,1600,1200,RGB,06_SA_dy_090.jpg,C:\Users\kundu\Downloads\KMU-FED\06_SA_dy_090.jpg
6,dy,06_SU_dy,81,SU,Surprise,C:\Users\kundu\OneDrive\Desktop\KMU-FED-2\data\frames\06_SU_dy\06_SU_dy_081.jpg,1600,1200,RGB,06_SU_dy_081.jpg,C:\Users\kundu\Downloads\KMU-FED\06_SU_dy_081.jpg
6,dy,06_SU_dy,82,SU,Surprise,C:\Users\kundu\OneDrive\Desktop\KMU-FED-2\data\frames\06_SU_dy\06_SU_dy_082.jpg,1600,1200,RGB,06_SU_dy_082.jpg,C:\Users\kundu\Downloads\KMU-FED\06_SU_dy_082.jpg
6,dy,06_SU_dy,83,SU,Surprise,C:\Users\kundu\OneDrive\Desktop\KMU-FED-2\data\frames\06_SU_dy\06_SU_dy_083.jpg,1600,1200,RGB,06_SU_dy_083.jpg,C:\Users\kundu\Downloads\KMU-FED\06_SU_dy_083.jpg
6,dy,06_SU_dy,84,SU,Surprise,C:\Users\kundu\OneDrive\Desktop\KMU-FED-2\data\frames\06_SU_dy\06_SU_dy_084.jpg,1600,1200,RGB,06_SU_dy_084.jpg,C:\Users\kundu\Downloads\KMU-FED\06_SU_dy_084.jpg
6,dy,06_SU_dy,85,SU,Surprise,C:\Users\kundu\OneDrive\Desktop\KMU-FED-2\data\frames\06_SU_dy\06_SU_dy_085.jpg,1600,1200,RGB,06_SU_dy_085.jpg,C:\Users\kundu\Downloads\KMU-FED\06_SU_dy_085.jpg
6,dy,06_SU_dy,86,SU,Surprise,C:\Users\kundu\OneDrive\Desktop\KMU-FED-2\data\frames\06_SU_dy\06_SU_dy_086.jpg,1600,1200,RGB,06_SU_dy_086.jpg,C:\Users\kundu\Downloads\KMU-FED\06_SU_dy_086.jpg
6,dy,06_SU_dy,87,SU,Surprise,C:\Users\kundu\OneDrive\Desktop\KMU-FED-2\data\frames\06_SU_dy\06_SU_dy_087.jpg,1600,1200,RGB,06_SU_dy_087.jpg,C:\Users\kundu\Downloads\KMU-FED\06_SU_dy_087.jpg
6,dy,06_SU_dy,88,SU,Surprise,C:\Users\kundu\OneDrive\Desktop\KMU-FED-2\data\frames\06_SU_dy\06_SU_dy_088.jpg,1600,1200,RGB,06_SU_dy_088.jpg,C:\Users\kundu\Downloads\KMU-FED\06_SU_dy_088.jpg
6,dy,06_SU_dy,89,SU,Surprise,C:\Users\kundu\OneDrive\Desktop\KMU-FED-2\data\frames\06_SU_dy\06_SU_dy_089.jpg,1600,1200,RGB,06_SU_dy_089.jpg,C:\Users\kundu\Downloads\KMU-FED\06_SU_dy_089.jpg
6,dy,06_SU_dy,90,SU,Surprise,C:\Users\kundu\OneDrive\Desktop\KMU-FED-2\data\frames\06_SU_dy\06_SU_dy_090.jpg,1600,1200,RGB,06_SU_dy_090.jpg,C:\Users\kundu\Downloads\KMU-FED\06_SU_dy_090.jpg
6,dy,06_SU_dy,91,SU,Surprise,C:\Users\kundu\OneDrive\Desktop\KMU-FED-2\data\frames\06_SU_dy\06_SU_dy_091.jpg,1600,1200,RGB,06_SU_dy_091.jpg,C:\Users\kundu\Downloads\KMU-FED\06_SU_dy_091.jpg
6,dy,06_SU_dy,92,SU,Surprise,C:\Users\kundu\OneDrive\Desktop\KMU-FED-2\data\frames\06_SU_dy\06_SU_dy_092.jpg,1600,1200,RGB,06_SU_dy_092.jpg,C:\Users\kundu\Downloads\KMU-FED\06_SU_dy_092.jpg
6,dy,06_SU_dy,93,SU,Surprise,C:\Users\kundu\OneDrive\Desktop\KMU-FED-2\data\frames\06_SU_dy\06_SU_dy_093.jpg,1600,1200,RGB,06_SU_dy_093.jpg,C:\Users\kundu\Downloads\KMU-FED\06_SU_dy_093.jpg
6,dy,06_SU_dy,94,SU,Surprise,C:\Users\kundu\OneDrive\Desktop\KMU-FED-2\data\frames\06_SU_dy\06_SU_dy_094.jpg,1600,1200,RGB,06_SU_dy_094.jpg,C:\Users\kundu\Downloads\KMU-FED\06_SU_dy_094.jpg
6,dy,06_SU_dy,95,SU,Surprise,C:\Users\kundu\OneDrive\Desktop\KMU-FED-2\data\frames\06_SU_dy\06_SU_dy_095.jpg,1600,1200,RGB,06_SU_dy_095.jpg,C:\Users\kundu\Downloads\KMU-FED\06_SU_dy_095.jpg
6,dy,06_SU_dy,96,SU,Surprise,C:\Users\kundu\OneDrive\Desktop\KMU-FED-2\data\frames\06_SU_dy\06_SU_dy_096.jpg,1600,1200,RGB,06_SU_dy_096.jpg,C:\Users\kundu\Downloads\KMU-FED\06_SU_dy_096.jpg
6,dy,06_SU_dy,97,SU,Surprise,C:\Users\kundu\OneDrive\Desktop\KMU-FED-2\data\frames\06_SU_dy\06_SU_dy_097.jpg,1600,1200,RGB,06_SU_dy_097.jpg,C:\Users\kundu\Downloads\KMU-FED\06_SU_dy_097.jpg
6,dy,06_SU_dy,98,SU,Surprise,C:\Users\kundu\OneDrive\Desktop\KMU-FED-2\data\frames\06_SU_dy\06_SU_dy_098.jpg,1600,1200,RGB,06_SU_dy_098.jpg,C:\Users\kundu\Downloads\KMU-FED\06_SU_dy_098.jpg
6,dy,06_SU_dy,99,SU,Surprise,C:\Users\kundu\OneDrive\Desktop\KMU-FED-2\data\frames\06_SU_dy\06_SU_dy_099.jpg,1600,1200,RGB,06_SU_dy_099.jpg,C:\Users\kundu\Downloads\KMU-FED\06_SU_dy_099.jpg
6,dy,06_SU_dy,100,SU,Surprise,C:\Users\kundu\OneDrive\Desktop\KMU-FED-2\data\frames\06_SU_dy\06_SU_dy_100.jpg,1600,1200,RGB,06_SU_dy_100.jpg,C:\Users\kundu\Downloads\KMU-FED\06_SU_dy_100.jpg
7,sw,07_AN_sw,81,AN,Anger,C:\Users\kundu\OneDrive\Desktop\KMU-FED-2\data\frames\07_AN_sw\07_AN_sw_081.jpg,1600,1200,RGB,07_AN_sw_081.jpg,C:\Users\kundu\Downloads\KMU-FED\07_AN_sw_081.jpg
7,sw,07_AN_sw,82,AN,Anger,C:\Users\kundu\OneDrive\Desktop\KMU-FED-2\data\frames\07_AN_sw\07_AN_sw_082.jpg,1600,1200,RGB,07_AN_sw_082.jpg,C:\Users\kundu\Downloads\KMU-FED\07_AN_sw_082.jpg
7,sw,07_AN_sw,83,AN,Anger,C:\Users\kundu\OneDrive\Desktop\KMU-FED-2\data\frames\07_AN_sw\07_AN_sw_083.jpg,1600,1200,RGB,07_AN_sw_083.jpg,C:\Users\kundu\Downloads\KMU-FED\07_AN_sw_083.jpg
7,sw,07_AN_sw,84,AN,Anger,C:\Users\kundu\OneDrive\Desktop\KMU-FED-2\data\frames\07_AN_sw\07_AN_sw_084.jpg,1600,1200,RGB,07_AN_sw_084.jpg,C:\Users\kundu\Downloads\KMU-FED\07_AN_sw_084.jpg
7,sw,07_AN_sw,85,AN,Anger,C:\Users\kundu\OneDrive\Desktop\KMU-FED-2\data\frames\07_AN_sw\07_AN_sw_085.jpg,1600,1200,RGB,07_AN_sw_085.jpg,C:\Users\kundu\Downloads\KMU-FED\07_AN_sw_085.jpg
7,sw,07_AN_sw,86,AN,Anger,C:\Users\kundu\OneDrive\Desktop\KMU-FED-2\data\frames\07_AN_sw\07_AN_sw_086.jpg,1600,1200,RGB,07_AN_sw_086.jpg,C:\Users\kundu\Downloads\KMU-FED\07_AN_sw_086.jpg
7,sw,07_AN_sw,87,AN,Anger,C:\Users\kundu\OneDrive\Desktop\KMU-FED-2\data\frames\07_AN_sw\07_AN_sw_087.jpg,1600,1200,RGB,07_AN_sw_087.jpg,C:\Users\kundu\Downloads\KMU-FED\07_AN_sw_087.jpg
7,sw,07_AN_sw,88,AN,Anger,C:\Users\kundu\OneDrive\Desktop\KMU-FED-2\data\frames\07_AN_sw\07_AN_sw_088.jpg,1600,1200,RGB,07_AN_sw_088.jpg,C:\Users\kundu\Downloads\KMU-FED\07_AN_sw_088.jpg
7,sw,07_AN_sw,89,AN,Anger,C:\Users\kundu\OneDrive\Desktop\KMU-FED-2\data\frames\07_AN_sw\07_AN_sw_089.jpg,1600,1200,RGB,07_AN_sw_089.jpg,C:\Users\kundu\Downloads\KMU-FED\07_AN_sw_089.jpg
7,sw,07_AN_sw,90,AN,Anger,C:\Users\kundu\OneDrive\Desktop\KMU-FED-2\data\frames\07_AN_sw\07_AN_sw_090.jpg,1600,1200,RGB,07_AN_sw_090.jpg,C:\Users\kundu\Downloads\KMU-FED\07_AN_sw_090.jpg
7,sw,07_AN_sw,91,AN,Anger,C:\Users\kundu\OneDrive\Desktop\KMU-FED-2\data\frames\07_AN_sw\07_AN_sw_091.jpg,1600,1200,RGB,07_AN_sw_091.jpg,C:\Users\kundu\Downloads\KMU-FED\07_AN_sw_091.jpg
7,sw,07_AN_sw,92,AN,Anger,C:\Users\kundu\OneDrive\Desktop\KMU-FED-2\data\frames\07_AN_sw\07_AN_sw_092.jpg,1600,1200,RGB,07_AN_sw_092.jpg,C:\Users\kundu\Downloads\KMU-FED\07_AN_sw_092.jpg
7,sw,07_AN_sw,93,AN,Anger,C:\Users\kundu\OneDrive\Desktop\KMU-FED-2\data\frames\07_AN_sw\07_AN_sw_093.jpg,1600,1200,RGB,07_AN_sw_093.jpg,C:\Users\kundu\Downloads\KMU-FED\07_AN_sw_093.jpg
7,sw,07_AN_sw,94,AN,Anger,C:\Users\kundu\OneDrive\Desktop\KMU-FED-2\data\frames\07_AN_sw\07_AN_sw_094.jpg,1600,1200,RGB,07_AN_sw_094.jpg,C:\Users\kundu\Downloads\KMU-FED\07_AN_sw_094.jpg
7,sw,07_AN_sw,95,AN,Anger,C:\Users\kundu\OneDrive\Desktop\KMU-FED-2\data\frames\07_AN_sw\07_AN_sw_095.jpg,1600,1200,RGB,07_AN_sw_095.jpg,C:\Users\kundu\Downloads\KMU-FED\07_AN_sw_095.jpg
7,sw,07_AN_sw,96,AN,Anger,C:\Users\kundu\OneDrive\Desktop\KMU-FED-2\data\frames\07_AN_sw\07_AN_sw_096.jpg,1600,1200,RGB,07_AN_sw_096.jpg,C:\Users\kundu\Downloads\KMU-FED\07_AN_sw_096.jpg
7,sw,07_AN_sw,97,AN,Anger,C:\Users\kundu\OneDrive\Desktop\KMU-FED-2\data\frames\07_AN_sw\07_AN_sw_097.jpg,1600,1200,RGB,07_AN_sw_097.jpg,C:\Users\kundu\Downloads\KMU-FED\07_AN_sw_097.jpg
7,sw,07_AN_sw,98,AN,Anger,C:\Users\kundu\OneDrive\Desktop\KMU-FED-2\data\frames\07_AN_sw\07_AN_sw_098.jpg,1600,1200,RGB,07_AN_sw_098.jpg,C:\Users\kundu\Downloads\KMU-FED\07_AN_sw_098.jpg
7,sw,07_AN_sw,99,AN,Anger,C:\Users\kundu\OneDrive\Desktop\KMU-FED-2\data\frames\07_AN_sw\07_AN_sw_099.jpg,1600,1200,RGB,07_AN_sw_099.jpg,C:\Users\kundu\Downloads\KMU-FED\07_AN_sw_099.jpg
7,sw,07_AN_sw,100,AN,Anger,C:\Users\kundu\OneDrive\Desktop\KMU-FED-2\data\frames\07_AN_sw\07_AN_sw_100.jpg,1600,1200,RGB,07_AN_sw_100.jpg,C:\Users\kundu\Downloads\KMU-FED\07_AN_sw_100.jpg
7,sw,07_FE_sw,121,FE,Fear,C:\Users\kundu\OneDrive\Desktop\KMU-FED-2\data\frames\07_FE_sw\07_FE_sw_121.jpg,1600,1200,RGB,07_FE_sw_121.jpg,C:\Users\kundu\Downloads\KMU-FED\07_FE_sw_121.jpg
7,sw,07_FE_sw,122,FE,Fear,C:\Users\kundu\OneDrive\Desktop\KMU-FED-2\data\frames\07_FE_sw\07_FE_sw_122.jpg,1600,1200,RGB,07_FE_sw_122.jpg,C:\Users\kundu\Downloads\KMU-FED\07_FE_sw_122.jpg
7,sw,07_FE_sw,123,FE,Fear,C:\Users\kundu\OneDrive\Desktop\KMU-FED-2\data\frames\07_FE_sw\07_FE_sw_123.jpg,1600,1200,RGB,07_FE_sw_123.jpg,C:\Users\kundu\Downloads\KMU-FED\07_FE_sw_123.jpg
7,sw,07_FE_sw,124,FE,Fear,C:\Users\kundu\OneDrive\Desktop\KMU-FED-2\data\frames\07_FE_sw\07_FE_sw_124.jpg,1600,1200,RGB,07_FE_sw_124.jpg,C:\Users\kundu\Downloads\KMU-FED\07_FE_sw_124.jpg
7,sw,07_FE_sw,125,FE,Fear,C:\Users\kundu\OneDrive\Desktop\KMU-FED-2\data\frames\07_FE_sw\07_FE_sw_125.jpg,1600,1200,RGB,07_FE_sw_125.jpg,C:\Users\kundu\Downloads\KMU-FED\07_FE_sw_125.jpg
7,sw,07_FE_sw,126,FE,Fear,C:\Users\kundu\OneDrive\Desktop\KMU-FED-2\data\frames\07_FE_sw\07_FE_sw_126.jpg,1600,1200,RGB,07_FE_sw_126.jpg,C:\Users\kundu\Downloads\KMU-FED\07_FE_sw_126.jpg
7,sw,07_FE_sw,127,FE,Fear,C:\Users\kundu\OneDrive\Desktop\KMU-FED-2\data\frames\07_FE_sw\07_FE_sw_127.jpg,1600,1200,RGB,07_FE_sw_127.jpg,C:\Users\kundu\Downloads\KMU-FED\07_FE_sw_127.jpg
7,sw,07_FE_sw,128,FE,Fear,C:\Users\kundu\OneDrive\Desktop\KMU-FED-2\data\frames\07_FE_sw\07_FE_sw_128.jpg,1600,1200,RGB,07_FE_sw_128.jpg,C:\Users\kundu\Downloads\KMU-FED\07_FE_sw_128.jpg
7,sw,07_FE_sw,129,FE,Fear,C:\Users\kundu\OneDrive\Desktop\KMU-FED-2\data\frames\07_FE_sw\07_FE_sw_129.jpg,1600,1200,RGB,07_FE_sw_129.jpg,C:\Users\kundu\Downloads\KMU-FED\07_FE_sw_129.jpg
7,sw,07_FE_sw,130,FE,Fear,C:\Users\kundu\OneDrive\Desktop\KMU-FED-2\data\frames\07_FE_sw\07_FE_sw_130.jpg,1600,1200,RGB,07_FE_sw_130.jpg,C:\Users\kundu\Downloads\KMU-FED\07_FE_sw_130.jpg
7,sw,07_FE_sw,131,FE,Fear,C:\Users\kundu\OneDrive\Desktop\KMU-FED-2\data\frames\07_FE_sw\07_FE_sw_131.jpg,1600,1200,RGB,07_FE_sw_131.jpg,C:\Users\kundu\Downloads\KMU-FED\07_FE_sw_131.jpg
7,sw,07_FE_sw,132,FE,Fear,C:\Users\kundu\OneDrive\Desktop\KMU-FED-2\data\frames\07_FE_sw\07_FE_sw_132.jpg,1600,1200,RGB,07_FE_sw_132.jpg,C:\Users\kundu\Downloads\KMU-FED\07_FE_sw_132.jpg
7,sw,07_FE_sw,133,FE,Fear,C:\Users\kundu\OneDrive\Desktop\KMU-FED-2\data\frames\07_FE_sw\07_FE_sw_133.jpg,1600,1200,RGB,07_FE_sw_133.jpg,C:\Users\kundu\Downloads\KMU-FED\07_FE_sw_133.jpg
7,sw,07_FE_sw,134,FE,Fear,C:\Users\kundu\OneDrive\Desktop\KMU-FED-2\data\frames\07_FE_sw\07_FE_sw_134.jpg,1600,1200,RGB,07_FE_sw_134.jpg,C:\Users\kundu\Downloads\KMU-FED\07_FE_sw_134.jpg
7,sw,07_FE_sw,135,FE,Fear,C:\Users\kundu\OneDrive\Desktop\KMU-FED-2\data\frames\07_FE_sw\07_FE_sw_135.jpg,1600,1200,RGB,07_FE_sw_135.jpg,C:\Users\kundu\Downloads\KMU-FED\07_FE_sw_135.jpg
7,sw,07_FE_sw,136,FE,Fear,C:\Users\kundu\OneDrive\Desktop\KMU-FED-2\data\frames\07_FE_sw\07_FE_sw_136.jpg,1600,1200,RGB,07_FE_sw_136.jpg,C:\Users\kundu\Downloads\KMU-FED\07_FE_sw_136.jpg
7,sw,07_FE_sw,137,FE,Fear,C:\Users\kundu\OneDrive\Desktop\KMU-FED-2\data\frames\07_FE_sw\07_FE_sw_137.jpg,1600,1200,RGB,07_FE_sw_137.jpg,C:\Users\kundu\Downloads\KMU-FED\07_FE_sw_137.jpg
7,sw,07_FE_sw,138,FE,Fear,C:\Users\kundu\OneDrive\Desktop\KMU-FED-2\data\frames\07_FE_sw\07_FE_sw_138.jpg,1600,1200,RGB,07_FE_sw_138.jpg,C:\Users\kundu\Downloads\KMU-FED\07_FE_sw_138.jpg
7,sw,07_FE_sw,139,FE,Fear,C:\Users\kundu\OneDrive\Desktop\KMU-FED-2\data\frames\07_FE_sw\07_FE_sw_139.jpg,1600,1200,RGB,07_FE_sw_139.jpg,C:\Users\kundu\Downloads\KMU-FED\07_FE_sw_139.jpg
7,sw,07_FE_sw,140,FE,Fear,C:\Users\kundu\OneDrive\Desktop\KMU-FED-2\data\frames\07_FE_sw\07_FE_sw_140.jpg,1600,1200,RGB,07_FE_sw_140.jpg,C:\Users\kundu\Downloads\KMU-FED\07_FE_sw_140.jpg
7,sw,07_HA_sw,111,HA,Happiness,C:\Users\kundu\OneDrive\Desktop\KMU-FED-2\data\frames\07_HA_sw\07_HA_sw_111.jpg,1600,1200,RGB,07_HA_sw_111.jpg,C:\Users\kundu\Downloads\KMU-FED\07_HA_sw_111.jpg
7,sw,07_HA_sw,112,HA,Happiness,C:\Users\kundu\OneDrive\Desktop\KMU-FED-2\data\frames\07_HA_sw\07_HA_sw_112.jpg,1600,1200,RGB,07_HA_sw_112.jpg,C:\Users\kundu\Downloads\KMU-FED\07_HA_sw_112.jpg
7,sw,07_HA_sw,113,HA,Happiness,C:\Users\kundu\OneDrive\Desktop\KMU-FED-2\data\frames\07_HA_sw\07_HA_sw_113.jpg,1600,1200,RGB,07_HA_sw_113.jpg,C:\Users\kundu\Downloads\KMU-FED\07_HA_sw_113.jpg
7,sw,07_HA_sw,114,HA,Happiness,C:\Users\kundu\OneDrive\Desktop\KMU-FED-2\data\frames\07_HA_sw\07_HA_sw_114.jpg,1600,1200,RGB,07_HA_sw_114.jpg,C:\Users\kundu\Downloads\KMU-FED\07_HA_sw_114.jpg
7,sw,07_HA_sw,115,HA,Happiness,C:\Users\kundu\OneDrive\Desktop\KMU-FED-2\data\frames\07_HA_sw\07_HA_sw_115.jpg,1600,1200,RGB,07_HA_sw_115.jpg,C:\Users\kundu\Downloads\KMU-FED\07_HA_sw_115.jpg
7,sw,07_HA_sw,116,HA,Happiness,C:\Users\kundu\OneDrive\Desktop\KMU-FED-2\data\frames\07_HA_sw\07_HA_sw_116.jpg,1600,1200,RGB,07_HA_sw_116.jpg,C:\Users\kundu\Downloads\KMU-FED\07_HA_sw_116.jpg
7,sw,07_HA_sw,117,HA,Happiness,C:\Users\kundu\OneDrive\Desktop\KMU-FED-2\data\frames\07_HA_sw\07_HA_sw_117.jpg,1600,1200,RGB,07_HA_sw_117.jpg,C:\Users\kundu\Downloads\KMU-FED\07_HA_sw_117.jpg
7,sw,07_HA_sw,118,HA,Happiness,C:\Users\kundu\OneDrive\Desktop\KMU-FED-2\data\frames\07_HA_sw\07_HA_sw_118.jpg,1600,1200,RGB,07_HA_sw_118.jpg,C:\Users\kundu\Downloads\KMU-FED\07_HA_sw_118.jpg
7,sw,07_HA_sw,119,HA,Happiness,C:\Users\kundu\OneDrive\Desktop\KMU-FED-2\data\frames\07_HA_sw\07_HA_sw_119.jpg,1600,1200,RGB,07_HA_sw_119.jpg,C:\Users\kundu\Downloads\KMU-FED\07_HA_sw_119.jpg
7,sw,07_HA_sw,120,HA,Happiness,C:\Users\kundu\OneDrive\Desktop\KMU-FED-2\data\frames\07_HA_sw\07_HA_sw_120.jpg,1600,1200,RGB,07_HA_sw_120.jpg,C:\Users\kundu\Downloads\KMU-FED\07_HA_sw_120.jpg
7,sw,07_HA_sw,121,HA,Happiness,C:\Users\kundu\OneDrive\Desktop\KMU-FED-2\data\frames\07_HA_sw\07_HA_sw_121.jpg,1600,1200,RGB,07_HA_sw_121.jpg,C:\Users\kundu\Downloads\KMU-FED\07_HA_sw_121.jpg
7,sw,07_HA_sw,122,HA,Happiness,C:\Users\kundu\OneDrive\Desktop\KMU-FED-2\data\frames\07_HA_sw\07_HA_sw_122.jpg,1600,1200,RGB,07_HA_sw_122.jpg,C:\Users\kundu\Downloads\KMU-FED\07_HA_sw_122.jpg
7,sw,07_HA_sw,123,HA,Happiness,C:\Users\kundu\OneDrive\Desktop\KMU-FED-2\data\frames\07_HA_sw\07_HA_sw_123.jpg,1600,1200,RGB,07_HA_sw_123.jpg,C:\Users\kundu\Downloads\KMU-FED\07_HA_sw_123.jpg
7,sw,07_HA_sw,124,HA,Happiness,C:\Users\kundu\OneDrive\Desktop\KMU-FED-2\data\frames\07_HA_sw\07_HA_sw_124.jpg,1600,1200,RGB,07_HA_sw_124.jpg,C:\Users\kundu\Downloads\KMU-FED\07_HA_sw_124.jpg
7,sw,07_HA_sw,125,HA,Happiness,C:\Users\kundu\OneDrive\Desktop\KMU-FED-2\data\frames\07_HA_sw\07_HA_sw_125.jpg,1600,1200,RGB,07_HA_sw_125.jpg,C:\Users\kundu\Downloads\KMU-FED\07_HA_sw_125.jpg
7,sw,07_HA_sw,126,HA,Happiness,C:\Users\kundu\OneDrive\Desktop\KMU-FED-2\data\frames\07_HA_sw\07_HA_sw_126.jpg,1600,1200,RGB,07_HA_sw_126.jpg,C:\Users\kundu\Downloads\KMU-FED\07_HA_sw_126.jpg
7,sw,07_HA_sw,127,HA,Happiness,C:\Users\kundu\OneDrive\Desktop\KMU-FED-2\data\frames\07_HA_sw\07_HA_sw_127.jpg,1600,1200,RGB,07_HA_sw_127.jpg,C:\Users\kundu\Downloads\KMU-FED\07_HA_sw_127.jpg
7,sw,07_HA_sw,128,HA,Happiness,C:\Users\kundu\OneDrive\Desktop\KMU-FED-2\data\frames\07_HA_sw\07_HA_sw_128.jpg,1600,1200,RGB,07_HA_sw_128.jpg,C:\Users\kundu\Downloads\KMU-FED\07_HA_sw_128.jpg
7,sw,07_HA_sw,129,HA,Happiness,C:\Users\kundu\OneDrive\Desktop\KMU-FED-2\data\frames\07_HA_sw\07_HA_sw_129.jpg,1600,1200,RGB,07_HA_sw_129.jpg,C:\Users\kundu\Downloads\KMU-FED\07_HA_sw_129.jpg
7,sw,07_HA_sw,130,HA,Happiness,C:\Users\kundu\OneDrive\Desktop\KMU-FED-2\data\frames\07_HA_sw\07_HA_sw_130.jpg,1600,1200,RGB,07_HA_sw_130.jpg,C:\Users\kundu\Downloads\KMU-FED\07_HA_sw_130.jpg
7,sw,07_SA_sw,71,SA,Sadness,C:\Users\kundu\OneDrive\Desktop\KMU-FED-2\data\frames\07_SA_sw\07_SA_sw_071.jpg,1600,1200,RGB,07_SA_sw_071.jpg,C:\Users\kundu\Downloads\KMU-FED\07_SA_sw_071.jpg
7,sw,07_SA_sw,72,SA,Sadness,C:\Users\kundu\OneDrive\Desktop\KMU-FED-2\data\frames\07_SA_sw\07_SA_sw_072.jpg,1600,1200,RGB,07_SA_sw_072.jpg,C:\Users\kundu\Downloads\KMU-FED\07_SA_sw_072.jpg
7,sw,07_SA_sw,73,SA,Sadness,C:\Users\kundu\OneDrive\Desktop\KMU-FED-2\data\frames\07_SA_sw\07_SA_sw_073.jpg,1600,1200,RGB,07_SA_sw_073.jpg,C:\Users\kundu\Downloads\KMU-FED\07_SA_sw_073.jpg
7,sw,07_SA_sw,74,SA,Sadness,C:\Users\kundu\OneDrive\Desktop\KMU-FED-2\data\frames\07_SA_sw\07_SA_sw_074.jpg,1600,1200,RGB,07_SA_sw_074.jpg,C:\Users\kundu\Downloads\KMU-FED\07_SA_sw_074.jpg
7,sw,07_SA_sw,75,SA,Sadness,C:\Users\kundu\OneDrive\Desktop\KMU-FED-2\data\frames\07_SA_sw\07_SA_sw_075.jpg,1600,1200,RGB,07_SA_sw_075.jpg,C:\Users\kundu\Downloads\KMU-FED\07_SA_sw_075.jpg
7,sw,07_SA_sw,76,SA,Sadness,C:\Users\kundu\OneDrive\Desktop\KMU-FED-2\data\frames\07_SA_sw\07_SA_sw_076.jpg,1600,1200,RGB,07_SA_sw_076.jpg,C:\Users\kundu\Downloads\KMU-FED\07_SA_sw_076.jpg
7,sw,07_SA_sw,77,SA,Sadness,C:\Users\kundu\OneDrive\Desktop\KMU-FED-2\data\frames\07_SA_sw\07_SA_sw_077.jpg,1600,1200,RGB,07_SA_sw_077.jpg,C:\Users\kundu\Downloads\KMU-FED\07_SA_sw_077.jpg
7,sw,07_SA_sw,78,SA,Sadness,C:\Users\kundu\OneDrive\Desktop\KMU-FED-2\data\frames\07_SA_sw\07_SA_sw_078.jpg,1600,1200,RGB,07_SA_sw_078.jpg,C:\Users\kundu\Downloads\KMU-FED\07_SA_sw_078.jpg
7,sw,07_SA_sw,79,SA,Sadness,C:\Users\kundu\OneDrive\Desktop\KMU-FED-2\data\frames\07_SA_sw\07_SA_sw_079.jpg,1600,1200,RGB,07_SA_sw_079.jpg,C:\Users\kundu\Downloads\KMU-FED\07_SA_sw_079.jpg
7,sw,07_SA_sw,80,SA,Sadness,C:\Users\kundu\OneDrive\Desktop\KMU-FED-2\data\frames\07_SA_sw\07_SA_sw_080.jpg,1600,1200,RGB,07_SA_sw_080.jpg,C:\Users\kundu\Downloads\KMU-FED\07_SA_sw_080.jpg
7,sw,07_SA_sw,81,SA,Sadness,C:\Users\kundu\OneDrive\Desktop\KMU-FED-2\data\frames\07_SA_sw\07_SA_sw_081.jpg,1600,1200,RGB,07_SA_sw_081.jpg,C:\Users\kundu\Downloads\KMU-FED\07_SA_sw_081.jpg
7,sw,07_SA_sw,82,SA,Sadness,C:\Users\kundu\OneDrive\Desktop\KMU-FED-2\data\frames\07_SA_sw\07_SA_sw_082.jpg,1600,1200,RGB,07_SA_sw_082.jpg,C:\Users\kundu\Downloads\KMU-FED\07_SA_sw_082.jpg
7,sw,07_SA_sw,83,SA,Sadness,C:\Users\kundu\OneDrive\Desktop\KMU-FED-2\data\frames\07_SA_sw\07_SA_sw_083.jpg,1600,1200,RGB,07_SA_sw_083.jpg,C:\Users\kundu\Downloads\KMU-FED\07_SA_sw_083.jpg
7,sw,07_SA_sw,84,SA,Sadness,C:\Users\kundu\OneDrive\Desktop\KMU-FED-2\data\frames\07_SA_sw\07_SA_sw_084.jpg,1600,1200,RGB,07_SA_sw_084.jpg,C:\Users\kundu\Downloads\KMU-FED\07_SA_sw_084.jpg
7,sw,07_SA_sw,85,SA,Sadness,C:\Users\kundu\OneDrive\Desktop\KMU-FED-2\data\frames\07_SA_sw\07_SA_sw_085.jpg,1600,1200,RGB,07_SA_sw_085.jpg,C:\Users\kundu\Downloads\KMU-FED\07_SA_sw_085.jpg
7,sw,07_SA_sw,86,SA,Sadness,C:\Users\kundu\OneDrive\Desktop\KMU-FED-2\data\frames\07_SA_sw\07_SA_sw_086.jpg,1600,1200,RGB,07_SA_sw_086.jpg,C:\Users\kundu\Downloads\KMU-FED\07_SA_sw_086.jpg
7,sw,07_SA_sw,87,SA,Sadness,C:\Users\kundu\OneDrive\Desktop\KMU-FED-2\data\frames\07_SA_sw\07_SA_sw_087.jpg,1600,1200,RGB,07_SA_sw_087.jpg,C:\Users\kundu\Downloads\KMU-FED\07_SA_sw_087.jpg
7,sw,07_SA_sw,88,SA,Sadness,C:\Users\kundu\OneDrive\Desktop\KMU-FED-2\data\frames\07_SA_sw\07_SA_sw_088.jpg,1600,1200,RGB,07_SA_sw_088.jpg,C:\Users\kundu\Downloads\KMU-FED\07_SA_sw_088.jpg
7,sw,07_SA_sw,89,SA,Sadness,C:\Users\kundu\OneDrive\Desktop\KMU-FED-2\data\frames\07_SA_sw\07_SA_sw_089.jpg,1600,1200,RGB,07_SA_sw_089.jpg,C:\Users\kundu\Downloads\KMU-FED\07_SA_sw_089.jpg
7,sw,07_SA_sw,90,SA,Sadness,C:\Users\kundu\OneDrive\Desktop\KMU-FED-2\data\frames\07_SA_sw\07_SA_sw_090.jpg,1600,1200,RGB,07_SA_sw_090.jpg,C:\Users\kundu\Downloads\KMU-FED\07_SA_sw_090.jpg
7,sw,07_SU_sw,81,SU,Surprise,C:\Users\kundu\OneDrive\Desktop\KMU-FED-2\data\frames\07_SU_sw\07_SU_sw_081.jpg,1600,1200,RGB,07_SU_sw_081.jpg,C:\Users\kundu\Downloads\KMU-FED\07_SU_sw_081.jpg
7,sw,07_SU_sw,82,SU,Surprise,C:\Users\kundu\OneDrive\Desktop\KMU-FED-2\data\frames\07_SU_sw\07_SU_sw_082.jpg,1600,1200,RGB,07_SU_sw_082.jpg,C:\Users\kundu\Downloads\KMU-FED\07_SU_sw_082.jpg
7,sw,07_SU_sw,83,SU,Surprise,C:\Users\kundu\OneDrive\Desktop\KMU-FED-2\data\frames\07_SU_sw\07_SU_sw_083.jpg,1600,1200,RGB,07_SU_sw_083.jpg,C:\Users\kundu\Downloads\KMU-FED\07_SU_sw_083.jpg
7,sw,07_SU_sw,84,SU,Surprise,C:\Users\kundu\OneDrive\Desktop\KMU-FED-2\data\frames\07_SU_sw\07_SU_sw_084.jpg,1600,1200,RGB,07_SU_sw_084.jpg,C:\Users\kundu\Downloads\KMU-FED\07_SU_sw_084.jpg
7,sw,07_SU_sw,85,SU,Surprise,C:\Users\kundu\OneDrive\Desktop\KMU-FED-2\data\frames\07_SU_sw\07_SU_sw_085.jpg,1600,1200,RGB,07_SU_sw_085.jpg,C:\Users\kundu\Downloads\KMU-FED\07_SU_sw_085.jpg
7,sw,07_SU_sw,86,SU,Surprise,C:\Users\kundu\OneDrive\Desktop\KMU-FED-2\data\frames\07_SU_sw\07_SU_sw_086.jpg,1600,1200,RGB,07_SU_sw_086.jpg,C:\Users\kundu\Downloads\KMU-FED\07_SU_sw_086.jpg
7,sw,07_SU_sw,87,SU,Surprise,C:\Users\kundu\OneDrive\Desktop\KMU-FED-2\data\frames\07_SU_sw\07_SU_sw_087.jpg,1600,1200,RGB,07_SU_sw_087.jpg,C:\Users\kundu\Downloads\KMU-FED\07_SU_sw_087.jpg
7,sw,07_SU_sw,88,SU,Surprise,C:\Users\kundu\OneDrive\Desktop\KMU-FED-2\data\frames\07_SU_sw\07_SU_sw_088.jpg,1600,1200,RGB,07_SU_sw_088.jpg,C:\Users\kundu\Downloads\KMU-FED\07_SU_sw_088.jpg
7,sw,07_SU_sw,89,SU,Surprise,C:\Users\kundu\OneDrive\Desktop\KMU-FED-2\data\frames\07_SU_sw\07_SU_sw_089.jpg,1600,1200,RGB,07_SU_sw_089.jpg,C:\Users\kundu\Downloads\KMU-FED\07_SU_sw_089.jpg
7,sw,07_SU_sw,90,SU,Surprise,C:\Users\kundu\OneDrive\Desktop\KMU-FED-2\data\frames\07_SU_sw\07_SU_sw_090.jpg,1600,1200,RGB,07_SU_sw_090.jpg,C:\Users\kundu\Downloads\KMU-FED\07_SU_sw_090.jpg
7,sw,07_SU_sw,91,SU,Surprise,C:\Users\kundu\OneDrive\Desktop\KMU-FED-2\data\frames\07_SU_sw\07_SU_sw_091.jpg,1600,1200,RGB,07_SU_sw_091.jpg,C:\Users\kundu\Downloads\KMU-FED\07_SU_sw_091.jpg
7,sw,07_SU_sw,92,SU,Surprise,C:\Users\kundu\OneDrive\Desktop\KMU-FED-2\data\frames\07_SU_sw\07_SU_sw_092.jpg,1600,1200,RGB,07_SU_sw_092.jpg,C:\Users\kundu\Downloads\KMU-FED\07_SU_sw_092.jpg
7,sw,07_SU_sw,93,SU,Surprise,C:\Users\kundu\OneDrive\Desktop\KMU-FED-2\data\frames\07_SU_sw\07_SU_sw_093.jpg,1600,1200,RGB,07_SU_sw_093.jpg,C:\Users\kundu\Downloads\KMU-FED\07_SU_sw_093.jpg
7,sw,07_SU_sw,94,SU,Surprise,C:\Users\kundu\OneDrive\Desktop\KMU-FED-2\data\frames\07_SU_sw\07_SU_sw_094.jpg,1600,1200,RGB,07_SU_sw_094.jpg,C:\Users\kundu\Downloads\KMU-FED\07_SU_sw_094.jpg
7,sw,07_SU_sw,95,SU,Surprise,C:\Users\kundu\OneDrive\Desktop\KMU-FED-2\data\frames\07_SU_sw\07_SU_sw_095.jpg,1600,1200,RGB,07_SU_sw_095.jpg,C:\Users\kundu\Downloads\KMU-FED\07_SU_sw_095.jpg
7,sw,07_SU_sw,96,SU,Surprise,C:\Users\kundu\OneDrive\Desktop\KMU-FED-2\data\frames\07_SU_sw\07_SU_sw_096.jpg,1600,1200,RGB,07_SU_sw_096.jpg,C:\Users\kundu\Downloads\KMU-FED\07_SU_sw_096.jpg
7,sw,07_SU_sw,97,SU,Surprise,C:\Users\kundu\OneDrive\Desktop\KMU-FED-2\data\frames\07_SU_sw\07_SU_sw_097.jpg,1600,1200,RGB,07_SU_sw_097.jpg,C:\Users\kundu\Downloads\KMU-FED\07_SU_sw_097.jpg
7,sw,07_SU_sw,98,SU,Surprise,C:\Users\kundu\OneDrive\Desktop\KMU-FED-2\data\frames\07_SU_sw\07_SU_sw_098.jpg,1600,1200,RGB,07_SU_sw_098.jpg,C:\Users\kundu\Downloads\KMU-FED\07_SU_sw_098.jpg
7,sw,07_SU_sw,99,SU,Surprise,C:\Users\kundu\OneDrive\Desktop\KMU-FED-2\data\frames\07_SU_sw\07_SU_sw_099.jpg,1600,1200,RGB,07_SU_sw_099.jpg,C:\Users\kundu\Downloads\KMU-FED\07_SU_sw_099.jpg
7,sw,07_SU_sw,100,SU,Surprise,C:\Users\kundu\OneDrive\Desktop\KMU-FED-2\data\frames\07_SU_sw\07_SU_sw_100.jpg,1600,1200,RGB,07_SU_sw_100.jpg,C:\Users\kundu\Downloads\KMU-FED\07_SU_sw_100.jpg
8,nh,08_AN_nh,101,AN,Anger,C:\Users\kundu\OneDrive\Desktop\KMU-FED-2\data\frames\08_AN_nh\08_AN_nh_101.jpg,1600,1200,RGB,08_AN_nh_101.jpg,C:\Users\kundu\Downloads\KMU-FED\08_AN_nh_101.jpg
8,nh,08_AN_nh,102,AN,Anger,C:\Users\kundu\OneDrive\Desktop\KMU-FED-2\data\frames\08_AN_nh\08_AN_nh_102.jpg,1600,1200,RGB,08_AN_nh_102.jpg,C:\Users\kundu\Downloads\KMU-FED\08_AN_nh_102.jpg
8,nh,08_AN_nh,103,AN,Anger,C:\Users\kundu\OneDrive\Desktop\KMU-FED-2\data\frames\08_AN_nh\08_AN_nh_103.jpg,1600,1200,RGB,08_AN_nh_103.jpg,C:\Users\kundu\Downloads\KMU-FED\08_AN_nh_103.jpg
8,nh,08_AN_nh,104,AN,Anger,C:\Users\kundu\OneDrive\Desktop\KMU-FED-2\data\frames\08_AN_nh\08_AN_nh_104.jpg,1600,1200,RGB,08_AN_nh_104.jpg,C:\Users\kundu\Downloads\KMU-FED\08_AN_nh_104.jpg
8,nh,08_AN_nh,105,AN,Anger,C:\Users\kundu\OneDrive\Desktop\KMU-FED-2\data\frames\08_AN_nh\08_AN_nh_105.jpg,1600,1200,RGB,08_AN_nh_105.jpg,C:\Users\kundu\Downloads\KMU-FED\08_AN_nh_105.jpg
8,nh,08_AN_nh,106,AN,Anger,C:\Users\kundu\OneDrive\Desktop\KMU-FED-2\data\frames\08_AN_nh\08_AN_nh_106.jpg,1600,1200,RGB,08_AN_nh_106.jpg,C:\Users\kundu\Downloads\KMU-FED\08_AN_nh_106.jpg
8,nh,08_AN_nh,107,AN,Anger,C:\Users\kundu\OneDrive\Desktop\KMU-FED-2\data\frames\08_AN_nh\08_AN_nh_107.jpg,1600,1200,RGB,08_AN_nh_107.jpg,C:\Users\kundu\Downloads\KMU-FED\08_AN_nh_107.jpg
8,nh,08_AN_nh,108,AN,Anger,C:\Users\kundu\OneDrive\Desktop\KMU-FED-2\data\frames\08_AN_nh\08_AN_nh_108.jpg,1600,1200,RGB,08_AN_nh_108.jpg,C:\Users\kundu\Downloads\KMU-FED\08_AN_nh_108.jpg
8,nh,08_AN_nh,109,AN,Anger,C:\Users\kundu\OneDrive\Desktop\KMU-FED-2\data\frames\08_AN_nh\08_AN_nh_109.jpg,1600,1200,RGB,08_AN_nh_109.jpg,C:\Users\kundu\Downloads\KMU-FED\08_AN_nh_109.jpg
8,nh,08_AN_nh,110,AN,Anger,C:\Users\kundu\OneDrive\Desktop\KMU-FED-2\data\frames\08_AN_nh\08_AN_nh_110.jpg,1600,1200,RGB,08_AN_nh_110.jpg,C:\Users\kundu\Downloads\KMU-FED\08_AN_nh_110.jpg
8,nh,08_AN_nh,111,AN,Anger,C:\Users\kundu\OneDrive\Desktop\KMU-FED-2\data\frames\08_AN_nh\08_AN_nh_111.jpg,1600,1200,RGB,08_AN_nh_111.jpg,C:\Users\kundu\Downloads\KMU-FED\08_AN_nh_111.jpg
8,nh,08_AN_nh,112,AN,Anger,C:\Users\kundu\OneDrive\Desktop\KMU-FED-2\data\frames\08_AN_nh\08_AN_nh_112.jpg,1600,1200,RGB,08_AN_nh_112.jpg,C:\Users\kundu\Downloads\KMU-FED\08_AN_nh_112.jpg
8,nh,08_AN_nh,113,AN,Anger,C:\Users\kundu\OneDrive\Desktop\KMU-FED-2\data\frames\08_AN_nh\08_AN_nh_113.jpg,1600,1200,RGB,08_AN_nh_113.jpg,C:\Users\kundu\Downloads\KMU-FED\08_AN_nh_113.jpg
8,nh,08_AN_nh,114,AN,Anger,C:\Users\kundu\OneDrive\Desktop\KMU-FED-2\data\frames\08_AN_nh\08_AN_nh_114.jpg,1600,1200,RGB,08_AN_nh_114.jpg,C:\Users\kundu\Downloads\KMU-FED\08_AN_nh_114.jpg
8,nh,08_AN_nh,115,AN,Anger,C:\Users\kundu\OneDrive\Desktop\KMU-FED-2\data\frames\08_AN_nh\08_AN_nh_115.jpg,1600,1200,RGB,08_AN_nh_115.jpg,C:\Users\kundu\Downloads\KMU-FED\08_AN_nh_115.jpg
8,nh,08_AN_nh,116,AN,Anger,C:\Users\kundu\OneDrive\Desktop\KMU-FED-2\data\frames\08_AN_nh\08_AN_nh_116.jpg,1600,1200,RGB,08_AN_nh_116.jpg,C:\Users\kundu\Downloads\KMU-FED\08_AN_nh_116.jpg
8,nh,08_AN_nh,117,AN,Anger,C:\Users\kundu\OneDrive\Desktop\KMU-FED-2\data\frames\08_AN_nh\08_AN_nh_117.jpg,1600,1200,RGB,08_AN_nh_117.jpg,C:\Users\kundu\Downloads\KMU-FED\08_AN_nh_117.jpg
8,nh,08_AN_nh,118,AN,Anger,C:\Users\kundu\OneDrive\Desktop\KMU-FED-2\data\frames\08_AN_nh\08_AN_nh_118.jpg,1600,1200,RGB,08_AN_nh_118.jpg,C:\Users\kundu\Downloads\KMU-FED\08_AN_nh_118.jpg
8,nh,08_AN_nh,119,AN,Anger,C:\Users\kundu\OneDrive\Desktop\KMU-FED-2\data\frames\08_AN_nh\08_AN_nh_119.jpg,1600,1200,RGB,08_AN_nh_119.jpg,C:\Users\kundu\Downloads\KMU-FED\08_AN_nh_119.jpg
8,nh,08_AN_nh,120,AN,Anger,C:\Users\kundu\OneDrive\Desktop\KMU-FED-2\data\frames\08_AN_nh\08_AN_nh_120.jpg,1600,1200,RGB,08_AN_nh_120.jpg,C:\Users\kundu\Downloads\KMU-FED\08_AN_nh_120.jpg
8,nh,08_DI_nh,71,DI,Disgust,C:\Users\kundu\OneDrive\Desktop\KMU-FED-2\data\frames\08_DI_nh\08_DI_nh_071.jpg,1600,1200,RGB,08_DI_nh_071.jpg,C:\Users\kundu\Downloads\KMU-FED\08_DI_nh_071.jpg
8,nh,08_DI_nh,72,DI,Disgust,C:\Users\kundu\OneDrive\Desktop\KMU-FED-2\data\frames\08_DI_nh\08_DI_nh_072.jpg,1600,1200,RGB,08_DI_nh_072.jpg,C:\Users\kundu\Downloads\KMU-FED\08_DI_nh_072.jpg
8,nh,08_DI_nh,73,DI,Disgust,C:\Users\kundu\OneDrive\Desktop\KMU-FED-2\data\frames\08_DI_nh\08_DI_nh_073.jpg,1600,1200,RGB,08_DI_nh_073.jpg,C:\Users\kundu\Downloads\KMU-FED\08_DI_nh_073.jpg
8,nh,08_DI_nh,74,DI,Disgust,C:\Users\kundu\OneDrive\Desktop\KMU-FED-2\data\frames\08_DI_nh\08_DI_nh_074.jpg,1600,1200,RGB,08_DI_nh_074.jpg,C:\Users\kundu\Downloads\KMU-FED\08_DI_nh_074.jpg
8,nh,08_DI_nh,75,DI,Disgust,C:\Users\kundu\OneDrive\Desktop\KMU-FED-2\data\frames\08_DI_nh\08_DI_nh_075.jpg,1600,1200,RGB,08_DI_nh_075.jpg,C:\Users\kundu\Downloads\KMU-FED\08_DI_nh_075.jpg
8,nh,08_DI_nh,76,DI,Disgust,C:\Users\kundu\OneDrive\Desktop\KMU-FED-2\data\frames\08_DI_nh\08_DI_nh_076.jpg,1600,1200,RGB,08_DI_nh_076.jpg,C:\Users\kundu\Downloads\KMU-FED\08_DI_nh_076.jpg
8,nh,08_DI_nh,77,DI,Disgust,C:\Users\kundu\OneDrive\Desktop\KMU-FED-2\data\frames\08_DI_nh\08_DI_nh_077.jpg,1600,1200,RGB,08_DI_nh_077.jpg,C:\Users\kundu\Downloads\KMU-FED\08_DI_nh_077.jpg
8,nh,08_DI_nh,78,DI,Disgust,C:\Users\kundu\OneDrive\Desktop\KMU-FED-2\data\frames\08_DI_nh\08_DI_nh_078.jpg,1600,1200,RGB,08_DI_nh_078.jpg,C:\Users\kundu\Downloads\KMU-FED\08_DI_nh_078.jpg
8,nh,08_DI_nh,79,DI,Disgust,C:\Users\kundu\OneDrive\Desktop\KMU-FED-2\data\frames\08_DI_nh\08_DI_nh_079.jpg,1600,1200,RGB,08_DI_nh_079.jpg,C:\Users\kundu\Downloads\KMU-FED\08_DI_nh_079.jpg
8,nh,08_DI_nh,80,DI,Disgust,C:\Users\kundu\OneDrive\Desktop\KMU-FED-2\data\frames\08_DI_nh\08_DI_nh_080.jpg,1600,1200,RGB,08_DI_nh_080.jpg,C:\Users\kundu\Downloads\KMU-FED\08_DI_nh_080.jpg
8,nh,08_DI_nh,81,DI,Disgust,C:\Users\kundu\OneDrive\Desktop\KMU-FED-2\data\frames\08_DI_nh\08_DI_nh_081.jpg,1600,1200,RGB,08_DI_nh_081.jpg,C:\Users\kundu\Downloads\KMU-FED\08_DI_nh_081.jpg
8,nh,08_DI_nh,82,DI,Disgust,C:\Users\kundu\OneDrive\Desktop\KMU-FED-2\data\frames\08_DI_nh\08_DI_nh_082.jpg,1600,1200,RGB,08_DI_nh_082.jpg,C:\Users\kundu\Downloads\KMU-FED\08_DI_nh_082.jpg
8,nh,08_DI_nh,83,DI,Disgust,C:\Users\kundu\OneDrive\Desktop\KMU-FED-2\data\frames\08_DI_nh\08_DI_nh_083.jpg,1600,1200,RGB,08_DI_nh_083.jpg,C:\Users\kundu\Downloads\KMU-FED\08_DI_nh_083.jpg
8,nh,08_DI_nh,84,DI,Disgust,C:\Users\kundu\OneDrive\Desktop\KMU-FED-2\data\frames\08_DI_nh\08_DI_nh_084.jpg,1600,1200,RGB,08_DI_nh_084.jpg,C:\Users\kundu\Downloads\KMU-FED\08_DI_nh_084.jpg
8,nh,08_DI_nh,85,DI,Disgust,C:\Users\kundu\OneDrive\Desktop\KMU-FED-2\data\frames\08_DI_nh\08_DI_nh_085.jpg,1600,1200,RGB,08_DI_nh_085.jpg,C:\Users\kundu\Downloads\KMU-FED\08_DI_nh_085.jpg
8,nh,08_DI_nh,86,DI,Disgust,C:\Users\kundu\OneDrive\Desktop\KMU-FED-2\data\frames\08_DI_nh\08_DI_nh_086.jpg,1600,1200,RGB,08_DI_nh_086.jpg,C:\Users\kundu\Downloads\KMU-FED\08_DI_nh_086.jpg
8,nh,08_DI_nh,87,DI,Disgust,C:\Users\kundu\OneDrive\Desktop\KMU-FED-2\data\frames\08_DI_nh\08_DI_nh_087.jpg,1600,1200,RGB,08_DI_nh_087.jpg,C:\Users\kundu\Downloads\KMU-FED\08_DI_nh_087.jpg
8,nh,08_DI_nh,88,DI,Disgust,C:\Users\kundu\OneDrive\Desktop\KMU-FED-2\data\frames\08_DI_nh\08_DI_nh_088.jpg,1600,1200,RGB,08_DI_nh_088.jpg,C:\Users\kundu\Downloads\KMU-FED\08_DI_nh_088.jpg
8,nh,08_DI_nh,89,DI,Disgust,C:\Users\kundu\OneDrive\Desktop\KMU-FED-2\data\frames\08_DI_nh\08_DI_nh_089.jpg,1600,1200,RGB,08_DI_nh_089.jpg,C:\Users\kundu\Downloads\KMU-FED\08_DI_nh_089.jpg
8,nh,08_DI_nh,90,DI,Disgust,C:\Users\kundu\OneDrive\Desktop\KMU-FED-2\data\frames\08_DI_nh\08_DI_nh_090.jpg,1600,1200,RGB,08_DI_nh_090.jpg,C:\Users\kundu\Downloads\KMU-FED\08_DI_nh_090.jpg
8,nh,08_FE_nh,141,FE,Fear,C:\Users\kundu\OneDrive\Desktop\KMU-FED-2\data\frames\08_FE_nh\08_FE_nh_141.jpg,1600,1200,RGB,08_FE_nh_141.jpg,C:\Users\kundu\Downloads\KMU-FED\08_FE_nh_141.jpg
8,nh,08_FE_nh,142,FE,Fear,C:\Users\kundu\OneDrive\Desktop\KMU-FED-2\data\frames\08_FE_nh\08_FE_nh_142.jpg,1600,1200,RGB,08_FE_nh_142.jpg,C:\Users\kundu\Downloads\KMU-FED\08_FE_nh_142.jpg
8,nh,08_FE_nh,143,FE,Fear,C:\Users\kundu\OneDrive\Desktop\KMU-FED-2\data\frames\08_FE_nh\08_FE_nh_143.jpg,1600,1200,RGB,08_FE_nh_143.jpg,C:\Users\kundu\Downloads\KMU-FED\08_FE_nh_143.jpg
8,nh,08_FE_nh,144,FE,Fear,C:\Users\kundu\OneDrive\Desktop\KMU-FED-2\data\frames\08_FE_nh\08_FE_nh_144.jpg,1600,1200,RGB,08_FE_nh_144.jpg,C:\Users\kundu\Downloads\KMU-FED\08_FE_nh_144.jpg
8,nh,08_FE_nh,145,FE,Fear,C:\Users\kundu\OneDrive\Desktop\KMU-FED-2\data\frames\08_FE_nh\08_FE_nh_145.jpg,1600,1200,RGB,08_FE_nh_145.jpg,C:\Users\kundu\Downloads\KMU-FED\08_FE_nh_145.jpg
8,nh,08_FE_nh,146,FE,Fear,C:\Users\kundu\OneDrive\Desktop\KMU-FED-2\data\frames\08_FE_nh\08_FE_nh_146.jpg,1600,1200,RGB,08_FE_nh_146.jpg,C:\Users\kundu\Downloads\KMU-FED\08_FE_nh_146.jpg
8,nh,08_FE_nh,147,FE,Fear,C:\Users\kundu\OneDrive\Desktop\KMU-FED-2\data\frames\08_FE_nh\08_FE_nh_147.jpg,1600,1200,RGB,08_FE_nh_147.jpg,C:\Users\kundu\Downloads\KMU-FED\08_FE_nh_147.jpg
8,nh,08_FE_nh,148,FE,Fear,C:\Users\kundu\OneDrive\Desktop\KMU-FED-2\data\frames\08_FE_nh\08_FE_nh_148.jpg,1600,1200,RGB,08_FE_nh_148.jpg,C:\Users\kundu\Downloads\KMU-FED\08_FE_nh_148.jpg
8,nh,08_FE_nh,149,FE,Fear,C:\Users\kundu\OneDrive\Desktop\KMU-FED-2\data\frames\08_FE_nh\08_FE_nh_149.jpg,1600,1200,RGB,08_FE_nh_149.jpg,C:\Users\kundu\Downloads\KMU-FED\08_FE_nh_149.jpg
8,nh,08_FE_nh,150,FE,Fear,C:\Users\kundu\OneDrive\Desktop\KMU-FED-2\data\frames\08_FE_nh\08_FE_nh_150.jpg,1600,1200,RGB,08_FE_nh_150.jpg,C:\Users\kundu\Downloads\KMU-FED\08_FE_nh_150.jpg
8,nh,08_HA_nh,131,HA,Happiness,C:\Users\kundu\OneDrive\Desktop\KMU-FED-2\data\frames\08_HA_nh\08_HA_nh_131.jpg,1600,1200,RGB,08_HA_nh_131.jpg,C:\Users\kundu\Downloads\KMU-FED\08_HA_nh_131.jpg
8,nh,08_HA_nh,132,HA,Happiness,C:\Users\kundu\OneDrive\Desktop\KMU-FED-2\data\frames\08_HA_nh\08_HA_nh_132.jpg,1600,1200,RGB,08_HA_nh_132.jpg,C:\Users\kundu\Downloads\KMU-FED\08_HA_nh_132.jpg
8,nh,08_HA_nh,133,HA,Happiness,C:\Users\kundu\OneDrive\Desktop\KMU-FED-2\data\frames\08_HA_nh\08_HA_nh_133.jpg,1600,1200,RGB,08_HA_nh_133.jpg,C:\Users\kundu\Downloads\KMU-FED\08_HA_nh_133.jpg
8,nh,08_HA_nh,134,HA,Happiness,C:\Users\kundu\OneDrive\Desktop\KMU-FED-2\data\frames\08_HA_nh\08_HA_nh_134.jpg,1600,1200,RGB,08_HA_nh_134.jpg,C:\Users\kundu\Downloads\KMU-FED\08_HA_nh_134.jpg
8,nh,08_HA_nh,135,HA,Happiness,C:\Users\kundu\OneDrive\Desktop\KMU-FED-2\data\frames\08_HA_nh\08_HA_nh_135.jpg,1600,1200,RGB,08_HA_nh_135.jpg,C:\Users\kundu\Downloads\KMU-FED\08_HA_nh_135.jpg
8,nh,08_HA_nh,136,HA,Happiness,C:\Users\kundu\OneDrive\Desktop\KMU-FED-2\data\frames\08_HA_nh\08_HA_nh_136.jpg,1600,1200,RGB,08_HA_nh_136.jpg,C:\Users\kundu\Downloads\KMU-FED\08_HA_nh_136.jpg
8,nh,08_HA_nh,137,HA,Happiness,C:\Users\kundu\OneDrive\Desktop\KMU-FED-2\data\frames\08_HA_nh\08_HA_nh_137.jpg,1600,1200,RGB,08_HA_nh_137.jpg,C:\Users\kundu\Downloads\KMU-FED\08_HA_nh_137.jpg
8,nh,08_HA_nh,138,HA,Happiness,C:\Users\kundu\OneDrive\Desktop\KMU-FED-2\data\frames\08_HA_nh\08_HA_nh_138.jpg,1600,1200,RGB,08_HA_nh_138.jpg,C:\Users\kundu\Downloads\KMU-FED\08_HA_nh_138.jpg
8,nh,08_HA_nh,139,HA,Happiness,C:\Users\kundu\OneDrive\Desktop\KMU-FED-2\data\frames\08_HA_nh\08_HA_nh_139.jpg,1600,1200,RGB,08_HA_nh_139.jpg,C:\Users\kundu\Downloads\KMU-FED\08_HA_nh_139.jpg
8,nh,08_HA_nh,140,HA,Happiness,C:\Users\kundu\OneDrive\Desktop\KMU-FED-2\data\frames\08_HA_nh\08_HA_nh_140.jpg,1600,1200,RGB,08_HA_nh_140.jpg,C:\Users\kundu\Downloads\KMU-FED\08_HA_nh_140.jpg
8,nh,08_HA_nh,141,HA,Happiness,C:\Users\kundu\OneDrive\Desktop\KMU-FED-2\data\frames\08_HA_nh\08_HA_nh_141.jpg,1600,1200,RGB,08_HA_nh_141.jpg,C:\Users\kundu\Downloads\KMU-FED\08_HA_nh_141.jpg
8,nh,08_HA_nh,142,HA,Happiness,C:\Users\kundu\OneDrive\Desktop\KMU-FED-2\data\frames\08_HA_nh\08_HA_nh_142.jpg,1600,1200,RGB,08_HA_nh_142.jpg,C:\Users\kundu\Downloads\KMU-FED\08_HA_nh_142.jpg
8,nh,08_HA_nh,143,HA,Happiness,C:\Users\kundu\OneDrive\Desktop\KMU-FED-2\data\frames\08_HA_nh\08_HA_nh_143.jpg,1600,1200,RGB,08_HA_nh_143.jpg,C:\Users\kundu\Downloads\KMU-FED\08_HA_nh_143.jpg
8,nh,08_HA_nh,144,HA,Happiness,C:\Users\kundu\OneDrive\Desktop\KMU-FED-2\data\frames\08_HA_nh\08_HA_nh_144.jpg,1600,1200,RGB,08_HA_nh_144.jpg,C:\Users\kundu\Downloads\KMU-FED\08_HA_nh_144.jpg
8,nh,08_HA_nh,145,HA,Happiness,C:\Users\kundu\OneDrive\Desktop\KMU-FED-2\data\frames\08_HA_nh\08_HA_nh_145.jpg,1600,1200,RGB,08_HA_nh_145.jpg,C:\Users\kundu\Downloads\KMU-FED\08_HA_nh_145.jpg
8,nh,08_HA_nh,146,HA,Happiness,C:\Users\kundu\OneDrive\Desktop\KMU-FED-2\data\frames\08_HA_nh\08_HA_nh_146.jpg,1600,1200,RGB,08_HA_nh_146.jpg,C:\Users\kundu\Downloads\KMU-FED\08_HA_nh_146.jpg
8,nh,08_HA_nh,147,HA,Happiness,C:\Users\kundu\OneDrive\Desktop\KMU-FED-2\data\frames\08_HA_nh\08_HA_nh_147.jpg,1600,1200,RGB,08_HA_nh_147.jpg,C:\Users\kundu\Downloads\KMU-FED\08_HA_nh_147.jpg
8,nh,08_HA_nh,148,HA,Happiness,C:\Users\kundu\OneDrive\Desktop\KMU-FED-2\data\frames\08_HA_nh\08_HA_nh_148.jpg,1600,1200,RGB,08_HA_nh_148.jpg,C:\Users\kundu\Downloads\KMU-FED\08_HA_nh_148.jpg
8,nh,08_HA_nh,149,HA,Happiness,C:\Users\kundu\OneDrive\Desktop\KMU-FED-2\data\frames\08_HA_nh\08_HA_nh_149.jpg,1600,1200,RGB,08_HA_nh_149.jpg,C:\Users\kundu\Downloads\KMU-FED\08_HA_nh_149.jpg
8,nh,08_HA_nh,150,HA,Happiness,C:\Users\kundu\OneDrive\Desktop\KMU-FED-2\data\frames\08_HA_nh\08_HA_nh_150.jpg,1600,1200,RGB,08_HA_nh_150.jpg,C:\Users\kundu\Downloads\KMU-FED\08_HA_nh_150.jpg
8,nh,08_SA_nh,91,SA,Sadness,C:\Users\kundu\OneDrive\Desktop\KMU-FED-2\data\frames\08_SA_nh\08_SA_nh_091.jpg,1600,1200,RGB,08_SA_nh_091.jpg,C:\Users\kundu\Downloads\KMU-FED\08_SA_nh_091.jpg
8,nh,08_SA_nh,92,SA,Sadness,C:\Users\kundu\OneDrive\Desktop\KMU-FED-2\data\frames\08_SA_nh\08_SA_nh_092.jpg,1600,1200,RGB,08_SA_nh_092.jpg,C:\Users\kundu\Downloads\KMU-FED\08_SA_nh_092.jpg
8,nh,08_SA_nh,93,SA,Sadness,C:\Users\kundu\OneDrive\Desktop\KMU-FED-2\data\frames\08_SA_nh\08_SA_nh_093.jpg,1600,1200,RGB,08_SA_nh_093.jpg,C:\Users\kundu\Downloads\KMU-FED\08_SA_nh_093.jpg
8,nh,08_SA_nh,94,SA,Sadness,C:\Users\kundu\OneDrive\Desktop\KMU-FED-2\data\frames\08_SA_nh\08_SA_nh_094.jpg,1600,1200,RGB,08_SA_nh_094.jpg,C:\Users\kundu\Downloads\KMU-FED\08_SA_nh_094.jpg
8,nh,08_SA_nh,95,SA,Sadness,C:\Users\kundu\OneDrive\Desktop\KMU-FED-2\data\frames\08_SA_nh\08_SA_nh_095.jpg,1600,1200,RGB,08_SA_nh_095.jpg,C:\Users\kundu\Downloads\KMU-FED\08_SA_nh_095.jpg
8,nh,08_SA_nh,96,SA,Sadness,C:\Users\kundu\OneDrive\Desktop\KMU-FED-2\data\frames\08_SA_nh\08_SA_nh_096.jpg,1600,1200,RGB,08_SA_nh_096.jpg,C:\Users\kundu\Downloads\KMU-FED\08_SA_nh_096.jpg
8,nh,08_SA_nh,97,SA,Sadness,C:\Users\kundu\OneDrive\Desktop\KMU-FED-2\data\frames\08_SA_nh\08_SA_nh_097.jpg,1600,1200,RGB,08_SA_nh_097.jpg,C:\Users\kundu\Downloads\KMU-FED\08_SA_nh_097.jpg
8,nh,08_SA_nh,98,SA,Sadness,C:\Users\kundu\OneDrive\Desktop\KMU-FED-2\data\frames\08_SA_nh\08_SA_nh_098.jpg,1600,1200,RGB,08_SA_nh_098.jpg,C:\Users\kundu\Downloads\KMU-FED\08_SA_nh_098.jpg
8,nh,08_SA_nh,99,SA,Sadness,C:\Users\kundu\OneDrive\Desktop\KMU-FED-2\data\frames\08_SA_nh\08_SA_nh_099.jpg,1600,1200,RGB,08_SA_nh_099.jpg,C:\Users\kundu\Downloads\KMU-FED\08_SA_nh_099.jpg
8,nh,08_SA_nh,100,SA,Sadness,C:\Users\kundu\OneDrive\Desktop\KMU-FED-2\data\frames\08_SA_nh\08_SA_nh_100.jpg,1600,1200,RGB,08_SA_nh_100.jpg,C:\Users\kundu\Downloads\KMU-FED\08_SA_nh_100.jpg
8,nh,08_SA_nh,101,SA,Sadness,C:\Users\kundu\OneDrive\Desktop\KMU-FED-2\data\frames\08_SA_nh\08_SA_nh_101.jpg,1600,1200,RGB,08_SA_nh_101.jpg,C:\Users\kundu\Downloads\KMU-FED\08_SA_nh_101.jpg
8,nh,08_SA_nh,102,SA,Sadness,C:\Users\kundu\OneDrive\Desktop\KMU-FED-2\data\frames\08_SA_nh\08_SA_nh_102.jpg,1600,1200,RGB,08_SA_nh_102.jpg,C:\Users\kundu\Downloads\KMU-FED\08_SA_nh_102.jpg
8,nh,08_SA_nh,103,SA,Sadness,C:\Users\kundu\OneDrive\Desktop\KMU-FED-2\data\frames\08_SA_nh\08_SA_nh_103.jpg,1600,1200,RGB,08_SA_nh_103.jpg,C:\Users\kundu\Downloads\KMU-FED\08_SA_nh_103.jpg
8,nh,08_SA_nh,104,SA,Sadness,C:\Users\kundu\OneDrive\Desktop\KMU-FED-2\data\frames\08_SA_nh\08_SA_nh_104.jpg,1600,1200,RGB,08_SA_nh_104.jpg,C:\Users\kundu\Downloads\KMU-FED\08_SA_nh_104.jpg
8,nh,08_SA_nh,105,SA,Sadness,C:\Users\kundu\OneDrive\Desktop\KMU-FED-2\data\frames\08_SA_nh\08_SA_nh_105.jpg,1600,1200,RGB,08_SA_nh_105.jpg,C:\Users\kundu\Downloads\KMU-FED\08_SA_nh_105.jpg
8,nh,08_SA_nh,106,SA,Sadness,C:\Users\kundu\OneDrive\Desktop\KMU-FED-2\data\frames\08_SA_nh\08_SA_nh_106.jpg,1600,1200,RGB,08_SA_nh_106.jpg,C:\Users\kundu\Downloads\KMU-FED\08_SA_nh_106.jpg
8,nh,08_SA_nh,107,SA,Sadness,C:\Users\kundu\OneDrive\Desktop\KMU-FED-2\data\frames\08_SA_nh\08_SA_nh_107.jpg,1600,1200,RGB,08_SA_nh_107.jpg,C:\Users\kundu\Downloads\KMU-FED\08_SA_nh_107.jpg
8,nh,08_SA_nh,108,SA,Sadness,C:\Users\kundu\OneDrive\Desktop\KMU-FED-2\data\frames\08_SA_nh\08_SA_nh_108.jpg,1600,1200,RGB,08_SA_nh_108.jpg,C:\Users\kundu\Downloads\KMU-FED\08_SA_nh_108.jpg
8,nh,08_SA_nh,109,SA,Sadness,C:\Users\kundu\OneDrive\Desktop\KMU-FED-2\data\frames\08_SA_nh\08_SA_nh_109.jpg,1600,1200,RGB,08_SA_nh_109.jpg,C:\Users\kundu\Downloads\KMU-FED\08_SA_nh_109.jpg
8,nh,08_SA_nh,110,SA,Sadness,C:\Users\kundu\OneDrive\Desktop\KMU-FED-2\data\frames\08_SA_nh\08_SA_nh_110.jpg,1600,1200,RGB,08_SA_nh_110.jpg,C:\Users\kundu\Downloads\KMU-FED\08_SA_nh_110.jpg
8,nh,08_SU_nh,81,SU,Surprise,C:\Users\kundu\OneDrive\Desktop\KMU-FED-2\data\frames\08_SU_nh\08_SU_nh_081.jpg,1600,1200,RGB,08_SU_nh_081.jpg,C:\Users\kundu\Downloads\KMU-FED\08_SU_nh_081.jpg
8,nh,08_SU_nh,82,SU,Surprise,C:\Users\kundu\OneDrive\Desktop\KMU-FED-2\data\frames\08_SU_nh\08_SU_nh_082.jpg,1600,1200,RGB,08_SU_nh_082.jpg,C:\Users\kundu\Downloads\KMU-FED\08_SU_nh_082.jpg
8,nh,08_SU_nh,83,SU,Surprise,C:\Users\kundu\OneDrive\Desktop\KMU-FED-2\data\frames\08_SU_nh\08_SU_nh_083.jpg,1600,1200,RGB,08_SU_nh_083.jpg,C:\Users\kundu\Downloads\KMU-FED\08_SU_nh_083.jpg
8,nh,08_SU_nh,84,SU,Surprise,C:\Users\kundu\OneDrive\Desktop\KMU-FED-2\data\frames\08_SU_nh\08_SU_nh_084.jpg,1600,1200,RGB,08_SU_nh_084.jpg,C:\Users\kundu\Downloads\KMU-FED\08_SU_nh_084.jpg
8,nh,08_SU_nh,85,SU,Surprise,C:\Users\kundu\OneDrive\Desktop\KMU-FED-2\data\frames\08_SU_nh\08_SU_nh_085.jpg,1600,1200,RGB,08_SU_nh_085.jpg,C:\Users\kundu\Downloads\KMU-FED\08_SU_nh_085.jpg
8,nh,08_SU_nh,86,SU,Surprise,C:\Users\kundu\OneDrive\Desktop\KMU-FED-2\data\frames\08_SU_nh\08_SU_nh_086.jpg,1600,1200,RGB,08_SU_nh_086.jpg,C:\Users\kundu\Downloads\KMU-FED\08_SU_nh_086.jpg
8,nh,08_SU_nh,87,SU,Surprise,C:\Users\kundu\OneDrive\Desktop\KMU-FED-2\data\frames\08_SU_nh\08_SU_nh_087.jpg,1600,1200,RGB,08_SU_nh_087.jpg,C:\Users\kundu\Downloads\KMU-FED\08_SU_nh_087.jpg
8,nh,08_SU_nh,88,SU,Surprise,C:\Users\kundu\OneDrive\Desktop\KMU-FED-2\data\frames\08_SU_nh\08_SU_nh_088.jpg,1600,1200,RGB,08_SU_nh_088.jpg,C:\Users\kundu\Downloads\KMU-FED\08_SU_nh_088.jpg
8,nh,08_SU_nh,89,SU,Surprise,C:\Users\kundu\OneDrive\Desktop\KMU-FED-2\data\frames\08_SU_nh\08_SU_nh_089.jpg,1600,1200,RGB,08_SU_nh_089.jpg,C:\Users\kundu\Downloads\KMU-FED\08_SU_nh_089.jpg
8,nh,08_SU_nh,90,SU,Surprise,C:\Users\kundu\OneDrive\Desktop\KMU-FED-2\data\frames\08_SU_nh\08_SU_nh_090.jpg,1600,1200,RGB,08_SU_nh_090.jpg,C:\Users\kundu\Downloads\KMU-FED\08_SU_nh_090.jpg
8,nh,08_SU_nh,91,SU,Surprise,C:\Users\kundu\OneDrive\Desktop\KMU-FED-2\data\frames\08_SU_nh\08_SU_nh_091.jpg,1600,1200,RGB,08_SU_nh_091.jpg,C:\Users\kundu\Downloads\KMU-FED\08_SU_nh_091.jpg
8,nh,08_SU_nh,92,SU,Surprise,C:\Users\kundu\OneDrive\Desktop\KMU-FED-2\data\frames\08_SU_nh\08_SU_nh_092.jpg,1600,1200,RGB,08_SU_nh_092.jpg,C:\Users\kundu\Downloads\KMU-FED\08_SU_nh_092.jpg
8,nh,08_SU_nh,93,SU,Surprise,C:\Users\kundu\OneDrive\Desktop\KMU-FED-2\data\frames\08_SU_nh\08_SU_nh_093.jpg,1600,1200,RGB,08_SU_nh_093.jpg,C:\Users\kundu\Downloads\KMU-FED\08_SU_nh_093.jpg
8,nh,08_SU_nh,94,SU,Surprise,C:\Users\kundu\OneDrive\Desktop\KMU-FED-2\data\frames\08_SU_nh\08_SU_nh_094.jpg,1600,1200,RGB,08_SU_nh_094.jpg,C:\Users\kundu\Downloads\KMU-FED\08_SU_nh_094.jpg
8,nh,08_SU_nh,95,SU,Surprise,C:\Users\kundu\OneDrive\Desktop\KMU-FED-2\data\frames\08_SU_nh\08_SU_nh_095.jpg,1600,1200,RGB,08_SU_nh_095.jpg,C:\Users\kundu\Downloads\KMU-FED\08_SU_nh_095.jpg
8,nh,08_SU_nh,96,SU,Surprise,C:\Users\kundu\OneDrive\Desktop\KMU-FED-2\data\frames\08_SU_nh\08_SU_nh_096.jpg,1600,1200,RGB,08_SU_nh_096.jpg,C:\Users\kundu\Downloads\KMU-FED\08_SU_nh_096.jpg
8,nh,08_SU_nh,97,SU,Surprise,C:\Users\kundu\OneDrive\Desktop\KMU-FED-2\data\frames\08_SU_nh\08_SU_nh_097.jpg,1600,1200,RGB,08_SU_nh_097.jpg,C:\Users\kundu\Downloads\KMU-FED\08_SU_nh_097.jpg
8,nh,08_SU_nh,98,SU,Surprise,C:\Users\kundu\OneDrive\Desktop\KMU-FED-2\data\frames\08_SU_nh\08_SU_nh_098.jpg,1600,1200,RGB,08_SU_nh_098.jpg,C:\Users\kundu\Downloads\KMU-FED\08_SU_nh_098.jpg
8,nh,08_SU_nh,99,SU,Surprise,C:\Users\kundu\OneDrive\Desktop\KMU-FED-2\data\frames\08_SU_nh\08_SU_nh_099.jpg,1600,1200,RGB,08_SU_nh_099.jpg,C:\Users\kundu\Downloads\KMU-FED\08_SU_nh_099.jpg
8,nh,08_SU_nh,100,SU,Surprise,C:\Users\kundu\OneDrive\Desktop\KMU-FED-2\data\frames\08_SU_nh\08_SU_nh_100.jpg,1600,1200,RGB,08_SU_nh_100.jpg,C:\Users\kundu\Downloads\KMU-FED\08_SU_nh_100.jpg
9,sj,09_AN_sj,121,AN,Anger,C:\Users\kundu\OneDrive\Desktop\KMU-FED-2\data\frames\09_AN_sj\09_AN_sj_121.jpg,1600,1200,RGB,09_AN_sj_121.jpg,C:\Users\kundu\Downloads\KMU-FED\09_AN_sj_121.jpg
9,sj,09_AN_sj,122,AN,Anger,C:\Users\kundu\OneDrive\Desktop\KMU-FED-2\data\frames\09_AN_sj\09_AN_sj_122.jpg,1600,1200,RGB,09_AN_sj_122.jpg,C:\Users\kundu\Downloads\KMU-FED\09_AN_sj_122.jpg
9,sj,09_AN_sj,123,AN,Anger,C:\Users\kundu\OneDrive\Desktop\KMU-FED-2\data\frames\09_AN_sj\09_AN_sj_123.jpg,1600,1200,RGB,09_AN_sj_123.jpg,C:\Users\kundu\Downloads\KMU-FED\09_AN_sj_123.jpg
9,sj,09_AN_sj,124,AN,Anger,C:\Users\kundu\OneDrive\Desktop\KMU-FED-2\data\frames\09_AN_sj\09_AN_sj_124.jpg,1600,1200,RGB,09_AN_sj_124.jpg,C:\Users\kundu\Downloads\KMU-FED\09_AN_sj_124.jpg
9,sj,09_AN_sj,125,AN,Anger,C:\Users\kundu\OneDrive\Desktop\KMU-FED-2\data\frames\09_AN_sj\09_AN_sj_125.jpg,1600,1200,RGB,09_AN_sj_125.jpg,C:\Users\kundu\Downloads\KMU-FED\09_AN_sj_125.jpg
9,sj,09_AN_sj,126,AN,Anger,C:\Users\kundu\OneDrive\Desktop\KMU-FED-2\data\frames\09_AN_sj\09_AN_sj_126.jpg,1600,1200,RGB,09_AN_sj_126.jpg,C:\Users\kundu\Downloads\KMU-FED\09_AN_sj_126.jpg
9,sj,09_AN_sj,127,AN,Anger,C:\Users\kundu\OneDrive\Desktop\KMU-FED-2\data\frames\09_AN_sj\09_AN_sj_127.jpg,1600,1200,RGB,09_AN_sj_127.jpg,C:\Users\kundu\Downloads\KMU-FED\09_AN_sj_127.jpg
9,sj,09_AN_sj,128,AN,Anger,C:\Users\kundu\OneDrive\Desktop\KMU-FED-2\data\frames\09_AN_sj\09_AN_sj_128.jpg,1600,1200,RGB,09_AN_sj_128.jpg,C:\Users\kundu\Downloads\KMU-FED\09_AN_sj_128.jpg
9,sj,09_AN_sj,129,AN,Anger,C:\Users\kundu\OneDrive\Desktop\KMU-FED-2\data\frames\09_AN_sj\09_AN_sj_129.jpg,1600,1200,RGB,09_AN_sj_129.jpg,C:\Users\kundu\Downloads\KMU-FED\09_AN_sj_129.jpg
9,sj,09_AN_sj,130,AN,Anger,C:\Users\kundu\OneDrive\Desktop\KMU-FED-2\data\frames\09_AN_sj\09_AN_sj_130.jpg,1600,1200,RGB,09_AN_sj_130.jpg,C:\Users\kundu\Downloads\KMU-FED\09_AN_sj_130.jpg
9,sj,09_AN_sj,131,AN,Anger,C:\Users\kundu\OneDrive\Desktop\KMU-FED-2\data\frames\09_AN_sj\09_AN_sj_131.jpg,1600,1200,RGB,09_AN_sj_131.jpg,C:\Users\kundu\Downloads\KMU-FED\09_AN_sj_131.jpg
9,sj,09_AN_sj,132,AN,Anger,C:\Users\kundu\OneDrive\Desktop\KMU-FED-2\data\frames\09_AN_sj\09_AN_sj_132.jpg,1600,1200,RGB,09_AN_sj_132.jpg,C:\Users\kundu\Downloads\KMU-FED\09_AN_sj_132.jpg
9,sj,09_AN_sj,133,AN,Anger,C:\Users\kundu\OneDrive\Desktop\KMU-FED-2\data\frames\09_AN_sj\09_AN_sj_133.jpg,1600,1200,RGB,09_AN_sj_133.jpg,C:\Users\kundu\Downloads\KMU-FED\09_AN_sj_133.jpg
9,sj,09_AN_sj,134,AN,Anger,C:\Users\kundu\OneDrive\Desktop\KMU-FED-2\data\frames\09_AN_sj\09_AN_sj_134.jpg,1600,1200,RGB,09_AN_sj_134.jpg,C:\Users\kundu\Downloads\KMU-FED\09_AN_sj_134.jpg
9,sj,09_AN_sj,135,AN,Anger,C:\Users\kundu\OneDrive\Desktop\KMU-FED-2\data\frames\09_AN_sj\09_AN_sj_135.jpg,1600,1200,RGB,09_AN_sj_135.jpg,C:\Users\kundu\Downloads\KMU-FED\09_AN_sj_135.jpg
9,sj,09_AN_sj,136,AN,Anger,C:\Users\kundu\OneDrive\Desktop\KMU-FED-2\data\frames\09_AN_sj\09_AN_sj_136.jpg,1600,1200,RGB,09_AN_sj_136.jpg,C:\Users\kundu\Downloads\KMU-FED\09_AN_sj_136.jpg
9,sj,09_AN_sj,137,AN,Anger,C:\Users\kundu\OneDrive\Desktop\KMU-FED-2\data\frames\09_AN_sj\09_AN_sj_137.jpg,1600,1200,RGB,09_AN_sj_137.jpg,C:\Users\kundu\Downloads\KMU-FED\09_AN_sj_137.jpg
9,sj,09_AN_sj,138,AN,Anger,C:\Users\kundu\OneDrive\Desktop\KMU-FED-2\data\frames\09_AN_sj\09_AN_sj_138.jpg,1600,1200,RGB,09_AN_sj_138.jpg,C:\Users\kundu\Downloads\KMU-FED\09_AN_sj_138.jpg
9,sj,09_AN_sj,139,AN,Anger,C:\Users\kundu\OneDrive\Desktop\KMU-FED-2\data\frames\09_AN_sj\09_AN_sj_139.jpg,1600,1200,RGB,09_AN_sj_139.jpg,C:\Users\kundu\Downloads\KMU-FED\09_AN_sj_139.jpg
9,sj,09_AN_sj,140,AN,Anger,C:\Users\kundu\OneDrive\Desktop\KMU-FED-2\data\frames\09_AN_sj\09_AN_sj_140.jpg,1600,1200,RGB,09_AN_sj_140.jpg,C:\Users\kundu\Downloads\KMU-FED\09_AN_sj_140.jpg
9,sj,09_FE_sj,151,FE,Fear,C:\Users\kundu\OneDrive\Desktop\KMU-FED-2\data\frames\09_FE_sj\09_FE_sj_151.jpg,1600,1200,RGB,09_FE_sj_151.jpg,C:\Users\kundu\Downloads\KMU-FED\09_FE_sj_151.jpg
9,sj,09_FE_sj,152,FE,Fear,C:\Users\kundu\OneDrive\Desktop\KMU-FED-2\data\frames\09_FE_sj\09_FE_sj_152.jpg,1600,1200,RGB,09_FE_sj_152.jpg,C:\Users\kundu\Downloads\KMU-FED\09_FE_sj_152.jpg
9,sj,09_FE_sj,153,FE,Fear,C:\Users\kundu\OneDrive\Desktop\KMU-FED-2\data\frames\09_FE_sj\09_FE_sj_153.jpg,1600,1200,RGB,09_FE_sj_153.jpg,C:\Users\kundu\Downloads\KMU-FED\09_FE_sj_153.jpg
9,sj,09_FE_sj,154,FE,Fear,C:\Users\kundu\OneDrive\Desktop\KMU-FED-2\data\frames\09_FE_sj\09_FE_sj_154.jpg,1600,1200,RGB,09_FE_sj_154.jpg,C:\Users\kundu\Downloads\KMU-FED\09_FE_sj_154.jpg
9,sj,09_FE_sj,155,FE,Fear,C:\Users\kundu\OneDrive\Desktop\KMU-FED-2\data\frames\09_FE_sj\09_FE_sj_155.jpg,1600,1200,RGB,09_FE_sj_155.jpg,C:\Users\kundu\Downloads\KMU-FED\09_FE_sj_155.jpg
9,sj,09_FE_sj,156,FE,Fear,C:\Users\kundu\OneDrive\Desktop\KMU-FED-2\data\frames\09_FE_sj\09_FE_sj_156.jpg,1600,1200,RGB,09_FE_sj_156.jpg,C:\Users\kundu\Downloads\KMU-FED\09_FE_sj_156.jpg
9,sj,09_FE_sj,157,FE,Fear,C:\Users\kundu\OneDrive\Desktop\KMU-FED-2\data\frames\09_FE_sj\09_FE_sj_157.jpg,1600,1200,RGB,09_FE_sj_157.jpg,C:\Users\kundu\Downloads\KMU-FED\09_FE_sj_157.jpg
9,sj,09_FE_sj,158,FE,Fear,C:\Users\kundu\OneDrive\Desktop\KMU-FED-2\data\frames\09_FE_sj\09_FE_sj_158.jpg,1600,1200,RGB,09_FE_sj_158.jpg,C:\Users\kundu\Downloads\KMU-FED\09_FE_sj_158.jpg
9,sj,09_FE_sj,159,FE,Fear,C:\Users\kundu\OneDrive\Desktop\KMU-FED-2\data\frames\09_FE_sj\09_FE_sj_159.jpg,1600,1200,RGB,09_FE_sj_159.jpg,C:\Users\kundu\Downloads\KMU-FED\09_FE_sj_159.jpg
9,sj,09_FE_sj,160,FE,Fear,C:\Users\kundu\OneDrive\Desktop\KMU-FED-2\data\frames\09_FE_sj\09_FE_sj_160.jpg,1600,1200,RGB,09_FE_sj_160.jpg,C:\Users\kundu\Downloads\KMU-FED\09_FE_sj_160.jpg
9,sj,09_HA_sj,151,HA,Happiness,C:\Users\kundu\OneDrive\Desktop\KMU-FED-2\data\frames\09_HA_sj\09_HA_sj_151.jpg,1600,1200,RGB,09_HA_sj_151.jpg,C:\Users\kundu\Downloads\KMU-FED\09_HA_sj_151.jpg
9,sj,09_HA_sj,152,HA,Happiness,C:\Users\kundu\OneDrive\Desktop\KMU-FED-2\data\frames\09_HA_sj\09_HA_sj_152.jpg,1600,1200,RGB,09_HA_sj_152.jpg,C:\Users\kundu\Downloads\KMU-FED\09_HA_sj_152.jpg
9,sj,09_HA_sj,153,HA,Happiness,C:\Users\kundu\OneDrive\Desktop\KMU-FED-2\data\frames\09_HA_sj\09_HA_sj_153.jpg,1600,1200,RGB,09_HA_sj_153.jpg,C:\Users\kundu\Downloads\KMU-FED\09_HA_sj_153.jpg
9,sj,09_HA_sj,154,HA,Happiness,C:\Users\kundu\OneDrive\Desktop\KMU-FED-2\data\frames\09_HA_sj\09_HA_sj_154.jpg,1600,1200,RGB,09_HA_sj_154.jpg,C:\Users\kundu\Downloads\KMU-FED\09_HA_sj_154.jpg
9,sj,09_HA_sj,155,HA,Happiness,C:\Users\kundu\OneDrive\Desktop\KMU-FED-2\data\frames\09_HA_sj\09_HA_sj_155.jpg,1600,1200,RGB,09_HA_sj_155.jpg,C:\Users\kundu\Downloads\KMU-FED\09_HA_sj_155.jpg
9,sj,09_HA_sj,156,HA,Happiness,C:\Users\kundu\OneDrive\Desktop\KMU-FED-2\data\frames\09_HA_sj\09_HA_sj_156.jpg,1600,1200,RGB,09_HA_sj_156.jpg,C:\Users\kundu\Downloads\KMU-FED\09_HA_sj_156.jpg
9,sj,09_HA_sj,157,HA,Happiness,C:\Users\kundu\OneDrive\Desktop\KMU-FED-2\data\frames\09_HA_sj\09_HA_sj_157.jpg,1600,1200,RGB,09_HA_sj_157.jpg,C:\Users\kundu\Downloads\KMU-FED\09_HA_sj_157.jpg
9,sj,09_HA_sj,158,HA,Happiness,C:\Users\kundu\OneDrive\Desktop\KMU-FED-2\data\frames\09_HA_sj\09_HA_sj_158.jpg,1600,1200,RGB,09_HA_sj_158.jpg,C:\Users\kundu\Downloads\KMU-FED\09_HA_sj_158.jpg
9,sj,09_HA_sj,159,HA,Happiness,C:\Users\kundu\OneDrive\Desktop\KMU-FED-2\data\frames\09_HA_sj\09_HA_sj_159.jpg,1600,1200,RGB,09_HA_sj_159.jpg,C:\Users\kundu\Downloads\KMU-FED\09_HA_sj_159.jpg
9,sj,09_HA_sj,160,HA,Happiness,C:\Users\kundu\OneDrive\Desktop\KMU-FED-2\data\frames\09_HA_sj\09_HA_sj_160.jpg,1600,1200,RGB,09_HA_sj_160.jpg,C:\Users\kundu\Downloads\KMU-FED\09_HA_sj_160.jpg
9,sj,09_HA_sj,161,HA,Happiness,C:\Users\kundu\OneDrive\Desktop\KMU-FED-2\data\frames\09_HA_sj\09_HA_sj_161.jpg,1600,1200,RGB,09_HA_sj_161.jpg,C:\Users\kundu\Downloads\KMU-FED\09_HA_sj_161.jpg
9,sj,09_HA_sj,162,HA,Happiness,C:\Users\kundu\OneDrive\Desktop\KMU-FED-2\data\frames\09_HA_sj\09_HA_sj_162.jpg,1600,1200,RGB,09_HA_sj_162.jpg,C:\Users\kundu\Downloads\KMU-FED\09_HA_sj_162.jpg
9,sj,09_HA_sj,163,HA,Happiness,C:\Users\kundu\OneDrive\Desktop\KMU-FED-2\data\frames\09_HA_sj\09_HA_sj_163.jpg,1600,1200,RGB,09_HA_sj_163.jpg,C:\Users\kundu\Downloads\KMU-FED\09_HA_sj_163.jpg
9,sj,09_HA_sj,164,HA,Happiness,C:\Users\kundu\OneDrive\Desktop\KMU-FED-2\data\frames\09_HA_sj\09_HA_sj_164.jpg,1600,1200,RGB,09_HA_sj_164.jpg,C:\Users\kundu\Downloads\KMU-FED\09_HA_sj_164.jpg
9,sj,09_HA_sj,165,HA,Happiness,C:\Users\kundu\OneDrive\Desktop\KMU-FED-2\data\frames\09_HA_sj\09_HA_sj_165.jpg,1600,1200,RGB,09_HA_sj_165.jpg,C:\Users\kundu\Downloads\KMU-FED\09_HA_sj_165.jpg
9,sj,09_HA_sj,166,HA,Happiness,C:\Users\kundu\OneDrive\Desktop\KMU-FED-2\data\frames\09_HA_sj\09_HA_sj_166.jpg,1600,1200,RGB,09_HA_sj_166.jpg,C:\Users\kundu\Downloads\KMU-FED\09_HA_sj_166.jpg
9,sj,09_HA_sj,167,HA,Happiness,C:\Users\kundu\OneDrive\Desktop\KMU-FED-2\data\frames\09_HA_sj\09_HA_sj_167.jpg,1600,1200,RGB,09_HA_sj_167.jpg,C:\Users\kundu\Downloads\KMU-FED\09_HA_sj_167.jpg
9,sj,09_HA_sj,168,HA,Happiness,C:\Users\kundu\OneDrive\Desktop\KMU-FED-2\data\frames\09_HA_sj\09_HA_sj_168.jpg,1600,1200,RGB,09_HA_sj_168.jpg,C:\Users\kundu\Downloads\KMU-FED\09_HA_sj_168.jpg
9,sj,09_HA_sj,169,HA,Happiness,C:\Users\kundu\OneDrive\Desktop\KMU-FED-2\data\frames\09_HA_sj\09_HA_sj_169.jpg,1600,1200,RGB,09_HA_sj_169.jpg,C:\Users\kundu\Downloads\KMU-FED\09_HA_sj_169.jpg
9,sj,09_HA_sj,170,HA,Happiness,C:\Users\kundu\OneDrive\Desktop\KMU-FED-2\data\frames\09_HA_sj\09_HA_sj_170.jpg,1600,1200,RGB,09_HA_sj_170.jpg,C:\Users\kundu\Downloads\KMU-FED\09_HA_sj_170.jpg
9,sj,09_SA_sj,110,SA,Sadness,C:\Users\kundu\OneDrive\Desktop\KMU-FED-2\data\frames\09_SA_sj\09_SA_sj_110.jpg,1600,1200,RGB,09_SA_sj_110.jpg,C:\Users\kundu\Downloads\KMU-FED\09_SA_sj_110.jpg
9,sj,09_SA_sj,111,SA,Sadness,C:\Users\kundu\OneDrive\Desktop\KMU-FED-2\data\frames\09_SA_sj\09_SA_sj_111.jpg,1600,1200,RGB,09_SA_sj_111.jpg,C:\Users\kundu\Downloads\KMU-FED\09_SA_sj_111.jpg
9,sj,09_SA_sj,112,SA,Sadness,C:\Users\kundu\OneDrive\Desktop\KMU-FED-2\data\frames\09_SA_sj\09_SA_sj_112.jpg,1600,1200,RGB,09_SA_sj_112.jpg,C:\Users\kundu\Downloads\KMU-FED\09_SA_sj_112.jpg
9,sj,09_SA_sj,113,SA,Sadness,C:\Users\kundu\OneDrive\Desktop\KMU-FED-2\data\frames\09_SA_sj\09_SA_sj_113.jpg,1600,1200,RGB,09_SA_sj_113.jpg,C:\Users\kundu\Downloads\KMU-FED\09_SA_sj_113.jpg
9,sj,09_SA_sj,114,SA,Sadness,C:\Users\kundu\OneDrive\Desktop\KMU-FED-2\data\frames\09_SA_sj\09_SA_sj_114.jpg,1600,1200,RGB,09_SA_sj_114.jpg,C:\Users\kundu\Downloads\KMU-FED\09_SA_sj_114.jpg
9,sj,09_SA_sj,115,SA,Sadness,C:\Users\kundu\OneDrive\Desktop\KMU-FED-2\data\frames\09_SA_sj\09_SA_sj_115.jpg,1600,1200,RGB,09_SA_sj_115.jpg,C:\Users\kundu\Downloads\KMU-FED\09_SA_sj_115.jpg
9,sj,09_SA_sj,116,SA,Sadness,C:\Users\kundu\OneDrive\Desktop\KMU-FED-2\data\frames\09_SA_sj\09_SA_sj_116.jpg,1600,1200,RGB,09_SA_sj_116.jpg,C:\Users\kundu\Downloads\KMU-FED\09_SA_sj_116.jpg
9,sj,09_SA_sj,117,SA,Sadness,C:\Users\kundu\OneDrive\Desktop\KMU-FED-2\data\frames\09_SA_sj\09_SA_sj_117.jpg,1600,1200,RGB,09_SA_sj_117.jpg,C:\Users\kundu\Downloads\KMU-FED\09_SA_sj_117.jpg
9,sj,09_SA_sj,118,SA,Sadness,C:\Users\kundu\OneDrive\Desktop\KMU-FED-2\data\frames\09_SA_sj\09_SA_sj_118.jpg,1600,1200,RGB,09_SA_sj_118.jpg,C:\Users\kundu\Downloads\KMU-FED\09_SA_sj_118.jpg
9,sj,09_SA_sj,119,SA,Sadness,C:\Users\kundu\OneDrive\Desktop\KMU-FED-2\data\frames\09_SA_sj\09_SA_sj_119.jpg,1600,1200,RGB,09_SA_sj_119.jpg,C:\Users\kundu\Downloads\KMU-FED\09_SA_sj_119.jpg
9,sj,09_SU_sj,101,SU,Surprise,C:\Users\kundu\OneDrive\Desktop\KMU-FED-2\data\frames\09_SU_sj\09_SU_sj_101.jpg,1600,1200,RGB,09_SU_sj_101.jpg,C:\Users\kundu\Downloads\KMU-FED\09_SU_sj_101.jpg
9,sj,09_SU_sj,102,SU,Surprise,C:\Users\kundu\OneDrive\Desktop\KMU-FED-2\data\frames\09_SU_sj\09_SU_sj_102.jpg,1600,1200,RGB,09_SU_sj_102.jpg,C:\Users\kundu\Downloads\KMU-FED\09_SU_sj_102.jpg
9,sj,09_SU_sj,103,SU,Surprise,C:\Users\kundu\OneDrive\Desktop\KMU-FED-2\data\frames\09_SU_sj\09_SU_sj_103.jpg,1600,1200,RGB,09_SU_sj_103.jpg,C:\Users\kundu\Downloads\KMU-FED\09_SU_sj_103.jpg
9,sj,09_SU_sj,104,SU,Surprise,C:\Users\kundu\OneDrive\Desktop\KMU-FED-2\data\frames\09_SU_sj\09_SU_sj_104.jpg,1600,1200,RGB,09_SU_sj_104.jpg,C:\Users\kundu\Downloads\KMU-FED\09_SU_sj_104.jpg
9,sj,09_SU_sj,105,SU,Surprise,C:\Users\kundu\OneDrive\Desktop\KMU-FED-2\data\frames\09_SU_sj\09_SU_sj_105.jpg,1600,1200,RGB,09_SU_sj_105.jpg,C:\Users\kundu\Downloads\KMU-FED\09_SU_sj_105.jpg
9,sj,09_SU_sj,106,SU,Surprise,C:\Users\kundu\OneDrive\Desktop\KMU-FED-2\data\frames\09_SU_sj\09_SU_sj_106.jpg,1600,1200,RGB,09_SU_sj_106.jpg,C:\Users\kundu\Downloads\KMU-FED\09_SU_sj_106.jpg
9,sj,09_SU_sj,107,SU,Surprise,C:\Users\kundu\OneDrive\Desktop\KMU-FED-2\data\frames\09_SU_sj\09_SU_sj_107.jpg,1600,1200,RGB,09_SU_sj_107.jpg,C:\Users\kundu\Downloads\KMU-FED\09_SU_sj_107.jpg
9,sj,09_SU_sj,108,SU,Surprise,C:\Users\kundu\OneDrive\Desktop\KMU-FED-2\data\frames\09_SU_sj\09_SU_sj_108.jpg,1600,1200,RGB,09_SU_sj_108.jpg,C:\Users\kundu\Downloads\KMU-FED\09_SU_sj_108.jpg
9,sj,09_SU_sj,109,SU,Surprise,C:\Users\kundu\OneDrive\Desktop\KMU-FED-2\data\frames\09_SU_sj\09_SU_sj_109.jpg,1600,1200,RGB,09_SU_sj_109.jpg,C:\Users\kundu\Downloads\KMU-FED\09_SU_sj_109.jpg
9,sj,09_SU_sj,110,SU,Surprise,C:\Users\kundu\OneDrive\Desktop\KMU-FED-2\data\frames\09_SU_sj\09_SU_sj_110.jpg,1600,1200,RGB,09_SU_sj_110.jpg,C:\Users\kundu\Downloads\KMU-FED\09_SU_sj_110.jpg
10,ko,10_AN_ko,141,AN,Anger,C:\Users\kundu\OneDrive\Desktop\KMU-FED-2\data\frames\10_AN_ko\10_AN_ko_141.jpg,1600,1200,RGB,10_AN_ko_141.jpg,C:\Users\kundu\Downloads\KMU-FED\10_AN_ko_141.jpg
10,ko,10_AN_ko,142,AN,Anger,C:\Users\kundu\OneDrive\Desktop\KMU-FED-2\data\frames\10_AN_ko\10_AN_ko_142.jpg,1600,1200,RGB,10_AN_ko_142.jpg,C:\Users\kundu\Downloads\KMU-FED\10_AN_ko_142.jpg
10,ko,10_AN_ko,143,AN,Anger,C:\Users\kundu\OneDrive\Desktop\KMU-FED-2\data\frames\10_AN_ko\10_AN_ko_143.jpg,1600,1200,RGB,10_AN_ko_143.jpg,C:\Users\kundu\Downloads\KMU-FED\10_AN_ko_143.jpg
10,ko,10_AN_ko,144,AN,Anger,C:\Users\kundu\OneDrive\Desktop\KMU-FED-2\data\frames\10_AN_ko\10_AN_ko_144.jpg,1600,1200,RGB,10_AN_ko_144.jpg,C:\Users\kundu\Downloads\KMU-FED\10_AN_ko_144.jpg
10,ko,10_AN_ko,145,AN,Anger,C:\Users\kundu\OneDrive\Desktop\KMU-FED-2\data\frames\10_AN_ko\10_AN_ko_145.jpg,1600,1200,RGB,10_AN_ko_145.jpg,C:\Users\kundu\Downloads\KMU-FED\10_AN_ko_145.jpg
10,ko,10_AN_ko,146,AN,Anger,C:\Users\kundu\OneDrive\Desktop\KMU-FED-2\data\frames\10_AN_ko\10_AN_ko_146.jpg,1600,1200,RGB,10_AN_ko_146.jpg,C:\Users\kundu\Downloads\KMU-FED\10_AN_ko_146.jpg
10,ko,10_AN_ko,147,AN,Anger,C:\Users\kundu\OneDrive\Desktop\KMU-FED-2\data\frames\10_AN_ko\10_AN_ko_147.jpg,1600,1200,RGB,10_AN_ko_147.jpg,C:\Users\kundu\Downloads\KMU-FED\10_AN_ko_147.jpg
10,ko,10_AN_ko,148,AN,Anger,C:\Users\kundu\OneDrive\Desktop\KMU-FED-2\data\frames\10_AN_ko\10_AN_ko_148.jpg,1600,1200,RGB,10_AN_ko_148.jpg,C:\Users\kundu\Downloads\KMU-FED\10_AN_ko_148.jpg
10,ko,10_AN_ko,149,AN,Anger,C:\Users\kundu\OneDrive\Desktop\KMU-FED-2\data\frames\10_AN_ko\10_AN_ko_149.jpg,1600,1200,RGB,10_AN_ko_149.jpg,C:\Users\kundu\Downloads\KMU-FED\10_AN_ko_149.jpg
10,ko,10_AN_ko,150,AN,Anger,C:\Users\kundu\OneDrive\Desktop\KMU-FED-2\data\frames\10_AN_ko\10_AN_ko_150.jpg,1600,1200,RGB,10_AN_ko_150.jpg,C:\Users\kundu\Downloads\KMU-FED\10_AN_ko_150.jpg
10,ko,10_DI_ko,91,DI,Disgust,C:\Users\kundu\OneDrive\Desktop\KMU-FED-2\data\frames\10_DI_ko\10_DI_ko_091.jpg,1600,1200,RGB,10_DI_ko_091.jpg,C:\Users\kundu\Downloads\KMU-FED\10_DI_ko_091.jpg
10,ko,10_DI_ko,92,DI,Disgust,C:\Users\kundu\OneDrive\Desktop\KMU-FED-2\data\frames\10_DI_ko\10_DI_ko_092.jpg,1600,1200,RGB,10_DI_ko_092.jpg,C:\Users\kundu\Downloads\KMU-FED\10_DI_ko_092.jpg
10,ko,10_DI_ko,93,DI,Disgust,C:\Users\kundu\OneDrive\Desktop\KMU-FED-2\data\frames\10_DI_ko\10_DI_ko_093.jpg,1600,1200,RGB,10_DI_ko_093.jpg,C:\Users\kundu\Downloads\KMU-FED\10_DI_ko_093.jpg
10,ko,10_DI_ko,94,DI,Disgust,C:\Users\kundu\OneDrive\Desktop\KMU-FED-2\data\frames\10_DI_ko\10_DI_ko_094.jpg,1600,1200,RGB,10_DI_ko_094.jpg,C:\Users\kundu\Downloads\KMU-FED\10_DI_ko_094.jpg
10,ko,10_DI_ko,95,DI,Disgust,C:\Users\kundu\OneDrive\Desktop\KMU-FED-2\data\frames\10_DI_ko\10_DI_ko_095.jpg,1600,1200,RGB,10_DI_ko_095.jpg,C:\Users\kundu\Downloads\KMU-FED\10_DI_ko_095.jpg
10,ko,10_DI_ko,96,DI,Disgust,C:\Users\kundu\OneDrive\Desktop\KMU-FED-2\data\frames\10_DI_ko\10_DI_ko_096.jpg,1600,1200,RGB,10_DI_ko_096.jpg,C:\Users\kundu\Downloads\KMU-FED\10_DI_ko_096.jpg
10,ko,10_DI_ko,97,DI,Disgust,C:\Users\kundu\OneDrive\Desktop\KMU-FED-2\data\frames\10_DI_ko\10_DI_ko_097.jpg,1600,1200,RGB,10_DI_ko_097.jpg,C:\Users\kundu\Downloads\KMU-FED\10_DI_ko_097.jpg
10,ko,10_DI_ko,98,DI,Disgust,C:\Users\kundu\OneDrive\Desktop\KMU-FED-2\data\frames\10_DI_ko\10_DI_ko_098.jpg,1600,1200,RGB,10_DI_ko_098.jpg,C:\Users\kundu\Downloads\KMU-FED\10_DI_ko_098.jpg
10,ko,10_DI_ko,99,DI,Disgust,C:\Users\kundu\OneDrive\Desktop\KMU-FED-2\data\frames\10_DI_ko\10_DI_ko_099.jpg,1600,1200,RGB,10_DI_ko_099.jpg,C:\Users\kundu\Downloads\KMU-FED\10_DI_ko_099.jpg
10,ko,10_DI_ko,100,DI,Disgust,C:\Users\kundu\OneDrive\Desktop\KMU-FED-2\data\frames\10_DI_ko\10_DI_ko_100.jpg,1600,1200,RGB,10_DI_ko_100.jpg,C:\Users\kundu\Downloads\KMU-FED\10_DI_ko_100.jpg
10,ko,10_FE_ko,161,FE,Fear,C:\Users\kundu\OneDrive\Desktop\KMU-FED-2\data\frames\10_FE_ko\10_FE_ko_161.jpg,1600,1200,RGB,10_FE_ko_161.jpg,C:\Users\kundu\Downloads\KMU-FED\10_FE_ko_161.jpg
10,ko,10_FE_ko,162,FE,Fear,C:\Users\kundu\OneDrive\Desktop\KMU-FED-2\data\frames\10_FE_ko\10_FE_ko_162.jpg,1600,1200,RGB,10_FE_ko_162.jpg,C:\Users\kundu\Downloads\KMU-FED\10_FE_ko_162.jpg
10,ko,10_FE_ko,163,FE,Fear,C:\Users\kundu\OneDrive\Desktop\KMU-FED-2\data\frames\10_FE_ko\10_FE_ko_163.jpg,1600,1200,RGB,10_FE_ko_163.jpg,C:\Users\kundu\Downloads\KMU-FED\10_FE_ko_163.jpg
10,ko,10_FE_ko,164,FE,Fear,C:\Users\kundu\OneDrive\Desktop\KMU-FED-2\data\frames\10_FE_ko\10_FE_ko_164.jpg,1600,1200,RGB,10_FE_ko_164.jpg,C:\Users\kundu\Downloads\KMU-FED\10_FE_ko_164.jpg
10,ko,10_FE_ko,165,FE,Fear,C:\Users\kundu\OneDrive\Desktop\KMU-FED-2\data\frames\10_FE_ko\10_FE_ko_165.jpg,1600,1200,RGB,10_FE_ko_165.jpg,C:\Users\kundu\Downloads\KMU-FED\10_FE_ko_165.jpg
10,ko,10_FE_ko,166,FE,Fear,C:\Users\kundu\OneDrive\Desktop\KMU-FED-2\data\frames\10_FE_ko\10_FE_ko_166.jpg,1600,1200,RGB,10_FE_ko_166.jpg,C:\Users\kundu\Downloads\KMU-FED\10_FE_ko_166.jpg
10,ko,10_FE_ko,167,FE,Fear,C:\Users\kundu\OneDrive\Desktop\KMU-FED-2\data\frames\10_FE_ko\10_FE_ko_167.jpg,1600,1200,RGB,10_FE_ko_167.jpg,C:\Users\kundu\Downloads\KMU-FED\10_FE_ko_167.jpg
10,ko,10_FE_ko,168,FE,Fear,C:\Users\kundu\OneDrive\Desktop\KMU-FED-2\data\frames\10_FE_ko\10_FE_ko_168.jpg,1600,1200,RGB,10_FE_ko_168.jpg,C:\Users\kundu\Downloads\KMU-FED\10_FE_ko_168.jpg
10,ko,10_FE_ko,169,FE,Fear,C:\Users\kundu\OneDrive\Desktop\KMU-FED-2\data\frames\10_FE_ko\10_FE_ko_169.jpg,1600,1200,RGB,10_FE_ko_169.jpg,C:\Users\kundu\Downloads\KMU-FED\10_FE_ko_169.jpg
10,ko,10_FE_ko,170,FE,Fear,C:\Users\kundu\OneDrive\Desktop\KMU-FED-2\data\frames\10_FE_ko\10_FE_ko_170.jpg,1600,1200,RGB,10_FE_ko_170.jpg,C:\Users\kundu\Downloads\KMU-FED\10_FE_ko_170.jpg
10,ko,10_FE_ko,171,FE,Fear,C:\Users\kundu\OneDrive\Desktop\KMU-FED-2\data\frames\10_FE_ko\10_FE_ko_171.jpg,1600,1200,RGB,10_FE_ko_171.jpg,C:\Users\kundu\Downloads\KMU-FED\10_FE_ko_171.jpg
10,ko,10_FE_ko,172,FE,Fear,C:\Users\kundu\OneDrive\Desktop\KMU-FED-2\data\frames\10_FE_ko\10_FE_ko_172.jpg,1600,1200,RGB,10_FE_ko_172.jpg,C:\Users\kundu\Downloads\KMU-FED\10_FE_ko_172.jpg
10,ko,10_FE_ko,173,FE,Fear,C:\Users\kundu\OneDrive\Desktop\KMU-FED-2\data\frames\10_FE_ko\10_FE_ko_173.jpg,1600,1200,RGB,10_FE_ko_173.jpg,C:\Users\kundu\Downloads\KMU-FED\10_FE_ko_173.jpg
10,ko,10_FE_ko,174,FE,Fear,C:\Users\kundu\OneDrive\Desktop\KMU-FED-2\data\frames\10_FE_ko\10_FE_ko_174.jpg,1600,1200,RGB,10_FE_ko_174.jpg,C:\Users\kundu\Downloads\KMU-FED\10_FE_ko_174.jpg
10,ko,10_FE_ko,175,FE,Fear,C:\Users\kundu\OneDrive\Desktop\KMU-FED-2\data\frames\10_FE_ko\10_FE_ko_175.jpg,1600,1200,RGB,10_FE_ko_175.jpg,C:\Users\kundu\Downloads\KMU-FED\10_FE_ko_175.jpg
10,ko,10_FE_ko,176,FE,Fear,C:\Users\kundu\OneDrive\Desktop\KMU-FED-2\data\frames\10_FE_ko\10_FE_ko_176.jpg,1600,1200,RGB,10_FE_ko_176.jpg,C:\Users\kundu\Downloads\KMU-FED\10_FE_ko_176.jpg
10,ko,10_FE_ko,177,FE,Fear,C:\Users\kundu\OneDrive\Desktop\KMU-FED-2\data\frames\10_FE_ko\10_FE_ko_177.jpg,1600,1200,RGB,10_FE_ko_177.jpg,C:\Users\kundu\Downloads\KMU-FED\10_FE_ko_177.jpg
10,ko,10_FE_ko,178,FE,Fear,C:\Users\kundu\OneDrive\Desktop\KMU-FED-2\data\frames\10_FE_ko\10_FE_ko_178.jpg,1600,1200,RGB,10_FE_ko_178.jpg,C:\Users\kundu\Downloads\KMU-FED\10_FE_ko_178.jpg
10,ko,10_FE_ko,179,FE,Fear,C:\Users\kundu\OneDrive\Desktop\KMU-FED-2\data\frames\10_FE_ko\10_FE_ko_179.jpg,1600,1200,RGB,10_FE_ko_179.jpg,C:\Users\kundu\Downloads\KMU-FED\10_FE_ko_179.jpg
10,ko,10_FE_ko,180,FE,Fear,C:\Users\kundu\OneDrive\Desktop\KMU-FED-2\data\frames\10_FE_ko\10_FE_ko_180.jpg,1600,1200,RGB,10_FE_ko_180.jpg,C:\Users\kundu\Downloads\KMU-FED\10_FE_ko_180.jpg
10,ko,10_HA_ko,171,HA,Happiness,C:\Users\kundu\OneDrive\Desktop\KMU-FED-2\data\frames\10_HA_ko\10_HA_ko_171.jpg,1600,1200,RGB,10_HA_ko_171.jpg,C:\Users\kundu\Downloads\KMU-FED\10_HA_ko_171.jpg
10,ko,10_HA_ko,172,HA,Happiness,C:\Users\kundu\OneDrive\Desktop\KMU-FED-2\data\frames\10_HA_ko\10_HA_ko_172.jpg,1600,1200,RGB,10_HA_ko_172.jpg,C:\Users\kundu\Downloads\KMU-FED\10_HA_ko_172.jpg
10,ko,10_HA_ko,173,HA,Happiness,C:\Users\kundu\OneDrive\Desktop\KMU-FED-2\data\frames\10_HA_ko\10_HA_ko_173.jpg,1600,1200,RGB,10_HA_ko_173.jpg,C:\Users\kundu\Downloads\KMU-FED\10_HA_ko_173.jpg
10,ko,10_HA_ko,174,HA,Happiness,C:\Users\kundu\OneDrive\Desktop\KMU-FED-2\data\frames\10_HA_ko\10_HA_ko_174.jpg,1600,1200,RGB,10_HA_ko_174.jpg,C:\Users\kundu\Downloads\KMU-FED\10_HA_ko_174.jpg
10,ko,10_HA_ko,175,HA,Happiness,C:\Users\kundu\OneDrive\Desktop\KMU-FED-2\data\frames\10_HA_ko\10_HA_ko_175.jpg,1600,1200,RGB,10_HA_ko_175.jpg,C:\Users\kundu\Downloads\KMU-FED\10_HA_ko_175.jpg
10,ko,10_HA_ko,176,HA,Happiness,C:\Users\kundu\OneDrive\Desktop\KMU-FED-2\data\frames\10_HA_ko\10_HA_ko_176.jpg,1600,1200,RGB,10_HA_ko_176.jpg,C:\Users\kundu\Downloads\KMU-FED\10_HA_ko_176.jpg
10,ko,10_HA_ko,177,HA,Happiness,C:\Users\kundu\OneDrive\Desktop\KMU-FED-2\data\frames\10_HA_ko\10_HA_ko_177.jpg,1600,1200,RGB,10_HA_ko_177.jpg,C:\Users\kundu\Downloads\KMU-FED\10_HA_ko_177.jpg
10,ko,10_HA_ko,178,HA,Happiness,C:\Users\kundu\OneDrive\Desktop\KMU-FED-2\data\frames\10_HA_ko\10_HA_ko_178.jpg,1600,1200,RGB,10_HA_ko_178.jpg,C:\Users\kundu\Downloads\KMU-FED\10_HA_ko_178.jpg
10,ko,10_HA_ko,179,HA,Happiness,C:\Users\kundu\OneDrive\Desktop\KMU-FED-2\data\frames\10_HA_ko\10_HA_ko_179.jpg,1600,1200,RGB,10_HA_ko_179.jpg,C:\Users\kundu\Downloads\KMU-FED\10_HA_ko_179.jpg
10,ko,10_HA_ko,180,HA,Happiness,C:\Users\kundu\OneDrive\Desktop\KMU-FED-2\data\frames\10_HA_ko\10_HA_ko_180.jpg,1600,1200,RGB,10_HA_ko_180.jpg,C:\Users\kundu\Downloads\KMU-FED\10_HA_ko_180.jpg
10,ko,10_HA_ko,181,HA,Happiness,C:\Users\kundu\OneDrive\Desktop\KMU-FED-2\data\frames\10_HA_ko\10_HA_ko_181.jpg,1600,1200,RGB,10_HA_ko_181.jpg,C:\Users\kundu\Downloads\KMU-FED\10_HA_ko_181.jpg
10,ko,10_HA_ko,182,HA,Happiness,C:\Users\kundu\OneDrive\Desktop\KMU-FED-2\data\frames\10_HA_ko\10_HA_ko_182.jpg,1600,1200,RGB,10_HA_ko_182.jpg,C:\Users\kundu\Downloads\KMU-FED\10_HA_ko_182.jpg
10,ko,10_HA_ko,183,HA,Happiness,C:\Users\kundu\OneDrive\Desktop\KMU-FED-2\data\frames\10_HA_ko\10_HA_ko_183.jpg,1600,1200,RGB,10_HA_ko_183.jpg,C:\Users\kundu\Downloads\KMU-FED\10_HA_ko_183.jpg
10,ko,10_HA_ko,184,HA,Happiness,C:\Users\kundu\OneDrive\Desktop\KMU-FED-2\data\frames\10_HA_ko\10_HA_ko_184.jpg,1600,1200,RGB,10_HA_ko_184.jpg,C:\Users\kundu\Downloads\KMU-FED\10_HA_ko_184.jpg
10,ko,10_HA_ko,185,HA,Happiness,C:\Users\kundu\OneDrive\Desktop\KMU-FED-2\data\frames\10_HA_ko\10_HA_ko_185.jpg,1600,1200,RGB,10_HA_ko_185.jpg,C:\Users\kundu\Downloads\KMU-FED\10_HA_ko_185.jpg
10,ko,10_HA_ko,186,HA,Happiness,C:\Users\kundu\OneDrive\Desktop\KMU-FED-2\data\frames\10_HA_ko\10_HA_ko_186.jpg,1600,1200,RGB,10_HA_ko_186.jpg,C:\Users\kundu\Downloads\KMU-FED\10_HA_ko_186.jpg
10,ko,10_HA_ko,187,HA,Happiness,C:\Users\kundu\OneDrive\Desktop\KMU-FED-2\data\frames\10_HA_ko\10_HA_ko_187.jpg,1600,1200,RGB,10_HA_ko_187.jpg,C:\Users\kundu\Downloads\KMU-FED\10_HA_ko_187.jpg
10,ko,10_HA_ko,188,HA,Happiness,C:\Users\kundu\OneDrive\Desktop\KMU-FED-2\data\frames\10_HA_ko\10_HA_ko_188.jpg,1600,1200,RGB,10_HA_ko_188.jpg,C:\Users\kundu\Downloads\KMU-FED\10_HA_ko_188.jpg
10,ko,10_HA_ko,189,HA,Happiness,C:\Users\kundu\OneDrive\Desktop\KMU-FED-2\data\frames\10_HA_ko\10_HA_ko_189.jpg,1600,1200,RGB,10_HA_ko_189.jpg,C:\Users\kundu\Downloads\KMU-FED\10_HA_ko_189.jpg
10,ko,10_HA_ko,190,HA,Happiness,C:\Users\kundu\OneDrive\Desktop\KMU-FED-2\data\frames\10_HA_ko\10_HA_ko_190.jpg,1600,1200,RGB,10_HA_ko_190.jpg,C:\Users\kundu\Downloads\KMU-FED\10_HA_ko_190.jpg
10,ko,10_SU_ko,111,SU,Surprise,C:\Users\kundu\OneDrive\Desktop\KMU-FED-2\data\frames\10_SU_ko\10_SU_ko_111.jpg,1600,1200,RGB,10_SU_ko_111.jpg,C:\Users\kundu\Downloads\KMU-FED\10_SU_ko_111.jpg
10,ko,10_SU_ko,112,SU,Surprise,C:\Users\kundu\OneDrive\Desktop\KMU-FED-2\data\frames\10_SU_ko\10_SU_ko_112.jpg,1600,1200,RGB,10_SU_ko_112.jpg,C:\Users\kundu\Downloads\KMU-FED\10_SU_ko_112.jpg
10,ko,10_SU_ko,113,SU,Surprise,C:\Users\kundu\OneDrive\Desktop\KMU-FED-2\data\frames\10_SU_ko\10_SU_ko_113.jpg,1600,1200,RGB,10_SU_ko_113.jpg,C:\Users\kundu\Downloads\KMU-FED\10_SU_ko_113.jpg
10,ko,10_SU_ko,114,SU,Surprise,C:\Users\kundu\OneDrive\Desktop\KMU-FED-2\data\frames\10_SU_ko\10_SU_ko_114.jpg,1600,1200,RGB,10_SU_ko_114.jpg,C:\Users\kundu\Downloads\KMU-FED\10_SU_ko_114.jpg
10,ko,10_SU_ko,115,SU,Surprise,C:\Users\kundu\OneDrive\Desktop\KMU-FED-2\data\frames\10_SU_ko\10_SU_ko_115.jpg,1600,1200,RGB,10_SU_ko_115.jpg,C:\Users\kundu\Downloads\KMU-FED\10_SU_ko_115.jpg
10,ko,10_SU_ko,116,SU,Surprise,C:\Users\kundu\OneDrive\Desktop\KMU-FED-2\data\frames\10_SU_ko\10_SU_ko_116.jpg,1600,1200,RGB,10_SU_ko_116.jpg,C:\Users\kundu\Downloads\KMU-FED\10_SU_ko_116.jpg
10,ko,10_SU_ko,117,SU,Surprise,C:\Users\kundu\OneDrive\Desktop\KMU-FED-2\data\frames\10_SU_ko\10_SU_ko_117.jpg,1600,1200,RGB,10_SU_ko_117.jpg,C:\Users\kundu\Downloads\KMU-FED\10_SU_ko_117.jpg
10,ko,10_SU_ko,118,SU,Surprise,C:\Users\kundu\OneDrive\Desktop\KMU-FED-2\data\frames\10_SU_ko\10_SU_ko_118.jpg,1600,1200,RGB,10_SU_ko_118.jpg,C:\Users\kundu\Downloads\KMU-FED\10_SU_ko_118.jpg
10,ko,10_SU_ko,119,SU,Surprise,C:\Users\kundu\OneDrive\Desktop\KMU-FED-2\data\frames\10_SU_ko\10_SU_ko_119.jpg,1600,1200,RGB,10_SU_ko_119.jpg,C:\Users\kundu\Downloads\KMU-FED\10_SU_ko_119.jpg
10,ko,10_SU_ko,120,SU,Surprise,C:\Users\kundu\OneDrive\Desktop\KMU-FED-2\data\frames\10_SU_ko\10_SU_ko_120.jpg,1600,1200,RGB,10_SU_ko_120.jpg,C:\Users\kundu\Downloads\KMU-FED\10_SU_ko_120.jpg
10,ko,10_SU_ko,121,SU,Surprise,C:\Users\kundu\OneDrive\Desktop\KMU-FED-2\data\frames\10_SU_ko\10_SU_ko_121.jpg,1600,1200,RGB,10_SU_ko_121.jpg,C:\Users\kundu\Downloads\KMU-FED\10_SU_ko_121.jpg
10,ko,10_SU_ko,122,SU,Surprise,C:\Users\kundu\OneDrive\Desktop\KMU-FED-2\data\frames\10_SU_ko\10_SU_ko_122.jpg,1600,1200,RGB,10_SU_ko_122.jpg,C:\Users\kundu\Downloads\KMU-FED\10_SU_ko_122.jpg
10,ko,10_SU_ko,123,SU,Surprise,C:\Users\kundu\OneDrive\Desktop\KMU-FED-2\data\frames\10_SU_ko\10_SU_ko_123.jpg,1600,1200,RGB,10_SU_ko_123.jpg,C:\Users\kundu\Downloads\KMU-FED\10_SU_ko_123.jpg
10,ko,10_SU_ko,124,SU,Surprise,C:\Users\kundu\OneDrive\Desktop\KMU-FED-2\data\frames\10_SU_ko\10_SU_ko_124.jpg,1600,1200,RGB,10_SU_ko_124.jpg,C:\Users\kundu\Downloads\KMU-FED\10_SU_ko_124.jpg
10,ko,10_SU_ko,125,SU,Surprise,C:\Users\kundu\OneDrive\Desktop\KMU-FED-2\data\frames\10_SU_ko\10_SU_ko_125.jpg,1600,1200,RGB,10_SU_ko_125.jpg,C:\Users\kundu\Downloads\KMU-FED\10_SU_ko_125.jpg
10,ko,10_SU_ko,126,SU,Surprise,C:\Users\kundu\OneDrive\Desktop\KMU-FED-2\data\frames\10_SU_ko\10_SU_ko_126.jpg,1600,1200,RGB,10_SU_ko_126.jpg,C:\Users\kundu\Downloads\KMU-FED\10_SU_ko_126.jpg
10,ko,10_SU_ko,127,SU,Surprise,C:\Users\kundu\OneDrive\Desktop\KMU-FED-2\data\frames\10_SU_ko\10_SU_ko_127.jpg,1600,1200,RGB,10_SU_ko_127.jpg,C:\Users\kundu\Downloads\KMU-FED\10_SU_ko_127.jpg
10,ko,10_SU_ko,128,SU,Surprise,C:\Users\kundu\OneDrive\Desktop\KMU-FED-2\data\frames\10_SU_ko\10_SU_ko_128.jpg,1600,1200,RGB,10_SU_ko_128.jpg,C:\Users\kundu\Downloads\KMU-FED\10_SU_ko_128.jpg
10,ko,10_SU_ko,129,SU,Surprise,C:\Users\kundu\OneDrive\Desktop\KMU-FED-2\data\frames\10_SU_ko\10_SU_ko_129.jpg,1600,1200,RGB,10_SU_ko_129.jpg,C:\Users\kundu\Downloads\KMU-FED\10_SU_ko_129.jpg
10,ko,10_SU_ko,130,SU,Surprise,C:\Users\kundu\OneDrive\Desktop\KMU-FED-2\data\frames\10_SU_ko\10_SU_ko_130.jpg,1600,1200,RGB,10_SU_ko_130.jpg,C:\Users\kundu\Downloads\KMU-FED\10_SU_ko_130.jpg
11,ej,11_AN_ej,151,AN,Anger,C:\Users\kundu\OneDrive\Desktop\KMU-FED-2\data\frames\11_AN_ej\11_AN_ej_151.jpg,1600,1200,RGB,11_AN_ej_151.jpg,C:\Users\kundu\Downloads\KMU-FED\11_AN_ej_151.jpg
11,ej,11_AN_ej,152,AN,Anger,C:\Users\kundu\OneDrive\Desktop\KMU-FED-2\data\frames\11_AN_ej\11_AN_ej_152.jpg,1600,1200,RGB,11_AN_ej_152.jpg,C:\Users\kundu\Downloads\KMU-FED\11_AN_ej_152.jpg
11,ej,11_AN_ej,153,AN,Anger,C:\Users\kundu\OneDrive\Desktop\KMU-FED-2\data\frames\11_AN_ej\11_AN_ej_153.jpg,1600,1200,RGB,11_AN_ej_153.jpg,C:\Users\kundu\Downloads\KMU-FED\11_AN_ej_153.jpg
11,ej,11_AN_ej,154,AN,Anger,C:\Users\kundu\OneDrive\Desktop\KMU-FED-2\data\frames\11_AN_ej\11_AN_ej_154.jpg,1600,1200,RGB,11_AN_ej_154.jpg,C:\Users\kundu\Downloads\KMU-FED\11_AN_ej_154.jpg
11,ej,11_AN_ej,155,AN,Anger,C:\Users\kundu\OneDrive\Desktop\KMU-FED-2\data\frames\11_AN_ej\11_AN_ej_155.jpg,1600,1200,RGB,11_AN_ej_155.jpg,C:\Users\kundu\Downloads\KMU-FED\11_AN_ej_155.jpg
11,ej,11_AN_ej,156,AN,Anger,C:\Users\kundu\OneDrive\Desktop\KMU-FED-2\data\frames\11_AN_ej\11_AN_ej_156.jpg,1600,1200,RGB,11_AN_ej_156.jpg,C:\Users\kundu\Downloads\KMU-FED\11_AN_ej_156.jpg
11,ej,11_AN_ej,157,AN,Anger,C:\Users\kundu\OneDrive\Desktop\KMU-FED-2\data\frames\11_AN_ej\11_AN_ej_157.jpg,1600,1200,RGB,11_AN_ej_157.jpg,C:\Users\kundu\Downloads\KMU-FED\11_AN_ej_157.jpg
11,ej,11_AN_ej,158,AN,Anger,C:\Users\kundu\OneDrive\Desktop\KMU-FED-2\data\frames\11_AN_ej\11_AN_ej_158.jpg,1600,1200,RGB,11_AN_ej_158.jpg,C:\Users\kundu\Downloads\KMU-FED\11_AN_ej_158.jpg
11,ej,11_AN_ej,159,AN,Anger,C:\Users\kundu\OneDrive\Desktop\KMU-FED-2\data\frames\11_AN_ej\11_AN_ej_159.jpg,1600,1200,RGB,11_AN_ej_159.jpg,C:\Users\kundu\Downloads\KMU-FED\11_AN_ej_159.jpg
11,ej,11_AN_ej,160,AN,Anger,C:\Users\kundu\OneDrive\Desktop\KMU-FED-2\data\frames\11_AN_ej\11_AN_ej_160.jpg,1600,1200,RGB,11_AN_ej_160.jpg,C:\Users\kundu\Downloads\KMU-FED\11_AN_ej_160.jpg
11,ej,11_AN_ej,161,AN,Anger,C:\Users\kundu\OneDrive\Desktop\KMU-FED-2\data\frames\11_AN_ej\11_AN_ej_161.jpg,1600,1200,RGB,11_AN_ej_161.jpg,C:\Users\kundu\Downloads\KMU-FED\11_AN_ej_161.jpg
11,ej,11_AN_ej,162,AN,Anger,C:\Users\kundu\OneDrive\Desktop\KMU-FED-2\data\frames\11_AN_ej\11_AN_ej_162.jpg,1600,1200,RGB,11_AN_ej_162.jpg,C:\Users\kundu\Downloads\KMU-FED\11_AN_ej_162.jpg
11,ej,11_AN_ej,163,AN,Anger,C:\Users\kundu\OneDrive\Desktop\KMU-FED-2\data\frames\11_AN_ej\11_AN_ej_163.jpg,1600,1200,RGB,11_AN_ej_163.jpg,C:\Users\kundu\Downloads\KMU-FED\11_AN_ej_163.jpg
11,ej,11_AN_ej,164,AN,Anger,C:\Users\kundu\OneDrive\Desktop\KMU-FED-2\data\frames\11_AN_ej\11_AN_ej_164.jpg,1600,1200,RGB,11_AN_ej_164.jpg,C:\Users\kundu\Downloads\KMU-FED\11_AN_ej_164.jpg
11,ej,11_AN_ej,165,AN,Anger,C:\Users\kundu\OneDrive\Desktop\KMU-FED-2\data\frames\11_AN_ej\11_AN_ej_165.jpg,1600,1200,RGB,11_AN_ej_165.jpg,C:\Users\kundu\Downloads\KMU-FED\11_AN_ej_165.jpg
11,ej,11_AN_ej,166,AN,Anger,C:\Users\kundu\OneDrive\Desktop\KMU-FED-2\data\frames\11_AN_ej\11_AN_ej_166.jpg,1600,1200,RGB,11_AN_ej_166.jpg,C:\Users\kundu\Downloads\KMU-FED\11_AN_ej_166.jpg
11,ej,11_AN_ej,167,AN,Anger,C:\Users\kundu\OneDrive\Desktop\KMU-FED-2\data\frames\11_AN_ej\11_AN_ej_167.jpg,1600,1200,RGB,11_AN_ej_167.jpg,C:\Users\kundu\Downloads\KMU-FED\11_AN_ej_167.jpg
11,ej,11_AN_ej,168,AN,Anger,C:\Users\kundu\OneDrive\Desktop\KMU-FED-2\data\frames\11_AN_ej\11_AN_ej_168.jpg,1600,1200,RGB,11_AN_ej_168.jpg,C:\Users\kundu\Downloads\KMU-FED\11_AN_ej_168.jpg
11,ej,11_AN_ej,169,AN,Anger,C:\Users\kundu\OneDrive\Desktop\KMU-FED-2\data\frames\11_AN_ej\11_AN_ej_169.jpg,1600,1200,RGB,11_AN_ej_169.jpg,C:\Users\kundu\Downloads\KMU-FED\11_AN_ej_169.jpg
11,ej,11_AN_ej,170,AN,Anger,C:\Users\kundu\OneDrive\Desktop\KMU-FED-2\data\frames\11_AN_ej\11_AN_ej_170.jpg,1600,1200,RGB,11_AN_ej_170.jpg,C:\Users\kundu\Downloads\KMU-FED\11_AN_ej_170.jpg
11,ej,11_DI_ej,101,DI,Disgust,C:\Users\kundu\OneDrive\Desktop\KMU-FED-2\data\frames\11_DI_ej\11_DI_ej_101.jpg,1600,1200,RGB,11_DI_ej_101.jpg,C:\Users\kundu\Downloads\KMU-FED\11_DI_ej_101.jpg
11,ej,11_DI_ej,102,DI,Disgust,C:\Users\kundu\OneDrive\Desktop\KMU-FED-2\data\frames\11_DI_ej\11_DI_ej_102.jpg,1600,1200,RGB,11_DI_ej_102.jpg,C:\Users\kundu\Downloads\KMU-FED\11_DI_ej_102.jpg
11,ej,11_DI_ej,103,DI,Disgust,C:\Users\kundu\OneDrive\Desktop\KMU-FED-2\data\frames\11_DI_ej\11_DI_ej_103.jpg,1600,1200,RGB,11_DI_ej_103.jpg,C:\Users\kundu\Downloads\KMU-FED\11_DI_ej_103.jpg
11,ej,11_DI_ej,104,DI,Disgust,C:\Users\kundu\OneDrive\Desktop\KMU-FED-2\data\frames\11_DI_ej\11_DI_ej_104.jpg,1600,1200,RGB,11_DI_ej_104.jpg,C:\Users\kundu\Downloads\KMU-FED\11_DI_ej_104.jpg
11,ej,11_DI_ej,105,DI,Disgust,C:\Users\kundu\OneDrive\Desktop\KMU-FED-2\data\frames\11_DI_ej\11_DI_ej_105.jpg,1600,1200,RGB,11_DI_ej_105.jpg,C:\Users\kundu\Downloads\KMU-FED\11_DI_ej_105.jpg
11,ej,11_DI_ej,106,DI,Disgust,C:\Users\kundu\OneDrive\Desktop\KMU-FED-2\data\frames\11_DI_ej\11_DI_ej_106.jpg,1600,1200,RGB,11_DI_ej_106.jpg,C:\Users\kundu\Downloads\KMU-FED\11_DI_ej_106.jpg
11,ej,11_DI_ej,107,DI,Disgust,C:\Users\kundu\OneDrive\Desktop\KMU-FED-2\data\frames\11_DI_ej\11_DI_ej_107.jpg,1600,1200,RGB,11_DI_ej_107.jpg,C:\Users\kundu\Downloads\KMU-FED\11_DI_ej_107.jpg
11,ej,11_DI_ej,108,DI,Disgust,C:\Users\kundu\OneDrive\Desktop\KMU-FED-2\data\frames\11_DI_ej\11_DI_ej_108.jpg,1600,1200,RGB,11_DI_ej_108.jpg,C:\Users\kundu\Downloads\KMU-FED\11_DI_ej_108.jpg
11,ej,11_DI_ej,109,DI,Disgust,C:\Users\kundu\OneDrive\Desktop\KMU-FED-2\data\frames\11_DI_ej\11_DI_ej_109.jpg,1600,1200,RGB,11_DI_ej_109.jpg,C:\Users\kundu\Downloads\KMU-FED\11_DI_ej_109.jpg
11,ej,11_DI_ej,110,DI,Disgust,C:\Users\kundu\OneDrive\Desktop\KMU-FED-2\data\frames\11_DI_ej\11_DI_ej_110.jpg,1600,1200,RGB,11_DI_ej_110.jpg,C:\Users\kundu\Downloads\KMU-FED\11_DI_ej_110.jpg
11,ej,11_DI_ej,111,DI,Disgust,C:\Users\kundu\OneDrive\Desktop\KMU-FED-2\data\frames\11_DI_ej\11_DI_ej_111.jpg,1600,1200,RGB,11_DI_ej_111.jpg,C:\Users\kundu\Downloads\KMU-FED\11_DI_ej_111.jpg
11,ej,11_DI_ej,112,DI,Disgust,C:\Users\kundu\OneDrive\Desktop\KMU-FED-2\data\frames\11_DI_ej\11_DI_ej_112.jpg,1600,1200,RGB,11_DI_ej_112.jpg,C:\Users\kundu\Downloads\KMU-FED\11_DI_ej_112.jpg
11,ej,11_DI_ej,113,DI,Disgust,C:\Users\kundu\OneDrive\Desktop\KMU-FED-2\data\frames\11_DI_ej\11_DI_ej_113.jpg,1600,1200,RGB,11_DI_ej_113.jpg,C:\Users\kundu\Downloads\KMU-FED\11_DI_ej_113.jpg
11,ej,11_DI_ej,114,DI,Disgust,C:\Users\kundu\OneDrive\Desktop\KMU-FED-2\data\frames\11_DI_ej\11_DI_ej_114.jpg,1600,1200,RGB,11_DI_ej_114.jpg,C:\Users\kundu\Downloads\KMU-FED\11_DI_ej_114.jpg
11,ej,11_DI_ej,115,DI,Disgust,C:\Users\kundu\OneDrive\Desktop\KMU-FED-2\data\frames\11_DI_ej\11_DI_ej_115.jpg,1600,1200,RGB,11_DI_ej_115.jpg,C:\Users\kundu\Downloads\KMU-FED\11_DI_ej_115.jpg
11,ej,11_DI_ej,116,DI,Disgust,C:\Users\kundu\OneDrive\Desktop\KMU-FED-2\data\frames\11_DI_ej\11_DI_ej_116.jpg,1600,1200,RGB,11_DI_ej_116.jpg,C:\Users\kundu\Downloads\KMU-FED\11_DI_ej_116.jpg
11,ej,11_DI_ej,117,DI,Disgust,C:\Users\kundu\OneDrive\Desktop\KMU-FED-2\data\frames\11_DI_ej\11_DI_ej_117.jpg,1600,1200,RGB,11_DI_ej_117.jpg,C:\Users\kundu\Downloads\KMU-FED\11_DI_ej_117.jpg
11,ej,11_DI_ej,118,DI,Disgust,C:\Users\kundu\OneDrive\Desktop\KMU-FED-2\data\frames\11_DI_ej\11_DI_ej_118.jpg,1600,1200,RGB,11_DI_ej_118.jpg,C:\Users\kundu\Downloads\KMU-FED\11_DI_ej_118.jpg
11,ej,11_DI_ej,119,DI,Disgust,C:\Users\kundu\OneDrive\Desktop\KMU-FED-2\data\frames\11_DI_ej\11_DI_ej_119.jpg,1600,1200,RGB,11_DI_ej_119.jpg,C:\Users\kundu\Downloads\KMU-FED\11_DI_ej_119.jpg
11,ej,11_DI_ej,120,DI,Disgust,C:\Users\kundu\OneDrive\Desktop\KMU-FED-2\data\frames\11_DI_ej\11_DI_ej_120.jpg,1600,1200,RGB,11_DI_ej_120.jpg,C:\Users\kundu\Downloads\KMU-FED\11_DI_ej_120.jpg
11,ej,11_FE_ej,181,FE,Fear,C:\Users\kundu\OneDrive\Desktop\KMU-FED-2\data\frames\11_FE_ej\11_FE_ej_181.jpg,1600,1200,RGB,11_FE_ej_181.jpg,C:\Users\kundu\Downloads\KMU-FED\11_FE_ej_181.jpg
11,ej,11_FE_ej,182,FE,Fear,C:\Users\kundu\OneDrive\Desktop\KMU-FED-2\data\frames\11_FE_ej\11_FE_ej_182.jpg,1600,1200,RGB,11_FE_ej_182.jpg,C:\Users\kundu\Downloads\KMU-FED\11_FE_ej_182.jpg
11,ej,11_FE_ej,183,FE,Fear,C:\Users\kundu\OneDrive\Desktop\KMU-FED-2\data\frames\11_FE_ej\11_FE_ej_183.jpg,1600,1200,RGB,11_FE_ej_183.jpg,C:\Users\kundu\Downloads\KMU-FED\11_FE_ej_183.jpg
11,ej,11_FE_ej,184,FE,Fear,C:\Users\kundu\OneDrive\Desktop\KMU-FED-2\data\frames\11_FE_ej\11_FE_ej_184.jpg,1600,1200,RGB,11_FE_ej_184.jpg,C:\Users\kundu\Downloads\KMU-FED\11_FE_ej_184.jpg
11,ej,11_FE_ej,185,FE,Fear,C:\Users\kundu\OneDrive\Desktop\KMU-FED-2\data\frames\11_FE_ej\11_FE_ej_185.jpg,1600,1200,RGB,11_FE_ej_185.jpg,C:\Users\kundu\Downloads\KMU-FED\11_FE_ej_185.jpg
11,ej,11_FE_ej,186,FE,Fear,C:\Users\kundu\OneDrive\Desktop\KMU-FED-2\data\frames\11_FE_ej\11_FE_ej_186.jpg,1600,1200,RGB,11_FE_ej_186.jpg,C:\Users\kundu\Downloads\KMU-FED\11_FE_ej_186.jpg
11,ej,11_FE_ej,187,FE,Fear,C:\Users\kundu\OneDrive\Desktop\KMU-FED-2\data\frames\11_FE_ej\11_FE_ej_187.jpg,1600,1200,RGB,11_FE_ej_187.jpg,C:\Users\kundu\Downloads\KMU-FED\11_FE_ej_187.jpg
11,ej,11_FE_ej,188,FE,Fear,C:\Users\kundu\OneDrive\Desktop\KMU-FED-2\data\frames\11_FE_ej\11_FE_ej_188.jpg,1600,1200,RGB,11_FE_ej_188.jpg,C:\Users\kundu\Downloads\KMU-FED\11_FE_ej_188.jpg
11,ej,11_FE_ej,189,FE,Fear,C:\Users\kundu\OneDrive\Desktop\KMU-FED-2\data\frames\11_FE_ej\11_FE_ej_189.jpg,1600,1200,RGB,11_FE_ej_189.jpg,C:\Users\kundu\Downloads\KMU-FED\11_FE_ej_189.jpg
11,ej,11_FE_ej,190,FE,Fear,C:\Users\kundu\OneDrive\Desktop\KMU-FED-2\data\frames\11_FE_ej\11_FE_ej_190.jpg,1600,1200,RGB,11_FE_ej_190.jpg,C:\Users\kundu\Downloads\KMU-FED\11_FE_ej_190.jpg
11,ej,11_FE_ej,191,FE,Fear,C:\Users\kundu\OneDrive\Desktop\KMU-FED-2\data\frames\11_FE_ej\11_FE_ej_191.jpg,1600,1200,RGB,11_FE_ej_191.jpg,C:\Users\kundu\Downloads\KMU-FED\11_FE_ej_191.jpg
11,ej,11_FE_ej,192,FE,Fear,C:\Users\kundu\OneDrive\Desktop\KMU-FED-2\data\frames\11_FE_ej\11_FE_ej_192.jpg,1600,1200,RGB,11_FE_ej_192.jpg,C:\Users\kundu\Downloads\KMU-FED\11_FE_ej_192.jpg
11,ej,11_FE_ej,193,FE,Fear,C:\Users\kundu\OneDrive\Desktop\KMU-FED-2\data\frames\11_FE_ej\11_FE_ej_193.jpg,1600,1200,RGB,11_FE_ej_193.jpg,C:\Users\kundu\Downloads\KMU-FED\11_FE_ej_193.jpg
11,ej,11_FE_ej,194,FE,Fear,C:\Users\kundu\OneDrive\Desktop\KMU-FED-2\data\frames\11_FE_ej\11_FE_ej_194.jpg,1600,1200,RGB,11_FE_ej_194.jpg,C:\Users\kundu\Downloads\KMU-FED\11_FE_ej_194.jpg
11,ej,11_FE_ej,195,FE,Fear,C:\Users\kundu\OneDrive\Desktop\KMU-FED-2\data\frames\11_FE_ej\11_FE_ej_195.jpg,1600,1200,RGB,11_FE_ej_195.jpg,C:\Users\kundu\Downloads\KMU-FED\11_FE_ej_195.jpg
11,ej,11_FE_ej,196,FE,Fear,C:\Users\kundu\OneDrive\Desktop\KMU-FED-2\data\frames\11_FE_ej\11_FE_ej_196.jpg,1600,1200,RGB,11_FE_ej_196.jpg,C:\Users\kundu\Downloads\KMU-FED\11_FE_ej_196.jpg
11,ej,11_FE_ej,197,FE,Fear,C:\Users\kundu\OneDrive\Desktop\KMU-FED-2\data\frames\11_FE_ej\11_FE_ej_197.jpg,1600,1200,RGB,11_FE_ej_197.jpg,C:\Users\kundu\Downloads\KMU-FED\11_FE_ej_197.jpg
11,ej,11_FE_ej,198,FE,Fear,C:\Users\kundu\OneDrive\Desktop\KMU-FED-2\data\frames\11_FE_ej\11_FE_ej_198.jpg,1600,1200,RGB,11_FE_ej_198.jpg,C:\Users\kundu\Downloads\KMU-FED\11_FE_ej_198.jpg
11,ej,11_FE_ej,199,FE,Fear,C:\Users\kundu\OneDrive\Desktop\KMU-FED-2\data\frames\11_FE_ej\11_FE_ej_199.jpg,1600,1200,RGB,11_FE_ej_199.jpg,C:\Users\kundu\Downloads\KMU-FED\11_FE_ej_199.jpg
11,ej,11_FE_ej,200,FE,Fear,C:\Users\kundu\OneDrive\Desktop\KMU-FED-2\data\frames\11_FE_ej\11_FE_ej_200.jpg,1600,1200,RGB,11_FE_ej_200.jpg,C:\Users\kundu\Downloads\KMU-FED\11_FE_ej_200.jpg
11,ej,11_SA_ej,131,SA,Sadness,C:\Users\kundu\OneDrive\Desktop\KMU-FED-2\data\frames\11_SA_ej\11_SA_ej_131.jpg,1600,1200,RGB,11_SA_ej_131.jpg,C:\Users\kundu\Downloads\KMU-FED\11_SA_ej_131.jpg
11,ej,11_SA_ej,132,SA,Sadness,C:\Users\kundu\OneDrive\Desktop\KMU-FED-2\data\frames\11_SA_ej\11_SA_ej_132.jpg,1600,1200,RGB,11_SA_ej_132.jpg,C:\Users\kundu\Downloads\KMU-FED\11_SA_ej_132.jpg
11,ej,11_SA_ej,133,SA,Sadness,C:\Users\kundu\OneDrive\Desktop\KMU-FED-2\data\frames\11_SA_ej\11_SA_ej_133.jpg,1600,1200,RGB,11_SA_ej_133.jpg,C:\Users\kundu\Downloads\KMU-FED\11_SA_ej_133.jpg
11,ej,11_SA_ej,134,SA,Sadness,C:\Users\kundu\OneDrive\Desktop\KMU-FED-2\data\frames\11_SA_ej\11_SA_ej_134.jpg,1600,1200,RGB,11_SA_ej_134.jpg,C:\Users\kundu\Downloads\KMU-FED\11_SA_ej_134.jpg
11,ej,11_SA_ej,135,SA,Sadness,C:\Users\kundu\OneDrive\Desktop\KMU-FED-2\data\frames\11_SA_ej\11_SA_ej_135.jpg,1600,1200,RGB,11_SA_ej_135.jpg,C:\Users\kundu\Downloads\KMU-FED\11_SA_ej_135.jpg
11,ej,11_SA_ej,136,SA,Sadness,C:\Users\kundu\OneDrive\Desktop\KMU-FED-2\data\frames\11_SA_ej\11_SA_ej_136.jpg,1600,1200,RGB,11_SA_ej_136.jpg,C:\Users\kundu\Downloads\KMU-FED\11_SA_ej_136.jpg
11,ej,11_SA_ej,137,SA,Sadness,C:\Users\kundu\OneDrive\Desktop\KMU-FED-2\data\frames\11_SA_ej\11_SA_ej_137.jpg,1600,1200,RGB,11_SA_ej_137.jpg,C:\Users\kundu\Downloads\KMU-FED\11_SA_ej_137.jpg
11,ej,11_SA_ej,138,SA,Sadness,C:\Users\kundu\OneDrive\Desktop\KMU-FED-2\data\frames\11_SA_ej\11_SA_ej_138.jpg,1600,1200,RGB,11_SA_ej_138.jpg,C:\Users\kundu\Downloads\KMU-FED\11_SA_ej_138.jpg
11,ej,11_SA_ej,139,SA,Sadness,C:\Users\kundu\OneDrive\Desktop\KMU-FED-2\data\frames\11_SA_ej\11_SA_ej_139.jpg,1600,1200,RGB,11_SA_ej_139.jpg,C:\Users\kundu\Downloads\KMU-FED\11_SA_ej_139.jpg
11,ej,11_SA_ej,140,SA,Sadness,C:\Users\kundu\OneDrive\Desktop\KMU-FED-2\data\frames\11_SA_ej\11_SA_ej_140.jpg,1600,1200,RGB,11_SA_ej_140.jpg,C:\Users\kundu\Downloads\KMU-FED\11_SA_ej_140.jpg
11,ej,11_SA_ej,141,SA,Sadness,C:\Users\kundu\OneDrive\Desktop\KMU-FED-2\data\frames\11_SA_ej\11_SA_ej_141.jpg,1600,1200,RGB,11_SA_ej_141.jpg,C:\Users\kundu\Downloads\KMU-FED\11_SA_ej_141.jpg
11,ej,11_SA_ej,142,SA,Sadness,C:\Users\kundu\OneDrive\Desktop\KMU-FED-2\data\frames\11_SA_ej\11_SA_ej_142.jpg,1600,1200,RGB,11_SA_ej_142.jpg,C:\Users\kundu\Downloads\KMU-FED\11_SA_ej_142.jpg
11,ej,11_SA_ej,143,SA,Sadness,C:\Users\kundu\OneDrive\Desktop\KMU-FED-2\data\frames\11_SA_ej\11_SA_ej_143.jpg,1600,1200,RGB,11_SA_ej_143.jpg,C:\Users\kundu\Downloads\KMU-FED\11_SA_ej_143.jpg
11,ej,11_SA_ej,144,SA,Sadness,C:\Users\kundu\OneDrive\Desktop\KMU-FED-2\data\frames\11_SA_ej\11_SA_ej_144.jpg,1600,1200,RGB,11_SA_ej_144.jpg,C:\Users\kundu\Downloads\KMU-FED\11_SA_ej_144.jpg
11,ej,11_SA_ej,145,SA,Sadness,C:\Users\kundu\OneDrive\Desktop\KMU-FED-2\data\frames\11_SA_ej\11_SA_ej_145.jpg,1600,1200,RGB,11_SA_ej_145.jpg,C:\Users\kundu\Downloads\KMU-FED\11_SA_ej_145.jpg
11,ej,11_SA_ej,146,SA,Sadness,C:\Users\kundu\OneDrive\Desktop\KMU-FED-2\data\frames\11_SA_ej\11_SA_ej_146.jpg,1600,1200,RGB,11_SA_ej_146.jpg,C:\Users\kundu\Downloads\KMU-FED\11_SA_ej_146.jpg
11,ej,11_SA_ej,147,SA,Sadness,C:\Users\kundu\OneDrive\Desktop\KMU-FED-2\data\frames\11_SA_ej\11_SA_ej_147.jpg,1600,1200,RGB,11_SA_ej_147.jpg,C:\Users\kundu\Downloads\KMU-FED\11_SA_ej_147.jpg
11,ej,11_SA_ej,148,SA,Sadness,C:\Users\kundu\OneDrive\Desktop\KMU-FED-2\data\frames\11_SA_ej\11_SA_ej_148.jpg,1600,1200,RGB,11_SA_ej_148.jpg,C:\Users\kundu\Downloads\KMU-FED\11_SA_ej_148.jpg
11,ej,11_SA_ej,149,SA,Sadness,C:\Users\kundu\OneDrive\Desktop\KMU-FED-2\data\frames\11_SA_ej\11_SA_ej_149.jpg,1600,1200,RGB,11_SA_ej_149.jpg,C:\Users\kundu\Downloads\KMU-FED\11_SA_ej_149.jpg
11,ej,11_SA_ej,150,SA,Sadness,C:\Users\kundu\OneDrive\Desktop\KMU-FED-2\data\frames\11_SA_ej\11_SA_ej_150.jpg,1600,1200,RGB,11_SA_ej_150.jpg,C:\Users\kundu\Downloads\KMU-FED\11_SA_ej_150.jpg
11,ej,11_SU_ej,131,SU,Surprise,C:\Users\kundu\OneDrive\Desktop\KMU-FED-2\data\frames\11_SU_ej\11_SU_ej_131.jpg,1600,1200,RGB,11_SU_ej_131.jpg,C:\Users\kundu\Downloads\KMU-FED\11_SU_ej_131.jpg
11,ej,11_SU_ej,132,SU,Surprise,C:\Users\kundu\OneDrive\Desktop\KMU-FED-2\data\frames\11_SU_ej\11_SU_ej_132.jpg,1600,1200,RGB,11_SU_ej_132.jpg,C:\Users\kundu\Downloads\KMU-FED\11_SU_ej_132.jpg
11,ej,11_SU_ej,133,SU,Surprise,C:\Users\kundu\OneDrive\Desktop\KMU-FED-2\data\frames\11_SU_ej\11_SU_ej_133.jpg,1600,1200,RGB,11_SU_ej_133.jpg,C:\Users\kundu\Downloads\KMU-FED\11_SU_ej_133.jpg
11,ej,11_SU_ej,134,SU,Surprise,C:\Users\kundu\OneDrive\Desktop\KMU-FED-2\data\frames\11_SU_ej\11_SU_ej_134.jpg,1600,1200,RGB,11_SU_ej_134.jpg,C:\Users\kundu\Downloads\KMU-FED\11_SU_ej_134.jpg
11,ej,11_SU_ej,135,SU,Surprise,C:\Users\kundu\OneDrive\Desktop\KMU-FED-2\data\frames\11_SU_ej\11_SU_ej_135.jpg,1600,1200,RGB,11_SU_ej_135.jpg,C:\Users\kundu\Downloads\KMU-FED\11_SU_ej_135.jpg
11,ej,11_SU_ej,136,SU,Surprise,C:\Users\kundu\OneDrive\Desktop\KMU-FED-2\data\frames\11_SU_ej\11_SU_ej_136.jpg,1600,1200,RGB,11_SU_ej_136.jpg,C:\Users\kundu\Downloads\KMU-FED\11_SU_ej_136.jpg
11,ej,11_SU_ej,137,SU,Surprise,C:\Users\kundu\OneDrive\Desktop\KMU-FED-2\data\frames\11_SU_ej\11_SU_ej_137.jpg,1600,1200,RGB,11_SU_ej_137.jpg,C:\Users\kundu\Downloads\KMU-FED\11_SU_ej_137.jpg
11,ej,11_SU_ej,138,SU,Surprise,C:\Users\kundu\OneDrive\Desktop\KMU-FED-2\data\frames\11_SU_ej\11_SU_ej_138.jpg,1600,1200,RGB,11_SU_ej_138.jpg,C:\Users\kundu\Downloads\KMU-FED\11_SU_ej_138.jpg
11,ej,11_SU_ej,139,SU,Surprise,C:\Users\kundu\OneDrive\Desktop\KMU-FED-2\data\frames\11_SU_ej\11_SU_ej_139.jpg,1600,1200,RGB,11_SU_ej_139.jpg,C:\Users\kundu\Downloads\KMU-FED\11_SU_ej_139.jpg
11,ej,11_SU_ej,140,SU,Surprise,C:\Users\kundu\OneDrive\Desktop\KMU-FED-2\data\frames\11_SU_ej\11_SU_ej_140.jpg,1600,1200,RGB,11_SU_ej_140.jpg,C:\Users\kundu\Downloads\KMU-FED\11_SU_ej_140.jpg
11,ej,11_SU_ej,141,SU,Surprise,C:\Users\kundu\OneDrive\Desktop\KMU-FED-2\data\frames\11_SU_ej\11_SU_ej_141.jpg,1600,1200,RGB,11_SU_ej_141.jpg,C:\Users\kundu\Downloads\KMU-FED\11_SU_ej_141.jpg
11,ej,11_SU_ej,142,SU,Surprise,C:\Users\kundu\OneDrive\Desktop\KMU-FED-2\data\frames\11_SU_ej\11_SU_ej_142.jpg,1600,1200,RGB,11_SU_ej_142.jpg,C:\Users\kundu\Downloads\KMU-FED\11_SU_ej_142.jpg
11,ej,11_SU_ej,143,SU,Surprise,C:\Users\kundu\OneDrive\Desktop\KMU-FED-2\data\frames\11_SU_ej\11_SU_ej_143.jpg,1600,1200,RGB,11_SU_ej_143.jpg,C:\Users\kundu\Downloads\KMU-FED\11_SU_ej_143.jpg
11,ej,11_SU_ej,144,SU,Surprise,C:\Users\kundu\OneDrive\Desktop\KMU-FED-2\data\frames\11_SU_ej\11_SU_ej_144.jpg,1600,1200,RGB,11_SU_ej_144.jpg,C:\Users\kundu\Downloads\KMU-FED\11_SU_ej_144.jpg
11,ej,11_SU_ej,145,SU,Surprise,C:\Users\kundu\OneDrive\Desktop\KMU-FED-2\data\frames\11_SU_ej\11_SU_ej_145.jpg,1600,1200,RGB,11_SU_ej_145.jpg,C:\Users\kundu\Downloads\KMU-FED\11_SU_ej_145.jpg
11,ej,11_SU_ej,146,SU,Surprise,C:\Users\kundu\OneDrive\Desktop\KMU-FED-2\data\frames\11_SU_ej\11_SU_ej_146.jpg,1600,1200,RGB,11_SU_ej_146.jpg,C:\Users\kundu\Downloads\KMU-FED\11_SU_ej_146.jpg
11,ej,11_SU_ej,147,SU,Surprise,C:\Users\kundu\OneDrive\Desktop\KMU-FED-2\data\frames\11_SU_ej\11_SU_ej_147.jpg,1600,1200,RGB,11_SU_ej_147.jpg,C:\Users\kundu\Downloads\KMU-FED\11_SU_ej_147.jpg
11,ej,11_SU_ej,148,SU,Surprise,C:\Users\kundu\OneDrive\Desktop\KMU-FED-2\data\frames\11_SU_ej\11_SU_ej_148.jpg,1600,1200,RGB,11_SU_ej_148.jpg,C:\Users\kundu\Downloads\KMU-FED\11_SU_ej_148.jpg
11,ej,11_SU_ej,149,SU,Surprise,C:\Users\kundu\OneDrive\Desktop\KMU-FED-2\data\frames\11_SU_ej\11_SU_ej_149.jpg,1600,1200,RGB,11_SU_ej_149.jpg,C:\Users\kundu\Downloads\KMU-FED\11_SU_ej_149.jpg
11,ej,11_SU_ej,150,SU,Surprise,C:\Users\kundu\OneDrive\Desktop\KMU-FED-2\data\frames\11_SU_ej\11_SU_ej_150.jpg,1600,1200,RGB,11_SU_ej_150.jpg,C:\Users\kundu\Downloads\KMU-FED\11_SU_ej_150.jpg
12,gu,12_AN_gu,171,AN,Anger,C:\Users\kundu\OneDrive\Desktop\KMU-FED-2\data\frames\12_AN_gu\12_AN_gu_171.jpg,1600,1200,RGB,12_AN_gu_171.jpg,C:\Users\kundu\Downloads\KMU-FED\12_AN_gu_171.jpg
12,gu,12_AN_gu,172,AN,Anger,C:\Users\kundu\OneDrive\Desktop\KMU-FED-2\data\frames\12_AN_gu\12_AN_gu_172.jpg,1600,1200,RGB,12_AN_gu_172.jpg,C:\Users\kundu\Downloads\KMU-FED\12_AN_gu_172.jpg
12,gu,12_AN_gu,173,AN,Anger,C:\Users\kundu\OneDrive\Desktop\KMU-FED-2\data\frames\12_AN_gu\12_AN_gu_173.jpg,1600,1200,RGB,12_AN_gu_173.jpg,C:\Users\kundu\Downloads\KMU-FED\12_AN_gu_173.jpg
12,gu,12_AN_gu,174,AN,Anger,C:\Users\kundu\OneDrive\Desktop\KMU-FED-2\data\frames\12_AN_gu\12_AN_gu_174.jpg,1600,1200,RGB,12_AN_gu_174.jpg,C:\Users\kundu\Downloads\KMU-FED\12_AN_gu_174.jpg
12,gu,12_AN_gu,175,AN,Anger,C:\Users\kundu\OneDrive\Desktop\KMU-FED-2\data\frames\12_AN_gu\12_AN_gu_175.jpg,1600,1200,RGB,12_AN_gu_175.jpg,C:\Users\kundu\Downloads\KMU-FED\12_AN_gu_175.jpg
12,gu,12_AN_gu,176,AN,Anger,C:\Users\kundu\OneDrive\Desktop\KMU-FED-2\data\frames\12_AN_gu\12_AN_gu_176.jpg,1600,1200,RGB,12_AN_gu_176.jpg,C:\Users\kundu\Downloads\KMU-FED\12_AN_gu_176.jpg
12,gu,12_AN_gu,177,AN,Anger,C:\Users\kundu\OneDrive\Desktop\KMU-FED-2\data\frames\12_AN_gu\12_AN_gu_177.jpg,1600,1200,RGB,12_AN_gu_177.jpg,C:\Users\kundu\Downloads\KMU-FED\12_AN_gu_177.jpg
12,gu,12_AN_gu,178,AN,Anger,C:\Users\kundu\OneDrive\Desktop\KMU-FED-2\data\frames\12_AN_gu\12_AN_gu_178.jpg,1600,1200,RGB,12_AN_gu_178.jpg,C:\Users\kundu\Downloads\KMU-FED\12_AN_gu_178.jpg
12,gu,12_AN_gu,179,AN,Anger,C:\Users\kundu\OneDrive\Desktop\KMU-FED-2\data\frames\12_AN_gu\12_AN_gu_179.jpg,1600,1200,RGB,12_AN_gu_179.jpg,C:\Users\kundu\Downloads\KMU-FED\12_AN_gu_179.jpg
12,gu,12_AN_gu,180,AN,Anger,C:\Users\kundu\OneDrive\Desktop\KMU-FED-2\data\frames\12_AN_gu\12_AN_gu_180.jpg,1600,1200,RGB,12_AN_gu_180.jpg,C:\Users\kundu\Downloads\KMU-FED\12_AN_gu_180.jpg
12,gu,12_AN_gu,181,AN,Anger,C:\Users\kundu\OneDrive\Desktop\KMU-FED-2\data\frames\12_AN_gu\12_AN_gu_181.jpg,1600,1200,RGB,12_AN_gu_181.jpg,C:\Users\kundu\Downloads\KMU-FED\12_AN_gu_181.jpg
12,gu,12_AN_gu,182,AN,Anger,C:\Users\kundu\OneDrive\Desktop\KMU-FED-2\data\frames\12_AN_gu\12_AN_gu_182.jpg,1600,1200,RGB,12_AN_gu_182.jpg,C:\Users\kundu\Downloads\KMU-FED\12_AN_gu_182.jpg
12,gu,12_AN_gu,183,AN,Anger,C:\Users\kundu\OneDrive\Desktop\KMU-FED-2\data\frames\12_AN_gu\12_AN_gu_183.jpg,1600,1200,RGB,12_AN_gu_183.jpg,C:\Users\kundu\Downloads\KMU-FED\12_AN_gu_183.jpg
12,gu,12_AN_gu,184,AN,Anger,C:\Users\kundu\OneDrive\Desktop\KMU-FED-2\data\frames\12_AN_gu\12_AN_gu_184.jpg,1600,1200,RGB,12_AN_gu_184.jpg,C:\Users\kundu\Downloads\KMU-FED\12_AN_gu_184.jpg
12,gu,12_AN_gu,185,AN,Anger,C:\Users\kundu\OneDrive\Desktop\KMU-FED-2\data\frames\12_AN_gu\12_AN_gu_185.jpg,1600,1200,RGB,12_AN_gu_185.jpg,C:\Users\kundu\Downloads\KMU-FED\12_AN_gu_185.jpg
12,gu,12_AN_gu,186,AN,Anger,C:\Users\kundu\OneDrive\Desktop\KMU-FED-2\data\frames\12_AN_gu\12_AN_gu_186.jpg,1600,1200,RGB,12_AN_gu_186.jpg,C:\Users\kundu\Downloads\KMU-FED\12_AN_gu_186.jpg
12,gu,12_AN_gu,187,AN,Anger,C:\Users\kundu\OneDrive\Desktop\KMU-FED-2\data\frames\12_AN_gu\12_AN_gu_187.jpg,1600,1200,RGB,12_AN_gu_187.jpg,C:\Users\kundu\Downloads\KMU-FED\12_AN_gu_187.jpg
12,gu,12_AN_gu,188,AN,Anger,C:\Users\kundu\OneDrive\Desktop\KMU-FED-2\data\frames\12_AN_gu\12_AN_gu_188.jpg,1600,1200,RGB,12_AN_gu_188.jpg,C:\Users\kundu\Downloads\KMU-FED\12_AN_gu_188.jpg
12,gu,12_AN_gu,189,AN,Anger,C:\Users\kundu\OneDrive\Desktop\KMU-FED-2\data\frames\12_AN_gu\12_AN_gu_189.jpg,1600,1200,RGB,12_AN_gu_189.jpg,C:\Users\kundu\Downloads\KMU-FED\12_AN_gu_189.jpg
12,gu,12_AN_gu,190,AN,Anger,C:\Users\kundu\OneDrive\Desktop\KMU-FED-2\data\frames\12_AN_gu\12_AN_gu_190.jpg,1600,1200,RGB,12_AN_gu_190.jpg,C:\Users\kundu\Downloads\KMU-FED\12_AN_gu_190.jpg
12,gu,12_DI_gu,121,DI,Disgust,C:\Users\kundu\OneDrive\Desktop\KMU-FED-2\data\frames\12_DI_gu\12_DI_gu_121.jpg,1600,1200,RGB,12_DI_gu_121.jpg,C:\Users\kundu\Downloads\KMU-FED\12_DI_gu_121.jpg
12,gu,12_DI_gu,122,DI,Disgust,C:\Users\kundu\OneDrive\Desktop\KMU-FED-2\data\frames\12_DI_gu\12_DI_gu_122.jpg,1600,1200,RGB,12_DI_gu_122.jpg,C:\Users\kundu\Downloads\KMU-FED\12_DI_gu_122.jpg
12,gu,12_DI_gu,123,DI,Disgust,C:\Users\kundu\OneDrive\Desktop\KMU-FED-2\data\frames\12_DI_gu\12_DI_gu_123.jpg,1600,1200,RGB,12_DI_gu_123.jpg,C:\Users\kundu\Downloads\KMU-FED\12_DI_gu_123.jpg
12,gu,12_DI_gu,124,DI,Disgust,C:\Users\kundu\OneDrive\Desktop\KMU-FED-2\data\frames\12_DI_gu\12_DI_gu_124.jpg,1600,1200,RGB,12_DI_gu_124.jpg,C:\Users\kundu\Downloads\KMU-FED\12_DI_gu_124.jpg
12,gu,12_DI_gu,125,DI,Disgust,C:\Users\kundu\OneDrive\Desktop\KMU-FED-2\data\frames\12_DI_gu\12_DI_gu_125.jpg,1600,1200,RGB,12_DI_gu_125.jpg,C:\Users\kundu\Downloads\KMU-FED\12_DI_gu_125.jpg
12,gu,12_DI_gu,126,DI,Disgust,C:\Users\kundu\OneDrive\Desktop\KMU-FED-2\data\frames\12_DI_gu\12_DI_gu_126.jpg,1600,1200,RGB,12_DI_gu_126.jpg,C:\Users\kundu\Downloads\KMU-FED\12_DI_gu_126.jpg
12,gu,12_DI_gu,127,DI,Disgust,C:\Users\kundu\OneDrive\Desktop\KMU-FED-2\data\frames\12_DI_gu\12_DI_gu_127.jpg,1600,1200,RGB,12_DI_gu_127.jpg,C:\Users\kundu\Downloads\KMU-FED\12_DI_gu_127.jpg
12,gu,12_DI_gu,128,DI,Disgust,C:\Users\kundu\OneDrive\Desktop\KMU-FED-2\data\frames\12_DI_gu\12_DI_gu_128.jpg,1600,1200,RGB,12_DI_gu_128.jpg,C:\Users\kundu\Downloads\KMU-FED\12_DI_gu_128.jpg
12,gu,12_DI_gu,129,DI,Disgust,C:\Users\kundu\OneDrive\Desktop\KMU-FED-2\data\frames\12_DI_gu\12_DI_gu_129.jpg,1600,1200,RGB,12_DI_gu_129.jpg,C:\Users\kundu\Downloads\KMU-FED\12_DI_gu_129.jpg
12,gu,12_DI_gu,130,DI,Disgust,C:\Users\kundu\OneDrive\Desktop\KMU-FED-2\data\frames\12_DI_gu\12_DI_gu_130.jpg,1600,1200,RGB,12_DI_gu_130.jpg,C:\Users\kundu\Downloads\KMU-FED\12_DI_gu_130.jpg
12,gu,12_HA_gu,171,HA,Happiness,C:\Users\kundu\OneDrive\Desktop\KMU-FED-2\data\frames\12_HA_gu\12_HA_gu_171.jpg,1600,1200,RGB,12_HA_gu_171.jpg,C:\Users\kundu\Downloads\KMU-FED\12_HA_gu_171.jpg
12,gu,12_HA_gu,172,HA,Happiness,C:\Users\kundu\OneDrive\Desktop\KMU-FED-2\data\frames\12_HA_gu\12_HA_gu_172.jpg,1600,1200,RGB,12_HA_gu_172.jpg,C:\Users\kundu\Downloads\KMU-FED\12_HA_gu_172.jpg
12,gu,12_HA_gu,173,HA,Happiness,C:\Users\kundu\OneDrive\Desktop\KMU-FED-2\data\frames\12_HA_gu\12_HA_gu_173.jpg,1600,1200,RGB,12_HA_gu_173.jpg,C:\Users\kundu\Downloads\KMU-FED\12_HA_gu_173.jpg
12,gu,12_HA_gu,174,HA,Happiness,C:\Users\kundu\OneDrive\Desktop\KMU-FED-2\data\frames\12_HA_gu\12_HA_gu_174.jpg,1600,1200,RGB,12_HA_gu_174.jpg,C:\Users\kundu\Downloads\KMU-FED\12_HA_gu_174.jpg
12,gu,12_HA_gu,175,HA,Happiness,C:\Users\kundu\OneDrive\Desktop\KMU-FED-2\data\frames\12_HA_gu\12_HA_gu_175.jpg,1600,1200,RGB,12_HA_gu_175.jpg,C:\Users\kundu\Downloads\KMU-FED\12_HA_gu_175.jpg
12,gu,12_HA_gu,176,HA,Happiness,C:\Users\kundu\OneDrive\Desktop\KMU-FED-2\data\frames\12_HA_gu\12_HA_gu_176.jpg,1600,1200,RGB,12_HA_gu_176.jpg,C:\Users\kundu\Downloads\KMU-FED\12_HA_gu_176.jpg
12,gu,12_HA_gu,177,HA,Happiness,C:\Users\kundu\OneDrive\Desktop\KMU-FED-2\data\frames\12_HA_gu\12_HA_gu_177.jpg,1600,1200,RGB,12_HA_gu_177.jpg,C:\Users\kundu\Downloads\KMU-FED\12_HA_gu_177.jpg
12,gu,12_HA_gu,178,HA,Happiness,C:\Users\kundu\OneDrive\Desktop\KMU-FED-2\data\frames\12_HA_gu\12_HA_gu_178.jpg,1600,1200,RGB,12_HA_gu_178.jpg,C:\Users\kundu\Downloads\KMU-FED\12_HA_gu_178.jpg
12,gu,12_HA_gu,179,HA,Happiness,C:\Users\kundu\OneDrive\Desktop\KMU-FED-2\data\frames\12_HA_gu\12_HA_gu_179.jpg,1600,1200,RGB,12_HA_gu_179.jpg,C:\Users\kundu\Downloads\KMU-FED\12_HA_gu_179.jpg
12,gu,12_HA_gu,180,HA,Happiness,C:\Users\kundu\OneDrive\Desktop\KMU-FED-2\data\frames\12_HA_gu\12_HA_gu_180.jpg,1600,1200,RGB,12_HA_gu_180.jpg,C:\Users\kundu\Downloads\KMU-FED\12_HA_gu_180.jpg
12,gu,12_HA_gu,181,HA,Happiness,C:\Users\kundu\OneDrive\Desktop\KMU-FED-2\data\frames\12_HA_gu\12_HA_gu_181.jpg,1600,1200,RGB,12_HA_gu_181.jpg,C:\Users\kundu\Downloads\KMU-FED\12_HA_gu_181.jpg
12,gu,12_HA_gu,182,HA,Happiness,C:\Users\kundu\OneDrive\Desktop\KMU-FED-2\data\frames\12_HA_gu\12_HA_gu_182.jpg,1600,1200,RGB,12_HA_gu_182.jpg,C:\Users\kundu\Downloads\KMU-FED\12_HA_gu_182.jpg
12,gu,12_HA_gu,183,HA,Happiness,C:\Users\kundu\OneDrive\Desktop\KMU-FED-2\data\frames\12_HA_gu\12_HA_gu_183.jpg,1600,1200,RGB,12_HA_gu_183.jpg,C:\Users\kundu\Downloads\KMU-FED\12_HA_gu_183.jpg
12,gu,12_HA_gu,184,HA,Happiness,C:\Users\kundu\OneDrive\Desktop\KMU-FED-2\data\frames\12_HA_gu\12_HA_gu_184.jpg,1600,1200,RGB,12_HA_gu_184.jpg,C:\Users\kundu\Downloads\KMU-FED\12_HA_gu_184.jpg
12,gu,12_HA_gu,185,HA,Happiness,C:\Users\kundu\OneDrive\Desktop\KMU-FED-2\data\frames\12_HA_gu\12_HA_gu_185.jpg,1600,1200,RGB,12_HA_gu_185.jpg,C:\Users\kundu\Downloads\KMU-FED\12_HA_gu_185.jpg
12,gu,12_HA_gu,186,HA,Happiness,C:\Users\kundu\OneDrive\Desktop\KMU-FED-2\data\frames\12_HA_gu\12_HA_gu_186.jpg,1600,1200,RGB,12_HA_gu_186.jpg,C:\Users\kundu\Downloads\KMU-FED\12_HA_gu_186.jpg
12,gu,12_HA_gu,187,HA,Happiness,C:\Users\kundu\OneDrive\Desktop\KMU-FED-2\data\frames\12_HA_gu\12_HA_gu_187.jpg,1600,1200,RGB,12_HA_gu_187.jpg,C:\Users\kundu\Downloads\KMU-FED\12_HA_gu_187.jpg
12,gu,12_HA_gu,188,HA,Happiness,C:\Users\kundu\OneDrive\Desktop\KMU-FED-2\data\frames\12_HA_gu\12_HA_gu_188.jpg,1600,1200,RGB,12_HA_gu_188.jpg,C:\Users\kundu\Downloads\KMU-FED\12_HA_gu_188.jpg
12,gu,12_HA_gu,189,HA,Happiness,C:\Users\kundu\OneDrive\Desktop\KMU-FED-2\data\frames\12_HA_gu\12_HA_gu_189.jpg,1600,1200,RGB,12_HA_gu_189.jpg,C:\Users\kundu\Downloads\KMU-FED\12_HA_gu_189.jpg
12,gu,12_HA_gu,190,HA,Happiness,C:\Users\kundu\OneDrive\Desktop\KMU-FED-2\data\frames\12_HA_gu\12_HA_gu_190.jpg,1600,1200,RGB,12_HA_gu_190.jpg,C:\Users\kundu\Downloads\KMU-FED\12_HA_gu_190.jpg
12,gu,12_SA_gu,151,SA,Sadness,C:\Users\kundu\OneDrive\Desktop\KMU-FED-2\data\frames\12_SA_gu\12_SA_gu_151.jpg,1600,1200,RGB,12_SA_gu_151.jpg,C:\Users\kundu\Downloads\KMU-FED\12_SA_gu_151.jpg
12,gu,12_SA_gu,152,SA,Sadness,C:\Users\kundu\OneDrive\Desktop\KMU-FED-2\data\frames\12_SA_gu\12_SA_gu_152.jpg,1600,1200,RGB,12_SA_gu_152.jpg,C:\Users\kundu\Downloads\KMU-FED\12_SA_gu_152.jpg
12,gu,12_SA_gu,153,SA,Sadness,C:\Users\kundu\OneDrive\Desktop\KMU-FED-2\data\frames\12_SA_gu\12_SA_gu_153.jpg,1600,1200,RGB,12_SA_gu_153.jpg,C:\Users\kundu\Downloads\KMU-FED\12_SA_gu_153.jpg
12,gu,12_SA_gu,154,SA,Sadness,C:\Users\kundu\OneDrive\Desktop\KMU-FED-2\data\frames\12_SA_gu\12_SA_gu_154.jpg,1600,1200,RGB,12_SA_gu_154.jpg,C:\Users\kundu\Downloads\KMU-FED\12_SA_gu_154.jpg
12,gu,12_SA_gu,155,SA,Sadness,C:\Users\kundu\OneDrive\Desktop\KMU-FED-2\data\frames\12_SA_gu\12_SA_gu_155.jpg,1600,1200,RGB,12_SA_gu_155.jpg,C:\Users\kundu\Downloads\KMU-FED\12_SA_gu_155.jpg
12,gu,12_SA_gu,156,SA,Sadness,C:\Users\kundu\OneDrive\Desktop\KMU-FED-2\data\frames\12_SA_gu\12_SA_gu_156.jpg,1600,1200,RGB,12_SA_gu_156.jpg,C:\Users\kundu\Downloads\KMU-FED\12_SA_gu_156.jpg
12,gu,12_SA_gu,157,SA,Sadness,C:\Users\kundu\OneDrive\Desktop\KMU-FED-2\data\frames\12_SA_gu\12_SA_gu_157.jpg,1600,1200,RGB,12_SA_gu_157.jpg,C:\Users\kundu\Downloads\KMU-FED\12_SA_gu_157.jpg
12,gu,12_SA_gu,158,SA,Sadness,C:\Users\kundu\OneDrive\Desktop\KMU-FED-2\data\frames\12_SA_gu\12_SA_gu_158.jpg,1600,1200,RGB,12_SA_gu_158.jpg,C:\Users\kundu\Downloads\KMU-FED\12_SA_gu_158.jpg
12,gu,12_SA_gu,159,SA,Sadness,C:\Users\kundu\OneDrive\Desktop\KMU-FED-2\data\frames\12_SA_gu\12_SA_gu_159.jpg,1600,1200,RGB,12_SA_gu_159.jpg,C:\Users\kundu\Downloads\KMU-FED\12_SA_gu_159.jpg
12,gu,12_SA_gu,160,SA,Sadness,C:\Users\kundu\OneDrive\Desktop\KMU-FED-2\data\frames\12_SA_gu\12_SA_gu_160.jpg,1600,1200,RGB,12_SA_gu_160.jpg,C:\Users\kundu\Downloads\KMU-FED\12_SA_gu_160.jpg
12,gu,12_SA_gu,161,SA,Sadness,C:\Users\kundu\OneDrive\Desktop\KMU-FED-2\data\frames\12_SA_gu\12_SA_gu_161.jpg,1600,1200,RGB,12_SA_gu_161.jpg,C:\Users\kundu\Downloads\KMU-FED\12_SA_gu_161.jpg
12,gu,12_SA_gu,162,SA,Sadness,C:\Users\kundu\OneDrive\Desktop\KMU-FED-2\data\frames\12_SA_gu\12_SA_gu_162.jpg,1600,1200,RGB,12_SA_gu_162.jpg,C:\Users\kundu\Downloads\KMU-FED\12_SA_gu_162.jpg
12,gu,12_SA_gu,163,SA,Sadness,C:\Users\kundu\OneDrive\Desktop\KMU-FED-2\data\frames\12_SA_gu\12_SA_gu_163.jpg,1600,1200,RGB,12_SA_gu_163.jpg,C:\Users\kundu\Downloads\KMU-FED\12_SA_gu_163.jpg
12,gu,12_SA_gu,164,SA,Sadness,C:\Users\kundu\OneDrive\Desktop\KMU-FED-2\data\frames\12_SA_gu\12_SA_gu_164.jpg,1600,1200,RGB,12_SA_gu_164.jpg,C:\Users\kundu\Downloads\KMU-FED\12_SA_gu_164.jpg
12,gu,12_SA_gu,165,SA,Sadness,C:\Users\kundu\OneDrive\Desktop\KMU-FED-2\data\frames\12_SA_gu\12_SA_gu_165.jpg,1600,1200,RGB,12_SA_gu_165.jpg,C:\Users\kundu\Downloads\KMU-FED\12_SA_gu_165.jpg
12,gu,12_SA_gu,166,SA,Sadness,C:\Users\kundu\OneDrive\Desktop\KMU-FED-2\data\frames\12_SA_gu\12_SA_gu_166.jpg,1600,1200,RGB,12_SA_gu_166.jpg,C:\Users\kundu\Downloads\KMU-FED\12_SA_gu_166.jpg
12,gu,12_SA_gu,167,SA,Sadness,C:\Users\kundu\OneDrive\Desktop\KMU-FED-2\data\frames\12_SA_gu\12_SA_gu_167.jpg,1600,1200,RGB,12_SA_gu_167.jpg,C:\Users\kundu\Downloads\KMU-FED\12_SA_gu_167.jpg
12,gu,12_SA_gu,168,SA,Sadness,C:\Users\kundu\OneDrive\Desktop\KMU-FED-2\data\frames\12_SA_gu\12_SA_gu_168.jpg,1600,1200,RGB,12_SA_gu_168.jpg,C:\Users\kundu\Downloads\KMU-FED\12_SA_gu_168.jpg
12,gu,12_SA_gu,169,SA,Sadness,C:\Users\kundu\OneDrive\Desktop\KMU-FED-2\data\frames\12_SA_gu\12_SA_gu_169.jpg,1600,1200,RGB,12_SA_gu_169.jpg,C:\Users\kundu\Downloads\KMU-FED\12_SA_gu_169.jpg
12,gu,12_SA_gu,170,SA,Sadness,C:\Users\kundu\OneDrive\Desktop\KMU-FED-2\data\frames\12_SA_gu\12_SA_gu_170.jpg,1600,1200,RGB,12_SA_gu_170.jpg,C:\Users\kundu\Downloads\KMU-FED\12_SA_gu_170.jpg
