sequence_id,filename,subject_id,emotion,aligned_face_path,rotation_angle_deg,width,height
01_AN_mr,01_AN_mr_001.jpg,1,Anger,C:\Users\kundu\OneDrive\Desktop\KMU-FED-2\data\aligned_faces\01_AN_mr\01_AN_mr_001.jpg,-6.53,688,845
01_AN_mr,01_AN_mr_002.jpg,1,Anger,C:\Users\kundu\OneDrive\Desktop\KMU-FED-2\data\aligned_faces\01_AN_mr\01_AN_mr_002.jpg,-6.91,698,835
01_AN_mr,01_AN_mr_003.jpg,1,Anger,C:\Users\kundu\OneDrive\Desktop\KMU-FED-2\data\aligned_faces\01_AN_mr\01_AN_mr_003.jpg,-6.91,700,835
01_AN_mr,01_AN_mr_004.jpg,1,Anger,C:\Users\kundu\OneDrive\Desktop\KMU-FED-2\data\aligned_faces\01_AN_mr\01_AN_mr_004.jpg,-5.67,702,830
01_AN_mr,01_AN_mr_005.jpg,1,Anger,C:\Users\kundu\OneDrive\Desktop\KMU-FED-2\data\aligned_faces\01_AN_mr\01_AN_mr_005.jpg,-7.34,700,829
01_AN_mr,01_AN_mr_006.jpg,1,Anger,C:\Users\kundu\OneDrive\Desktop\KMU-FED-2\data\aligned_faces\01_AN_mr\01_AN_mr_006.jpg,-7.28,700,829
01_AN_mr,01_AN_mr_007.jpg,1,Anger,C:\Users\kundu\OneDrive\Desktop\KMU-FED-2\data\aligned_faces\01_AN_mr\01_AN_mr_007.jpg,-6.96,696,832
01_AN_mr,01_AN_mr_008.jpg,1,Anger,C:\Users\kundu\OneDrive\Desktop\KMU-FED-2\data\aligned_faces\01_AN_mr\01_AN_mr_008.jpg,-5.62,700,837
01_AN_mr,01_AN_mr_009.jpg,1,Anger,C:\Users\kundu\OneDrive\Desktop\KMU-FED-2\data\aligned_faces\01_AN_mr\01_AN_mr_009.jpg,-7.88,696,833
01_AN_mr,01_AN_mr_010.jpg,1,Anger,C:\Users\kundu\OneDrive\Desktop\KMU-FED-2\data\aligned_faces\01_AN_mr\01_AN_mr_010.jpg,-7.82,700,837
01_AN_mr,01_AN_mr_011.jpg,1,Anger,C:\Users\kundu\OneDrive\Desktop\KMU-FED-2\data\aligned_faces\01_AN_mr\01_AN_mr_011.jpg,-1.4,620,794
01_AN_mr,01_AN_mr_012.jpg,1,Anger,C:\Users\kundu\OneDrive\Desktop\KMU-FED-2\data\aligned_faces\01_AN_mr\01_AN_mr_012.jpg,-2.24,654,821
01_AN_mr,01_AN_mr_013.jpg,1,Anger,C:\Users\kundu\OneDrive\Desktop\KMU-FED-2\data\aligned_faces\01_AN_mr\01_AN_mr_013.jpg,-3.13,708,856
01_AN_mr,01_AN_mr_014.jpg,1,Anger,C:\Users\kundu\OneDrive\Desktop\KMU-FED-2\data\aligned_faces\01_AN_mr\01_AN_mr_014.jpg,-1.39,620,803
01_AN_mr,01_AN_mr_015.jpg,1,Anger,C:\Users\kundu\OneDrive\Desktop\KMU-FED-2\data\aligned_faces\01_AN_mr\01_AN_mr_015.jpg,-0.93,618,796
01_AN_mr,01_AN_mr_016.jpg,1,Anger,C:\Users\kundu\OneDrive\Desktop\KMU-FED-2\data\aligned_faces\01_AN_mr\01_AN_mr_016.jpg,-1.36,632,814
01_AN_mr,01_AN_mr_017.jpg,1,Anger,C:\Users\kundu\OneDrive\Desktop\KMU-FED-2\data\aligned_faces\01_AN_mr\01_AN_mr_017.jpg,-1.37,630,812
01_AN_mr,01_AN_mr_018.jpg,1,Anger,C:\Users\kundu\OneDrive\Desktop\KMU-FED-2\data\aligned_faces\01_AN_mr\01_AN_mr_018.jpg,-1.36,638,827
01_AN_mr,01_AN_mr_019.jpg,1,Anger,C:\Users\kundu\OneDrive\Desktop\KMU-FED-2\data\aligned_faces\01_AN_mr\01_AN_mr_019.jpg,-1.4,612,776
01_AN_mr,01_AN_mr_020.jpg,1,Anger,C:\Users\kundu\OneDrive\Desktop\KMU-FED-2\data\aligned_faces\01_AN_mr\01_AN_mr_020.jpg,-0.93,630,796
01_DI_mr,01_DI_mr_001.jpg,1,Disgust,C:\Users\kundu\OneDrive\Desktop\KMU-FED-2\data\aligned_faces\01_DI_mr\01_DI_mr_001.jpg,-1.85,616,818
01_DI_mr,01_DI_mr_002.jpg,1,Disgust,C:\Users\kundu\OneDrive\Desktop\KMU-FED-2\data\aligned_faces\01_DI_mr\01_DI_mr_002.jpg,-1.39,620,824
01_DI_mr,01_DI_mr_003.jpg,1,Disgust,C:\Users\kundu\OneDrive\Desktop\KMU-FED-2\data\aligned_faces\01_DI_mr\01_DI_mr_003.jpg,-1.4,618,820
01_DI_mr,01_DI_mr_004.jpg,1,Disgust,C:\Users\kundu\OneDrive\Desktop\KMU-FED-2\data\aligned_faces\01_DI_mr\01_DI_mr_004.jpg,-2.35,618,818
01_DI_mr,01_DI_mr_005.jpg,1,Disgust,C:\Users\kundu\OneDrive\Desktop\KMU-FED-2\data\aligned_faces\01_DI_mr\01_DI_mr_005.jpg,-1.89,624,820
01_DI_mr,01_DI_mr_006.jpg,1,Disgust,C:\Users\kundu\OneDrive\Desktop\KMU-FED-2\data\aligned_faces\01_DI_mr\01_DI_mr_006.jpg,-1.41,624,822
01_DI_mr,01_DI_mr_007.jpg,1,Disgust,C:\Users\kundu\OneDrive\Desktop\KMU-FED-2\data\aligned_faces\01_DI_mr\01_DI_mr_007.jpg,-1.41,626,822
01_DI_mr,01_DI_mr_008.jpg,1,Disgust,C:\Users\kundu\OneDrive\Desktop\KMU-FED-2\data\aligned_faces\01_DI_mr\01_DI_mr_008.jpg,-1.4,626,820
01_DI_mr,01_DI_mr_009.jpg,1,Disgust,C:\Users\kundu\OneDrive\Desktop\KMU-FED-2\data\aligned_faces\01_DI_mr\01_DI_mr_009.jpg,-1.88,624,822
01_DI_mr,01_DI_mr_010.jpg,1,Disgust,C:\Users\kundu\OneDrive\Desktop\KMU-FED-2\data\aligned_faces\01_DI_mr\01_DI_mr_010.jpg,-1.86,632,830
01_DI_mr,01_DI_mr_011.jpg,1,Disgust,C:\Users\kundu\OneDrive\Desktop\KMU-FED-2\data\aligned_faces\01_DI_mr\01_DI_mr_011.jpg,-0.97,600,732
01_DI_mr,01_DI_mr_012.jpg,1,Disgust,C:\Users\kundu\OneDrive\Desktop\KMU-FED-2\data\aligned_faces\01_DI_mr\01_DI_mr_012.jpg,-1.94,594,737
01_DI_mr,01_DI_mr_013.jpg,1,Disgust,C:\Users\kundu\OneDrive\Desktop\KMU-FED-2\data\aligned_faces\01_DI_mr\01_DI_mr_013.jpg,-0.98,600,739
01_DI_mr,01_DI_mr_014.jpg,1,Disgust,C:\Users\kundu\OneDrive\Desktop\KMU-FED-2\data\aligned_faces\01_DI_mr\01_DI_mr_014.jpg,-0.98,594,738
01_DI_mr,01_DI_mr_015.jpg,1,Disgust,C:\Users\kundu\OneDrive\Desktop\KMU-FED-2\data\aligned_faces\01_DI_mr\01_DI_mr_015.jpg,-1.46,592,745
01_DI_mr,01_DI_mr_016.jpg,1,Disgust,C:\Users\kundu\OneDrive\Desktop\KMU-FED-2\data\aligned_faces\01_DI_mr\01_DI_mr_016.jpg,-0.98,594,745
01_DI_mr,01_DI_mr_017.jpg,1,Disgust,C:\Users\kundu\OneDrive\Desktop\KMU-FED-2\data\aligned_faces\01_DI_mr\01_DI_mr_017.jpg,-1.46,596,745
01_DI_mr,01_DI_mr_018.jpg,1,Disgust,C:\Users\kundu\OneDrive\Desktop\KMU-FED-2\data\aligned_faces\01_DI_mr\01_DI_mr_018.jpg,-1.94,594,753
01_DI_mr,01_DI_mr_019.jpg,1,Disgust,C:\Users\kundu\OneDrive\Desktop\KMU-FED-2\data\aligned_faces\01_DI_mr\01_DI_mr_019.jpg,-2.39,592,760
01_DI_mr,01_DI_mr_020.jpg,1,Disgust,C:\Users\kundu\OneDrive\Desktop\KMU-FED-2\data\aligned_faces\01_DI_mr\01_DI_mr_020.jpg,-2.37,606,772
01_FE_mr,01_FE_mr_001.jpg,1,Fear,C:\Users\kundu\OneDrive\Desktop\KMU-FED-2\data\aligned_faces\01_FE_mr\01_FE_mr_001.jpg,-0.46,652,851
01_FE_mr,01_FE_mr_002.jpg,1,Fear,C:\Users\kundu\OneDrive\Desktop\KMU-FED-2\data\aligned_faces\01_FE_mr\01_FE_mr_002.jpg,-0.47,644,842
01_FE_mr,01_FE_mr_003.jpg,1,Fear,C:\Users\kundu\OneDrive\Desktop\KMU-FED-2\data\aligned_faces\01_FE_mr\01_FE_mr_003.jpg,-0.46,650,841
01_FE_mr,01_FE_mr_004.jpg,1,Fear,C:\Users\kundu\OneDrive\Desktop\KMU-FED-2\data\aligned_faces\01_FE_mr\01_FE_mr_004.jpg,0.0,652,846
01_FE_mr,01_FE_mr_005.jpg,1,Fear,C:\Users\kundu\OneDrive\Desktop\KMU-FED-2\data\aligned_faces\01_FE_mr\01_FE_mr_005.jpg,-0.46,644,841
01_FE_mr,01_FE_mr_006.jpg,1,Fear,C:\Users\kundu\OneDrive\Desktop\KMU-FED-2\data\aligned_faces\01_FE_mr\01_FE_mr_006.jpg,-1.83,654,859
01_FE_mr,01_FE_mr_007.jpg,1,Fear,C:\Users\kundu\OneDrive\Desktop\KMU-FED-2\data\aligned_faces\01_FE_mr\01_FE_mr_007.jpg,-1.37,654,838
01_FE_mr,01_FE_mr_008.jpg,1,Fear,C:\Users\kundu\OneDrive\Desktop\KMU-FED-2\data\aligned_faces\01_FE_mr\01_FE_mr_008.jpg,-1.86,644,840
01_FE_mr,01_FE_mr_009.jpg,1,Fear,C:\Users\kundu\OneDrive\Desktop\KMU-FED-2\data\aligned_faces\01_FE_mr\01_FE_mr_009.jpg,-2.31,654,843
01_FE_mr,01_FE_mr_010.jpg,1,Fear,C:\Users\kundu\OneDrive\Desktop\KMU-FED-2\data\aligned_faces\01_FE_mr\01_FE_mr_010.jpg,-1.85,650,847
01_FE_mr,01_FE_mr_011.jpg,1,Fear,C:\Users\kundu\OneDrive\Desktop\KMU-FED-2\data\aligned_faces\01_FE_mr\01_FE_mr_011.jpg,-0.45,660,778
01_FE_mr,01_FE_mr_012.jpg,1,Fear,C:\Users\kundu\OneDrive\Desktop\KMU-FED-2\data\aligned_faces\01_FE_mr\01_FE_mr_012.jpg,-0.45,656,776
01_FE_mr,01_FE_mr_013.jpg,1,Fear,C:\Users\kundu\OneDrive\Desktop\KMU-FED-2\data\aligned_faces\01_FE_mr\01_FE_mr_013.jpg,-0.45,660,778
01_FE_mr,01_FE_mr_014.jpg,1,Fear,C:\Users\kundu\OneDrive\Desktop\KMU-FED-2\data\aligned_faces\01_FE_mr\01_FE_mr_014.jpg,-0.45,656,778
01_FE_mr,01_FE_mr_015.jpg,1,Fear,C:\Users\kundu\OneDrive\Desktop\KMU-FED-2\data\aligned_faces\01_FE_mr\01_FE_mr_015.jpg,-0.45,660,778
01_FE_mr,01_FE_mr_016.jpg,1,Fear,C:\Users\kundu\OneDrive\Desktop\KMU-FED-2\data\aligned_faces\01_FE_mr\01_FE_mr_016.jpg,-0.45,654,781
01_FE_mr,01_FE_mr_017.jpg,1,Fear,C:\Users\kundu\OneDrive\Desktop\KMU-FED-2\data\aligned_faces\01_FE_mr\01_FE_mr_017.jpg,-0.44,666,785
01_FE_mr,01_FE_mr_018.jpg,1,Fear,C:\Users\kundu\OneDrive\Desktop\KMU-FED-2\data\aligned_faces\01_FE_mr\01_FE_mr_018.jpg,0.0,654,785
01_FE_mr,01_FE_mr_019.jpg,1,Fear,C:\Users\kundu\OneDrive\Desktop\KMU-FED-2\data\aligned_faces\01_FE_mr\01_FE_mr_019.jpg,0.0,664,796
01_FE_mr,01_FE_mr_020.jpg,1,Fear,C:\Users\kundu\OneDrive\Desktop\KMU-FED-2\data\aligned_faces\01_FE_mr\01_FE_mr_020.jpg,0.0,664,789
01_HA_mr,01_HA_mr_001.jpg,1,Happiness,C:\Users\kundu\OneDrive\Desktop\KMU-FED-2\data\aligned_faces\01_HA_mr\01_HA_mr_001.jpg,-5.04,738,820
01_HA_mr,01_HA_mr_002.jpg,1,Happiness,C:\Users\kundu\OneDrive\Desktop\KMU-FED-2\data\aligned_faces\01_HA_mr\01_HA_mr_002.jpg,-4.17,732,816
01_HA_mr,01_HA_mr_003.jpg,1,Happiness,C:\Users\kundu\OneDrive\Desktop\KMU-FED-2\data\aligned_faces\01_HA_mr\01_HA_mr_003.jpg,-5.38,740,816
01_HA_mr,01_HA_mr_004.jpg,1,Happiness,C:\Users\kundu\OneDrive\Desktop\KMU-FED-2\data\aligned_faces\01_HA_mr\01_HA_mr_004.jpg,-5.96,720,803
01_HA_mr,01_HA_mr_005.jpg,1,Happiness,C:\Users\kundu\OneDrive\Desktop\KMU-FED-2\data\aligned_faces\01_HA_mr\01_HA_mr_005.jpg,-5.54,720,796
01_HA_mr,01_HA_mr_006.jpg,1,Happiness,C:\Users\kundu\OneDrive\Desktop\KMU-FED-2\data\aligned_faces\01_HA_mr\01_HA_mr_006.jpg,-4.62,724,798
01_HA_mr,01_HA_mr_007.jpg,1,Happiness,C:\Users\kundu\OneDrive\Desktop\KMU-FED-2\data\aligned_faces\01_HA_mr\01_HA_mr_007.jpg,-3.76,720,789
01_HA_mr,01_HA_mr_008.jpg,1,Happiness,C:\Users\kundu\OneDrive\Desktop\KMU-FED-2\data\aligned_faces\01_HA_mr\01_HA_mr_008.jpg,-2.95,712,792
01_HA_mr,01_HA_mr_009.jpg,1,Happiness,C:\Users\kundu\OneDrive\Desktop\KMU-FED-2\data\aligned_faces\01_HA_mr\01_HA_mr_009.jpg,-2.51,710,794
01_HA_mr,01_HA_mr_010.jpg,1,Happiness,C:\Users\kundu\OneDrive\Desktop\KMU-FED-2\data\aligned_faces\01_HA_mr\01_HA_mr_010.jpg,0.46,642,805
01_HA_mr,01_HA_mr_011.jpg,1,Happiness,C:\Users\kundu\OneDrive\Desktop\KMU-FED-2\data\aligned_faces\01_HA_mr\01_HA_mr_011.jpg,0.46,644,807
01_HA_mr,01_HA_mr_012.jpg,1,Happiness,C:\Users\kundu\OneDrive\Desktop\KMU-FED-2\data\aligned_faces\01_HA_mr\01_HA_mr_012.jpg,0.0,648,808
01_HA_mr,01_HA_mr_013.jpg,1,Happiness,C:\Users\kundu\OneDrive\Desktop\KMU-FED-2\data\aligned_faces\01_HA_mr\01_HA_mr_013.jpg,0.46,644,809
01_HA_mr,01_HA_mr_014.jpg,1,Happiness,C:\Users\kundu\OneDrive\Desktop\KMU-FED-2\data\aligned_faces\01_HA_mr\01_HA_mr_014.jpg,0.46,650,812
01_HA_mr,01_HA_mr_015.jpg,1,Happiness,C:\Users\kundu\OneDrive\Desktop\KMU-FED-2\data\aligned_faces\01_HA_mr\01_HA_mr_015.jpg,0.0,652,816
01_HA_mr,01_HA_mr_016.jpg,1,Happiness,C:\Users\kundu\OneDrive\Desktop\KMU-FED-2\data\aligned_faces\01_HA_mr\01_HA_mr_016.jpg,-0.47,644,813
01_HA_mr,01_HA_mr_017.jpg,1,Happiness,C:\Users\kundu\OneDrive\Desktop\KMU-FED-2\data\aligned_faces\01_HA_mr\01_HA_mr_017.jpg,-0.93,644,812
01_HA_mr,01_HA_mr_018.jpg,1,Happiness,C:\Users\kundu\OneDrive\Desktop\KMU-FED-2\data\aligned_faces\01_HA_mr\01_HA_mr_018.jpg,-0.46,654,819
01_HA_mr,01_HA_mr_019.jpg,1,Happiness,C:\Users\kundu\OneDrive\Desktop\KMU-FED-2\data\aligned_faces\01_HA_mr\01_HA_mr_019.jpg,-0.46,650,819
01_HA_mr,01_HA_mr_020.jpg,1,Happiness,C:\Users\kundu\OneDrive\Desktop\KMU-FED-2\data\aligned_faces\01_HA_mr\01_HA_mr_020.jpg,-1.35,672,837
01_SA_mr,01_SA_mr_001.jpg,1,Sadness,C:\Users\kundu\OneDrive\Desktop\KMU-FED-2\data\aligned_faces\01_SA_mr\01_SA_mr_001.jpg,-3.27,722,874
01_SA_mr,01_SA_mr_002.jpg,1,Sadness,C:\Users\kundu\OneDrive\Desktop\KMU-FED-2\data\aligned_faces\01_SA_mr\01_SA_mr_002.jpg,-2.62,698,866
01_SA_mr,01_SA_mr_003.jpg,1,Sadness,C:\Users\kundu\OneDrive\Desktop\KMU-FED-2\data\aligned_faces\01_SA_mr\01_SA_mr_003.jpg,-3.08,688,861
01_SA_mr,01_SA_mr_004.jpg,1,Sadness,C:\Users\kundu\OneDrive\Desktop\KMU-FED-2\data\aligned_faces\01_SA_mr\01_SA_mr_004.jpg,-3.06,696,864
01_SA_mr,01_SA_mr_005.jpg,1,Sadness,C:\Users\kundu\OneDrive\Desktop\KMU-FED-2\data\aligned_faces\01_SA_mr\01_SA_mr_005.jpg,-4.37,698,868
01_SA_mr,01_SA_mr_006.jpg,1,Sadness,C:\Users\kundu\OneDrive\Desktop\KMU-FED-2\data\aligned_faces\01_SA_mr\01_SA_mr_006.jpg,-3.93,702,864
01_SA_mr,01_SA_mr_007.jpg,1,Sadness,C:\Users\kundu\OneDrive\Desktop\KMU-FED-2\data\aligned_faces\01_SA_mr\01_SA_mr_007.jpg,-3.08,690,857
01_SA_mr,01_SA_mr_008.jpg,1,Sadness,C:\Users\kundu\OneDrive\Desktop\KMU-FED-2\data\aligned_faces\01_SA_mr\01_SA_mr_008.jpg,-3.06,692,855
01_SA_mr,01_SA_mr_009.jpg,1,Sadness,C:\Users\kundu\OneDrive\Desktop\KMU-FED-2\data\aligned_faces\01_SA_mr\01_SA_mr_009.jpg,-2.19,692,849
01_SA_mr,01_SA_mr_010.jpg,1,Sadness,C:\Users\kundu\OneDrive\Desktop\KMU-FED-2\data\aligned_faces\01_SA_mr\01_SA_mr_010.jpg,-2.19,690,859
01_SA_mr,01_SA_mr_011.jpg,1,Sadness,C:\Users\kundu\OneDrive\Desktop\KMU-FED-2\data\aligned_faces\01_SA_mr\01_SA_mr_011.jpg,0.92,650,819
01_SA_mr,01_SA_mr_012.jpg,1,Sadness,C:\Users\kundu\OneDrive\Desktop\KMU-FED-2\data\aligned_faces\01_SA_mr\01_SA_mr_012.jpg,-0.46,652,815
01_SA_mr,01_SA_mr_013.jpg,1,Sadness,C:\Users\kundu\OneDrive\Desktop\KMU-FED-2\data\aligned_faces\01_SA_mr\01_SA_mr_013.jpg,-0.47,648,806
01_SA_mr,01_SA_mr_014.jpg,1,Sadness,C:\Users\kundu\OneDrive\Desktop\KMU-FED-2\data\aligned_faces\01_SA_mr\01_SA_mr_014.jpg,-0.47,642,802
01_SA_mr,01_SA_mr_015.jpg,1,Sadness,C:\Users\kundu\OneDrive\Desktop\KMU-FED-2\data\aligned_faces\01_SA_mr\01_SA_mr_015.jpg,-0.93,642,805
01_SA_mr,01_SA_mr_016.jpg,1,Sadness,C:\Users\kundu\OneDrive\Desktop\KMU-FED-2\data\aligned_faces\01_SA_mr\01_SA_mr_016.jpg,-0.47,640,809
01_SA_mr,01_SA_mr_017.jpg,1,Sadness,C:\Users\kundu\OneDrive\Desktop\KMU-FED-2\data\aligned_faces\01_SA_mr\01_SA_mr_017.jpg,-0.47,640,811
01_SA_mr,01_SA_mr_018.jpg,1,Sadness,C:\Users\kundu\OneDrive\Desktop\KMU-FED-2\data\aligned_faces\01_SA_mr\01_SA_mr_018.jpg,0.0,638,811
01_SA_mr,01_SA_mr_019.jpg,1,Sadness,C:\Users\kundu\OneDrive\Desktop\KMU-FED-2\data\aligned_faces\01_SA_mr\01_SA_mr_019.jpg,0.0,636,811
01_SA_mr,01_SA_mr_020.jpg,1,Sadness,C:\Users\kundu\OneDrive\Desktop\KMU-FED-2\data\aligned_faces\01_SA_mr\01_SA_mr_020.jpg,0.0,632,808
01_SU_mr,01_SU_mr_001.jpg,1,Surprise,C:\Users\kundu\OneDrive\Desktop\KMU-FED-2\data\aligned_faces\01_SU_mr\01_SU_mr_001.jpg,-1.25,710,897
01_SU_mr,01_SU_mr_002.jpg,1,Surprise,C:\Users\kundu\OneDrive\Desktop\KMU-FED-2\data\aligned_faces\01_SU_mr\01_SU_mr_002.jpg,-1.25,708,896
01_SU_mr,01_SU_mr_003.jpg,1,Surprise,C:\Users\kundu\OneDrive\Desktop\KMU-FED-2\data\aligned_faces\01_SU_mr\01_SU_mr_003.jpg,-1.25,710,899
01_SU_mr,01_SU_mr_004.jpg,1,Surprise,C:\Users\kundu\OneDrive\Desktop\KMU-FED-2\data\aligned_faces\01_SU_mr\01_SU_mr_004.jpg,-1.25,712,899
01_SU_mr,01_SU_mr_005.jpg,1,Surprise,C:\Users\kundu\OneDrive\Desktop\KMU-FED-2\data\aligned_faces\01_SU_mr\01_SU_mr_005.jpg,-0.84,710,905
01_SU_mr,01_SU_mr_006.jpg,1,Surprise,C:\Users\kundu\OneDrive\Desktop\KMU-FED-2\data\aligned_faces\01_SU_mr\01_SU_mr_006.jpg,-1.26,708,907
01_SU_mr,01_SU_mr_007.jpg,1,Surprise,C:\Users\kundu\OneDrive\Desktop\KMU-FED-2\data\aligned_faces\01_SU_mr\01_SU_mr_007.jpg,-1.26,708,907
01_SU_mr,01_SU_mr_008.jpg,1,Surprise,C:\Users\kundu\OneDrive\Desktop\KMU-FED-2\data\aligned_faces\01_SU_mr\01_SU_mr_008.jpg,-0.84,708,905
01_SU_mr,01_SU_mr_009.jpg,1,Surprise,C:\Users\kundu\OneDrive\Desktop\KMU-FED-2\data\aligned_faces\01_SU_mr\01_SU_mr_009.jpg,-1.26,714,905
01_SU_mr,01_SU_mr_010.jpg,1,Surprise,C:\Users\kundu\OneDrive\Desktop\KMU-FED-2\data\aligned_faces\01_SU_mr\01_SU_mr_010.jpg,-1.68,710,899
01_SU_mr,01_SU_mr_011.jpg,1,Surprise,C:\Users\kundu\OneDrive\Desktop\KMU-FED-2\data\aligned_faces\01_SU_mr\01_SU_mr_011.jpg,-0.46,642,796
01_SU_mr,01_SU_mr_012.jpg,1,Surprise,C:\Users\kundu\OneDrive\Desktop\KMU-FED-2\data\aligned_faces\01_SU_mr\01_SU_mr_012.jpg,-0.92,638,794
01_SU_mr,01_SU_mr_013.jpg,1,Surprise,C:\Users\kundu\OneDrive\Desktop\KMU-FED-2\data\aligned_faces\01_SU_mr\01_SU_mr_013.jpg,-0.92,638,795
01_SU_mr,01_SU_mr_014.jpg,1,Surprise,C:\Users\kundu\OneDrive\Desktop\KMU-FED-2\data\aligned_faces\01_SU_mr\01_SU_mr_014.jpg,-0.92,640,805
01_SU_mr,01_SU_mr_015.jpg,1,Surprise,C:\Users\kundu\OneDrive\Desktop\KMU-FED-2\data\aligned_faces\01_SU_mr\01_SU_mr_015.jpg,-1.39,640,798
01_SU_mr,01_SU_mr_016.jpg,1,Surprise,C:\Users\kundu\OneDrive\Desktop\KMU-FED-2\data\aligned_faces\01_SU_mr\01_SU_mr_016.jpg,0.46,632,807
01_SU_mr,01_SU_mr_017.jpg,1,Surprise,C:\Users\kundu\OneDrive\Desktop\KMU-FED-2\data\aligned_faces\01_SU_mr\01_SU_mr_017.jpg,0.93,616,798
01_SU_mr,01_SU_mr_018.jpg,1,Surprise,C:\Users\kundu\OneDrive\Desktop\KMU-FED-2\data\aligned_faces\01_SU_mr\01_SU_mr_018.jpg,2.82,614,791
01_SU_mr,01_SU_mr_019.jpg,1,Surprise,C:\Users\kundu\OneDrive\Desktop\KMU-FED-2\data\aligned_faces\01_SU_mr\01_SU_mr_019.jpg,2.35,604,784
01_SU_mr,01_SU_mr_020.jpg,1,Surprise,C:\Users\kundu\OneDrive\Desktop\KMU-FED-2\data\aligned_faces\01_SU_mr\01_SU_mr_020.jpg,2.82,606,784
02_AN_s01,02_AN_s01_021.jpg,2,Anger,C:\Users\kundu\OneDrive\Desktop\KMU-FED-2\data\aligned_faces\02_AN_s01\02_AN_s01_021.jpg,-2.27,564,690
02_AN_s01,02_AN_s01_023.jpg,2,Anger,C:\Users\kundu\OneDrive\Desktop\KMU-FED-2\data\aligned_faces\02_AN_s01\02_AN_s01_023.jpg,0.55,542,654
02_AN_s01,02_AN_s01_024.jpg,2,Anger,C:\Users\kundu\OneDrive\Desktop\KMU-FED-2\data\aligned_faces\02_AN_s01\02_AN_s01_024.jpg,-2.08,584,688
02_AN_s01,02_AN_s01_025.jpg,2,Anger,C:\Users\kundu\OneDrive\Desktop\KMU-FED-2\data\aligned_faces\02_AN_s01\02_AN_s01_025.jpg,-3.27,569,679
02_AN_s01,02_AN_s01_026.jpg,2,Anger,C:\Users\kundu\OneDrive\Desktop\KMU-FED-2\data\aligned_faces\02_AN_s01\02_AN_s01_026.jpg,-3.18,568,678
02_AN_s01,02_AN_s01_027.jpg,2,Anger,C:\Users\kundu\OneDrive\Desktop\KMU-FED-2\data\aligned_faces\02_AN_s01\02_AN_s01_027.jpg,-5.39,554,674
02_AN_s01,02_AN_s01_028.jpg,2,Anger,C:\Users\kundu\OneDrive\Desktop\KMU-FED-2\data\aligned_faces\02_AN_s01\02_AN_s01_028.jpg,-6.52,546,662
02_FE_s01,02_FE_s01_021.jpg,2,Fear,C:\Users\kundu\OneDrive\Desktop\KMU-FED-2\data\aligned_faces\02_FE_s01\02_FE_s01_021.jpg,-2.75,524,620
02_FE_s01,02_FE_s01_022.jpg,2,Fear,C:\Users\kundu\OneDrive\Desktop\KMU-FED-2\data\aligned_faces\02_FE_s01\02_FE_s01_022.jpg,-1.09,530,630
02_FE_s01,02_FE_s01_023.jpg,2,Fear,C:\Users\kundu\OneDrive\Desktop\KMU-FED-2\data\aligned_faces\02_FE_s01\02_FE_s01_023.jpg,-0.55,522,624
02_FE_s01,02_FE_s01_024.jpg,2,Fear,C:\Users\kundu\OneDrive\Desktop\KMU-FED-2\data\aligned_faces\02_FE_s01\02_FE_s01_024.jpg,-0.55,518,618
02_FE_s01,02_FE_s01_025.jpg,2,Fear,C:\Users\kundu\OneDrive\Desktop\KMU-FED-2\data\aligned_faces\02_FE_s01\02_FE_s01_025.jpg,-1.65,528,624
02_FE_s01,02_FE_s01_026.jpg,2,Fear,C:\Users\kundu\OneDrive\Desktop\KMU-FED-2\data\aligned_faces\02_FE_s01\02_FE_s01_026.jpg,-2.78,510,606
02_FE_s01,02_FE_s01_027.jpg,2,Fear,C:\Users\kundu\OneDrive\Desktop\KMU-FED-2\data\aligned_faces\02_FE_s01\02_FE_s01_027.jpg,-2.81,512,608
02_FE_s01,02_FE_s01_028.jpg,2,Fear,C:\Users\kundu\OneDrive\Desktop\KMU-FED-2\data\aligned_faces\02_FE_s01\02_FE_s01_028.jpg,-3.33,504,594
02_FE_s01,02_FE_s01_029.jpg,2,Fear,C:\Users\kundu\OneDrive\Desktop\KMU-FED-2\data\aligned_faces\02_FE_s01\02_FE_s01_029.jpg,-0.56,510,614
02_FE_s01,02_FE_s01_030.jpg,2,Fear,C:\Users\kundu\OneDrive\Desktop\KMU-FED-2\data\aligned_faces\02_FE_s01\02_FE_s01_030.jpg,-1.1,528,638
02_FE_s01,02_FE_s01_031.jpg,2,Fear,C:\Users\kundu\OneDrive\Desktop\KMU-FED-2\data\aligned_faces\02_FE_s01\02_FE_s01_031.jpg,-0.53,568,702
02_FE_s01,02_FE_s01_032.jpg,2,Fear,C:\Users\kundu\OneDrive\Desktop\KMU-FED-2\data\aligned_faces\02_FE_s01\02_FE_s01_032.jpg,-1.04,576,704
02_FE_s01,02_FE_s01_033.jpg,2,Fear,C:\Users\kundu\OneDrive\Desktop\KMU-FED-2\data\aligned_faces\02_FE_s01\02_FE_s01_033.jpg,-1.59,564,684
02_FE_s01,02_FE_s01_034.jpg,2,Fear,C:\Users\kundu\OneDrive\Desktop\KMU-FED-2\data\aligned_faces\02_FE_s01\02_FE_s01_034.jpg,-2.16,568,684
02_FE_s01,02_FE_s01_035.jpg,2,Fear,C:\Users\kundu\OneDrive\Desktop\KMU-FED-2\data\aligned_faces\02_FE_s01\02_FE_s01_035.jpg,-3.67,542,652
02_FE_s01,02_FE_s01_036.jpg,2,Fear,C:\Users\kundu\OneDrive\Desktop\KMU-FED-2\data\aligned_faces\02_FE_s01\02_FE_s01_036.jpg,-3.67,560,668
02_FE_s01,02_FE_s01_037.jpg,2,Fear,C:\Users\kundu\OneDrive\Desktop\KMU-FED-2\data\aligned_faces\02_FE_s01\02_FE_s01_037.jpg,-5.29,556,662
02_FE_s01,02_FE_s01_038.jpg,2,Fear,C:\Users\kundu\OneDrive\Desktop\KMU-FED-2\data\aligned_faces\02_FE_s01\02_FE_s01_038.jpg,-4.9,542,644
02_FE_s01,02_FE_s01_039.jpg,2,Fear,C:\Users\kundu\OneDrive\Desktop\KMU-FED-2\data\aligned_faces\02_FE_s01\02_FE_s01_039.jpg,-4.76,546,648
02_FE_s01,02_FE_s01_040.jpg,2,Fear,C:\Users\kundu\OneDrive\Desktop\KMU-FED-2\data\aligned_faces\02_FE_s01\02_FE_s01_040.jpg,-6.52,556,668
02_HA_s01,02_HA_s01_021.jpg,2,Happiness,C:\Users\kundu\OneDrive\Desktop\KMU-FED-2\data\aligned_faces\02_HA_s01\02_HA_s01_021.jpg,-5.15,570,664
02_HA_s01,02_HA_s01_022.jpg,2,Happiness,C:\Users\kundu\OneDrive\Desktop\KMU-FED-2\data\aligned_faces\02_HA_s01\02_HA_s01_022.jpg,-5.66,564,652
02_HA_s01,02_HA_s01_023.jpg,2,Happiness,C:\Users\kundu\OneDrive\Desktop\KMU-FED-2\data\aligned_faces\02_HA_s01\02_HA_s01_023.jpg,-5.71,554,654
02_HA_s01,02_HA_s01_024.jpg,2,Happiness,C:\Users\kundu\OneDrive\Desktop\KMU-FED-2\data\aligned_faces\02_HA_s01\02_HA_s01_024.jpg,-5.76,554,656
02_HA_s01,02_HA_s01_025.jpg,2,Happiness,C:\Users\kundu\OneDrive\Desktop\KMU-FED-2\data\aligned_faces\02_HA_s01\02_HA_s01_025.jpg,-6.28,556,644
02_HA_s01,02_HA_s01_026.jpg,2,Happiness,C:\Users\kundu\OneDrive\Desktop\KMU-FED-2\data\aligned_faces\02_HA_s01\02_HA_s01_026.jpg,-5.76,558,654
02_HA_s01,02_HA_s01_027.jpg,2,Happiness,C:\Users\kundu\OneDrive\Desktop\KMU-FED-2\data\aligned_faces\02_HA_s01\02_HA_s01_027.jpg,-4.68,558,654
02_HA_s01,02_HA_s01_028.jpg,2,Happiness,C:\Users\kundu\OneDrive\Desktop\KMU-FED-2\data\aligned_faces\02_HA_s01\02_HA_s01_028.jpg,-5.76,560,650
02_HA_s01,02_HA_s01_029.jpg,2,Happiness,C:\Users\kundu\OneDrive\Desktop\KMU-FED-2\data\aligned_faces\02_HA_s01\02_HA_s01_029.jpg,-4.2,544,642
02_HA_s01,02_HA_s01_030.jpg,2,Happiness,C:\Users\kundu\OneDrive\Desktop\KMU-FED-2\data\aligned_faces\02_HA_s01\02_HA_s01_030.jpg,-5.15,556,664
02_SU_s01,02_SU_s01_021.jpg,2,Surprise,C:\Users\kundu\OneDrive\Desktop\KMU-FED-2\data\aligned_faces\02_SU_s01\02_SU_s01_021.jpg,-4.64,568,698
02_SU_s01,02_SU_s01_022.jpg,2,Surprise,C:\Users\kundu\OneDrive\Desktop\KMU-FED-2\data\aligned_faces\02_SU_s01\02_SU_s01_022.jpg,-4.76,566,700
02_SU_s01,02_SU_s01_023.jpg,2,Surprise,C:\Users\kundu\OneDrive\Desktop\KMU-FED-2\data\aligned_faces\02_SU_s01\02_SU_s01_023.jpg,-4.72,578,712
02_SU_s01,02_SU_s01_024.jpg,2,Surprise,C:\Users\kundu\OneDrive\Desktop\KMU-FED-2\data\aligned_faces\02_SU_s01\02_SU_s01_024.jpg,-2.56,554,686
02_SU_s01,02_SU_s01_025.jpg,2,Surprise,C:\Users\kundu\OneDrive\Desktop\KMU-FED-2\data\aligned_faces\02_SU_s01\02_SU_s01_025.jpg,-4.2,544,674
02_SU_s01,02_SU_s01_026.jpg,2,Surprise,C:\Users\kundu\OneDrive\Desktop\KMU-FED-2\data\aligned_faces\02_SU_s01\02_SU_s01_026.jpg,-4.09,564,696
02_SU_s01,02_SU_s01_027.jpg,2,Surprise,C:\Users\kundu\OneDrive\Desktop\KMU-FED-2\data\aligned_faces\02_SU_s01\02_SU_s01_027.jpg,-3.58,566,710
02_SU_s01,02_SU_s01_028.jpg,2,Surprise,C:\Users\kundu\OneDrive\Desktop\KMU-FED-2\data\aligned_faces\02_SU_s01\02_SU_s01_028.jpg,-3.61,552,680
02_SU_s01,02_SU_s01_029.jpg,2,Surprise,C:\Users\kundu\OneDrive\Desktop\KMU-FED-2\data\aligned_faces\02_SU_s01\02_SU_s01_029.jpg,-4.64,560,684
02_SU_s01,02_SU_s01_030.jpg,2,Surprise,C:\Users\kundu\OneDrive\Desktop\KMU-FED-2\data\aligned_faces\02_SU_s01\02_SU_s01_030.jpg,-3.74,546,666
02_SU_s01,02_SU_s01_031.jpg,2,Surprise,C:\Users\kundu\OneDrive\Desktop\KMU-FED-2\data\aligned_faces\02_SU_s01\02_SU_s01_031.jpg,-5.19,570,696
02_SU_s01,02_SU_s01_032.jpg,2,Surprise,C:\Users\kundu\OneDrive\Desktop\KMU-FED-2\data\aligned_faces\02_SU_s01\02_SU_s01_032.jpg,-4.12,564,702
02_SU_s01,02_SU_s01_033.jpg,2,Surprise,C:\Users\kundu\OneDrive\Desktop\KMU-FED-2\data\aligned_faces\02_SU_s01\02_SU_s01_033.jpg,-5.71,566,708
02_SU_s01,02_SU_s01_034.jpg,2,Surprise,C:\Users\kundu\OneDrive\Desktop\KMU-FED-2\data\aligned_faces\02_SU_s01\02_SU_s01_034.jpg,-5.71,570,702
02_SU_s01,02_SU_s01_035.jpg,2,Surprise,C:\Users\kundu\OneDrive\Desktop\KMU-FED-2\data\aligned_faces\02_SU_s01\02_SU_s01_035.jpg,-6.74,568,700
02_SU_s01,02_SU_s01_036.jpg,2,Surprise,C:\Users\kundu\OneDrive\Desktop\KMU-FED-2\data\aligned_faces\02_SU_s01\02_SU_s01_036.jpg,-6.74,570,684
02_SU_s01,02_SU_s01_037.jpg,2,Surprise,C:\Users\kundu\OneDrive\Desktop\KMU-FED-2\data\aligned_faces\02_SU_s01\02_SU_s01_037.jpg,-3.61,564,700
02_SU_s01,02_SU_s01_038.jpg,2,Surprise,C:\Users\kundu\OneDrive\Desktop\KMU-FED-2\data\aligned_faces\02_SU_s01\02_SU_s01_038.jpg,-4.05,572,690
02_SU_s01,02_SU_s01_039.jpg,2,Surprise,C:\Users\kundu\OneDrive\Desktop\KMU-FED-2\data\aligned_faces\02_SU_s01\02_SU_s01_039.jpg,-4.24,560,696
02_SU_s01,02_SU_s01_040.jpg,2,Surprise,C:\Users\kundu\OneDrive\Desktop\KMU-FED-2\data\aligned_faces\02_SU_s01\02_SU_s01_040.jpg,-3.58,578,692
03_AN_s02,03_AN_s02_031.jpg,3,Anger,C:\Users\kundu\OneDrive\Desktop\KMU-FED-2\data\aligned_faces\03_AN_s02\03_AN_s02_031.jpg,3.74,552,664
03_AN_s02,03_AN_s02_032.jpg,3,Anger,C:\Users\kundu\OneDrive\Desktop\KMU-FED-2\data\aligned_faces\03_AN_s02\03_AN_s02_032.jpg,3.67,554,662
03_AN_s02,03_AN_s02_033.jpg,3,Anger,C:\Users\kundu\OneDrive\Desktop\KMU-FED-2\data\aligned_faces\03_AN_s02\03_AN_s02_033.jpg,2.63,548,666
03_AN_s02,03_AN_s02_034.jpg,3,Anger,C:\Users\kundu\OneDrive\Desktop\KMU-FED-2\data\aligned_faces\03_AN_s02\03_AN_s02_034.jpg,1.58,548,660
03_AN_s02,03_AN_s02_035.jpg,3,Anger,C:\Users\kundu\OneDrive\Desktop\KMU-FED-2\data\aligned_faces\03_AN_s02\03_AN_s02_035.jpg,1.05,576,696
03_AN_s02,03_AN_s02_036.jpg,3,Anger,C:\Users\kundu\OneDrive\Desktop\KMU-FED-2\data\aligned_faces\03_AN_s02\03_AN_s02_036.jpg,1.04,568,688
03_AN_s02,03_AN_s02_037.jpg,3,Anger,C:\Users\kundu\OneDrive\Desktop\KMU-FED-2\data\aligned_faces\03_AN_s02\03_AN_s02_037.jpg,1.02,578,692
03_AN_s02,03_AN_s02_038.jpg,3,Anger,C:\Users\kundu\OneDrive\Desktop\KMU-FED-2\data\aligned_faces\03_AN_s02\03_AN_s02_038.jpg,-0.52,556,676
03_AN_s02,03_AN_s02_039.jpg,3,Anger,C:\Users\kundu\OneDrive\Desktop\KMU-FED-2\data\aligned_faces\03_AN_s02\03_AN_s02_039.jpg,-0.53,546,660
03_AN_s02,03_AN_s02_040.jpg,3,Anger,C:\Users\kundu\OneDrive\Desktop\KMU-FED-2\data\aligned_faces\03_AN_s02\03_AN_s02_040.jpg,0.0,556,688
03_FE_s02,03_FE_s02_041.jpg,3,Fear,C:\Users\kundu\OneDrive\Desktop\KMU-FED-2\data\aligned_faces\03_FE_s02\03_FE_s02_041.jpg,-1.01,578,684
03_FE_s02,03_FE_s02_042.jpg,3,Fear,C:\Users\kundu\OneDrive\Desktop\KMU-FED-2\data\aligned_faces\03_FE_s02\03_FE_s02_042.jpg,-1.02,572,680
03_FE_s02,03_FE_s02_043.jpg,3,Fear,C:\Users\kundu\OneDrive\Desktop\KMU-FED-2\data\aligned_faces\03_FE_s02\03_FE_s02_043.jpg,-1.52,576,680
03_FE_s02,03_FE_s02_044.jpg,3,Fear,C:\Users\kundu\OneDrive\Desktop\KMU-FED-2\data\aligned_faces\03_FE_s02\03_FE_s02_044.jpg,-0.51,568,674
03_FE_s02,03_FE_s02_045.jpg,3,Fear,C:\Users\kundu\OneDrive\Desktop\KMU-FED-2\data\aligned_faces\03_FE_s02\03_FE_s02_045.jpg,-1.01,572,680
03_FE_s02,03_FE_s02_046.jpg,3,Fear,C:\Users\kundu\OneDrive\Desktop\KMU-FED-2\data\aligned_faces\03_FE_s02\03_FE_s02_046.jpg,-1.01,576,686
03_FE_s02,03_FE_s02_047.jpg,3,Fear,C:\Users\kundu\OneDrive\Desktop\KMU-FED-2\data\aligned_faces\03_FE_s02\03_FE_s02_047.jpg,0.0,568,680
03_FE_s02,03_FE_s02_048.jpg,3,Fear,C:\Users\kundu\OneDrive\Desktop\KMU-FED-2\data\aligned_faces\03_FE_s02\03_FE_s02_048.jpg,0.0,570,684
03_FE_s02,03_FE_s02_049.jpg,3,Fear,C:\Users\kundu\OneDrive\Desktop\KMU-FED-2\data\aligned_faces\03_FE_s02\03_FE_s02_049.jpg,0.0,570,686
03_FE_s02,03_FE_s02_050.jpg,3,Fear,C:\Users\kundu\OneDrive\Desktop\KMU-FED-2\data\aligned_faces\03_FE_s02\03_FE_s02_050.jpg,0.51,570,674
03_FE_s02,03_FE_s02_051.jpg,3,Fear,C:\Users\kundu\OneDrive\Desktop\KMU-FED-2\data\aligned_faces\03_FE_s02\03_FE_s02_051.jpg,-2.53,572,668
03_FE_s02,03_FE_s02_052.jpg,3,Fear,C:\Users\kundu\OneDrive\Desktop\KMU-FED-2\data\aligned_faces\03_FE_s02\03_FE_s02_052.jpg,-2.01,570,674
03_FE_s02,03_FE_s02_053.jpg,3,Fear,C:\Users\kundu\OneDrive\Desktop\KMU-FED-2\data\aligned_faces\03_FE_s02\03_FE_s02_053.jpg,-0.5,576,680
03_FE_s02,03_FE_s02_054.jpg,3,Fear,C:\Users\kundu\OneDrive\Desktop\KMU-FED-2\data\aligned_faces\03_FE_s02\03_FE_s02_054.jpg,0.52,564,672
03_FE_s02,03_FE_s02_055.jpg,3,Fear,C:\Users\kundu\OneDrive\Desktop\KMU-FED-2\data\aligned_faces\03_FE_s02\03_FE_s02_055.jpg,-1.53,564,664
03_FE_s02,03_FE_s02_056.jpg,3,Fear,C:\Users\kundu\OneDrive\Desktop\KMU-FED-2\data\aligned_faces\03_FE_s02\03_FE_s02_056.jpg,-2.06,566,666
03_FE_s02,03_FE_s02_057.jpg,3,Fear,C:\Users\kundu\OneDrive\Desktop\KMU-FED-2\data\aligned_faces\03_FE_s02\03_FE_s02_057.jpg,-1.02,560,664
03_FE_s02,03_FE_s02_058.jpg,3,Fear,C:\Users\kundu\OneDrive\Desktop\KMU-FED-2\data\aligned_faces\03_FE_s02\03_FE_s02_058.jpg,-1.99,578,686
03_FE_s02,03_FE_s02_059.jpg,3,Fear,C:\Users\kundu\OneDrive\Desktop\KMU-FED-2\data\aligned_faces\03_FE_s02\03_FE_s02_059.jpg,-1.01,576,684
03_FE_s02,03_FE_s02_060.jpg,3,Fear,C:\Users\kundu\OneDrive\Desktop\KMU-FED-2\data\aligned_faces\03_FE_s02\03_FE_s02_060.jpg,-1.52,572,678
03_HA_s02,03_HA_s02_031.jpg,3,Happiness,C:\Users\kundu\OneDrive\Desktop\KMU-FED-2\data\aligned_faces\03_HA_s02\03_HA_s02_031.jpg,-0.49,578,678
03_HA_s02,03_HA_s02_032.jpg,3,Happiness,C:\Users\kundu\OneDrive\Desktop\KMU-FED-2\data\aligned_faces\03_HA_s02\03_HA_s02_032.jpg,-2.05,576,680
03_HA_s02,03_HA_s02_033.jpg,3,Happiness,C:\Users\kundu\OneDrive\Desktop\KMU-FED-2\data\aligned_faces\03_HA_s02\03_HA_s02_033.jpg,-1.01,596,714
03_HA_s02,03_HA_s02_034.jpg,3,Happiness,C:\Users\kundu\OneDrive\Desktop\KMU-FED-2\data\aligned_faces\03_HA_s02\03_HA_s02_034.jpg,-0.99,608,732
03_HA_s02,03_HA_s02_035.jpg,3,Happiness,C:\Users\kundu\OneDrive\Desktop\KMU-FED-2\data\aligned_faces\03_HA_s02\03_HA_s02_035.jpg,0.51,584,714
03_HA_s02,03_HA_s02_036.jpg,3,Happiness,C:\Users\kundu\OneDrive\Desktop\KMU-FED-2\data\aligned_faces\03_HA_s02\03_HA_s02_036.jpg,1.0,594,720
03_HA_s02,03_HA_s02_037.jpg,3,Happiness,C:\Users\kundu\OneDrive\Desktop\KMU-FED-2\data\aligned_faces\03_HA_s02\03_HA_s02_037.jpg,-1.49,596,720
03_HA_s02,03_HA_s02_038.jpg,3,Happiness,C:\Users\kundu\OneDrive\Desktop\KMU-FED-2\data\aligned_faces\03_HA_s02\03_HA_s02_038.jpg,-1.97,596,710
03_HA_s02,03_HA_s02_039.jpg,3,Happiness,C:\Users\kundu\OneDrive\Desktop\KMU-FED-2\data\aligned_faces\03_HA_s02\03_HA_s02_039.jpg,-1.52,582,698
03_HA_s02,03_HA_s02_040.jpg,3,Happiness,C:\Users\kundu\OneDrive\Desktop\KMU-FED-2\data\aligned_faces\03_HA_s02\03_HA_s02_040.jpg,-0.51,576,674
03_HA_s02,03_HA_s02_041.jpg,3,Happiness,C:\Users\kundu\OneDrive\Desktop\KMU-FED-2\data\aligned_faces\03_HA_s02\03_HA_s02_041.jpg,0.49,596,714
03_HA_s02,03_HA_s02_042.jpg,3,Happiness,C:\Users\kundu\OneDrive\Desktop\KMU-FED-2\data\aligned_faces\03_HA_s02\03_HA_s02_042.jpg,2.47,594,712
03_HA_s02,03_HA_s02_043.jpg,3,Happiness,C:\Users\kundu\OneDrive\Desktop\KMU-FED-2\data\aligned_faces\03_HA_s02\03_HA_s02_043.jpg,0.49,596,710
03_HA_s02,03_HA_s02_044.jpg,3,Happiness,C:\Users\kundu\OneDrive\Desktop\KMU-FED-2\data\aligned_faces\03_HA_s02\03_HA_s02_044.jpg,0.0,604,720
03_HA_s02,03_HA_s02_045.jpg,3,Happiness,C:\Users\kundu\OneDrive\Desktop\KMU-FED-2\data\aligned_faces\03_HA_s02\03_HA_s02_045.jpg,1.97,594,698
03_HA_s02,03_HA_s02_046.jpg,3,Happiness,C:\Users\kundu\OneDrive\Desktop\KMU-FED-2\data\aligned_faces\03_HA_s02\03_HA_s02_046.jpg,1.97,604,724
03_HA_s02,03_HA_s02_047.jpg,3,Happiness,C:\Users\kundu\OneDrive\Desktop\KMU-FED-2\data\aligned_faces\03_HA_s02\03_HA_s02_047.jpg,2.43,618,746
03_HA_s02,03_HA_s02_048.jpg,3,Happiness,C:\Users\kundu\OneDrive\Desktop\KMU-FED-2\data\aligned_faces\03_HA_s02\03_HA_s02_048.jpg,3.39,608,720
03_HA_s02,03_HA_s02_049.jpg,3,Happiness,C:\Users\kundu\OneDrive\Desktop\KMU-FED-2\data\aligned_faces\03_HA_s02\03_HA_s02_049.jpg,6.28,620,806
03_HA_s02,03_HA_s02_050.jpg,3,Happiness,C:\Users\kundu\OneDrive\Desktop\KMU-FED-2\data\aligned_faces\03_HA_s02\03_HA_s02_050.jpg,3.91,606,732
03_SA_s02,03_SA_s02_021.jpg,3,Sadness,C:\Users\kundu\OneDrive\Desktop\KMU-FED-2\data\aligned_faces\03_SA_s02\03_SA_s02_021.jpg,-1.04,560,668
03_SA_s02,03_SA_s02_022.jpg,3,Sadness,C:\Users\kundu\OneDrive\Desktop\KMU-FED-2\data\aligned_faces\03_SA_s02\03_SA_s02_022.jpg,-1.03,570,678
03_SA_s02,03_SA_s02_023.jpg,3,Sadness,C:\Users\kundu\OneDrive\Desktop\KMU-FED-2\data\aligned_faces\03_SA_s02\03_SA_s02_023.jpg,-3.64,564,674
03_SA_s02,03_SA_s02_024.jpg,3,Sadness,C:\Users\kundu\OneDrive\Desktop\KMU-FED-2\data\aligned_faces\03_SA_s02\03_SA_s02_024.jpg,-3.67,564,668
03_SA_s02,03_SA_s02_025.jpg,3,Sadness,C:\Users\kundu\OneDrive\Desktop\KMU-FED-2\data\aligned_faces\03_SA_s02\03_SA_s02_025.jpg,-3.67,564,678
03_SA_s02,03_SA_s02_026.jpg,3,Sadness,C:\Users\kundu\OneDrive\Desktop\KMU-FED-2\data\aligned_faces\03_SA_s02\03_SA_s02_026.jpg,-3.12,560,660
03_SA_s02,03_SA_s02_027.jpg,3,Sadness,C:\Users\kundu\OneDrive\Desktop\KMU-FED-2\data\aligned_faces\03_SA_s02\03_SA_s02_027.jpg,-4.2,554,660
03_SA_s02,03_SA_s02_028.jpg,3,Sadness,C:\Users\kundu\OneDrive\Desktop\KMU-FED-2\data\aligned_faces\03_SA_s02\03_SA_s02_028.jpg,-2.63,558,662
03_SA_s02,03_SA_s02_029.jpg,3,Sadness,C:\Users\kundu\OneDrive\Desktop\KMU-FED-2\data\aligned_faces\03_SA_s02\03_SA_s02_029.jpg,-2.63,558,656
03_SA_s02,03_SA_s02_030.jpg,3,Sadness,C:\Users\kundu\OneDrive\Desktop\KMU-FED-2\data\aligned_faces\03_SA_s02\03_SA_s02_030.jpg,-1.59,554,662
03_SA_s02,03_SA_s02_031.jpg,3,Sadness,C:\Users\kundu\OneDrive\Desktop\KMU-FED-2\data\aligned_faces\03_SA_s02\03_SA_s02_031.jpg,1.53,566,690
03_SA_s02,03_SA_s02_032.jpg,3,Sadness,C:\Users\kundu\OneDrive\Desktop\KMU-FED-2\data\aligned_faces\03_SA_s02\03_SA_s02_032.jpg,1.03,568,690
03_SA_s02,03_SA_s02_033.jpg,3,Sadness,C:\Users\kundu\OneDrive\Desktop\KMU-FED-2\data\aligned_faces\03_SA_s02\03_SA_s02_033.jpg,1.03,566,688
03_SA_s02,03_SA_s02_034.jpg,3,Sadness,C:\Users\kundu\OneDrive\Desktop\KMU-FED-2\data\aligned_faces\03_SA_s02\03_SA_s02_034.jpg,-1.0,578,704
03_SA_s02,03_SA_s02_035.jpg,3,Sadness,C:\Users\kundu\OneDrive\Desktop\KMU-FED-2\data\aligned_faces\03_SA_s02\03_SA_s02_035.jpg,-1.51,580,704
03_SA_s02,03_SA_s02_036.jpg,3,Sadness,C:\Users\kundu\OneDrive\Desktop\KMU-FED-2\data\aligned_faces\03_SA_s02\03_SA_s02_036.jpg,0.52,570,692
03_SA_s02,03_SA_s02_037.jpg,3,Sadness,C:\Users\kundu\OneDrive\Desktop\KMU-FED-2\data\aligned_faces\03_SA_s02\03_SA_s02_037.jpg,-1.53,576,692
03_SA_s02,03_SA_s02_038.jpg,3,Sadness,C:\Users\kundu\OneDrive\Desktop\KMU-FED-2\data\aligned_faces\03_SA_s02\03_SA_s02_038.jpg,-1.56,568,680
03_SA_s02,03_SA_s02_039.jpg,3,Sadness,C:\Users\kundu\OneDrive\Desktop\KMU-FED-2\data\aligned_faces\03_SA_s02\03_SA_s02_039.jpg,-1.53,566,678
03_SA_s02,03_SA_s02_040.jpg,3,Sadness,C:\Users\kundu\OneDrive\Desktop\KMU-FED-2\data\aligned_faces\03_SA_s02\03_SA_s02_040.jpg,-1.01,572,690
03_SU_s02,03_SU_s02_041.jpg,3,Surprise,C:\Users\kundu\OneDrive\Desktop\KMU-FED-2\data\aligned_faces\03_SU_s02\03_SU_s02_041.jpg,1.96,588,732
03_SU_s02,03_SU_s02_042.jpg,3,Surprise,C:\Users\kundu\OneDrive\Desktop\KMU-FED-2\data\aligned_faces\03_SU_s02\03_SU_s02_042.jpg,-0.98,590,732
03_SU_s02,03_SU_s02_043.jpg,3,Surprise,C:\Users\kundu\OneDrive\Desktop\KMU-FED-2\data\aligned_faces\03_SU_s02\03_SU_s02_043.jpg,0.49,584,722
03_SU_s02,03_SU_s02_044.jpg,3,Surprise,C:\Users\kundu\OneDrive\Desktop\KMU-FED-2\data\aligned_faces\03_SU_s02\03_SU_s02_044.jpg,0.0,596,728
03_SU_s02,03_SU_s02_045.jpg,3,Surprise,C:\Users\kundu\OneDrive\Desktop\KMU-FED-2\data\aligned_faces\03_SU_s02\03_SU_s02_045.jpg,-0.98,592,722
03_SU_s02,03_SU_s02_046.jpg,3,Surprise,C:\Users\kundu\OneDrive\Desktop\KMU-FED-2\data\aligned_faces\03_SU_s02\03_SU_s02_046.jpg,0.0,592,734
03_SU_s02,03_SU_s02_047.jpg,3,Surprise,C:\Users\kundu\OneDrive\Desktop\KMU-FED-2\data\aligned_faces\03_SU_s02\03_SU_s02_047.jpg,2.43,596,740
03_SU_s02,03_SU_s02_048.jpg,3,Surprise,C:\Users\kundu\OneDrive\Desktop\KMU-FED-2\data\aligned_faces\03_SU_s02\03_SU_s02_048.jpg,1.47,596,738
03_SU_s02,03_SU_s02_049.jpg,3,Surprise,C:\Users\kundu\OneDrive\Desktop\KMU-FED-2\data\aligned_faces\03_SU_s02\03_SU_s02_049.jpg,1.46,596,744
03_SU_s02,03_SU_s02_050.jpg,3,Surprise,C:\Users\kundu\OneDrive\Desktop\KMU-FED-2\data\aligned_faces\03_SU_s02\03_SU_s02_050.jpg,2.49,596,748
03_SU_s02,03_SU_s02_051.jpg,3,Surprise,C:\Users\kundu\OneDrive\Desktop\KMU-FED-2\data\aligned_faces\03_SU_s02\03_SU_s02_051.jpg,-3.12,566,680
03_SU_s02,03_SU_s02_052.jpg,3,Surprise,C:\Users\kundu\OneDrive\Desktop\KMU-FED-2\data\aligned_faces\03_SU_s02\03_SU_s02_052.jpg,-3.15,556,676
03_SU_s02,03_SU_s02_053.jpg,3,Surprise,C:\Users\kundu\OneDrive\Desktop\KMU-FED-2\data\aligned_faces\03_SU_s02\03_SU_s02_053.jpg,-2.63,556,676
03_SU_s02,03_SU_s02_054.jpg,3,Surprise,C:\Users\kundu\OneDrive\Desktop\KMU-FED-2\data\aligned_faces\03_SU_s02\03_SU_s02_054.jpg,-1.58,556,678
03_SU_s02,03_SU_s02_055.jpg,3,Surprise,C:\Users\kundu\OneDrive\Desktop\KMU-FED-2\data\aligned_faces\03_SU_s02\03_SU_s02_055.jpg,-2.14,554,678
03_SU_s02,03_SU_s02_056.jpg,3,Surprise,C:\Users\kundu\OneDrive\Desktop\KMU-FED-2\data\aligned_faces\03_SU_s02\03_SU_s02_056.jpg,-2.05,578,740
03_SU_s02,03_SU_s02_057.jpg,3,Surprise,C:\Users\kundu\OneDrive\Desktop\KMU-FED-2\data\aligned_faces\03_SU_s02\03_SU_s02_057.jpg,0.0,576,708
03_SU_s02,03_SU_s02_058.jpg,3,Surprise,C:\Users\kundu\OneDrive\Desktop\KMU-FED-2\data\aligned_faces\03_SU_s02\03_SU_s02_058.jpg,0.0,568,692
03_SU_s02,03_SU_s02_059.jpg,3,Surprise,C:\Users\kundu\OneDrive\Desktop\KMU-FED-2\data\aligned_faces\03_SU_s02\03_SU_s02_059.jpg,0.52,572,710
03_SU_s02,03_SU_s02_060.jpg,3,Surprise,C:\Users\kundu\OneDrive\Desktop\KMU-FED-2\data\aligned_faces\03_SU_s02\03_SU_s02_060.jpg,2.08,570,704
04_FE_s03,04_FE_s03_067.jpg,4,Fear,C:\Users\kundu\OneDrive\Desktop\KMU-FED-2\data\aligned_faces\04_FE_s03\04_FE_s03_067.jpg,-7.32,564,686
04_FE_s03,04_FE_s03_068.jpg,4,Fear,C:\Users\kundu\OneDrive\Desktop\KMU-FED-2\data\aligned_faces\04_FE_s03\04_FE_s03_068.jpg,-6.46,570,704
04_FE_s03,04_FE_s03_069.jpg,4,Fear,C:\Users\kundu\OneDrive\Desktop\KMU-FED-2\data\aligned_faces\04_FE_s03\04_FE_s03_069.jpg,-7.91,588,726
04_FE_s03,04_FE_s03_071.jpg,4,Fear,C:\Users\kundu\OneDrive\Desktop\KMU-FED-2\data\aligned_faces\04_FE_s03\04_FE_s03_071.jpg,-4.8,604,728
04_FE_s03,04_FE_s03_072.jpg,4,Fear,C:\Users\kundu\OneDrive\Desktop\KMU-FED-2\data\aligned_faces\04_FE_s03\04_FE_s03_072.jpg,-5.42,596,732
04_FE_s03,04_FE_s03_073.jpg,4,Fear,C:\Users\kundu\OneDrive\Desktop\KMU-FED-2\data\aligned_faces\04_FE_s03\04_FE_s03_073.jpg,-4.86,605,729
04_FE_s03,04_FE_s03_074.jpg,4,Fear,C:\Users\kundu\OneDrive\Desktop\KMU-FED-2\data\aligned_faces\04_FE_s03\04_FE_s03_074.jpg,-5.96,588,705
04_FE_s03,04_FE_s03_075.jpg,4,Fear,C:\Users\kundu\OneDrive\Desktop\KMU-FED-2\data\aligned_faces\04_FE_s03\04_FE_s03_075.jpg,-5.26,588,717
04_FE_s03,04_FE_s03_076.jpg,4,Fear,C:\Users\kundu\OneDrive\Desktop\KMU-FED-2\data\aligned_faces\04_FE_s03\04_FE_s03_076.jpg,-8.91,607,726
04_FE_s03,04_FE_s03_077.jpg,4,Fear,C:\Users\kundu\OneDrive\Desktop\KMU-FED-2\data\aligned_faces\04_FE_s03\04_FE_s03_077.jpg,-7.31,589,701
04_FE_s03,04_FE_s03_078.jpg,4,Fear,C:\Users\kundu\OneDrive\Desktop\KMU-FED-2\data\aligned_faces\04_FE_s03\04_FE_s03_078.jpg,-7.46,596,703
04_FE_s03,04_FE_s03_079.jpg,4,Fear,C:\Users\kundu\OneDrive\Desktop\KMU-FED-2\data\aligned_faces\04_FE_s03\04_FE_s03_079.jpg,-11.74,569,661
04_FE_s03,04_FE_s03_080.jpg,4,Fear,C:\Users\kundu\OneDrive\Desktop\KMU-FED-2\data\aligned_faces\04_FE_s03\04_FE_s03_080.jpg,-14.1,571,676
04_HA_s03,04_HA_s03_051.jpg,4,Happiness,C:\Users\kundu\OneDrive\Desktop\KMU-FED-2\data\aligned_faces\04_HA_s03\04_HA_s03_051.jpg,-13.64,572,686
04_HA_s03,04_HA_s03_052.jpg,4,Happiness,C:\Users\kundu\OneDrive\Desktop\KMU-FED-2\data\aligned_faces\04_HA_s03\04_HA_s03_052.jpg,-13.15,572,696
04_HA_s03,04_HA_s03_053.jpg,4,Happiness,C:\Users\kundu\OneDrive\Desktop\KMU-FED-2\data\aligned_faces\04_HA_s03\04_HA_s03_053.jpg,-10.38,584,711
04_HA_s03,04_HA_s03_054.jpg,4,Happiness,C:\Users\kundu\OneDrive\Desktop\KMU-FED-2\data\aligned_faces\04_HA_s03\04_HA_s03_054.jpg,-7.52,564,688
04_HA_s03,04_HA_s03_055.jpg,4,Happiness,C:\Users\kundu\OneDrive\Desktop\KMU-FED-2\data\aligned_faces\04_HA_s03\04_HA_s03_055.jpg,-10.49,590,722
04_HA_s03,04_HA_s03_056.jpg,4,Happiness,C:\Users\kundu\OneDrive\Desktop\KMU-FED-2\data\aligned_faces\04_HA_s03\04_HA_s03_056.jpg,-8.79,568,702
04_HA_s03,04_HA_s03_057.jpg,4,Happiness,C:\Users\kundu\OneDrive\Desktop\KMU-FED-2\data\aligned_faces\04_HA_s03\04_HA_s03_057.jpg,-5.98,548,678
04_HA_s03,04_HA_s03_058.jpg,4,Happiness,C:\Users\kundu\OneDrive\Desktop\KMU-FED-2\data\aligned_faces\04_HA_s03\04_HA_s03_058.jpg,-8.66,546,664
04_HA_s03,04_HA_s03_059.jpg,4,Happiness,C:\Users\kundu\OneDrive\Desktop\KMU-FED-2\data\aligned_faces\04_HA_s03\04_HA_s03_059.jpg,-8.56,537,664
04_HA_s03,04_HA_s03_060.jpg,4,Happiness,C:\Users\kundu\OneDrive\Desktop\KMU-FED-2\data\aligned_faces\04_HA_s03\04_HA_s03_060.jpg,-7.74,524,642
04_HA_s03,04_HA_s03_061.jpg,4,Happiness,C:\Users\kundu\OneDrive\Desktop\KMU-FED-2\data\aligned_faces\04_HA_s03\04_HA_s03_061.jpg,-6.51,558,656
04_HA_s03,04_HA_s03_062.jpg,4,Happiness,C:\Users\kundu\OneDrive\Desktop\KMU-FED-2\data\aligned_faces\04_HA_s03\04_HA_s03_062.jpg,-6.62,564,666
04_HA_s03,04_HA_s03_063.jpg,4,Happiness,C:\Users\kundu\OneDrive\Desktop\KMU-FED-2\data\aligned_faces\04_HA_s03\04_HA_s03_063.jpg,-6.17,546,668
04_HA_s03,04_HA_s03_064.jpg,4,Happiness,C:\Users\kundu\OneDrive\Desktop\KMU-FED-2\data\aligned_faces\04_HA_s03\04_HA_s03_064.jpg,-7.43,576,686
04_HA_s03,04_HA_s03_065.jpg,4,Happiness,C:\Users\kundu\OneDrive\Desktop\KMU-FED-2\data\aligned_faces\04_HA_s03\04_HA_s03_065.jpg,-6.53,561,665
04_HA_s03,04_HA_s03_066.jpg,4,Happiness,C:\Users\kundu\OneDrive\Desktop\KMU-FED-2\data\aligned_faces\04_HA_s03\04_HA_s03_066.jpg,-6.45,590,686
04_HA_s03,04_HA_s03_067.jpg,4,Happiness,C:\Users\kundu\OneDrive\Desktop\KMU-FED-2\data\aligned_faces\04_HA_s03\04_HA_s03_067.jpg,-7.13,588,688
04_HA_s03,04_HA_s03_068.jpg,4,Happiness,C:\Users\kundu\OneDrive\Desktop\KMU-FED-2\data\aligned_faces\04_HA_s03\04_HA_s03_068.jpg,-6.39,594,688
04_HA_s03,04_HA_s03_069.jpg,4,Happiness,C:\Users\kundu\OneDrive\Desktop\KMU-FED-2\data\aligned_faces\04_HA_s03\04_HA_s03_069.jpg,-5.56,578,666
04_HA_s03,04_HA_s03_070.jpg,4,Happiness,C:\Users\kundu\OneDrive\Desktop\KMU-FED-2\data\aligned_faces\04_HA_s03\04_HA_s03_070.jpg,-7.91,566,654
04_SA_s03,04_SA_s03_044.jpg,4,Sadness,C:\Users\kundu\OneDrive\Desktop\KMU-FED-2\data\aligned_faces\04_SA_s03\04_SA_s03_044.jpg,-22.38,50,67
04_SA_s03,04_SA_s03_045.jpg,4,Sadness,C:\Users\kundu\OneDrive\Desktop\KMU-FED-2\data\aligned_faces\04_SA_s03\04_SA_s03_045.jpg,-18.43,39,55
04_SA_s03,04_SA_s03_046.jpg,4,Sadness,C:\Users\kundu\OneDrive\Desktop\KMU-FED-2\data\aligned_faces\04_SA_s03\04_SA_s03_046.jpg,-15.95,44,66
04_SA_s03,04_SA_s03_050.jpg,4,Sadness,C:\Users\kundu\OneDrive\Desktop\KMU-FED-2\data\aligned_faces\04_SA_s03\04_SA_s03_050.jpg,-18.43,52,72
04_SU_s03,04_SU_s03_061.jpg,4,Surprise,C:\Users\kundu\OneDrive\Desktop\KMU-FED-2\data\aligned_faces\04_SU_s03\04_SU_s03_061.jpg,-5.76,558,702
04_SU_s03,04_SU_s03_062.jpg,4,Surprise,C:\Users\kundu\OneDrive\Desktop\KMU-FED-2\data\aligned_faces\04_SU_s03\04_SU_s03_062.jpg,-6.28,558,720
04_SU_s03,04_SU_s03_063.jpg,4,Surprise,C:\Users\kundu\OneDrive\Desktop\KMU-FED-2\data\aligned_faces\04_SU_s03\04_SU_s03_063.jpg,-8.43,564,702
04_SU_s03,04_SU_s03_064.jpg,4,Surprise,C:\Users\kundu\OneDrive\Desktop\KMU-FED-2\data\aligned_faces\04_SU_s03\04_SU_s03_064.jpg,-5.76,568,702
04_SU_s03,04_SU_s03_065.jpg,4,Surprise,C:\Users\kundu\OneDrive\Desktop\KMU-FED-2\data\aligned_faces\04_SU_s03\04_SU_s03_065.jpg,-6.12,576,714
04_SU_s03,04_SU_s03_066.jpg,4,Surprise,C:\Users\kundu\OneDrive\Desktop\KMU-FED-2\data\aligned_faces\04_SU_s03\04_SU_s03_066.jpg,-4.76,552,710
04_SU_s03,04_SU_s03_067.jpg,4,Surprise,C:\Users\kundu\OneDrive\Desktop\KMU-FED-2\data\aligned_faces\04_SU_s03\04_SU_s03_067.jpg,-7.63,572,712
04_SU_s03,04_SU_s03_068.jpg,4,Surprise,C:\Users\kundu\OneDrive\Desktop\KMU-FED-2\data\aligned_faces\04_SU_s03\04_SU_s03_068.jpg,-4.51,584,722
04_SU_s03,04_SU_s03_069.jpg,4,Surprise,C:\Users\kundu\OneDrive\Desktop\KMU-FED-2\data\aligned_faces\04_SU_s03\04_SU_s03_069.jpg,-6.8,570,724
04_SU_s03,04_SU_s03_070.jpg,4,Surprise,C:\Users\kundu\OneDrive\Desktop\KMU-FED-2\data\aligned_faces\04_SU_s03\04_SU_s03_070.jpg,-6.06,570,722
05_AN_uj,05_AN_uj_041.jpg,5,Anger,C:\Users\kundu\OneDrive\Desktop\KMU-FED-2\data\aligned_faces\05_AN_uj\05_AN_uj_041.jpg,0.0,642,846
05_AN_uj,05_AN_uj_042.jpg,5,Anger,C:\Users\kundu\OneDrive\Desktop\KMU-FED-2\data\aligned_faces\05_AN_uj\05_AN_uj_042.jpg,0.83,662,872
05_AN_uj,05_AN_uj_043.jpg,5,Anger,C:\Users\kundu\OneDrive\Desktop\KMU-FED-2\data\aligned_faces\05_AN_uj\05_AN_uj_043.jpg,0.84,674,870
05_AN_uj,05_AN_uj_044.jpg,5,Anger,C:\Users\kundu\OneDrive\Desktop\KMU-FED-2\data\aligned_faces\05_AN_uj\05_AN_uj_044.jpg,3.14,665,870
05_AN_uj,05_AN_uj_045.jpg,5,Anger,C:\Users\kundu\OneDrive\Desktop\KMU-FED-2\data\aligned_faces\05_AN_uj\05_AN_uj_045.jpg,3.6,663,861
05_AN_uj,05_AN_uj_046.jpg,5,Anger,C:\Users\kundu\OneDrive\Desktop\KMU-FED-2\data\aligned_faces\05_AN_uj\05_AN_uj_046.jpg,3.18,638,846
05_AN_uj,05_AN_uj_047.jpg,5,Anger,C:\Users\kundu\OneDrive\Desktop\KMU-FED-2\data\aligned_faces\05_AN_uj\05_AN_uj_047.jpg,4.27,662,876
05_AN_uj,05_AN_uj_048.jpg,5,Anger,C:\Users\kundu\OneDrive\Desktop\KMU-FED-2\data\aligned_faces\05_AN_uj\05_AN_uj_048.jpg,4.3,666,858
05_AN_uj,05_AN_uj_049.jpg,5,Anger,C:\Users\kundu\OneDrive\Desktop\KMU-FED-2\data\aligned_faces\05_AN_uj\05_AN_uj_049.jpg,5.12,666,866
05_AN_uj,05_AN_uj_050.jpg,5,Anger,C:\Users\kundu\OneDrive\Desktop\KMU-FED-2\data\aligned_faces\05_AN_uj\05_AN_uj_050.jpg,4.5,644,842
05_AN_uj,05_AN_uj_051.jpg,5,Anger,C:\Users\kundu\OneDrive\Desktop\KMU-FED-2\data\aligned_faces\05_AN_uj\05_AN_uj_051.jpg,-1.31,630,852
05_AN_uj,05_AN_uj_052.jpg,5,Anger,C:\Users\kundu\OneDrive\Desktop\KMU-FED-2\data\aligned_faces\05_AN_uj\05_AN_uj_052.jpg,0.87,654,828
05_AN_uj,05_AN_uj_053.jpg,5,Anger,C:\Users\kundu\OneDrive\Desktop\KMU-FED-2\data\aligned_faces\05_AN_uj\05_AN_uj_053.jpg,0.0,650,816
05_AN_uj,05_AN_uj_054.jpg,5,Anger,C:\Users\kundu\OneDrive\Desktop\KMU-FED-2\data\aligned_faces\05_AN_uj\05_AN_uj_054.jpg,3.93,664,830
05_AN_uj,05_AN_uj_055.jpg,5,Anger,C:\Users\kundu\OneDrive\Desktop\KMU-FED-2\data\aligned_faces\05_AN_uj\05_AN_uj_055.jpg,3.96,666,830
05_AN_uj,05_AN_uj_056.jpg,5,Anger,C:\Users\kundu\OneDrive\Desktop\KMU-FED-2\data\aligned_faces\05_AN_uj\05_AN_uj_056.jpg,-0.45,644,822
05_AN_uj,05_AN_uj_057.jpg,5,Anger,C:\Users\kundu\OneDrive\Desktop\KMU-FED-2\data\aligned_faces\05_AN_uj\05_AN_uj_057.jpg,2.19,672,846
05_AN_uj,05_AN_uj_058.jpg,5,Anger,C:\Users\kundu\OneDrive\Desktop\KMU-FED-2\data\aligned_faces\05_AN_uj\05_AN_uj_058.jpg,1.75,656,854
05_AN_uj,05_AN_uj_059.jpg,5,Anger,C:\Users\kundu\OneDrive\Desktop\KMU-FED-2\data\aligned_faces\05_AN_uj\05_AN_uj_059.jpg,1.31,672,852
05_AN_uj,05_AN_uj_060.jpg,5,Anger,C:\Users\kundu\OneDrive\Desktop\KMU-FED-2\data\aligned_faces\05_AN_uj\05_AN_uj_060.jpg,0.87,662,866
05_DI_uj,05_DI_uj_031.jpg,5,Disgust,C:\Users\kundu\OneDrive\Desktop\KMU-FED-2\data\aligned_faces\05_DI_uj\05_DI_uj_031.jpg,5.71,726,982
05_DI_uj,05_DI_uj_032.jpg,5,Disgust,C:\Users\kundu\OneDrive\Desktop\KMU-FED-2\data\aligned_faces\05_DI_uj\05_DI_uj_032.jpg,4.28,720,982
05_DI_uj,05_DI_uj_033.jpg,5,Disgust,C:\Users\kundu\OneDrive\Desktop\KMU-FED-2\data\aligned_faces\05_DI_uj\05_DI_uj_033.jpg,5.44,716,989
05_DI_uj,05_DI_uj_034.jpg,5,Disgust,C:\Users\kundu\OneDrive\Desktop\KMU-FED-2\data\aligned_faces\05_DI_uj\05_DI_uj_034.jpg,5.95,708,977
05_DI_uj,05_DI_uj_035.jpg,5,Disgust,C:\Users\kundu\OneDrive\Desktop\KMU-FED-2\data\aligned_faces\05_DI_uj\05_DI_uj_035.jpg,6.64,702,986
05_DI_uj,05_DI_uj_036.jpg,5,Disgust,C:\Users\kundu\OneDrive\Desktop\KMU-FED-2\data\aligned_faces\05_DI_uj\05_DI_uj_036.jpg,6.98,708,980
05_DI_uj,05_DI_uj_037.jpg,5,Disgust,C:\Users\kundu\OneDrive\Desktop\KMU-FED-2\data\aligned_faces\05_DI_uj\05_DI_uj_037.jpg,5.63,690,966
05_DI_uj,05_DI_uj_038.jpg,5,Disgust,C:\Users\kundu\OneDrive\Desktop\KMU-FED-2\data\aligned_faces\05_DI_uj\05_DI_uj_038.jpg,6.43,710,982
05_DI_uj,05_DI_uj_039.jpg,5,Disgust,C:\Users\kundu\OneDrive\Desktop\KMU-FED-2\data\aligned_faces\05_DI_uj\05_DI_uj_039.jpg,5.27,678,980
05_DI_uj,05_DI_uj_040.jpg,5,Disgust,C:\Users\kundu\OneDrive\Desktop\KMU-FED-2\data\aligned_faces\05_DI_uj\05_DI_uj_040.jpg,7.38,680,904
05_FE_uj,05_FE_uj_081.jpg,5,Fear,C:\Users\kundu\OneDrive\Desktop\KMU-FED-2\data\aligned_faces\05_FE_uj\05_FE_uj_081.jpg,6.3,744,910
05_FE_uj,05_FE_uj_082.jpg,5,Fear,C:\Users\kundu\OneDrive\Desktop\KMU-FED-2\data\aligned_faces\05_FE_uj\05_FE_uj_082.jpg,6.38,728,884
05_FE_uj,05_FE_uj_083.jpg,5,Fear,C:\Users\kundu\OneDrive\Desktop\KMU-FED-2\data\aligned_faces\05_FE_uj\05_FE_uj_083.jpg,5.95,732,888
05_FE_uj,05_FE_uj_084.jpg,5,Fear,C:\Users\kundu\OneDrive\Desktop\KMU-FED-2\data\aligned_faces\05_FE_uj\05_FE_uj_084.jpg,5.91,734,891
05_FE_uj,05_FE_uj_085.jpg,5,Fear,C:\Users\kundu\OneDrive\Desktop\KMU-FED-2\data\aligned_faces\05_FE_uj\05_FE_uj_085.jpg,5.63,720,886
05_FE_uj,05_FE_uj_086.jpg,5,Fear,C:\Users\kundu\OneDrive\Desktop\KMU-FED-2\data\aligned_faces\05_FE_uj\05_FE_uj_086.jpg,5.67,716,885
05_FE_uj,05_FE_uj_087.jpg,5,Fear,C:\Users\kundu\OneDrive\Desktop\KMU-FED-2\data\aligned_faces\05_FE_uj\05_FE_uj_087.jpg,4.83,724,877
05_FE_uj,05_FE_uj_088.jpg,5,Fear,C:\Users\kundu\OneDrive\Desktop\KMU-FED-2\data\aligned_faces\05_FE_uj\05_FE_uj_088.jpg,5.99,722,866
05_FE_uj,05_FE_uj_089.jpg,5,Fear,C:\Users\kundu\OneDrive\Desktop\KMU-FED-2\data\aligned_faces\05_FE_uj\05_FE_uj_089.jpg,6.03,704,871
05_FE_uj,05_FE_uj_090.jpg,5,Fear,C:\Users\kundu\OneDrive\Desktop\KMU-FED-2\data\aligned_faces\05_FE_uj\05_FE_uj_090.jpg,4.0,716,871
05_FE_uj,05_FE_uj_091.jpg,5,Fear,C:\Users\kundu\OneDrive\Desktop\KMU-FED-2\data\aligned_faces\05_FE_uj\05_FE_uj_091.jpg,6.39,684,866
05_FE_uj,05_FE_uj_092.jpg,5,Fear,C:\Users\kundu\OneDrive\Desktop\KMU-FED-2\data\aligned_faces\05_FE_uj\05_FE_uj_092.jpg,6.48,680,873
05_FE_uj,05_FE_uj_093.jpg,5,Fear,C:\Users\kundu\OneDrive\Desktop\KMU-FED-2\data\aligned_faces\05_FE_uj\05_FE_uj_093.jpg,5.88,700,883
05_FE_uj,05_FE_uj_094.jpg,5,Fear,C:\Users\kundu\OneDrive\Desktop\KMU-FED-2\data\aligned_faces\05_FE_uj\05_FE_uj_094.jpg,5.92,692,879
05_FE_uj,05_FE_uj_095.jpg,5,Fear,C:\Users\kundu\OneDrive\Desktop\KMU-FED-2\data\aligned_faces\05_FE_uj\05_FE_uj_095.jpg,6.34,692,876
05_FE_uj,05_FE_uj_096.jpg,5,Fear,C:\Users\kundu\OneDrive\Desktop\KMU-FED-2\data\aligned_faces\05_FE_uj\05_FE_uj_096.jpg,5.54,680,877
05_FE_uj,05_FE_uj_097.jpg,5,Fear,C:\Users\kundu\OneDrive\Desktop\KMU-FED-2\data\aligned_faces\05_FE_uj\05_FE_uj_097.jpg,4.66,696,875
05_FE_uj,05_FE_uj_098.jpg,5,Fear,C:\Users\kundu\OneDrive\Desktop\KMU-FED-2\data\aligned_faces\05_FE_uj\05_FE_uj_098.jpg,4.73,690,880
05_FE_uj,05_FE_uj_099.jpg,5,Fear,C:\Users\kundu\OneDrive\Desktop\KMU-FED-2\data\aligned_faces\05_FE_uj\05_FE_uj_099.jpg,4.3,692,882
05_FE_uj,05_FE_uj_100.jpg,5,Fear,C:\Users\kundu\OneDrive\Desktop\KMU-FED-2\data\aligned_faces\05_FE_uj\05_FE_uj_100.jpg,4.8,680,883
05_HA_uj,05_HA_uj_071.jpg,5,Happiness,C:\Users\kundu\OneDrive\Desktop\KMU-FED-2\data\aligned_faces\05_HA_uj\05_HA_uj_071.jpg,1.59,764,902
05_HA_uj,05_HA_uj_072.jpg,5,Happiness,C:\Users\kundu\OneDrive\Desktop\KMU-FED-2\data\aligned_faces\05_HA_uj\05_HA_uj_072.jpg,2.82,750,897
05_HA_uj,05_HA_uj_073.jpg,5,Happiness,C:\Users\kundu\OneDrive\Desktop\KMU-FED-2\data\aligned_faces\05_HA_uj\05_HA_uj_073.jpg,4.76,750,891
05_HA_uj,05_HA_uj_074.jpg,5,Happiness,C:\Users\kundu\OneDrive\Desktop\KMU-FED-2\data\aligned_faces\05_HA_uj\05_HA_uj_074.jpg,4.8,758,901
05_HA_uj,05_HA_uj_075.jpg,5,Happiness,C:\Users\kundu\OneDrive\Desktop\KMU-FED-2\data\aligned_faces\05_HA_uj\05_HA_uj_075.jpg,1.15,748,889
05_HA_uj,05_HA_uj_076.jpg,5,Happiness,C:\Users\kundu\OneDrive\Desktop\KMU-FED-2\data\aligned_faces\05_HA_uj\05_HA_uj_076.jpg,4.86,746,898
05_HA_uj,05_HA_uj_077.jpg,5,Happiness,C:\Users\kundu\OneDrive\Desktop\KMU-FED-2\data\aligned_faces\05_HA_uj\05_HA_uj_077.jpg,5.09,752,888
05_HA_uj,05_HA_uj_078.jpg,5,Happiness,C:\Users\kundu\OneDrive\Desktop\KMU-FED-2\data\aligned_faces\05_HA_uj\05_HA_uj_078.jpg,5.63,744,894
05_HA_uj,05_HA_uj_079.jpg,5,Happiness,C:\Users\kundu\OneDrive\Desktop\KMU-FED-2\data\aligned_faces\05_HA_uj\05_HA_uj_079.jpg,4.52,738,895
05_HA_uj,05_HA_uj_080.jpg,5,Happiness,C:\Users\kundu\OneDrive\Desktop\KMU-FED-2\data\aligned_faces\05_HA_uj\05_HA_uj_080.jpg,6.43,732,876
05_HA_uj,05_HA_uj_087.jpg,5,Happiness,C:\Users\kundu\OneDrive\Desktop\KMU-FED-2\data\aligned_faces\05_HA_uj\05_HA_uj_087.jpg,0.0,21,25
05_HA_uj,05_HA_uj_090.jpg,5,Happiness,C:\Users\kundu\OneDrive\Desktop\KMU-FED-2\data\aligned_faces\05_HA_uj\05_HA_uj_090.jpg,0.0,25,28
05_SA_uj,05_SA_uj_051.jpg,5,Sadness,C:\Users\kundu\OneDrive\Desktop\KMU-FED-2\data\aligned_faces\05_SA_uj\05_SA_uj_051.jpg,3.84,680,852
05_SA_uj,05_SA_uj_052.jpg,5,Sadness,C:\Users\kundu\OneDrive\Desktop\KMU-FED-2\data\aligned_faces\05_SA_uj\05_SA_uj_052.jpg,3.42,684,852
05_SA_uj,05_SA_uj_053.jpg,5,Sadness,C:\Users\kundu\OneDrive\Desktop\KMU-FED-2\data\aligned_faces\05_SA_uj\05_SA_uj_053.jpg,2.99,680,854
05_SA_uj,05_SA_uj_054.jpg,5,Sadness,C:\Users\kundu\OneDrive\Desktop\KMU-FED-2\data\aligned_faces\05_SA_uj\05_SA_uj_054.jpg,2.97,688,852
05_SA_uj,05_SA_uj_055.jpg,5,Sadness,C:\Users\kundu\OneDrive\Desktop\KMU-FED-2\data\aligned_faces\05_SA_uj\05_SA_uj_055.jpg,3.01,678,854
05_SA_uj,05_SA_uj_056.jpg,5,Sadness,C:\Users\kundu\OneDrive\Desktop\KMU-FED-2\data\aligned_faces\05_SA_uj\05_SA_uj_056.jpg,2.95,702,864
05_SA_uj,05_SA_uj_057.jpg,5,Sadness,C:\Users\kundu\OneDrive\Desktop\KMU-FED-2\data\aligned_faces\05_SA_uj\05_SA_uj_057.jpg,3.37,692,861
05_SA_uj,05_SA_uj_058.jpg,5,Sadness,C:\Users\kundu\OneDrive\Desktop\KMU-FED-2\data\aligned_faces\05_SA_uj\05_SA_uj_058.jpg,3.39,688,859
05_SA_uj,05_SA_uj_059.jpg,5,Sadness,C:\Users\kundu\OneDrive\Desktop\KMU-FED-2\data\aligned_faces\05_SA_uj\05_SA_uj_059.jpg,2.54,684,843
05_SA_uj,05_SA_uj_060.jpg,5,Sadness,C:\Users\kundu\OneDrive\Desktop\KMU-FED-2\data\aligned_faces\05_SA_uj\05_SA_uj_060.jpg,3.84,684,859
05_SA_uj,05_SA_uj_061.jpg,5,Sadness,C:\Users\kundu\OneDrive\Desktop\KMU-FED-2\data\aligned_faces\05_SA_uj\05_SA_uj_061.jpg,3.47,688,828
05_SA_uj,05_SA_uj_062.jpg,5,Sadness,C:\Users\kundu\OneDrive\Desktop\KMU-FED-2\data\aligned_faces\05_SA_uj\05_SA_uj_062.jpg,4.21,676,817
05_SA_uj,05_SA_uj_063.jpg,5,Sadness,C:\Users\kundu\OneDrive\Desktop\KMU-FED-2\data\aligned_faces\05_SA_uj\05_SA_uj_063.jpg,4.21,678,810
05_SA_uj,05_SA_uj_064.jpg,5,Sadness,C:\Users\kundu\OneDrive\Desktop\KMU-FED-2\data\aligned_faces\05_SA_uj\05_SA_uj_064.jpg,4.24,680,817
05_SA_uj,05_SA_uj_065.jpg,5,Sadness,C:\Users\kundu\OneDrive\Desktop\KMU-FED-2\data\aligned_faces\05_SA_uj\05_SA_uj_065.jpg,4.21,686,820
05_SA_uj,05_SA_uj_066.jpg,5,Sadness,C:\Users\kundu\OneDrive\Desktop\KMU-FED-2\data\aligned_faces\05_SA_uj\05_SA_uj_066.jpg,4.24,678,817
05_SA_uj,05_SA_uj_067.jpg,5,Sadness,C:\Users\kundu\OneDrive\Desktop\KMU-FED-2\data\aligned_faces\05_SA_uj\05_SA_uj_067.jpg,4.62,678,814
05_SA_uj,05_SA_uj_068.jpg,5,Sadness,C:\Users\kundu\OneDrive\Desktop\KMU-FED-2\data\aligned_faces\05_SA_uj\05_SA_uj_068.jpg,4.73,686,828
05_SA_uj,05_SA_uj_069.jpg,5,Sadness,C:\Users\kundu\OneDrive\Desktop\KMU-FED-2\data\aligned_faces\05_SA_uj\05_SA_uj_069.jpg,4.33,686,832
05_SA_uj,05_SA_uj_070.jpg,5,Sadness,C:\Users\kundu\OneDrive\Desktop\KMU-FED-2\data\aligned_faces\05_SA_uj\05_SA_uj_070.jpg,5.19,678,829
05_SU_uj,05_SU_uj_061.jpg,5,Surprise,C:\Users\kundu\OneDrive\Desktop\KMU-FED-2\data\aligned_faces\05_SU_uj\05_SU_uj_061.jpg,1.24,714,875
05_SU_uj,05_SU_uj_062.jpg,5,Surprise,C:\Users\kundu\OneDrive\Desktop\KMU-FED-2\data\aligned_faces\05_SU_uj\05_SU_uj_062.jpg,2.54,692,859
05_SU_uj,05_SU_uj_063.jpg,5,Surprise,C:\Users\kundu\OneDrive\Desktop\KMU-FED-2\data\aligned_faces\05_SU_uj\05_SU_uj_063.jpg,4.62,686,861
05_SU_uj,05_SU_uj_064.jpg,5,Surprise,C:\Users\kundu\OneDrive\Desktop\KMU-FED-2\data\aligned_faces\05_SU_uj\05_SU_uj_064.jpg,4.66,688,859
05_SU_uj,05_SU_uj_065.jpg,5,Surprise,C:\Users\kundu\OneDrive\Desktop\KMU-FED-2\data\aligned_faces\05_SU_uj\05_SU_uj_065.jpg,5.01,696,865
05_SU_uj,05_SU_uj_066.jpg,5,Surprise,C:\Users\kundu\OneDrive\Desktop\KMU-FED-2\data\aligned_faces\05_SU_uj\05_SU_uj_066.jpg,5.5,686,858
05_SU_uj,05_SU_uj_067.jpg,5,Surprise,C:\Users\kundu\OneDrive\Desktop\KMU-FED-2\data\aligned_faces\05_SU_uj\05_SU_uj_067.jpg,5.08,692,861
05_SU_uj,05_SU_uj_068.jpg,5,Surprise,C:\Users\kundu\OneDrive\Desktop\KMU-FED-2\data\aligned_faces\05_SU_uj\05_SU_uj_068.jpg,3.65,716,902
05_SU_uj,05_SU_uj_069.jpg,5,Surprise,C:\Users\kundu\OneDrive\Desktop\KMU-FED-2\data\aligned_faces\05_SU_uj\05_SU_uj_069.jpg,5.01,700,843
05_SU_uj,05_SU_uj_070.jpg,5,Surprise,C:\Users\kundu\OneDrive\Desktop\KMU-FED-2\data\aligned_faces\05_SU_uj\05_SU_uj_070.jpg,5.08,722,886
05_SU_uj,05_SU_uj_075.jpg,5,Surprise,C:\Users\kundu\OneDrive\Desktop\KMU-FED-2\data\aligned_faces\05_SU_uj\05_SU_uj_075.jpg,4.86,712,932
05_SU_uj,05_SU_uj_076.jpg,5,Surprise,C:\Users\kundu\OneDrive\Desktop\KMU-FED-2\data\aligned_faces\05_SU_uj\05_SU_uj_076.jpg,4.46,708,934
05_SU_uj,05_SU_uj_077.jpg,5,Surprise,C:\Users\kundu\OneDrive\Desktop\KMU-FED-2\data\aligned_faces\05_SU_uj\05_SU_uj_077.jpg,4.46,714,931
05_SU_uj,05_SU_uj_078.jpg,5,Surprise,C:\Users\kundu\OneDrive\Desktop\KMU-FED-2\data\aligned_faces\05_SU_uj\05_SU_uj_078.jpg,4.49,712,929
06_AN_dy,06_AN_dy_061.jpg,6,Anger,C:\Users\kundu\OneDrive\Desktop\KMU-FED-2\data\aligned_faces\06_AN_dy\06_AN_dy_061.jpg,2.91,592,728
06_AN_dy,06_AN_dy_062.jpg,6,Anger,C:\Users\kundu\OneDrive\Desktop\KMU-FED-2\data\aligned_faces\06_AN_dy\06_AN_dy_062.jpg,1.99,626,760
06_AN_dy,06_AN_dy_063.jpg,6,Anger,C:\Users\kundu\OneDrive\Desktop\KMU-FED-2\data\aligned_faces\06_AN_dy\06_AN_dy_063.jpg,2.01,624,762
06_AN_dy,06_AN_dy_064.jpg,6,Anger,C:\Users\kundu\OneDrive\Desktop\KMU-FED-2\data\aligned_faces\06_AN_dy\06_AN_dy_064.jpg,1.02,620,760
06_AN_dy,06_AN_dy_065.jpg,6,Anger,C:\Users\kundu\OneDrive\Desktop\KMU-FED-2\data\aligned_faces\06_AN_dy\06_AN_dy_065.jpg,0.49,608,748
06_AN_dy,06_AN_dy_066.jpg,6,Anger,C:\Users\kundu\OneDrive\Desktop\KMU-FED-2\data\aligned_faces\06_AN_dy\06_AN_dy_066.jpg,2.96,630,762
06_AN_dy,06_AN_dy_067.jpg,6,Anger,C:\Users\kundu\OneDrive\Desktop\KMU-FED-2\data\aligned_faces\06_AN_dy\06_AN_dy_067.jpg,3.48,600,744
06_AN_dy,06_AN_dy_068.jpg,6,Anger,C:\Users\kundu\OneDrive\Desktop\KMU-FED-2\data\aligned_faces\06_AN_dy\06_AN_dy_068.jpg,3.95,588,732
06_AN_dy,06_AN_dy_069.jpg,6,Anger,C:\Users\kundu\OneDrive\Desktop\KMU-FED-2\data\aligned_faces\06_AN_dy\06_AN_dy_069.jpg,2.01,596,726
06_AN_dy,06_AN_dy_070.jpg,6,Anger,C:\Users\kundu\OneDrive\Desktop\KMU-FED-2\data\aligned_faces\06_AN_dy\06_AN_dy_070.jpg,2.01,594,734
06_AN_dy,06_AN_dy_071.jpg,6,Anger,C:\Users\kundu\OneDrive\Desktop\KMU-FED-2\data\aligned_faces\06_AN_dy\06_AN_dy_071.jpg,1.97,606,750
06_AN_dy,06_AN_dy_072.jpg,6,Anger,C:\Users\kundu\OneDrive\Desktop\KMU-FED-2\data\aligned_faces\06_AN_dy\06_AN_dy_072.jpg,1.47,600,740
06_AN_dy,06_AN_dy_073.jpg,6,Anger,C:\Users\kundu\OneDrive\Desktop\KMU-FED-2\data\aligned_faces\06_AN_dy\06_AN_dy_073.jpg,0.49,606,744
06_AN_dy,06_AN_dy_074.jpg,6,Anger,C:\Users\kundu\OneDrive\Desktop\KMU-FED-2\data\aligned_faces\06_AN_dy\06_AN_dy_074.jpg,-0.49,606,746
06_AN_dy,06_AN_dy_075.jpg,6,Anger,C:\Users\kundu\OneDrive\Desktop\KMU-FED-2\data\aligned_faces\06_AN_dy\06_AN_dy_075.jpg,-0.98,614,752
06_AN_dy,06_AN_dy_076.jpg,6,Anger,C:\Users\kundu\OneDrive\Desktop\KMU-FED-2\data\aligned_faces\06_AN_dy\06_AN_dy_076.jpg,0.0,592,734
06_AN_dy,06_AN_dy_077.jpg,6,Anger,C:\Users\kundu\OneDrive\Desktop\KMU-FED-2\data\aligned_faces\06_AN_dy\06_AN_dy_077.jpg,-0.95,616,762
06_AN_dy,06_AN_dy_078.jpg,6,Anger,C:\Users\kundu\OneDrive\Desktop\KMU-FED-2\data\aligned_faces\06_AN_dy\06_AN_dy_078.jpg,0.49,588,732
06_AN_dy,06_AN_dy_079.jpg,6,Anger,C:\Users\kundu\OneDrive\Desktop\KMU-FED-2\data\aligned_faces\06_AN_dy\06_AN_dy_079.jpg,0.49,584,728
06_AN_dy,06_AN_dy_080.jpg,6,Anger,C:\Users\kundu\OneDrive\Desktop\KMU-FED-2\data\aligned_faces\06_AN_dy\06_AN_dy_080.jpg,0.0,578,710
06_DI_dy,06_DI_dy_051.jpg,6,Disgust,C:\Users\kundu\OneDrive\Desktop\KMU-FED-2\data\aligned_faces\06_DI_dy\06_DI_dy_051.jpg,-0.99,618,750
06_DI_dy,06_DI_dy_052.jpg,6,Disgust,C:\Users\kundu\OneDrive\Desktop\KMU-FED-2\data\aligned_faces\06_DI_dy\06_DI_dy_052.jpg,-1.96,614,750
06_DI_dy,06_DI_dy_053.jpg,6,Disgust,C:\Users\kundu\OneDrive\Desktop\KMU-FED-2\data\aligned_faces\06_DI_dy\06_DI_dy_053.jpg,0.0,604,740
06_DI_dy,06_DI_dy_054.jpg,6,Disgust,C:\Users\kundu\OneDrive\Desktop\KMU-FED-2\data\aligned_faces\06_DI_dy\06_DI_dy_054.jpg,0.5,600,748
06_DI_dy,06_DI_dy_055.jpg,6,Disgust,C:\Users\kundu\OneDrive\Desktop\KMU-FED-2\data\aligned_faces\06_DI_dy\06_DI_dy_055.jpg,0.99,582,722
06_DI_dy,06_DI_dy_056.jpg,6,Disgust,C:\Users\kundu\OneDrive\Desktop\KMU-FED-2\data\aligned_faces\06_DI_dy\06_DI_dy_056.jpg,1.48,582,724
06_DI_dy,06_DI_dy_057.jpg,6,Disgust,C:\Users\kundu\OneDrive\Desktop\KMU-FED-2\data\aligned_faces\06_DI_dy\06_DI_dy_057.jpg,2.47,584,716
06_DI_dy,06_DI_dy_058.jpg,6,Disgust,C:\Users\kundu\OneDrive\Desktop\KMU-FED-2\data\aligned_faces\06_DI_dy\06_DI_dy_058.jpg,3.51,580,720
06_DI_dy,06_DI_dy_059.jpg,6,Disgust,C:\Users\kundu\OneDrive\Desktop\KMU-FED-2\data\aligned_faces\06_DI_dy\06_DI_dy_059.jpg,3.04,576,714
06_DI_dy,06_DI_dy_060.jpg,6,Disgust,C:\Users\kundu\OneDrive\Desktop\KMU-FED-2\data\aligned_faces\06_DI_dy\06_DI_dy_060.jpg,2.99,582,720
06_DI_dy,06_DI_dy_061.jpg,6,Disgust,C:\Users\kundu\OneDrive\Desktop\KMU-FED-2\data\aligned_faces\06_DI_dy\06_DI_dy_061.jpg,-3.98,600,712
06_DI_dy,06_DI_dy_062.jpg,6,Disgust,C:\Users\kundu\OneDrive\Desktop\KMU-FED-2\data\aligned_faces\06_DI_dy\06_DI_dy_062.jpg,-4.51,596,710
06_DI_dy,06_DI_dy_063.jpg,6,Disgust,C:\Users\kundu\OneDrive\Desktop\KMU-FED-2\data\aligned_faces\06_DI_dy\06_DI_dy_063.jpg,-3.54,594,712
06_DI_dy,06_DI_dy_064.jpg,6,Disgust,C:\Users\kundu\OneDrive\Desktop\KMU-FED-2\data\aligned_faces\06_DI_dy\06_DI_dy_064.jpg,-2.51,596,714
06_DI_dy,06_DI_dy_065.jpg,6,Disgust,C:\Users\kundu\OneDrive\Desktop\KMU-FED-2\data\aligned_faces\06_DI_dy\06_DI_dy_065.jpg,-1.96,600,728
06_DI_dy,06_DI_dy_066.jpg,6,Disgust,C:\Users\kundu\OneDrive\Desktop\KMU-FED-2\data\aligned_faces\06_DI_dy\06_DI_dy_066.jpg,-1.97,594,728
06_DI_dy,06_DI_dy_067.jpg,6,Disgust,C:\Users\kundu\OneDrive\Desktop\KMU-FED-2\data\aligned_faces\06_DI_dy\06_DI_dy_067.jpg,-1.96,602,738
06_DI_dy,06_DI_dy_068.jpg,6,Disgust,C:\Users\kundu\OneDrive\Desktop\KMU-FED-2\data\aligned_faces\06_DI_dy\06_DI_dy_068.jpg,-1.48,592,732
06_DI_dy,06_DI_dy_069.jpg,6,Disgust,C:\Users\kundu\OneDrive\Desktop\KMU-FED-2\data\aligned_faces\06_DI_dy\06_DI_dy_069.jpg,0.0,604,744
06_DI_dy,06_DI_dy_070.jpg,6,Disgust,C:\Users\kundu\OneDrive\Desktop\KMU-FED-2\data\aligned_faces\06_DI_dy\06_DI_dy_070.jpg,0.0,594,736
06_FE_dy,06_FE_dy_101.jpg,6,Fear,C:\Users\kundu\OneDrive\Desktop\KMU-FED-2\data\aligned_faces\06_FE_dy\06_FE_dy_101.jpg,-1.39,636,768
06_FE_dy,06_FE_dy_102.jpg,6,Fear,C:\Users\kundu\OneDrive\Desktop\KMU-FED-2\data\aligned_faces\06_FE_dy\06_FE_dy_102.jpg,0.0,628,750
06_FE_dy,06_FE_dy_103.jpg,6,Fear,C:\Users\kundu\OneDrive\Desktop\KMU-FED-2\data\aligned_faces\06_FE_dy\06_FE_dy_103.jpg,0.47,618,752
06_FE_dy,06_FE_dy_104.jpg,6,Fear,C:\Users\kundu\OneDrive\Desktop\KMU-FED-2\data\aligned_faces\06_FE_dy\06_FE_dy_104.jpg,-0.47,626,750
06_FE_dy,06_FE_dy_105.jpg,6,Fear,C:\Users\kundu\OneDrive\Desktop\KMU-FED-2\data\aligned_faces\06_FE_dy\06_FE_dy_105.jpg,-0.47,626,752
06_FE_dy,06_FE_dy_106.jpg,6,Fear,C:\Users\kundu\OneDrive\Desktop\KMU-FED-2\data\aligned_faces\06_FE_dy\06_FE_dy_106.jpg,-0.47,626,762
06_FE_dy,06_FE_dy_107.jpg,6,Fear,C:\Users\kundu\OneDrive\Desktop\KMU-FED-2\data\aligned_faces\06_FE_dy\06_FE_dy_107.jpg,0.48,614,752
06_FE_dy,06_FE_dy_108.jpg,6,Fear,C:\Users\kundu\OneDrive\Desktop\KMU-FED-2\data\aligned_faces\06_FE_dy\06_FE_dy_108.jpg,0.48,612,740
06_FE_dy,06_FE_dy_109.jpg,6,Fear,C:\Users\kundu\OneDrive\Desktop\KMU-FED-2\data\aligned_faces\06_FE_dy\06_FE_dy_109.jpg,-0.48,614,740
06_FE_dy,06_FE_dy_110.jpg,6,Fear,C:\Users\kundu\OneDrive\Desktop\KMU-FED-2\data\aligned_faces\06_FE_dy\06_FE_dy_110.jpg,0.0,608,736
06_FE_dy,06_FE_dy_111.jpg,6,Fear,C:\Users\kundu\OneDrive\Desktop\KMU-FED-2\data\aligned_faces\06_FE_dy\06_FE_dy_111.jpg,0.97,618,788
06_FE_dy,06_FE_dy_112.jpg,6,Fear,C:\Users\kundu\OneDrive\Desktop\KMU-FED-2\data\aligned_faces\06_FE_dy\06_FE_dy_112.jpg,0.96,624,792
06_FE_dy,06_FE_dy_113.jpg,6,Fear,C:\Users\kundu\OneDrive\Desktop\KMU-FED-2\data\aligned_faces\06_FE_dy\06_FE_dy_113.jpg,0.97,620,798
06_FE_dy,06_FE_dy_114.jpg,6,Fear,C:\Users\kundu\OneDrive\Desktop\KMU-FED-2\data\aligned_faces\06_FE_dy\06_FE_dy_114.jpg,0.97,608,794
06_FE_dy,06_FE_dy_115.jpg,6,Fear,C:\Users\kundu\OneDrive\Desktop\KMU-FED-2\data\aligned_faces\06_FE_dy\06_FE_dy_115.jpg,0.49,616,796
06_FE_dy,06_FE_dy_116.jpg,6,Fear,C:\Users\kundu\OneDrive\Desktop\KMU-FED-2\data\aligned_faces\06_FE_dy\06_FE_dy_116.jpg,0.97,618,796
06_FE_dy,06_FE_dy_117.jpg,6,Fear,C:\Users\kundu\OneDrive\Desktop\KMU-FED-2\data\aligned_faces\06_FE_dy\06_FE_dy_117.jpg,0.97,614,794
06_FE_dy,06_FE_dy_118.jpg,6,Fear,C:\Users\kundu\OneDrive\Desktop\KMU-FED-2\data\aligned_faces\06_FE_dy\06_FE_dy_118.jpg,0.48,614,794
06_FE_dy,06_FE_dy_119.jpg,6,Fear,C:\Users\kundu\OneDrive\Desktop\KMU-FED-2\data\aligned_faces\06_FE_dy\06_FE_dy_119.jpg,0.0,616,796
06_FE_dy,06_FE_dy_120.jpg,6,Fear,C:\Users\kundu\OneDrive\Desktop\KMU-FED-2\data\aligned_faces\06_FE_dy\06_FE_dy_120.jpg,0.49,612,792
06_HA_dy,06_HA_dy_091.jpg,6,Happiness,C:\Users\kundu\OneDrive\Desktop\KMU-FED-2\data\aligned_faces\06_HA_dy\06_HA_dy_091.jpg,-5.58,702,849
06_HA_dy,06_HA_dy_092.jpg,6,Happiness,C:\Users\kundu\OneDrive\Desktop\KMU-FED-2\data\aligned_faces\06_HA_dy\06_HA_dy_092.jpg,-5.27,698,818
06_HA_dy,06_HA_dy_093.jpg,6,Happiness,C:\Users\kundu\OneDrive\Desktop\KMU-FED-2\data\aligned_faces\06_HA_dy\06_HA_dy_093.jpg,-4.76,696,811
06_HA_dy,06_HA_dy_094.jpg,6,Happiness,C:\Users\kundu\OneDrive\Desktop\KMU-FED-2\data\aligned_faces\06_HA_dy\06_HA_dy_094.jpg,-5.89,686,788
06_HA_dy,06_HA_dy_095.jpg,6,Happiness,C:\Users\kundu\OneDrive\Desktop\KMU-FED-2\data\aligned_faces\06_HA_dy\06_HA_dy_095.jpg,-4.05,678,779
06_HA_dy,06_HA_dy_096.jpg,6,Happiness,C:\Users\kundu\OneDrive\Desktop\KMU-FED-2\data\aligned_faces\06_HA_dy\06_HA_dy_096.jpg,-4.61,680,771
06_HA_dy,06_HA_dy_097.jpg,6,Happiness,C:\Users\kundu\OneDrive\Desktop\KMU-FED-2\data\aligned_faces\06_HA_dy\06_HA_dy_097.jpg,-4.25,654,761
06_HA_dy,06_HA_dy_098.jpg,6,Happiness,C:\Users\kundu\OneDrive\Desktop\KMU-FED-2\data\aligned_faces\06_HA_dy\06_HA_dy_098.jpg,0.45,686,765
06_HA_dy,06_HA_dy_099.jpg,6,Happiness,C:\Users\kundu\OneDrive\Desktop\KMU-FED-2\data\aligned_faces\06_HA_dy\06_HA_dy_099.jpg,-0.98,642,757
06_HA_dy,06_HA_dy_100.jpg,6,Happiness,C:\Users\kundu\OneDrive\Desktop\KMU-FED-2\data\aligned_faces\06_HA_dy\06_HA_dy_100.jpg,0.49,654,768
06_HA_dy,06_HA_dy_101.jpg,6,Happiness,C:\Users\kundu\OneDrive\Desktop\KMU-FED-2\data\aligned_faces\06_HA_dy\06_HA_dy_101.jpg,-4.29,608,724
06_HA_dy,06_HA_dy_102.jpg,6,Happiness,C:\Users\kundu\OneDrive\Desktop\KMU-FED-2\data\aligned_faces\06_HA_dy\06_HA_dy_102.jpg,-3.85,608,734
06_HA_dy,06_HA_dy_103.jpg,6,Happiness,C:\Users\kundu\OneDrive\Desktop\KMU-FED-2\data\aligned_faces\06_HA_dy\06_HA_dy_103.jpg,-3.37,614,736
06_HA_dy,06_HA_dy_104.jpg,6,Happiness,C:\Users\kundu\OneDrive\Desktop\KMU-FED-2\data\aligned_faces\06_HA_dy\06_HA_dy_104.jpg,-1.49,614,750
06_HA_dy,06_HA_dy_105.jpg,6,Happiness,C:\Users\kundu\OneDrive\Desktop\KMU-FED-2\data\aligned_faces\06_HA_dy\06_HA_dy_105.jpg,-1.0,618,740
06_HA_dy,06_HA_dy_106.jpg,6,Happiness,C:\Users\kundu\OneDrive\Desktop\KMU-FED-2\data\aligned_faces\06_HA_dy\06_HA_dy_106.jpg,-0.5,590,720
06_HA_dy,06_HA_dy_107.jpg,6,Happiness,C:\Users\kundu\OneDrive\Desktop\KMU-FED-2\data\aligned_faces\06_HA_dy\06_HA_dy_107.jpg,-1.96,604,708
06_HA_dy,06_HA_dy_108.jpg,6,Happiness,C:\Users\kundu\OneDrive\Desktop\KMU-FED-2\data\aligned_faces\06_HA_dy\06_HA_dy_108.jpg,1.53,572,702
06_HA_dy,06_HA_dy_109.jpg,6,Happiness,C:\Users\kundu\OneDrive\Desktop\KMU-FED-2\data\aligned_faces\06_HA_dy\06_HA_dy_109.jpg,0.99,602,740
06_HA_dy,06_HA_dy_110.jpg,6,Happiness,C:\Users\kundu\OneDrive\Desktop\KMU-FED-2\data\aligned_faces\06_HA_dy\06_HA_dy_110.jpg,1.99,596,734
06_SA_dy,06_SA_dy_071.jpg,6,Sadness,C:\Users\kundu\OneDrive\Desktop\KMU-FED-2\data\aligned_faces\06_SA_dy\06_SA_dy_071.jpg,-0.9,638,806
06_SA_dy,06_SA_dy_072.jpg,6,Sadness,C:\Users\kundu\OneDrive\Desktop\KMU-FED-2\data\aligned_faces\06_SA_dy\06_SA_dy_072.jpg,0.47,608,786
06_SA_dy,06_SA_dy_073.jpg,6,Sadness,C:\Users\kundu\OneDrive\Desktop\KMU-FED-2\data\aligned_faces\06_SA_dy\06_SA_dy_073.jpg,0.47,614,806
06_SA_dy,06_SA_dy_074.jpg,6,Sadness,C:\Users\kundu\OneDrive\Desktop\KMU-FED-2\data\aligned_faces\06_SA_dy\06_SA_dy_074.jpg,0.94,614,798
06_SA_dy,06_SA_dy_075.jpg,6,Sadness,C:\Users\kundu\OneDrive\Desktop\KMU-FED-2\data\aligned_faces\06_SA_dy\06_SA_dy_075.jpg,-0.94,632,804
06_SA_dy,06_SA_dy_076.jpg,6,Sadness,C:\Users\kundu\OneDrive\Desktop\KMU-FED-2\data\aligned_faces\06_SA_dy\06_SA_dy_076.jpg,-0.94,630,796
06_SA_dy,06_SA_dy_077.jpg,6,Sadness,C:\Users\kundu\OneDrive\Desktop\KMU-FED-2\data\aligned_faces\06_SA_dy\06_SA_dy_077.jpg,0.95,628,810
06_SA_dy,06_SA_dy_078.jpg,6,Sadness,C:\Users\kundu\OneDrive\Desktop\KMU-FED-2\data\aligned_faces\06_SA_dy\06_SA_dy_078.jpg,0.95,624,792
06_SA_dy,06_SA_dy_079.jpg,6,Sadness,C:\Users\kundu\OneDrive\Desktop\KMU-FED-2\data\aligned_faces\06_SA_dy\06_SA_dy_079.jpg,0.48,620,788
06_SA_dy,06_SA_dy_080.jpg,6,Sadness,C:\Users\kundu\OneDrive\Desktop\KMU-FED-2\data\aligned_faces\06_SA_dy\06_SA_dy_080.jpg,0.95,624,792
06_SA_dy,06_SA_dy_081.jpg,6,Sadness,C:\Users\kundu\OneDrive\Desktop\KMU-FED-2\data\aligned_faces\06_SA_dy\06_SA_dy_081.jpg,1.88,642,786
06_SA_dy,06_SA_dy_082.jpg,6,Sadness,C:\Users\kundu\OneDrive\Desktop\KMU-FED-2\data\aligned_faces\06_SA_dy\06_SA_dy_082.jpg,1.89,642,792
06_SA_dy,06_SA_dy_083.jpg,6,Sadness,C:\Users\kundu\OneDrive\Desktop\KMU-FED-2\data\aligned_faces\06_SA_dy\06_SA_dy_083.jpg,2.35,626,774
06_SA_dy,06_SA_dy_084.jpg,6,Sadness,C:\Users\kundu\OneDrive\Desktop\KMU-FED-2\data\aligned_faces\06_SA_dy\06_SA_dy_084.jpg,1.89,618,768
06_SA_dy,06_SA_dy_085.jpg,6,Sadness,C:\Users\kundu\OneDrive\Desktop\KMU-FED-2\data\aligned_faces\06_SA_dy\06_SA_dy_085.jpg,3.31,620,768
06_SA_dy,06_SA_dy_086.jpg,6,Sadness,C:\Users\kundu\OneDrive\Desktop\KMU-FED-2\data\aligned_faces\06_SA_dy\06_SA_dy_086.jpg,3.81,618,764
06_SA_dy,06_SA_dy_087.jpg,6,Sadness,C:\Users\kundu\OneDrive\Desktop\KMU-FED-2\data\aligned_faces\06_SA_dy\06_SA_dy_087.jpg,3.85,612,760
06_SA_dy,06_SA_dy_088.jpg,6,Sadness,C:\Users\kundu\OneDrive\Desktop\KMU-FED-2\data\aligned_faces\06_SA_dy\06_SA_dy_088.jpg,4.4,612,756
06_SA_dy,06_SA_dy_089.jpg,6,Sadness,C:\Users\kundu\OneDrive\Desktop\KMU-FED-2\data\aligned_faces\06_SA_dy\06_SA_dy_089.jpg,5.33,616,752
06_SA_dy,06_SA_dy_090.jpg,6,Sadness,C:\Users\kundu\OneDrive\Desktop\KMU-FED-2\data\aligned_faces\06_SA_dy\06_SA_dy_090.jpg,5.33,636,780
06_SU_dy,06_SU_dy_081.jpg,6,Surprise,C:\Users\kundu\OneDrive\Desktop\KMU-FED-2\data\aligned_faces\06_SU_dy\06_SU_dy_081.jpg,-4.47,584,695
06_SU_dy,06_SU_dy_082.jpg,6,Surprise,C:\Users\kundu\OneDrive\Desktop\KMU-FED-2\data\aligned_faces\06_SU_dy\06_SU_dy_082.jpg,-5.39,546,671
06_SU_dy,06_SU_dy_083.jpg,6,Surprise,C:\Users\kundu\OneDrive\Desktop\KMU-FED-2\data\aligned_faces\06_SU_dy\06_SU_dy_083.jpg,-3.58,580,690
06_SU_dy,06_SU_dy_084.jpg,6,Surprise,C:\Users\kundu\OneDrive\Desktop\KMU-FED-2\data\aligned_faces\06_SU_dy\06_SU_dy_084.jpg,-1.52,576,677
06_SU_dy,06_SU_dy_085.jpg,6,Surprise,C:\Users\kundu\OneDrive\Desktop\KMU-FED-2\data\aligned_faces\06_SU_dy\06_SU_dy_085.jpg,-3.58,577,678
06_SU_dy,06_SU_dy_088.jpg,6,Surprise,C:\Users\kundu\OneDrive\Desktop\KMU-FED-2\data\aligned_faces\06_SU_dy\06_SU_dy_088.jpg,-2.65,568,673
06_SU_dy,06_SU_dy_091.jpg,6,Surprise,C:\Users\kundu\OneDrive\Desktop\KMU-FED-2\data\aligned_faces\06_SU_dy\06_SU_dy_091.jpg,4.16,582,772
06_SU_dy,06_SU_dy_092.jpg,6,Surprise,C:\Users\kundu\OneDrive\Desktop\KMU-FED-2\data\aligned_faces\06_SU_dy\06_SU_dy_092.jpg,5.66,624,792
06_SU_dy,06_SU_dy_093.jpg,6,Surprise,C:\Users\kundu\OneDrive\Desktop\KMU-FED-2\data\aligned_faces\06_SU_dy\06_SU_dy_093.jpg,5.24,614,788
06_SU_dy,06_SU_dy_094.jpg,6,Surprise,C:\Users\kundu\OneDrive\Desktop\KMU-FED-2\data\aligned_faces\06_SU_dy\06_SU_dy_094.jpg,5.15,626,788
06_SU_dy,06_SU_dy_095.jpg,6,Surprise,C:\Users\kundu\OneDrive\Desktop\KMU-FED-2\data\aligned_faces\06_SU_dy\06_SU_dy_095.jpg,4.25,632,794
06_SU_dy,06_SU_dy_096.jpg,6,Surprise,C:\Users\kundu\OneDrive\Desktop\KMU-FED-2\data\aligned_faces\06_SU_dy\06_SU_dy_096.jpg,4.29,630,788
06_SU_dy,06_SU_dy_097.jpg,6,Surprise,C:\Users\kundu\OneDrive\Desktop\KMU-FED-2\data\aligned_faces\06_SU_dy\06_SU_dy_097.jpg,4.72,636,812
06_SU_dy,06_SU_dy_098.jpg,6,Surprise,C:\Users\kundu\OneDrive\Desktop\KMU-FED-2\data\aligned_faces\06_SU_dy\06_SU_dy_098.jpg,0.94,632,816
06_SU_dy,06_SU_dy_099.jpg,6,Surprise,C:\Users\kundu\OneDrive\Desktop\KMU-FED-2\data\aligned_faces\06_SU_dy\06_SU_dy_099.jpg,0.0,638,808
06_SU_dy,06_SU_dy_100.jpg,6,Surprise,C:\Users\kundu\OneDrive\Desktop\KMU-FED-2\data\aligned_faces\06_SU_dy\06_SU_dy_100.jpg,2.39,630,796
07_AN_sw,07_AN_sw_081.jpg,7,Anger,C:\Users\kundu\OneDrive\Desktop\KMU-FED-2\data\aligned_faces\07_AN_sw\07_AN_sw_081.jpg,0.0,576,728
07_AN_sw,07_AN_sw_082.jpg,7,Anger,C:\Users\kundu\OneDrive\Desktop\KMU-FED-2\data\aligned_faces\07_AN_sw\07_AN_sw_082.jpg,0.0,568,726
07_AN_sw,07_AN_sw_083.jpg,7,Anger,C:\Users\kundu\OneDrive\Desktop\KMU-FED-2\data\aligned_faces\07_AN_sw\07_AN_sw_083.jpg,-2.1,566,716
07_AN_sw,07_AN_sw_084.jpg,7,Anger,C:\Users\kundu\OneDrive\Desktop\KMU-FED-2\data\aligned_faces\07_AN_sw\07_AN_sw_084.jpg,-1.58,568,720
07_AN_sw,07_AN_sw_085.jpg,7,Anger,C:\Users\kundu\OneDrive\Desktop\KMU-FED-2\data\aligned_faces\07_AN_sw\07_AN_sw_085.jpg,-2.12,568,716
07_AN_sw,07_AN_sw_086.jpg,7,Anger,C:\Users\kundu\OneDrive\Desktop\KMU-FED-2\data\aligned_faces\07_AN_sw\07_AN_sw_086.jpg,-2.12,566,714
07_AN_sw,07_AN_sw_087.jpg,7,Anger,C:\Users\kundu\OneDrive\Desktop\KMU-FED-2\data\aligned_faces\07_AN_sw\07_AN_sw_087.jpg,-2.65,568,720
07_AN_sw,07_AN_sw_088.jpg,7,Anger,C:\Users\kundu\OneDrive\Desktop\KMU-FED-2\data\aligned_faces\07_AN_sw\07_AN_sw_088.jpg,-2.6,570,726
07_AN_sw,07_AN_sw_089.jpg,7,Anger,C:\Users\kundu\OneDrive\Desktop\KMU-FED-2\data\aligned_faces\07_AN_sw\07_AN_sw_089.jpg,-1.62,564,714
07_AN_sw,07_AN_sw_090.jpg,7,Anger,C:\Users\kundu\OneDrive\Desktop\KMU-FED-2\data\aligned_faces\07_AN_sw\07_AN_sw_090.jpg,-1.58,564,714
07_AN_sw,07_AN_sw_091.jpg,7,Anger,C:\Users\kundu\OneDrive\Desktop\KMU-FED-2\data\aligned_faces\07_AN_sw\07_AN_sw_091.jpg,-4.0,556,688
07_AN_sw,07_AN_sw_092.jpg,7,Anger,C:\Users\kundu\OneDrive\Desktop\KMU-FED-2\data\aligned_faces\07_AN_sw\07_AN_sw_092.jpg,-2.34,532,630
07_AN_sw,07_AN_sw_093.jpg,7,Anger,C:\Users\kundu\OneDrive\Desktop\KMU-FED-2\data\aligned_faces\07_AN_sw\07_AN_sw_093.jpg,-2.95,530,628
07_AN_sw,07_AN_sw_094.jpg,7,Anger,C:\Users\kundu\OneDrive\Desktop\KMU-FED-2\data\aligned_faces\07_AN_sw\07_AN_sw_094.jpg,-2.86,548,680
07_AN_sw,07_AN_sw_095.jpg,7,Anger,C:\Users\kundu\OneDrive\Desktop\KMU-FED-2\data\aligned_faces\07_AN_sw\07_AN_sw_095.jpg,-3.54,528,626
07_AN_sw,07_AN_sw_096.jpg,7,Anger,C:\Users\kundu\OneDrive\Desktop\KMU-FED-2\data\aligned_faces\07_AN_sw\07_AN_sw_096.jpg,-2.39,536,644
07_AN_sw,07_AN_sw_097.jpg,7,Anger,C:\Users\kundu\OneDrive\Desktop\KMU-FED-2\data\aligned_faces\07_AN_sw\07_AN_sw_097.jpg,-1.19,532,636
07_AN_sw,07_AN_sw_098.jpg,7,Anger,C:\Users\kundu\OneDrive\Desktop\KMU-FED-2\data\aligned_faces\07_AN_sw\07_AN_sw_098.jpg,-1.17,536,652
07_AN_sw,07_AN_sw_099.jpg,7,Anger,C:\Users\kundu\OneDrive\Desktop\KMU-FED-2\data\aligned_faces\07_AN_sw\07_AN_sw_099.jpg,-1.18,534,654
07_AN_sw,07_AN_sw_100.jpg,7,Anger,C:\Users\kundu\OneDrive\Desktop\KMU-FED-2\data\aligned_faces\07_AN_sw\07_AN_sw_100.jpg,0.0,546,688
07_FE_sw,07_FE_sw_121.jpg,7,Fear,C:\Users\kundu\OneDrive\Desktop\KMU-FED-2\data\aligned_faces\07_FE_sw\07_FE_sw_121.jpg,-1.51,616,786
07_FE_sw,07_FE_sw_122.jpg,7,Fear,C:\Users\kundu\OneDrive\Desktop\KMU-FED-2\data\aligned_faces\07_FE_sw\07_FE_sw_122.jpg,-1.51,616,786
07_FE_sw,07_FE_sw_123.jpg,7,Fear,C:\Users\kundu\OneDrive\Desktop\KMU-FED-2\data\aligned_faces\07_FE_sw\07_FE_sw_123.jpg,-2.51,608,774
07_FE_sw,07_FE_sw_124.jpg,7,Fear,C:\Users\kundu\OneDrive\Desktop\KMU-FED-2\data\aligned_faces\07_FE_sw\07_FE_sw_124.jpg,-1.01,624,792
07_FE_sw,07_FE_sw_125.jpg,7,Fear,C:\Users\kundu\OneDrive\Desktop\KMU-FED-2\data\aligned_faces\07_FE_sw\07_FE_sw_125.jpg,-1.53,604,780
07_FE_sw,07_FE_sw_126.jpg,7,Fear,C:\Users\kundu\OneDrive\Desktop\KMU-FED-2\data\aligned_faces\07_FE_sw\07_FE_sw_126.jpg,-1.53,606,786
07_FE_sw,07_FE_sw_127.jpg,7,Fear,C:\Users\kundu\OneDrive\Desktop\KMU-FED-2\data\aligned_faces\07_FE_sw\07_FE_sw_127.jpg,-4.59,614,786
07_FE_sw,07_FE_sw_128.jpg,7,Fear,C:\Users\kundu\OneDrive\Desktop\KMU-FED-2\data\aligned_faces\07_FE_sw\07_FE_sw_128.jpg,-4.09,604,784
07_FE_sw,07_FE_sw_129.jpg,7,Fear,C:\Users\kundu\OneDrive\Desktop\KMU-FED-2\data\aligned_faces\07_FE_sw\07_FE_sw_129.jpg,-5.06,612,786
07_FE_sw,07_FE_sw_130.jpg,7,Fear,C:\Users\kundu\OneDrive\Desktop\KMU-FED-2\data\aligned_faces\07_FE_sw\07_FE_sw_130.jpg,-4.93,616,786
07_FE_sw,07_FE_sw_131.jpg,7,Fear,C:\Users\kundu\OneDrive\Desktop\KMU-FED-2\data\aligned_faces\07_FE_sw\07_FE_sw_131.jpg,-1.68,540,668
07_FE_sw,07_FE_sw_132.jpg,7,Fear,C:\Users\kundu\OneDrive\Desktop\KMU-FED-2\data\aligned_faces\07_FE_sw\07_FE_sw_132.jpg,-2.25,536,664
07_FE_sw,07_FE_sw_133.jpg,7,Fear,C:\Users\kundu\OneDrive\Desktop\KMU-FED-2\data\aligned_faces\07_FE_sw\07_FE_sw_133.jpg,-2.2,540,668
07_FE_sw,07_FE_sw_134.jpg,7,Fear,C:\Users\kundu\OneDrive\Desktop\KMU-FED-2\data\aligned_faces\07_FE_sw\07_FE_sw_134.jpg,-3.3,536,662
07_FE_sw,07_FE_sw_135.jpg,7,Fear,C:\Users\kundu\OneDrive\Desktop\KMU-FED-2\data\aligned_faces\07_FE_sw\07_FE_sw_135.jpg,-4.48,540,662
07_FE_sw,07_FE_sw_136.jpg,7,Fear,C:\Users\kundu\OneDrive\Desktop\KMU-FED-2\data\aligned_faces\07_FE_sw\07_FE_sw_136.jpg,-5.71,524,668
07_FE_sw,07_FE_sw_137.jpg,7,Fear,C:\Users\kundu\OneDrive\Desktop\KMU-FED-2\data\aligned_faces\07_FE_sw\07_FE_sw_137.jpg,-4.57,532,674
07_FE_sw,07_FE_sw_138.jpg,7,Fear,C:\Users\kundu\OneDrive\Desktop\KMU-FED-2\data\aligned_faces\07_FE_sw\07_FE_sw_138.jpg,-5.09,564,684
07_FE_sw,07_FE_sw_139.jpg,7,Fear,C:\Users\kundu\OneDrive\Desktop\KMU-FED-2\data\aligned_faces\07_FE_sw\07_FE_sw_139.jpg,-5.65,564,680
07_FE_sw,07_FE_sw_140.jpg,7,Fear,C:\Users\kundu\OneDrive\Desktop\KMU-FED-2\data\aligned_faces\07_FE_sw\07_FE_sw_140.jpg,-3.4,556,688
07_HA_sw,07_HA_sw_111.jpg,7,Happiness,C:\Users\kundu\OneDrive\Desktop\KMU-FED-2\data\aligned_faces\07_HA_sw\07_HA_sw_111.jpg,-1.04,558,708
07_HA_sw,07_HA_sw_112.jpg,7,Happiness,C:\Users\kundu\OneDrive\Desktop\KMU-FED-2\data\aligned_faces\07_HA_sw\07_HA_sw_112.jpg,-1.59,564,712
07_HA_sw,07_HA_sw_113.jpg,7,Happiness,C:\Users\kundu\OneDrive\Desktop\KMU-FED-2\data\aligned_faces\07_HA_sw\07_HA_sw_113.jpg,-1.58,584,722
07_HA_sw,07_HA_sw_114.jpg,7,Happiness,C:\Users\kundu\OneDrive\Desktop\KMU-FED-2\data\aligned_faces\07_HA_sw\07_HA_sw_114.jpg,-1.04,584,724
07_HA_sw,07_HA_sw_115.jpg,7,Happiness,C:\Users\kundu\OneDrive\Desktop\KMU-FED-2\data\aligned_faces\07_HA_sw\07_HA_sw_115.jpg,-1.06,560,710
07_HA_sw,07_HA_sw_116.jpg,7,Happiness,C:\Users\kundu\OneDrive\Desktop\KMU-FED-2\data\aligned_faces\07_HA_sw\07_HA_sw_116.jpg,-0.52,568,708
07_HA_sw,07_HA_sw_117.jpg,7,Happiness,C:\Users\kundu\OneDrive\Desktop\KMU-FED-2\data\aligned_faces\07_HA_sw\07_HA_sw_117.jpg,-0.52,582,728
07_HA_sw,07_HA_sw_118.jpg,7,Happiness,C:\Users\kundu\OneDrive\Desktop\KMU-FED-2\data\aligned_faces\07_HA_sw\07_HA_sw_118.jpg,-1.59,564,708
07_HA_sw,07_HA_sw_119.jpg,7,Happiness,C:\Users\kundu\OneDrive\Desktop\KMU-FED-2\data\aligned_faces\07_HA_sw\07_HA_sw_119.jpg,-1.58,580,724
07_HA_sw,07_HA_sw_120.jpg,7,Happiness,C:\Users\kundu\OneDrive\Desktop\KMU-FED-2\data\aligned_faces\07_HA_sw\07_HA_sw_120.jpg,-1.03,578,724
07_HA_sw,07_HA_sw_121.jpg,7,Happiness,C:\Users\kundu\OneDrive\Desktop\KMU-FED-2\data\aligned_faces\07_HA_sw\07_HA_sw_121.jpg,-4.28,580,722
07_HA_sw,07_HA_sw_122.jpg,7,Happiness,C:\Users\kundu\OneDrive\Desktop\KMU-FED-2\data\aligned_faces\07_HA_sw\07_HA_sw_122.jpg,-4.32,584,726
07_HA_sw,07_HA_sw_123.jpg,7,Happiness,C:\Users\kundu\OneDrive\Desktop\KMU-FED-2\data\aligned_faces\07_HA_sw\07_HA_sw_123.jpg,-2.25,552,684
07_HA_sw,07_HA_sw_124.jpg,7,Happiness,C:\Users\kundu\OneDrive\Desktop\KMU-FED-2\data\aligned_faces\07_HA_sw\07_HA_sw_124.jpg,-3.85,560,704
07_HA_sw,07_HA_sw_125.jpg,7,Happiness,C:\Users\kundu\OneDrive\Desktop\KMU-FED-2\data\aligned_faces\07_HA_sw\07_HA_sw_125.jpg,-3.33,578,714
07_HA_sw,07_HA_sw_126.jpg,7,Happiness,C:\Users\kundu\OneDrive\Desktop\KMU-FED-2\data\aligned_faces\07_HA_sw\07_HA_sw_126.jpg,-2.25,546,684
07_HA_sw,07_HA_sw_127.jpg,7,Happiness,C:\Users\kundu\OneDrive\Desktop\KMU-FED-2\data\aligned_faces\07_HA_sw\07_HA_sw_127.jpg,-0.55,544,690
07_HA_sw,07_HA_sw_128.jpg,7,Happiness,C:\Users\kundu\OneDrive\Desktop\KMU-FED-2\data\aligned_faces\07_HA_sw\07_HA_sw_128.jpg,0.0,560,712
07_HA_sw,07_HA_sw_129.jpg,7,Happiness,C:\Users\kundu\OneDrive\Desktop\KMU-FED-2\data\aligned_faces\07_HA_sw\07_HA_sw_129.jpg,-0.55,558,714
07_HA_sw,07_HA_sw_130.jpg,7,Happiness,C:\Users\kundu\OneDrive\Desktop\KMU-FED-2\data\aligned_faces\07_HA_sw\07_HA_sw_130.jpg,0.0,568,720
07_SA_sw,07_SA_sw_071.jpg,7,Sadness,C:\Users\kundu\OneDrive\Desktop\KMU-FED-2\data\aligned_faces\07_SA_sw\07_SA_sw_071.jpg,-0.52,570,726
07_SA_sw,07_SA_sw_072.jpg,7,Sadness,C:\Users\kundu\OneDrive\Desktop\KMU-FED-2\data\aligned_faces\07_SA_sw\07_SA_sw_072.jpg,-0.53,566,720
07_SA_sw,07_SA_sw_073.jpg,7,Sadness,C:\Users\kundu\OneDrive\Desktop\KMU-FED-2\data\aligned_faces\07_SA_sw\07_SA_sw_073.jpg,-0.53,564,716
07_SA_sw,07_SA_sw_074.jpg,7,Sadness,C:\Users\kundu\OneDrive\Desktop\KMU-FED-2\data\aligned_faces\07_SA_sw\07_SA_sw_074.jpg,0.0,560,722
07_SA_sw,07_SA_sw_075.jpg,7,Sadness,C:\Users\kundu\OneDrive\Desktop\KMU-FED-2\data\aligned_faces\07_SA_sw\07_SA_sw_075.jpg,1.06,568,726
07_SA_sw,07_SA_sw_076.jpg,7,Sadness,C:\Users\kundu\OneDrive\Desktop\KMU-FED-2\data\aligned_faces\07_SA_sw\07_SA_sw_076.jpg,0.52,566,712
07_SA_sw,07_SA_sw_077.jpg,7,Sadness,C:\Users\kundu\OneDrive\Desktop\KMU-FED-2\data\aligned_faces\07_SA_sw\07_SA_sw_077.jpg,1.07,554,714
07_SA_sw,07_SA_sw_078.jpg,7,Sadness,C:\Users\kundu\OneDrive\Desktop\KMU-FED-2\data\aligned_faces\07_SA_sw\07_SA_sw_078.jpg,1.06,554,712
07_SA_sw,07_SA_sw_079.jpg,7,Sadness,C:\Users\kundu\OneDrive\Desktop\KMU-FED-2\data\aligned_faces\07_SA_sw\07_SA_sw_079.jpg,3.21,556,724
07_SA_sw,07_SA_sw_080.jpg,7,Sadness,C:\Users\kundu\OneDrive\Desktop\KMU-FED-2\data\aligned_faces\07_SA_sw\07_SA_sw_080.jpg,1.59,558,716
07_SA_sw,07_SA_sw_081.jpg,7,Sadness,C:\Users\kundu\OneDrive\Desktop\KMU-FED-2\data\aligned_faces\07_SA_sw\07_SA_sw_081.jpg,-1.12,530,650
07_SA_sw,07_SA_sw_082.jpg,7,Sadness,C:\Users\kundu\OneDrive\Desktop\KMU-FED-2\data\aligned_faces\07_SA_sw\07_SA_sw_082.jpg,-0.57,540,662
07_SA_sw,07_SA_sw_083.jpg,7,Sadness,C:\Users\kundu\OneDrive\Desktop\KMU-FED-2\data\aligned_faces\07_SA_sw\07_SA_sw_083.jpg,0.57,530,660
07_SA_sw,07_SA_sw_084.jpg,7,Sadness,C:\Users\kundu\OneDrive\Desktop\KMU-FED-2\data\aligned_faces\07_SA_sw\07_SA_sw_084.jpg,1.15,530,656
07_SA_sw,07_SA_sw_085.jpg,7,Sadness,C:\Users\kundu\OneDrive\Desktop\KMU-FED-2\data\aligned_faces\07_SA_sw\07_SA_sw_085.jpg,1.16,530,656
07_SA_sw,07_SA_sw_086.jpg,7,Sadness,C:\Users\kundu\OneDrive\Desktop\KMU-FED-2\data\aligned_faces\07_SA_sw\07_SA_sw_086.jpg,2.29,528,662
07_SA_sw,07_SA_sw_087.jpg,7,Sadness,C:\Users\kundu\OneDrive\Desktop\KMU-FED-2\data\aligned_faces\07_SA_sw\07_SA_sw_087.jpg,1.74,522,642
07_SA_sw,07_SA_sw_088.jpg,7,Sadness,C:\Users\kundu\OneDrive\Desktop\KMU-FED-2\data\aligned_faces\07_SA_sw\07_SA_sw_088.jpg,2.29,544,664
07_SA_sw,07_SA_sw_089.jpg,7,Sadness,C:\Users\kundu\OneDrive\Desktop\KMU-FED-2\data\aligned_faces\07_SA_sw\07_SA_sw_089.jpg,1.12,536,656
07_SA_sw,07_SA_sw_090.jpg,7,Sadness,C:\Users\kundu\OneDrive\Desktop\KMU-FED-2\data\aligned_faces\07_SA_sw\07_SA_sw_090.jpg,-0.57,530,662
07_SU_sw,07_SU_sw_081.jpg,7,Surprise,C:\Users\kundu\OneDrive\Desktop\KMU-FED-2\data\aligned_faces\07_SU_sw\07_SU_sw_081.jpg,-1.68,536,736
07_SU_sw,07_SU_sw_082.jpg,7,Surprise,C:\Users\kundu\OneDrive\Desktop\KMU-FED-2\data\aligned_faces\07_SU_sw\07_SU_sw_082.jpg,-1.68,548,720
07_SU_sw,07_SU_sw_083.jpg,7,Surprise,C:\Users\kundu\OneDrive\Desktop\KMU-FED-2\data\aligned_faces\07_SU_sw\07_SU_sw_083.jpg,-1.68,544,724
07_SU_sw,07_SU_sw_084.jpg,7,Surprise,C:\Users\kundu\OneDrive\Desktop\KMU-FED-2\data\aligned_faces\07_SU_sw\07_SU_sw_084.jpg,-1.68,542,732
07_SU_sw,07_SU_sw_085.jpg,7,Surprise,C:\Users\kundu\OneDrive\Desktop\KMU-FED-2\data\aligned_faces\07_SU_sw\07_SU_sw_085.jpg,-2.27,540,734
07_SU_sw,07_SU_sw_086.jpg,7,Surprise,C:\Users\kundu\OneDrive\Desktop\KMU-FED-2\data\aligned_faces\07_SU_sw\07_SU_sw_086.jpg,-2.27,534,732
07_SU_sw,07_SU_sw_087.jpg,7,Surprise,C:\Users\kundu\OneDrive\Desktop\KMU-FED-2\data\aligned_faces\07_SU_sw\07_SU_sw_087.jpg,-1.68,536,732
07_SU_sw,07_SU_sw_088.jpg,7,Surprise,C:\Users\kundu\OneDrive\Desktop\KMU-FED-2\data\aligned_faces\07_SU_sw\07_SU_sw_088.jpg,-0.57,534,724
07_SU_sw,07_SU_sw_089.jpg,7,Surprise,C:\Users\kundu\OneDrive\Desktop\KMU-FED-2\data\aligned_faces\07_SU_sw\07_SU_sw_089.jpg,-1.7,530,702
07_SU_sw,07_SU_sw_090.jpg,7,Surprise,C:\Users\kundu\OneDrive\Desktop\KMU-FED-2\data\aligned_faces\07_SU_sw\07_SU_sw_090.jpg,0.0,548,720
07_SU_sw,07_SU_sw_091.jpg,7,Surprise,C:\Users\kundu\OneDrive\Desktop\KMU-FED-2\data\aligned_faces\07_SU_sw\07_SU_sw_091.jpg,-1.97,604,804
07_SU_sw,07_SU_sw_092.jpg,7,Surprise,C:\Users\kundu\OneDrive\Desktop\KMU-FED-2\data\aligned_faces\07_SU_sw\07_SU_sw_092.jpg,-0.98,614,792
07_SU_sw,07_SU_sw_093.jpg,7,Surprise,C:\Users\kundu\OneDrive\Desktop\KMU-FED-2\data\aligned_faces\07_SU_sw\07_SU_sw_093.jpg,-1.46,616,794
07_SU_sw,07_SU_sw_094.jpg,7,Surprise,C:\Users\kundu\OneDrive\Desktop\KMU-FED-2\data\aligned_faces\07_SU_sw\07_SU_sw_094.jpg,-1.47,614,792
07_SU_sw,07_SU_sw_095.jpg,7,Surprise,C:\Users\kundu\OneDrive\Desktop\KMU-FED-2\data\aligned_faces\07_SU_sw\07_SU_sw_095.jpg,-2.43,624,810
07_SU_sw,07_SU_sw_096.jpg,7,Surprise,C:\Users\kundu\OneDrive\Desktop\KMU-FED-2\data\aligned_faces\07_SU_sw\07_SU_sw_096.jpg,-1.94,614,796
07_SU_sw,07_SU_sw_097.jpg,7,Surprise,C:\Users\kundu\OneDrive\Desktop\KMU-FED-2\data\aligned_faces\07_SU_sw\07_SU_sw_097.jpg,-1.47,616,812
07_SU_sw,07_SU_sw_098.jpg,7,Surprise,C:\Users\kundu\OneDrive\Desktop\KMU-FED-2\data\aligned_faces\07_SU_sw\07_SU_sw_098.jpg,-0.98,618,816
07_SU_sw,07_SU_sw_099.jpg,7,Surprise,C:\Users\kundu\OneDrive\Desktop\KMU-FED-2\data\aligned_faces\07_SU_sw\07_SU_sw_099.jpg,-1.48,614,812
07_SU_sw,07_SU_sw_100.jpg,7,Surprise,C:\Users\kundu\OneDrive\Desktop\KMU-FED-2\data\aligned_faces\07_SU_sw\07_SU_sw_100.jpg,-0.49,606,806
08_AN_nh,08_AN_nh_101.jpg,8,Anger,C:\Users\kundu\OneDrive\Desktop\KMU-FED-2\data\aligned_faces\08_AN_nh\08_AN_nh_101.jpg,0.45,678,852
08_AN_nh,08_AN_nh_102.jpg,8,Anger,C:\Users\kundu\OneDrive\Desktop\KMU-FED-2\data\aligned_faces\08_AN_nh\08_AN_nh_102.jpg,0.92,680,846
08_AN_nh,08_AN_nh_103.jpg,8,Anger,C:\Users\kundu\OneDrive\Desktop\KMU-FED-2\data\aligned_faces\08_AN_nh\08_AN_nh_103.jpg,0.45,652,800
08_AN_nh,08_AN_nh_104.jpg,8,Anger,C:\Users\kundu\OneDrive\Desktop\KMU-FED-2\data\aligned_faces\08_AN_nh\08_AN_nh_104.jpg,-0.45,648,786
08_AN_nh,08_AN_nh_105.jpg,8,Anger,C:\Users\kundu\OneDrive\Desktop\KMU-FED-2\data\aligned_faces\08_AN_nh\08_AN_nh_105.jpg,-0.9,686,842
08_AN_nh,08_AN_nh_106.jpg,8,Anger,C:\Users\kundu\OneDrive\Desktop\KMU-FED-2\data\aligned_faces\08_AN_nh\08_AN_nh_106.jpg,-1.33,690,852
08_AN_nh,08_AN_nh_107.jpg,8,Anger,C:\Users\kundu\OneDrive\Desktop\KMU-FED-2\data\aligned_faces\08_AN_nh\08_AN_nh_107.jpg,-2.24,674,820
08_AN_nh,08_AN_nh_108.jpg,8,Anger,C:\Users\kundu\OneDrive\Desktop\KMU-FED-2\data\aligned_faces\08_AN_nh\08_AN_nh_108.jpg,-1.79,668,812
08_AN_nh,08_AN_nh_109.jpg,8,Anger,C:\Users\kundu\OneDrive\Desktop\KMU-FED-2\data\aligned_faces\08_AN_nh\08_AN_nh_109.jpg,-2.66,674,816
08_AN_nh,08_AN_nh_110.jpg,8,Anger,C:\Users\kundu\OneDrive\Desktop\KMU-FED-2\data\aligned_faces\08_AN_nh\08_AN_nh_110.jpg,-2.24,664,818
08_AN_nh,08_AN_nh_111.jpg,8,Anger,C:\Users\kundu\OneDrive\Desktop\KMU-FED-2\data\aligned_faces\08_AN_nh\08_AN_nh_111.jpg,2.49,596,748
08_AN_nh,08_AN_nh_112.jpg,8,Anger,C:\Users\kundu\OneDrive\Desktop\KMU-FED-2\data\aligned_faces\08_AN_nh\08_AN_nh_112.jpg,2.53,596,740
08_AN_nh,08_AN_nh_113.jpg,8,Anger,C:\Users\kundu\OneDrive\Desktop\KMU-FED-2\data\aligned_faces\08_AN_nh\08_AN_nh_113.jpg,1.51,600,746
08_AN_nh,08_AN_nh_114.jpg,8,Anger,C:\Users\kundu\OneDrive\Desktop\KMU-FED-2\data\aligned_faces\08_AN_nh\08_AN_nh_114.jpg,2.05,590,726
08_AN_nh,08_AN_nh_115.jpg,8,Anger,C:\Users\kundu\OneDrive\Desktop\KMU-FED-2\data\aligned_faces\08_AN_nh\08_AN_nh_115.jpg,2.03,592,736
08_AN_nh,08_AN_nh_116.jpg,8,Anger,C:\Users\kundu\OneDrive\Desktop\KMU-FED-2\data\aligned_faces\08_AN_nh\08_AN_nh_116.jpg,2.58,592,724
08_AN_nh,08_AN_nh_117.jpg,8,Anger,C:\Users\kundu\OneDrive\Desktop\KMU-FED-2\data\aligned_faces\08_AN_nh\08_AN_nh_117.jpg,3.07,594,726
08_AN_nh,08_AN_nh_118.jpg,8,Anger,C:\Users\kundu\OneDrive\Desktop\KMU-FED-2\data\aligned_faces\08_AN_nh\08_AN_nh_118.jpg,2.03,594,726
08_AN_nh,08_AN_nh_119.jpg,8,Anger,C:\Users\kundu\OneDrive\Desktop\KMU-FED-2\data\aligned_faces\08_AN_nh\08_AN_nh_119.jpg,1.52,594,726
08_AN_nh,08_AN_nh_120.jpg,8,Anger,C:\Users\kundu\OneDrive\Desktop\KMU-FED-2\data\aligned_faces\08_AN_nh\08_AN_nh_120.jpg,0.52,580,720
08_DI_nh,08_DI_nh_071.jpg,8,Disgust,C:\Users\kundu\OneDrive\Desktop\KMU-FED-2\data\aligned_faces\08_DI_nh\08_DI_nh_071.jpg,-0.46,620,734
08_DI_nh,08_DI_nh_072.jpg,8,Disgust,C:\Users\kundu\OneDrive\Desktop\KMU-FED-2\data\aligned_faces\08_DI_nh\08_DI_nh_072.jpg,-0.46,626,734
08_DI_nh,08_DI_nh_073.jpg,8,Disgust,C:\Users\kundu\OneDrive\Desktop\KMU-FED-2\data\aligned_faces\08_DI_nh\08_DI_nh_073.jpg,0.0,624,738
08_DI_nh,08_DI_nh_074.jpg,8,Disgust,C:\Users\kundu\OneDrive\Desktop\KMU-FED-2\data\aligned_faces\08_DI_nh\08_DI_nh_074.jpg,-0.47,626,732
08_DI_nh,08_DI_nh_075.jpg,8,Disgust,C:\Users\kundu\OneDrive\Desktop\KMU-FED-2\data\aligned_faces\08_DI_nh\08_DI_nh_075.jpg,-0.94,626,738
08_DI_nh,08_DI_nh_076.jpg,8,Disgust,C:\Users\kundu\OneDrive\Desktop\KMU-FED-2\data\aligned_faces\08_DI_nh\08_DI_nh_076.jpg,-0.47,626,728
08_DI_nh,08_DI_nh_077.jpg,8,Disgust,C:\Users\kundu\OneDrive\Desktop\KMU-FED-2\data\aligned_faces\08_DI_nh\08_DI_nh_077.jpg,-0.46,628,732
08_DI_nh,08_DI_nh_078.jpg,8,Disgust,C:\Users\kundu\OneDrive\Desktop\KMU-FED-2\data\aligned_faces\08_DI_nh\08_DI_nh_078.jpg,-0.46,626,726
08_DI_nh,08_DI_nh_079.jpg,8,Disgust,C:\Users\kundu\OneDrive\Desktop\KMU-FED-2\data\aligned_faces\08_DI_nh\08_DI_nh_079.jpg,-0.92,626,728
08_DI_nh,08_DI_nh_080.jpg,8,Disgust,C:\Users\kundu\OneDrive\Desktop\KMU-FED-2\data\aligned_faces\08_DI_nh\08_DI_nh_080.jpg,-0.47,624,728
08_DI_nh,08_DI_nh_081.jpg,8,Disgust,C:\Users\kundu\OneDrive\Desktop\KMU-FED-2\data\aligned_faces\08_DI_nh\08_DI_nh_081.jpg,-1.51,612,728
08_DI_nh,08_DI_nh_082.jpg,8,Disgust,C:\Users\kundu\OneDrive\Desktop\KMU-FED-2\data\aligned_faces\08_DI_nh\08_DI_nh_082.jpg,-2.47,618,714
08_DI_nh,08_DI_nh_083.jpg,8,Disgust,C:\Users\kundu\OneDrive\Desktop\KMU-FED-2\data\aligned_faces\08_DI_nh\08_DI_nh_083.jpg,-2.47,616,720
08_DI_nh,08_DI_nh_084.jpg,8,Disgust,C:\Users\kundu\OneDrive\Desktop\KMU-FED-2\data\aligned_faces\08_DI_nh\08_DI_nh_084.jpg,-2.01,608,704
08_DI_nh,08_DI_nh_085.jpg,8,Disgust,C:\Users\kundu\OneDrive\Desktop\KMU-FED-2\data\aligned_faces\08_DI_nh\08_DI_nh_085.jpg,-1.99,614,714
08_DI_nh,08_DI_nh_086.jpg,8,Disgust,C:\Users\kundu\OneDrive\Desktop\KMU-FED-2\data\aligned_faces\08_DI_nh\08_DI_nh_086.jpg,-2.49,612,712
08_DI_nh,08_DI_nh_087.jpg,8,Disgust,C:\Users\kundu\OneDrive\Desktop\KMU-FED-2\data\aligned_faces\08_DI_nh\08_DI_nh_087.jpg,-2.01,608,722
08_DI_nh,08_DI_nh_088.jpg,8,Disgust,C:\Users\kundu\OneDrive\Desktop\KMU-FED-2\data\aligned_faces\08_DI_nh\08_DI_nh_088.jpg,-1.97,614,732
08_DI_nh,08_DI_nh_089.jpg,8,Disgust,C:\Users\kundu\OneDrive\Desktop\KMU-FED-2\data\aligned_faces\08_DI_nh\08_DI_nh_089.jpg,-1.97,616,734
08_DI_nh,08_DI_nh_090.jpg,8,Disgust,C:\Users\kundu\OneDrive\Desktop\KMU-FED-2\data\aligned_faces\08_DI_nh\08_DI_nh_090.jpg,-1.97,612,724
08_FE_nh,08_FE_nh_141.jpg,8,Fear,C:\Users\kundu\OneDrive\Desktop\KMU-FED-2\data\aligned_faces\08_FE_nh\08_FE_nh_141.jpg,-1.74,692,832
08_FE_nh,08_FE_nh_142.jpg,8,Fear,C:\Users\kundu\OneDrive\Desktop\KMU-FED-2\data\aligned_faces\08_FE_nh\08_FE_nh_142.jpg,-1.72,692,840
08_FE_nh,08_FE_nh_143.jpg,8,Fear,C:\Users\kundu\OneDrive\Desktop\KMU-FED-2\data\aligned_faces\08_FE_nh\08_FE_nh_143.jpg,-1.72,692,840
08_FE_nh,08_FE_nh_144.jpg,8,Fear,C:\Users\kundu\OneDrive\Desktop\KMU-FED-2\data\aligned_faces\08_FE_nh\08_FE_nh_144.jpg,-1.74,692,830
08_FE_nh,08_FE_nh_145.jpg,8,Fear,C:\Users\kundu\OneDrive\Desktop\KMU-FED-2\data\aligned_faces\08_FE_nh\08_FE_nh_145.jpg,-1.75,684,820
08_FE_nh,08_FE_nh_146.jpg,8,Fear,C:\Users\kundu\OneDrive\Desktop\KMU-FED-2\data\aligned_faces\08_FE_nh\08_FE_nh_146.jpg,-2.19,688,828
08_FE_nh,08_FE_nh_147.jpg,8,Fear,C:\Users\kundu\OneDrive\Desktop\KMU-FED-2\data\aligned_faces\08_FE_nh\08_FE_nh_147.jpg,-1.74,688,820
08_FE_nh,08_FE_nh_148.jpg,8,Fear,C:\Users\kundu\OneDrive\Desktop\KMU-FED-2\data\aligned_faces\08_FE_nh\08_FE_nh_148.jpg,-1.3,680,808
08_FE_nh,08_FE_nh_149.jpg,8,Fear,C:\Users\kundu\OneDrive\Desktop\KMU-FED-2\data\aligned_faces\08_FE_nh\08_FE_nh_149.jpg,-0.87,672,810
08_FE_nh,08_FE_nh_150.jpg,8,Fear,C:\Users\kundu\OneDrive\Desktop\KMU-FED-2\data\aligned_faces\08_FE_nh\08_FE_nh_150.jpg,-0.87,674,812
08_HA_nh,08_HA_nh_131.jpg,8,Happiness,C:\Users\kundu\OneDrive\Desktop\KMU-FED-2\data\aligned_faces\08_HA_nh\08_HA_nh_131.jpg,4.44,606,720
08_HA_nh,08_HA_nh_132.jpg,8,Happiness,C:\Users\kundu\OneDrive\Desktop\KMU-FED-2\data\aligned_faces\08_HA_nh\08_HA_nh_132.jpg,4.97,600,716
08_HA_nh,08_HA_nh_133.jpg,8,Happiness,C:\Users\kundu\OneDrive\Desktop\KMU-FED-2\data\aligned_faces\08_HA_nh\08_HA_nh_133.jpg,6.94,614,750
08_HA_nh,08_HA_nh_134.jpg,8,Happiness,C:\Users\kundu\OneDrive\Desktop\KMU-FED-2\data\aligned_faces\08_HA_nh\08_HA_nh_134.jpg,5.51,606,738
08_HA_nh,08_HA_nh_135.jpg,8,Happiness,C:\Users\kundu\OneDrive\Desktop\KMU-FED-2\data\aligned_faces\08_HA_nh\08_HA_nh_135.jpg,4.97,604,726
08_HA_nh,08_HA_nh_136.jpg,8,Happiness,C:\Users\kundu\OneDrive\Desktop\KMU-FED-2\data\aligned_faces\08_HA_nh\08_HA_nh_136.jpg,4.47,606,744
08_HA_nh,08_HA_nh_137.jpg,8,Happiness,C:\Users\kundu\OneDrive\Desktop\KMU-FED-2\data\aligned_faces\08_HA_nh\08_HA_nh_137.jpg,4.51,614,740
08_HA_nh,08_HA_nh_138.jpg,8,Happiness,C:\Users\kundu\OneDrive\Desktop\KMU-FED-2\data\aligned_faces\08_HA_nh\08_HA_nh_138.jpg,3.54,608,728
08_HA_nh,08_HA_nh_139.jpg,8,Happiness,C:\Users\kundu\OneDrive\Desktop\KMU-FED-2\data\aligned_faces\08_HA_nh\08_HA_nh_139.jpg,2.96,616,736
08_HA_nh,08_HA_nh_140.jpg,8,Happiness,C:\Users\kundu\OneDrive\Desktop\KMU-FED-2\data\aligned_faces\08_HA_nh\08_HA_nh_140.jpg,3.37,626,762
08_HA_nh,08_HA_nh_141.jpg,8,Happiness,C:\Users\kundu\OneDrive\Desktop\KMU-FED-2\data\aligned_faces\08_HA_nh\08_HA_nh_141.jpg,-1.53,596,736
08_HA_nh,08_HA_nh_142.jpg,8,Happiness,C:\Users\kundu\OneDrive\Desktop\KMU-FED-2\data\aligned_faces\08_HA_nh\08_HA_nh_142.jpg,-0.5,600,728
08_HA_nh,08_HA_nh_143.jpg,8,Happiness,C:\Users\kundu\OneDrive\Desktop\KMU-FED-2\data\aligned_faces\08_HA_nh\08_HA_nh_143.jpg,-0.49,640,760
08_HA_nh,08_HA_nh_144.jpg,8,Happiness,C:\Users\kundu\OneDrive\Desktop\KMU-FED-2\data\aligned_faces\08_HA_nh\08_HA_nh_144.jpg,-1.51,600,724
08_HA_nh,08_HA_nh_145.jpg,8,Happiness,C:\Users\kundu\OneDrive\Desktop\KMU-FED-2\data\aligned_faces\08_HA_nh\08_HA_nh_145.jpg,-2.05,616,752
08_HA_nh,08_HA_nh_146.jpg,8,Happiness,C:\Users\kundu\OneDrive\Desktop\KMU-FED-2\data\aligned_faces\08_HA_nh\08_HA_nh_146.jpg,-2.03,602,738
08_HA_nh,08_HA_nh_147.jpg,8,Happiness,C:\Users\kundu\OneDrive\Desktop\KMU-FED-2\data\aligned_faces\08_HA_nh\08_HA_nh_147.jpg,-1.49,600,736
08_HA_nh,08_HA_nh_148.jpg,8,Happiness,C:\Users\kundu\OneDrive\Desktop\KMU-FED-2\data\aligned_faces\08_HA_nh\08_HA_nh_148.jpg,-1.97,630,768
08_HA_nh,08_HA_nh_149.jpg,8,Happiness,C:\Users\kundu\OneDrive\Desktop\KMU-FED-2\data\aligned_faces\08_HA_nh\08_HA_nh_149.jpg,-1.47,628,772
08_HA_nh,08_HA_nh_150.jpg,8,Happiness,C:\Users\kundu\OneDrive\Desktop\KMU-FED-2\data\aligned_faces\08_HA_nh\08_HA_nh_150.jpg,-1.48,606,746
08_SA_nh,08_SA_nh_091.jpg,8,Sadness,C:\Users\kundu\OneDrive\Desktop\KMU-FED-2\data\aligned_faces\08_SA_nh\08_SA_nh_091.jpg,0.51,582,720
08_SA_nh,08_SA_nh_092.jpg,8,Sadness,C:\Users\kundu\OneDrive\Desktop\KMU-FED-2\data\aligned_faces\08_SA_nh\08_SA_nh_092.jpg,1.52,584,720
08_SA_nh,08_SA_nh_093.jpg,8,Sadness,C:\Users\kundu\OneDrive\Desktop\KMU-FED-2\data\aligned_faces\08_SA_nh\08_SA_nh_093.jpg,-0.51,580,710
08_SA_nh,08_SA_nh_094.jpg,8,Sadness,C:\Users\kundu\OneDrive\Desktop\KMU-FED-2\data\aligned_faces\08_SA_nh\08_SA_nh_094.jpg,-1.97,602,708
08_SA_nh,08_SA_nh_095.jpg,8,Sadness,C:\Users\kundu\OneDrive\Desktop\KMU-FED-2\data\aligned_faces\08_SA_nh\08_SA_nh_095.jpg,-1.51,602,712
08_SA_nh,08_SA_nh_096.jpg,8,Sadness,C:\Users\kundu\OneDrive\Desktop\KMU-FED-2\data\aligned_faces\08_SA_nh\08_SA_nh_096.jpg,-1.99,594,692
08_SA_nh,08_SA_nh_097.jpg,8,Sadness,C:\Users\kundu\OneDrive\Desktop\KMU-FED-2\data\aligned_faces\08_SA_nh\08_SA_nh_097.jpg,-1.51,592,692
08_SA_nh,08_SA_nh_098.jpg,8,Sadness,C:\Users\kundu\OneDrive\Desktop\KMU-FED-2\data\aligned_faces\08_SA_nh\08_SA_nh_098.jpg,-1.99,602,704
08_SA_nh,08_SA_nh_099.jpg,8,Sadness,C:\Users\kundu\OneDrive\Desktop\KMU-FED-2\data\aligned_faces\08_SA_nh\08_SA_nh_099.jpg,-2.01,602,704
08_SA_nh,08_SA_nh_100.jpg,8,Sadness,C:\Users\kundu\OneDrive\Desktop\KMU-FED-2\data\aligned_faces\08_SA_nh\08_SA_nh_100.jpg,-2.47,608,724
08_SA_nh,08_SA_nh_101.jpg,8,Sadness,C:\Users\kundu\OneDrive\Desktop\KMU-FED-2\data\aligned_faces\08_SA_nh\08_SA_nh_101.jpg,-0.52,572,666
08_SA_nh,08_SA_nh_102.jpg,8,Sadness,C:\Users\kundu\OneDrive\Desktop\KMU-FED-2\data\aligned_faces\08_SA_nh\08_SA_nh_102.jpg,-1.03,570,664
08_SA_nh,08_SA_nh_103.jpg,8,Sadness,C:\Users\kundu\OneDrive\Desktop\KMU-FED-2\data\aligned_faces\08_SA_nh\08_SA_nh_103.jpg,-1.53,572,662
08_SA_nh,08_SA_nh_104.jpg,8,Sadness,C:\Users\kundu\OneDrive\Desktop\KMU-FED-2\data\aligned_faces\08_SA_nh\08_SA_nh_104.jpg,-1.55,566,652
08_SA_nh,08_SA_nh_105.jpg,8,Sadness,C:\Users\kundu\OneDrive\Desktop\KMU-FED-2\data\aligned_faces\08_SA_nh\08_SA_nh_105.jpg,-1.55,566,664
08_SA_nh,08_SA_nh_106.jpg,8,Sadness,C:\Users\kundu\OneDrive\Desktop\KMU-FED-2\data\aligned_faces\08_SA_nh\08_SA_nh_106.jpg,-1.53,564,662
08_SA_nh,08_SA_nh_107.jpg,8,Sadness,C:\Users\kundu\OneDrive\Desktop\KMU-FED-2\data\aligned_faces\08_SA_nh\08_SA_nh_107.jpg,-1.55,564,660
08_SA_nh,08_SA_nh_108.jpg,8,Sadness,C:\Users\kundu\OneDrive\Desktop\KMU-FED-2\data\aligned_faces\08_SA_nh\08_SA_nh_108.jpg,-2.03,572,668
08_SA_nh,08_SA_nh_109.jpg,8,Sadness,C:\Users\kundu\OneDrive\Desktop\KMU-FED-2\data\aligned_faces\08_SA_nh\08_SA_nh_109.jpg,-2.03,578,672
08_SA_nh,08_SA_nh_110.jpg,8,Sadness,C:\Users\kundu\OneDrive\Desktop\KMU-FED-2\data\aligned_faces\08_SA_nh\08_SA_nh_110.jpg,-1.01,572,666
08_SU_nh,08_SU_nh_081.jpg,8,Surprise,C:\Users\kundu\OneDrive\Desktop\KMU-FED-2\data\aligned_faces\08_SU_nh\08_SU_nh_081.jpg,0.0,684,854
08_SU_nh,08_SU_nh_082.jpg,8,Surprise,C:\Users\kundu\OneDrive\Desktop\KMU-FED-2\data\aligned_faces\08_SU_nh\08_SU_nh_082.jpg,-0.44,680,844
08_SU_nh,08_SU_nh_083.jpg,8,Surprise,C:\Users\kundu\OneDrive\Desktop\KMU-FED-2\data\aligned_faces\08_SU_nh\08_SU_nh_083.jpg,0.0,680,852
08_SU_nh,08_SU_nh_084.jpg,8,Surprise,C:\Users\kundu\OneDrive\Desktop\KMU-FED-2\data\aligned_faces\08_SU_nh\08_SU_nh_084.jpg,0.0,690,856
08_SU_nh,08_SU_nh_085.jpg,8,Surprise,C:\Users\kundu\OneDrive\Desktop\KMU-FED-2\data\aligned_faces\08_SU_nh\08_SU_nh_085.jpg,0.0,684,848
08_SU_nh,08_SU_nh_086.jpg,8,Surprise,C:\Users\kundu\OneDrive\Desktop\KMU-FED-2\data\aligned_faces\08_SU_nh\08_SU_nh_086.jpg,0.0,678,844
08_SU_nh,08_SU_nh_087.jpg,8,Surprise,C:\Users\kundu\OneDrive\Desktop\KMU-FED-2\data\aligned_faces\08_SU_nh\08_SU_nh_087.jpg,0.0,686,854
08_SU_nh,08_SU_nh_088.jpg,8,Surprise,C:\Users\kundu\OneDrive\Desktop\KMU-FED-2\data\aligned_faces\08_SU_nh\08_SU_nh_088.jpg,0.0,690,858
08_SU_nh,08_SU_nh_089.jpg,8,Surprise,C:\Users\kundu\OneDrive\Desktop\KMU-FED-2\data\aligned_faces\08_SU_nh\08_SU_nh_089.jpg,-0.44,692,858
08_SU_nh,08_SU_nh_090.jpg,8,Surprise,C:\Users\kundu\OneDrive\Desktop\KMU-FED-2\data\aligned_faces\08_SU_nh\08_SU_nh_090.jpg,-0.44,700,860
08_SU_nh,08_SU_nh_091.jpg,8,Surprise,C:\Users\kundu\OneDrive\Desktop\KMU-FED-2\data\aligned_faces\08_SU_nh\08_SU_nh_091.jpg,6.06,566,724
08_SU_nh,08_SU_nh_092.jpg,8,Surprise,C:\Users\kundu\OneDrive\Desktop\KMU-FED-2\data\aligned_faces\08_SU_nh\08_SU_nh_092.jpg,6.12,566,734
08_SU_nh,08_SU_nh_093.jpg,8,Surprise,C:\Users\kundu\OneDrive\Desktop\KMU-FED-2\data\aligned_faces\08_SU_nh\08_SU_nh_093.jpg,6.12,560,726
08_SU_nh,08_SU_nh_094.jpg,8,Surprise,C:\Users\kundu\OneDrive\Desktop\KMU-FED-2\data\aligned_faces\08_SU_nh\08_SU_nh_094.jpg,5.56,564,732
08_SU_nh,08_SU_nh_095.jpg,8,Surprise,C:\Users\kundu\OneDrive\Desktop\KMU-FED-2\data\aligned_faces\08_SU_nh\08_SU_nh_095.jpg,4.55,564,734
08_SU_nh,08_SU_nh_096.jpg,8,Surprise,C:\Users\kundu\OneDrive\Desktop\KMU-FED-2\data\aligned_faces\08_SU_nh\08_SU_nh_096.jpg,3.54,566,746
08_SU_nh,08_SU_nh_097.jpg,8,Surprise,C:\Users\kundu\OneDrive\Desktop\KMU-FED-2\data\aligned_faces\08_SU_nh\08_SU_nh_097.jpg,3.21,542,726
08_SU_nh,08_SU_nh_098.jpg,8,Surprise,C:\Users\kundu\OneDrive\Desktop\KMU-FED-2\data\aligned_faces\08_SU_nh\08_SU_nh_098.jpg,2.03,570,750
08_SU_nh,08_SU_nh_099.jpg,8,Surprise,C:\Users\kundu\OneDrive\Desktop\KMU-FED-2\data\aligned_faces\08_SU_nh\08_SU_nh_099.jpg,3.15,546,724
08_SU_nh,08_SU_nh_100.jpg,8,Surprise,C:\Users\kundu\OneDrive\Desktop\KMU-FED-2\data\aligned_faces\08_SU_nh\08_SU_nh_100.jpg,2.7,536,724
09_AN_sj,09_AN_sj_121.jpg,9,Anger,C:\Users\kundu\OneDrive\Desktop\KMU-FED-2\data\aligned_faces\09_AN_sj\09_AN_sj_121.jpg,-5.37,602,706
09_AN_sj,09_AN_sj_122.jpg,9,Anger,C:\Users\kundu\OneDrive\Desktop\KMU-FED-2\data\aligned_faces\09_AN_sj\09_AN_sj_122.jpg,-4.89,600,706
09_AN_sj,09_AN_sj_123.jpg,9,Anger,C:\Users\kundu\OneDrive\Desktop\KMU-FED-2\data\aligned_faces\09_AN_sj\09_AN_sj_123.jpg,-5.37,602,706
09_AN_sj,09_AN_sj_124.jpg,9,Anger,C:\Users\kundu\OneDrive\Desktop\KMU-FED-2\data\aligned_faces\09_AN_sj\09_AN_sj_124.jpg,-5.86,602,710
09_AN_sj,09_AN_sj_125.jpg,9,Anger,C:\Users\kundu\OneDrive\Desktop\KMU-FED-2\data\aligned_faces\09_AN_sj\09_AN_sj_125.jpg,-5.42,594,701
09_AN_sj,09_AN_sj_126.jpg,9,Anger,C:\Users\kundu\OneDrive\Desktop\KMU-FED-2\data\aligned_faces\09_AN_sj\09_AN_sj_126.jpg,-4.89,596,703
09_AN_sj,09_AN_sj_127.jpg,9,Anger,C:\Users\kundu\OneDrive\Desktop\KMU-FED-2\data\aligned_faces\09_AN_sj\09_AN_sj_127.jpg,-4.89,592,701
09_AN_sj,09_AN_sj_128.jpg,9,Anger,C:\Users\kundu\OneDrive\Desktop\KMU-FED-2\data\aligned_faces\09_AN_sj\09_AN_sj_128.jpg,-5.33,596,703
09_AN_sj,09_AN_sj_129.jpg,9,Anger,C:\Users\kundu\OneDrive\Desktop\KMU-FED-2\data\aligned_faces\09_AN_sj\09_AN_sj_129.jpg,-5.33,600,704
09_AN_sj,09_AN_sj_130.jpg,9,Anger,C:\Users\kundu\OneDrive\Desktop\KMU-FED-2\data\aligned_faces\09_AN_sj\09_AN_sj_130.jpg,-4.84,594,703
09_AN_sj,09_AN_sj_131.jpg,9,Anger,C:\Users\kundu\OneDrive\Desktop\KMU-FED-2\data\aligned_faces\09_AN_sj\09_AN_sj_131.jpg,-5.62,672,717
09_AN_sj,09_AN_sj_132.jpg,9,Anger,C:\Users\kundu\OneDrive\Desktop\KMU-FED-2\data\aligned_faces\09_AN_sj\09_AN_sj_132.jpg,-5.27,678,730
09_AN_sj,09_AN_sj_133.jpg,9,Anger,C:\Users\kundu\OneDrive\Desktop\KMU-FED-2\data\aligned_faces\09_AN_sj\09_AN_sj_133.jpg,-5.23,678,728
09_AN_sj,09_AN_sj_134.jpg,9,Anger,C:\Users\kundu\OneDrive\Desktop\KMU-FED-2\data\aligned_faces\09_AN_sj\09_AN_sj_134.jpg,-6.1,674,730
09_AN_sj,09_AN_sj_135.jpg,9,Anger,C:\Users\kundu\OneDrive\Desktop\KMU-FED-2\data\aligned_faces\09_AN_sj\09_AN_sj_135.jpg,-5.23,674,726
09_AN_sj,09_AN_sj_136.jpg,9,Anger,C:\Users\kundu\OneDrive\Desktop\KMU-FED-2\data\aligned_faces\09_AN_sj\09_AN_sj_136.jpg,-5.19,674,728
09_AN_sj,09_AN_sj_137.jpg,9,Anger,C:\Users\kundu\OneDrive\Desktop\KMU-FED-2\data\aligned_faces\09_AN_sj\09_AN_sj_137.jpg,-5.23,672,730
09_AN_sj,09_AN_sj_138.jpg,9,Anger,C:\Users\kundu\OneDrive\Desktop\KMU-FED-2\data\aligned_faces\09_AN_sj\09_AN_sj_138.jpg,-5.62,676,730
09_AN_sj,09_AN_sj_139.jpg,9,Anger,C:\Users\kundu\OneDrive\Desktop\KMU-FED-2\data\aligned_faces\09_AN_sj\09_AN_sj_139.jpg,-6.01,678,730
09_AN_sj,09_AN_sj_140.jpg,9,Anger,C:\Users\kundu\OneDrive\Desktop\KMU-FED-2\data\aligned_faces\09_AN_sj\09_AN_sj_140.jpg,-5.62,680,726
09_FE_sj,09_FE_sj_151.jpg,9,Fear,C:\Users\kundu\OneDrive\Desktop\KMU-FED-2\data\aligned_faces\09_FE_sj\09_FE_sj_151.jpg,-8.64,652,660
09_FE_sj,09_FE_sj_152.jpg,9,Fear,C:\Users\kundu\OneDrive\Desktop\KMU-FED-2\data\aligned_faces\09_FE_sj\09_FE_sj_152.jpg,-9.24,652,660
09_FE_sj,09_FE_sj_153.jpg,9,Fear,C:\Users\kundu\OneDrive\Desktop\KMU-FED-2\data\aligned_faces\09_FE_sj\09_FE_sj_153.jpg,-7.53,628,649
09_FE_sj,09_FE_sj_154.jpg,9,Fear,C:\Users\kundu\OneDrive\Desktop\KMU-FED-2\data\aligned_faces\09_FE_sj\09_FE_sj_154.jpg,-9.24,650,655
09_FE_sj,09_FE_sj_155.jpg,9,Fear,C:\Users\kundu\OneDrive\Desktop\KMU-FED-2\data\aligned_faces\09_FE_sj\09_FE_sj_155.jpg,-9.39,636,649
09_FE_sj,09_FE_sj_156.jpg,9,Fear,C:\Users\kundu\OneDrive\Desktop\KMU-FED-2\data\aligned_faces\09_FE_sj\09_FE_sj_156.jpg,-10.39,648,666
09_FE_sj,09_FE_sj_157.jpg,9,Fear,C:\Users\kundu\OneDrive\Desktop\KMU-FED-2\data\aligned_faces\09_FE_sj\09_FE_sj_157.jpg,-10.94,640,653
09_FE_sj,09_FE_sj_158.jpg,9,Fear,C:\Users\kundu\OneDrive\Desktop\KMU-FED-2\data\aligned_faces\09_FE_sj\09_FE_sj_158.jpg,-10.47,654,671
09_FE_sj,09_FE_sj_159.jpg,9,Fear,C:\Users\kundu\OneDrive\Desktop\KMU-FED-2\data\aligned_faces\09_FE_sj\09_FE_sj_159.jpg,-10.85,648,657
09_FE_sj,09_FE_sj_160.jpg,9,Fear,C:\Users\kundu\OneDrive\Desktop\KMU-FED-2\data\aligned_faces\09_FE_sj\09_FE_sj_160.jpg,-10.56,628,660
09_HA_sj,09_HA_sj_151.jpg,9,Happiness,C:\Users\kundu\OneDrive\Desktop\KMU-FED-2\data\aligned_faces\09_HA_sj\09_HA_sj_151.jpg,-5.66,628,772
09_HA_sj,09_HA_sj_152.jpg,9,Happiness,C:\Users\kundu\OneDrive\Desktop\KMU-FED-2\data\aligned_faces\09_HA_sj\09_HA_sj_152.jpg,-5.71,628,774
09_HA_sj,09_HA_sj_153.jpg,9,Happiness,C:\Users\kundu\OneDrive\Desktop\KMU-FED-2\data\aligned_faces\09_HA_sj\09_HA_sj_153.jpg,-5.66,628,774
09_HA_sj,09_HA_sj_154.jpg,9,Happiness,C:\Users\kundu\OneDrive\Desktop\KMU-FED-2\data\aligned_faces\09_HA_sj\09_HA_sj_154.jpg,-5.66,626,774
09_HA_sj,09_HA_sj_155.jpg,9,Happiness,C:\Users\kundu\OneDrive\Desktop\KMU-FED-2\data\aligned_faces\09_HA_sj\09_HA_sj_155.jpg,-5.71,626,772
09_HA_sj,09_HA_sj_156.jpg,9,Happiness,C:\Users\kundu\OneDrive\Desktop\KMU-FED-2\data\aligned_faces\09_HA_sj\09_HA_sj_156.jpg,-5.66,626,772
09_HA_sj,09_HA_sj_157.jpg,9,Happiness,C:\Users\kundu\OneDrive\Desktop\KMU-FED-2\data\aligned_faces\09_HA_sj\09_HA_sj_157.jpg,-5.66,626,770
09_HA_sj,09_HA_sj_158.jpg,9,Happiness,C:\Users\kundu\OneDrive\Desktop\KMU-FED-2\data\aligned_faces\09_HA_sj\09_HA_sj_158.jpg,-5.19,626,772
09_HA_sj,09_HA_sj_159.jpg,9,Happiness,C:\Users\kundu\OneDrive\Desktop\KMU-FED-2\data\aligned_faces\09_HA_sj\09_HA_sj_159.jpg,-5.19,626,774
09_HA_sj,09_HA_sj_160.jpg,9,Happiness,C:\Users\kundu\OneDrive\Desktop\KMU-FED-2\data\aligned_faces\09_HA_sj\09_HA_sj_160.jpg,-5.24,626,774
09_HA_sj,09_HA_sj_161.jpg,9,Happiness,C:\Users\kundu\OneDrive\Desktop\KMU-FED-2\data\aligned_faces\09_HA_sj\09_HA_sj_161.jpg,-6.1,674,721
09_HA_sj,09_HA_sj_162.jpg,9,Happiness,C:\Users\kundu\OneDrive\Desktop\KMU-FED-2\data\aligned_faces\09_HA_sj\09_HA_sj_162.jpg,-5.96,684,723
09_HA_sj,09_HA_sj_163.jpg,9,Happiness,C:\Users\kundu\OneDrive\Desktop\KMU-FED-2\data\aligned_faces\09_HA_sj\09_HA_sj_163.jpg,-6.81,690,721
09_HA_sj,09_HA_sj_164.jpg,9,Happiness,C:\Users\kundu\OneDrive\Desktop\KMU-FED-2\data\aligned_faces\09_HA_sj\09_HA_sj_164.jpg,-6.91,676,710
09_HA_sj,09_HA_sj_165.jpg,9,Happiness,C:\Users\kundu\OneDrive\Desktop\KMU-FED-2\data\aligned_faces\09_HA_sj\09_HA_sj_165.jpg,-6.53,672,710
09_HA_sj,09_HA_sj_166.jpg,9,Happiness,C:\Users\kundu\OneDrive\Desktop\KMU-FED-2\data\aligned_faces\09_HA_sj\09_HA_sj_166.jpg,-6.15,666,710
09_HA_sj,09_HA_sj_167.jpg,9,Happiness,C:\Users\kundu\OneDrive\Desktop\KMU-FED-2\data\aligned_faces\09_HA_sj\09_HA_sj_167.jpg,-5.62,678,721
09_HA_sj,09_HA_sj_168.jpg,9,Happiness,C:\Users\kundu\OneDrive\Desktop\KMU-FED-2\data\aligned_faces\09_HA_sj\09_HA_sj_168.jpg,-6.1,672,708
09_HA_sj,09_HA_sj_169.jpg,9,Happiness,C:\Users\kundu\OneDrive\Desktop\KMU-FED-2\data\aligned_faces\09_HA_sj\09_HA_sj_169.jpg,-4.27,688,719
09_HA_sj,09_HA_sj_170.jpg,9,Happiness,C:\Users\kundu\OneDrive\Desktop\KMU-FED-2\data\aligned_faces\09_HA_sj\09_HA_sj_170.jpg,-3.87,680,712
09_SA_sj,09_SA_sj_110.jpg,9,Sadness,C:\Users\kundu\OneDrive\Desktop\KMU-FED-2\data\aligned_faces\09_SA_sj\09_SA_sj_110.jpg,-3.9,662,682
09_SA_sj,09_SA_sj_111.jpg,9,Sadness,C:\Users\kundu\OneDrive\Desktop\KMU-FED-2\data\aligned_faces\09_SA_sj\09_SA_sj_111.jpg,-3.49,666,682
09_SA_sj,09_SA_sj_112.jpg,9,Sadness,C:\Users\kundu\OneDrive\Desktop\KMU-FED-2\data\aligned_faces\09_SA_sj\09_SA_sj_112.jpg,-3.49,668,684
09_SA_sj,09_SA_sj_113.jpg,9,Sadness,C:\Users\kundu\OneDrive\Desktop\KMU-FED-2\data\aligned_faces\09_SA_sj\09_SA_sj_113.jpg,-3.52,664,682
09_SA_sj,09_SA_sj_114.jpg,9,Sadness,C:\Users\kundu\OneDrive\Desktop\KMU-FED-2\data\aligned_faces\09_SA_sj\09_SA_sj_114.jpg,-3.93,668,684
09_SA_sj,09_SA_sj_115.jpg,9,Sadness,C:\Users\kundu\OneDrive\Desktop\KMU-FED-2\data\aligned_faces\09_SA_sj\09_SA_sj_115.jpg,-4.76,672,684
09_SA_sj,09_SA_sj_116.jpg,9,Sadness,C:\Users\kundu\OneDrive\Desktop\KMU-FED-2\data\aligned_faces\09_SA_sj\09_SA_sj_116.jpg,-4.43,668,684
09_SA_sj,09_SA_sj_117.jpg,9,Sadness,C:\Users\kundu\OneDrive\Desktop\KMU-FED-2\data\aligned_faces\09_SA_sj\09_SA_sj_117.jpg,-4.84,668,679
09_SA_sj,09_SA_sj_118.jpg,9,Sadness,C:\Users\kundu\OneDrive\Desktop\KMU-FED-2\data\aligned_faces\09_SA_sj\09_SA_sj_118.jpg,-4.87,672,684
09_SA_sj,09_SA_sj_119.jpg,9,Sadness,C:\Users\kundu\OneDrive\Desktop\KMU-FED-2\data\aligned_faces\09_SA_sj\09_SA_sj_119.jpg,-4.8,666,690
09_SU_sj,09_SU_sj_101.jpg,9,Surprise,C:\Users\kundu\OneDrive\Desktop\KMU-FED-2\data\aligned_faces\09_SU_sj\09_SU_sj_101.jpg,-2.97,692,767
09_SU_sj,09_SU_sj_102.jpg,9,Surprise,C:\Users\kundu\OneDrive\Desktop\KMU-FED-2\data\aligned_faces\09_SU_sj\09_SU_sj_102.jpg,-3.39,692,772
09_SU_sj,09_SU_sj_103.jpg,9,Surprise,C:\Users\kundu\OneDrive\Desktop\KMU-FED-2\data\aligned_faces\09_SU_sj\09_SU_sj_103.jpg,-3.84,686,761
09_SU_sj,09_SU_sj_104.jpg,9,Surprise,C:\Users\kundu\OneDrive\Desktop\KMU-FED-2\data\aligned_faces\09_SU_sj\09_SU_sj_104.jpg,-3.42,676,754
09_SU_sj,09_SU_sj_105.jpg,9,Surprise,C:\Users\kundu\OneDrive\Desktop\KMU-FED-2\data\aligned_faces\09_SU_sj\09_SU_sj_105.jpg,-3.01,668,752
09_SU_sj,09_SU_sj_106.jpg,9,Surprise,C:\Users\kundu\OneDrive\Desktop\KMU-FED-2\data\aligned_faces\09_SU_sj\09_SU_sj_106.jpg,-3.37,680,752
09_SU_sj,09_SU_sj_107.jpg,9,Surprise,C:\Users\kundu\OneDrive\Desktop\KMU-FED-2\data\aligned_faces\09_SU_sj\09_SU_sj_107.jpg,-4.59,688,759
09_SU_sj,09_SU_sj_108.jpg,9,Surprise,C:\Users\kundu\OneDrive\Desktop\KMU-FED-2\data\aligned_faces\09_SU_sj\09_SU_sj_108.jpg,-4.17,678,754
09_SU_sj,09_SU_sj_109.jpg,9,Surprise,C:\Users\kundu\OneDrive\Desktop\KMU-FED-2\data\aligned_faces\09_SU_sj\09_SU_sj_109.jpg,-4.69,666,750
09_SU_sj,09_SU_sj_110.jpg,9,Surprise,C:\Users\kundu\OneDrive\Desktop\KMU-FED-2\data\aligned_faces\09_SU_sj\09_SU_sj_110.jpg,-4.3,668,752
10_AN_ko,10_AN_ko_141.jpg,10,Anger,C:\Users\kundu\OneDrive\Desktop\KMU-FED-2\data\aligned_faces\10_AN_ko\10_AN_ko_141.jpg,-4.49,752,866
10_AN_ko,10_AN_ko_142.jpg,10,Anger,C:\Users\kundu\OneDrive\Desktop\KMU-FED-2\data\aligned_faces\10_AN_ko\10_AN_ko_142.jpg,-3.27,734,862
10_AN_ko,10_AN_ko_143.jpg,10,Anger,C:\Users\kundu\OneDrive\Desktop\KMU-FED-2\data\aligned_faces\10_AN_ko\10_AN_ko_143.jpg,-3.37,736,860
10_AN_ko,10_AN_ko_144.jpg,10,Anger,C:\Users\kundu\OneDrive\Desktop\KMU-FED-2\data\aligned_faces\10_AN_ko\10_AN_ko_144.jpg,-0.77,782,871
10_AN_ko,10_AN_ko_145.jpg,10,Anger,C:\Users\kundu\OneDrive\Desktop\KMU-FED-2\data\aligned_faces\10_AN_ko\10_AN_ko_145.jpg,-2.67,784,871
10_AN_ko,10_AN_ko_146.jpg,10,Anger,C:\Users\kundu\OneDrive\Desktop\KMU-FED-2\data\aligned_faces\10_AN_ko\10_AN_ko_146.jpg,-1.9,782,869
10_AN_ko,10_AN_ko_147.jpg,10,Anger,C:\Users\kundu\OneDrive\Desktop\KMU-FED-2\data\aligned_faces\10_AN_ko\10_AN_ko_147.jpg,-0.4,792,875
10_AN_ko,10_AN_ko_148.jpg,10,Anger,C:\Users\kundu\OneDrive\Desktop\KMU-FED-2\data\aligned_faces\10_AN_ko\10_AN_ko_148.jpg,-3.18,774,877
10_AN_ko,10_AN_ko_149.jpg,10,Anger,C:\Users\kundu\OneDrive\Desktop\KMU-FED-2\data\aligned_faces\10_AN_ko\10_AN_ko_149.jpg,-2.39,760,864
10_AN_ko,10_AN_ko_150.jpg,10,Anger,C:\Users\kundu\OneDrive\Desktop\KMU-FED-2\data\aligned_faces\10_AN_ko\10_AN_ko_150.jpg,-3.25,744,858
10_DI_ko,10_DI_ko_091.jpg,10,Disgust,C:\Users\kundu\OneDrive\Desktop\KMU-FED-2\data\aligned_faces\10_DI_ko\10_DI_ko_091.jpg,-2.86,736,883
10_DI_ko,10_DI_ko_092.jpg,10,Disgust,C:\Users\kundu\OneDrive\Desktop\KMU-FED-2\data\aligned_faces\10_DI_ko\10_DI_ko_092.jpg,0.0,728,871
10_DI_ko,10_DI_ko_093.jpg,10,Disgust,C:\Users\kundu\OneDrive\Desktop\KMU-FED-2\data\aligned_faces\10_DI_ko\10_DI_ko_093.jpg,-1.61,728,865
10_DI_ko,10_DI_ko_094.jpg,10,Disgust,C:\Users\kundu\OneDrive\Desktop\KMU-FED-2\data\aligned_faces\10_DI_ko\10_DI_ko_094.jpg,-1.62,722,888
10_DI_ko,10_DI_ko_095.jpg,10,Disgust,C:\Users\kundu\OneDrive\Desktop\KMU-FED-2\data\aligned_faces\10_DI_ko\10_DI_ko_095.jpg,-1.18,744,886
10_DI_ko,10_DI_ko_096.jpg,10,Disgust,C:\Users\kundu\OneDrive\Desktop\KMU-FED-2\data\aligned_faces\10_DI_ko\10_DI_ko_096.jpg,-1.61,728,885
10_DI_ko,10_DI_ko_097.jpg,10,Disgust,C:\Users\kundu\OneDrive\Desktop\KMU-FED-2\data\aligned_faces\10_DI_ko\10_DI_ko_097.jpg,-4.11,722,883
10_DI_ko,10_DI_ko_098.jpg,10,Disgust,C:\Users\kundu\OneDrive\Desktop\KMU-FED-2\data\aligned_faces\10_DI_ko\10_DI_ko_098.jpg,-1.97,736,905
10_DI_ko,10_DI_ko_099.jpg,10,Disgust,C:\Users\kundu\OneDrive\Desktop\KMU-FED-2\data\aligned_faces\10_DI_ko\10_DI_ko_099.jpg,0.79,736,891
10_DI_ko,10_DI_ko_100.jpg,10,Disgust,C:\Users\kundu\OneDrive\Desktop\KMU-FED-2\data\aligned_faces\10_DI_ko\10_DI_ko_100.jpg,-3.48,748,904
10_FE_ko,10_FE_ko_161.jpg,10,Fear,C:\Users\kundu\OneDrive\Desktop\KMU-FED-2\data\aligned_faces\10_FE_ko\10_FE_ko_161.jpg,-3.07,782,860
10_FE_ko,10_FE_ko_162.jpg,10,Fear,C:\Users\kundu\OneDrive\Desktop\KMU-FED-2\data\aligned_faces\10_FE_ko\10_FE_ko_162.jpg,-3.76,784,855
10_FE_ko,10_FE_ko_163.jpg,10,Fear,C:\Users\kundu\OneDrive\Desktop\KMU-FED-2\data\aligned_faces\10_FE_ko\10_FE_ko_163.jpg,-3.46,804,860
10_FE_ko,10_FE_ko_164.jpg,10,Fear,C:\Users\kundu\OneDrive\Desktop\KMU-FED-2\data\aligned_faces\10_FE_ko\10_FE_ko_164.jpg,-2.32,784,862
10_FE_ko,10_FE_ko_165.jpg,10,Fear,C:\Users\kundu\OneDrive\Desktop\KMU-FED-2\data\aligned_faces\10_FE_ko\10_FE_ko_165.jpg,-2.99,796,864
10_FE_ko,10_FE_ko_170.jpg,10,Fear,C:\Users\kundu\OneDrive\Desktop\KMU-FED-2\data\aligned_faces\10_FE_ko\10_FE_ko_170.jpg,-5.48,774,858
10_FE_ko,10_FE_ko_171.jpg,10,Fear,C:\Users\kundu\OneDrive\Desktop\KMU-FED-2\data\aligned_faces\10_FE_ko\10_FE_ko_171.jpg,-0.39,794,820
10_FE_ko,10_FE_ko_172.jpg,10,Fear,C:\Users\kundu\OneDrive\Desktop\KMU-FED-2\data\aligned_faces\10_FE_ko\10_FE_ko_172.jpg,-3.65,758,794
10_FE_ko,10_FE_ko_173.jpg,10,Fear,C:\Users\kundu\OneDrive\Desktop\KMU-FED-2\data\aligned_faces\10_FE_ko\10_FE_ko_173.jpg,-4.11,748,785
10_FE_ko,10_FE_ko_174.jpg,10,Fear,C:\Users\kundu\OneDrive\Desktop\KMU-FED-2\data\aligned_faces\10_FE_ko\10_FE_ko_174.jpg,-4.43,744,792
10_FE_ko,10_FE_ko_175.jpg,10,Fear,C:\Users\kundu\OneDrive\Desktop\KMU-FED-2\data\aligned_faces\10_FE_ko\10_FE_ko_175.jpg,-4.06,738,783
10_FE_ko,10_FE_ko_176.jpg,10,Fear,C:\Users\kundu\OneDrive\Desktop\KMU-FED-2\data\aligned_faces\10_FE_ko\10_FE_ko_176.jpg,-5.63,758,781
10_FE_ko,10_FE_ko_177.jpg,10,Fear,C:\Users\kundu\OneDrive\Desktop\KMU-FED-2\data\aligned_faces\10_FE_ko\10_FE_ko_177.jpg,-1.2,748,796
10_FE_ko,10_FE_ko_178.jpg,10,Fear,C:\Users\kundu\OneDrive\Desktop\KMU-FED-2\data\aligned_faces\10_FE_ko\10_FE_ko_178.jpg,-1.59,748,778
10_FE_ko,10_FE_ko_179.jpg,10,Fear,C:\Users\kundu\OneDrive\Desktop\KMU-FED-2\data\aligned_faces\10_FE_ko\10_FE_ko_179.jpg,-3.73,740,783
10_FE_ko,10_FE_ko_180.jpg,10,Fear,C:\Users\kundu\OneDrive\Desktop\KMU-FED-2\data\aligned_faces\10_FE_ko\10_FE_ko_180.jpg,-1.88,760,792
10_HA_ko,10_HA_ko_171.jpg,10,Happiness,C:\Users\kundu\OneDrive\Desktop\KMU-FED-2\data\aligned_faces\10_HA_ko\10_HA_ko_171.jpg,-2.84,648,724
10_HA_ko,10_HA_ko_172.jpg,10,Happiness,C:\Users\kundu\OneDrive\Desktop\KMU-FED-2\data\aligned_faces\10_HA_ko\10_HA_ko_172.jpg,0.46,660,743
10_HA_ko,10_HA_ko_173.jpg,10,Happiness,C:\Users\kundu\OneDrive\Desktop\KMU-FED-2\data\aligned_faces\10_HA_ko\10_HA_ko_173.jpg,0.0,686,762
10_HA_ko,10_HA_ko_174.jpg,10,Happiness,C:\Users\kundu\OneDrive\Desktop\KMU-FED-2\data\aligned_faces\10_HA_ko\10_HA_ko_174.jpg,-0.95,640,737
10_HA_ko,10_HA_ko_175.jpg,10,Happiness,C:\Users\kundu\OneDrive\Desktop\KMU-FED-2\data\aligned_faces\10_HA_ko\10_HA_ko_175.jpg,-1.34,662,750
10_HA_ko,10_HA_ko_176.jpg,10,Happiness,C:\Users\kundu\OneDrive\Desktop\KMU-FED-2\data\aligned_faces\10_HA_ko\10_HA_ko_176.jpg,-1.83,654,757
10_HA_ko,10_HA_ko_177.jpg,10,Happiness,C:\Users\kundu\OneDrive\Desktop\KMU-FED-2\data\aligned_faces\10_HA_ko\10_HA_ko_177.jpg,-0.47,632,747
10_HA_ko,10_HA_ko_178.jpg,10,Happiness,C:\Users\kundu\OneDrive\Desktop\KMU-FED-2\data\aligned_faces\10_HA_ko\10_HA_ko_178.jpg,-0.48,628,741
10_HA_ko,10_HA_ko_179.jpg,10,Happiness,C:\Users\kundu\OneDrive\Desktop\KMU-FED-2\data\aligned_faces\10_HA_ko\10_HA_ko_179.jpg,-1.89,642,753
10_HA_ko,10_HA_ko_180.jpg,10,Happiness,C:\Users\kundu\OneDrive\Desktop\KMU-FED-2\data\aligned_faces\10_HA_ko\10_HA_ko_180.jpg,-0.93,650,754
10_HA_ko,10_HA_ko_181.jpg,10,Happiness,C:\Users\kundu\OneDrive\Desktop\KMU-FED-2\data\aligned_faces\10_HA_ko\10_HA_ko_181.jpg,-4.95,774,800
10_HA_ko,10_HA_ko_182.jpg,10,Happiness,C:\Users\kundu\OneDrive\Desktop\KMU-FED-2\data\aligned_faces\10_HA_ko\10_HA_ko_182.jpg,-2.94,764,787
10_HA_ko,10_HA_ko_184.jpg,10,Happiness,C:\Users\kundu\OneDrive\Desktop\KMU-FED-2\data\aligned_faces\10_HA_ko\10_HA_ko_184.jpg,-2.47,762,814
10_HA_ko,10_HA_ko_185.jpg,10,Happiness,C:\Users\kundu\OneDrive\Desktop\KMU-FED-2\data\aligned_faces\10_HA_ko\10_HA_ko_185.jpg,-4.64,784,814
10_HA_ko,10_HA_ko_186.jpg,10,Happiness,C:\Users\kundu\OneDrive\Desktop\KMU-FED-2\data\aligned_faces\10_HA_ko\10_HA_ko_186.jpg,-5.34,768,796
10_HA_ko,10_HA_ko_187.jpg,10,Happiness,C:\Users\kundu\OneDrive\Desktop\KMU-FED-2\data\aligned_faces\10_HA_ko\10_HA_ko_187.jpg,-5.55,744,774
10_HA_ko,10_HA_ko_188.jpg,10,Happiness,C:\Users\kundu\OneDrive\Desktop\KMU-FED-2\data\aligned_faces\10_HA_ko\10_HA_ko_188.jpg,-5.83,771,787
10_HA_ko,10_HA_ko_189.jpg,10,Happiness,C:\Users\kundu\OneDrive\Desktop\KMU-FED-2\data\aligned_faces\10_HA_ko\10_HA_ko_189.jpg,-5.23,762,770
10_HA_ko,10_HA_ko_190.jpg,10,Happiness,C:\Users\kundu\OneDrive\Desktop\KMU-FED-2\data\aligned_faces\10_HA_ko\10_HA_ko_190.jpg,-1.82,772,783
10_SU_ko,10_SU_ko_111.jpg,10,Surprise,C:\Users\kundu\OneDrive\Desktop\KMU-FED-2\data\aligned_faces\10_SU_ko\10_SU_ko_111.jpg,-6.29,744,882
10_SU_ko,10_SU_ko_112.jpg,10,Surprise,C:\Users\kundu\OneDrive\Desktop\KMU-FED-2\data\aligned_faces\10_SU_ko\10_SU_ko_112.jpg,-2.08,738,882
10_SU_ko,10_SU_ko_113.jpg,10,Surprise,C:\Users\kundu\OneDrive\Desktop\KMU-FED-2\data\aligned_faces\10_SU_ko\10_SU_ko_113.jpg,-6.39,714,840
10_SU_ko,10_SU_ko_114.jpg,10,Surprise,C:\Users\kundu\OneDrive\Desktop\KMU-FED-2\data\aligned_faces\10_SU_ko\10_SU_ko_114.jpg,-1.25,720,880
10_SU_ko,10_SU_ko_115.jpg,10,Surprise,C:\Users\kundu\OneDrive\Desktop\KMU-FED-2\data\aligned_faces\10_SU_ko\10_SU_ko_115.jpg,-6.66,740,873
10_SU_ko,10_SU_ko_116.jpg,10,Surprise,C:\Users\kundu\OneDrive\Desktop\KMU-FED-2\data\aligned_faces\10_SU_ko\10_SU_ko_116.jpg,-3.22,780,893
10_SU_ko,10_SU_ko_117.jpg,10,Surprise,C:\Users\kundu\OneDrive\Desktop\KMU-FED-2\data\aligned_faces\10_SU_ko\10_SU_ko_117.jpg,-4.32,737,876
10_SU_ko,10_SU_ko_118.jpg,10,Surprise,C:\Users\kundu\OneDrive\Desktop\KMU-FED-2\data\aligned_faces\10_SU_ko\10_SU_ko_118.jpg,-3.6,769,880
10_SU_ko,10_SU_ko_119.jpg,10,Surprise,C:\Users\kundu\OneDrive\Desktop\KMU-FED-2\data\aligned_faces\10_SU_ko\10_SU_ko_119.jpg,-2.4,713,852
10_SU_ko,10_SU_ko_120.jpg,10,Surprise,C:\Users\kundu\OneDrive\Desktop\KMU-FED-2\data\aligned_faces\10_SU_ko\10_SU_ko_120.jpg,-2.6,758,884
10_SU_ko,10_SU_ko_121.jpg,10,Surprise,C:\Users\kundu\OneDrive\Desktop\KMU-FED-2\data\aligned_faces\10_SU_ko\10_SU_ko_121.jpg,-7.13,48,60
10_SU_ko,10_SU_ko_122.jpg,10,Surprise,C:\Users\kundu\OneDrive\Desktop\KMU-FED-2\data\aligned_faces\10_SU_ko\10_SU_ko_122.jpg,-6.34,48,56
10_SU_ko,10_SU_ko_123.jpg,10,Surprise,C:\Users\kundu\OneDrive\Desktop\KMU-FED-2\data\aligned_faces\10_SU_ko\10_SU_ko_123.jpg,0.0,48,60
10_SU_ko,10_SU_ko_124.jpg,10,Surprise,C:\Users\kundu\OneDrive\Desktop\KMU-FED-2\data\aligned_faces\10_SU_ko\10_SU_ko_124.jpg,-7.59,45,56
10_SU_ko,10_SU_ko_126.jpg,10,Surprise,C:\Users\kundu\OneDrive\Desktop\KMU-FED-2\data\aligned_faces\10_SU_ko\10_SU_ko_126.jpg,-7.13,48,56
10_SU_ko,10_SU_ko_127.jpg,10,Surprise,C:\Users\kundu\OneDrive\Desktop\KMU-FED-2\data\aligned_faces\10_SU_ko\10_SU_ko_127.jpg,0.0,44,56
11_AN_ej,11_AN_ej_151.jpg,11,Anger,C:\Users\kundu\OneDrive\Desktop\KMU-FED-2\data\aligned_faces\11_AN_ej\11_AN_ej_151.jpg,5.11,636,908
11_AN_ej,11_AN_ej_152.jpg,11,Anger,C:\Users\kundu\OneDrive\Desktop\KMU-FED-2\data\aligned_faces\11_AN_ej\11_AN_ej_152.jpg,5.62,628,896
11_AN_ej,11_AN_ej_153.jpg,11,Anger,C:\Users\kundu\OneDrive\Desktop\KMU-FED-2\data\aligned_faces\11_AN_ej\11_AN_ej_153.jpg,4.76,618,888
11_AN_ej,11_AN_ej_154.jpg,11,Anger,C:\Users\kundu\OneDrive\Desktop\KMU-FED-2\data\aligned_faces\11_AN_ej\11_AN_ej_154.jpg,4.33,616,864
11_AN_ej,11_AN_ej_155.jpg,11,Anger,C:\Users\kundu\OneDrive\Desktop\KMU-FED-2\data\aligned_faces\11_AN_ej\11_AN_ej_155.jpg,4.22,630,892
11_AN_ej,11_AN_ej_156.jpg,11,Anger,C:\Users\kundu\OneDrive\Desktop\KMU-FED-2\data\aligned_faces\11_AN_ej\11_AN_ej_156.jpg,3.81,614,866
11_AN_ej,11_AN_ej_157.jpg,11,Anger,C:\Users\kundu\OneDrive\Desktop\KMU-FED-2\data\aligned_faces\11_AN_ej\11_AN_ej_157.jpg,5.28,618,894
11_AN_ej,11_AN_ej_158.jpg,11,Anger,C:\Users\kundu\OneDrive\Desktop\KMU-FED-2\data\aligned_faces\11_AN_ej\11_AN_ej_158.jpg,4.84,608,864
11_AN_ej,11_AN_ej_159.jpg,11,Anger,C:\Users\kundu\OneDrive\Desktop\KMU-FED-2\data\aligned_faces\11_AN_ej\11_AN_ej_159.jpg,5.15,626,890
11_AN_ej,11_AN_ej_160.jpg,11,Anger,C:\Users\kundu\OneDrive\Desktop\KMU-FED-2\data\aligned_faces\11_AN_ej\11_AN_ej_160.jpg,5.24,614,884
11_AN_ej,11_AN_ej_161.jpg,11,Anger,C:\Users\kundu\OneDrive\Desktop\KMU-FED-2\data\aligned_faces\11_AN_ej\11_AN_ej_161.jpg,4.47,666,942
11_AN_ej,11_AN_ej_162.jpg,11,Anger,C:\Users\kundu\OneDrive\Desktop\KMU-FED-2\data\aligned_faces\11_AN_ej\11_AN_ej_162.jpg,4.47,662,936
11_AN_ej,11_AN_ej_163.jpg,11,Anger,C:\Users\kundu\OneDrive\Desktop\KMU-FED-2\data\aligned_faces\11_AN_ej\11_AN_ej_163.jpg,4.84,660,926
11_AN_ej,11_AN_ej_164.jpg,11,Anger,C:\Users\kundu\OneDrive\Desktop\KMU-FED-2\data\aligned_faces\11_AN_ej\11_AN_ej_164.jpg,3.96,664,918
11_AN_ej,11_AN_ej_165.jpg,11,Anger,C:\Users\kundu\OneDrive\Desktop\KMU-FED-2\data\aligned_faces\11_AN_ej\11_AN_ej_165.jpg,3.08,676,924
11_AN_ej,11_AN_ej_166.jpg,11,Anger,C:\Users\kundu\OneDrive\Desktop\KMU-FED-2\data\aligned_faces\11_AN_ej\11_AN_ej_166.jpg,2.66,662,912
11_AN_ej,11_AN_ej_167.jpg,11,Anger,C:\Users\kundu\OneDrive\Desktop\KMU-FED-2\data\aligned_faces\11_AN_ej\11_AN_ej_167.jpg,3.04,678,936
11_AN_ej,11_AN_ej_168.jpg,11,Anger,C:\Users\kundu\OneDrive\Desktop\KMU-FED-2\data\aligned_faces\11_AN_ej\11_AN_ej_168.jpg,2.64,666,918
11_AN_ej,11_AN_ej_169.jpg,11,Anger,C:\Users\kundu\OneDrive\Desktop\KMU-FED-2\data\aligned_faces\11_AN_ej\11_AN_ej_169.jpg,2.64,664,918
11_AN_ej,11_AN_ej_170.jpg,11,Anger,C:\Users\kundu\OneDrive\Desktop\KMU-FED-2\data\aligned_faces\11_AN_ej\11_AN_ej_170.jpg,3.13,652,924
11_DI_ej,11_DI_ej_101.jpg,11,Disgust,C:\Users\kundu\OneDrive\Desktop\KMU-FED-2\data\aligned_faces\11_DI_ej\11_DI_ej_101.jpg,3.39,624,844
11_DI_ej,11_DI_ej_102.jpg,11,Disgust,C:\Users\kundu\OneDrive\Desktop\KMU-FED-2\data\aligned_faces\11_DI_ej\11_DI_ej_102.jpg,2.94,614,832
11_DI_ej,11_DI_ej_103.jpg,11,Disgust,C:\Users\kundu\OneDrive\Desktop\KMU-FED-2\data\aligned_faces\11_DI_ej\11_DI_ej_103.jpg,2.86,624,854
11_DI_ej,11_DI_ej_104.jpg,11,Disgust,C:\Users\kundu\OneDrive\Desktop\KMU-FED-2\data\aligned_faces\11_DI_ej\11_DI_ej_104.jpg,2.86,618,834
11_DI_ej,11_DI_ej_105.jpg,11,Disgust,C:\Users\kundu\OneDrive\Desktop\KMU-FED-2\data\aligned_faces\11_DI_ej\11_DI_ej_105.jpg,3.28,630,852
11_DI_ej,11_DI_ej_106.jpg,11,Disgust,C:\Users\kundu\OneDrive\Desktop\KMU-FED-2\data\aligned_faces\11_DI_ej\11_DI_ej_106.jpg,3.28,618,820
11_DI_ej,11_DI_ej_107.jpg,11,Disgust,C:\Users\kundu\OneDrive\Desktop\KMU-FED-2\data\aligned_faces\11_DI_ej\11_DI_ej_107.jpg,2.35,650,864
11_DI_ej,11_DI_ej_108.jpg,11,Disgust,C:\Users\kundu\OneDrive\Desktop\KMU-FED-2\data\aligned_faces\11_DI_ej\11_DI_ej_108.jpg,0.96,626,842
11_DI_ej,11_DI_ej_109.jpg,11,Disgust,C:\Users\kundu\OneDrive\Desktop\KMU-FED-2\data\aligned_faces\11_DI_ej\11_DI_ej_109.jpg,0.47,640,878
11_DI_ej,11_DI_ej_110.jpg,11,Disgust,C:\Users\kundu\OneDrive\Desktop\KMU-FED-2\data\aligned_faces\11_DI_ej\11_DI_ej_110.jpg,1.43,644,858
11_DI_ej,11_DI_ej_111.jpg,11,Disgust,C:\Users\kundu\OneDrive\Desktop\KMU-FED-2\data\aligned_faces\11_DI_ej\11_DI_ej_111.jpg,3.39,612,830
11_DI_ej,11_DI_ej_112.jpg,11,Disgust,C:\Users\kundu\OneDrive\Desktop\KMU-FED-2\data\aligned_faces\11_DI_ej\11_DI_ej_112.jpg,3.45,612,824
11_DI_ej,11_DI_ej_113.jpg,11,Disgust,C:\Users\kundu\OneDrive\Desktop\KMU-FED-2\data\aligned_faces\11_DI_ej\11_DI_ej_113.jpg,3.91,618,834
11_DI_ej,11_DI_ej_114.jpg,11,Disgust,C:\Users\kundu\OneDrive\Desktop\KMU-FED-2\data\aligned_faces\11_DI_ej\11_DI_ej_114.jpg,3.91,620,834
11_DI_ej,11_DI_ej_115.jpg,11,Disgust,C:\Users\kundu\OneDrive\Desktop\KMU-FED-2\data\aligned_faces\11_DI_ej\11_DI_ej_115.jpg,4.44,616,842
11_DI_ej,11_DI_ej_116.jpg,11,Disgust,C:\Users\kundu\OneDrive\Desktop\KMU-FED-2\data\aligned_faces\11_DI_ej\11_DI_ej_116.jpg,2.82,626,822
11_DI_ej,11_DI_ej_117.jpg,11,Disgust,C:\Users\kundu\OneDrive\Desktop\KMU-FED-2\data\aligned_faces\11_DI_ej\11_DI_ej_117.jpg,4.25,626,820
11_DI_ej,11_DI_ej_118.jpg,11,Disgust,C:\Users\kundu\OneDrive\Desktop\KMU-FED-2\data\aligned_faces\11_DI_ej\11_DI_ej_118.jpg,4.22,620,820
11_DI_ej,11_DI_ej_119.jpg,11,Disgust,C:\Users\kundu\OneDrive\Desktop\KMU-FED-2\data\aligned_faces\11_DI_ej\11_DI_ej_119.jpg,2.82,628,828
11_DI_ej,11_DI_ej_120.jpg,11,Disgust,C:\Users\kundu\OneDrive\Desktop\KMU-FED-2\data\aligned_faces\11_DI_ej\11_DI_ej_120.jpg,4.29,624,832
11_FE_ej,11_FE_ej_181.jpg,11,Fear,C:\Users\kundu\OneDrive\Desktop\KMU-FED-2\data\aligned_faces\11_FE_ej\11_FE_ej_181.jpg,3.96,684,896
11_FE_ej,11_FE_ej_182.jpg,11,Fear,C:\Users\kundu\OneDrive\Desktop\KMU-FED-2\data\aligned_faces\11_FE_ej\11_FE_ej_182.jpg,4.4,680,896
11_FE_ej,11_FE_ej_183.jpg,11,Fear,C:\Users\kundu\OneDrive\Desktop\KMU-FED-2\data\aligned_faces\11_FE_ej\11_FE_ej_183.jpg,5.36,666,900
11_FE_ej,11_FE_ej_184.jpg,11,Fear,C:\Users\kundu\OneDrive\Desktop\KMU-FED-2\data\aligned_faces\11_FE_ej\11_FE_ej_184.jpg,4.47,676,902
11_FE_ej,11_FE_ej_185.jpg,11,Fear,C:\Users\kundu\OneDrive\Desktop\KMU-FED-2\data\aligned_faces\11_FE_ej\11_FE_ej_185.jpg,4.43,656,872
11_FE_ej,11_FE_ej_186.jpg,11,Fear,C:\Users\kundu\OneDrive\Desktop\KMU-FED-2\data\aligned_faces\11_FE_ej\11_FE_ej_186.jpg,3.55,662,872
11_FE_ej,11_FE_ej_187.jpg,11,Fear,C:\Users\kundu\OneDrive\Desktop\KMU-FED-2\data\aligned_faces\11_FE_ej\11_FE_ej_187.jpg,4.4,674,878
11_FE_ej,11_FE_ej_188.jpg,11,Fear,C:\Users\kundu\OneDrive\Desktop\KMU-FED-2\data\aligned_faces\11_FE_ej\11_FE_ej_188.jpg,4.43,674,892
11_FE_ej,11_FE_ej_189.jpg,11,Fear,C:\Users\kundu\OneDrive\Desktop\KMU-FED-2\data\aligned_faces\11_FE_ej\11_FE_ej_189.jpg,3.55,684,902
11_FE_ej,11_FE_ej_190.jpg,11,Fear,C:\Users\kundu\OneDrive\Desktop\KMU-FED-2\data\aligned_faces\11_FE_ej\11_FE_ej_190.jpg,3.99,668,872
11_FE_ej,11_FE_ej_191.jpg,11,Fear,C:\Users\kundu\OneDrive\Desktop\KMU-FED-2\data\aligned_faces\11_FE_ej\11_FE_ej_191.jpg,4.54,630,840
11_FE_ej,11_FE_ej_192.jpg,11,Fear,C:\Users\kundu\OneDrive\Desktop\KMU-FED-2\data\aligned_faces\11_FE_ej\11_FE_ej_192.jpg,2.33,642,842
11_FE_ej,11_FE_ej_194.jpg,11,Fear,C:\Users\kundu\OneDrive\Desktop\KMU-FED-2\data\aligned_faces\11_FE_ej\11_FE_ej_194.jpg,3.18,652,864
11_FE_ej,11_FE_ej_195.jpg,11,Fear,C:\Users\kundu\OneDrive\Desktop\KMU-FED-2\data\aligned_faces\11_FE_ej\11_FE_ej_195.jpg,4.69,616,854
11_FE_ej,11_FE_ej_196.jpg,11,Fear,C:\Users\kundu\OneDrive\Desktop\KMU-FED-2\data\aligned_faces\11_FE_ej\11_FE_ej_196.jpg,5.19,612,854
11_FE_ej,11_FE_ej_197.jpg,11,Fear,C:\Users\kundu\OneDrive\Desktop\KMU-FED-2\data\aligned_faces\11_FE_ej\11_FE_ej_197.jpg,4.76,608,844
11_FE_ej,11_FE_ej_198.jpg,11,Fear,C:\Users\kundu\OneDrive\Desktop\KMU-FED-2\data\aligned_faces\11_FE_ej\11_FE_ej_198.jpg,6.23,616,852
11_FE_ej,11_FE_ej_199.jpg,11,Fear,C:\Users\kundu\OneDrive\Desktop\KMU-FED-2\data\aligned_faces\11_FE_ej\11_FE_ej_199.jpg,5.19,618,832
11_FE_ej,11_FE_ej_200.jpg,11,Fear,C:\Users\kundu\OneDrive\Desktop\KMU-FED-2\data\aligned_faces\11_FE_ej\11_FE_ej_200.jpg,4.29,612,846
11_SA_ej,11_SA_ej_131.jpg,11,Sadness,C:\Users\kundu\OneDrive\Desktop\KMU-FED-2\data\aligned_faces\11_SA_ej\11_SA_ej_131.jpg,1.93,606,832
11_SA_ej,11_SA_ej_132.jpg,11,Sadness,C:\Users\kundu\OneDrive\Desktop\KMU-FED-2\data\aligned_faces\11_SA_ej\11_SA_ej_132.jpg,3.31,612,842
11_SA_ej,11_SA_ej_133.jpg,11,Sadness,C:\Users\kundu\OneDrive\Desktop\KMU-FED-2\data\aligned_faces\11_SA_ej\11_SA_ej_133.jpg,3.85,600,840
11_SA_ej,11_SA_ej_134.jpg,11,Sadness,C:\Users\kundu\OneDrive\Desktop\KMU-FED-2\data\aligned_faces\11_SA_ej\11_SA_ej_134.jpg,3.81,604,842
11_SA_ej,11_SA_ej_135.jpg,11,Sadness,C:\Users\kundu\OneDrive\Desktop\KMU-FED-2\data\aligned_faces\11_SA_ej\11_SA_ej_135.jpg,4.8,596,828
11_SA_ej,11_SA_ej_136.jpg,11,Sadness,C:\Users\kundu\OneDrive\Desktop\KMU-FED-2\data\aligned_faces\11_SA_ej\11_SA_ej_136.jpg,4.8,592,824
11_SA_ej,11_SA_ej_137.jpg,11,Sadness,C:\Users\kundu\OneDrive\Desktop\KMU-FED-2\data\aligned_faces\11_SA_ej\11_SA_ej_137.jpg,4.36,592,820
11_SA_ej,11_SA_ej_138.jpg,11,Sadness,C:\Users\kundu\OneDrive\Desktop\KMU-FED-2\data\aligned_faces\11_SA_ej\11_SA_ej_138.jpg,4.4,590,812
11_SA_ej,11_SA_ej_139.jpg,11,Sadness,C:\Users\kundu\OneDrive\Desktop\KMU-FED-2\data\aligned_faces\11_SA_ej\11_SA_ej_139.jpg,4.36,594,806
11_SA_ej,11_SA_ej_140.jpg,11,Sadness,C:\Users\kundu\OneDrive\Desktop\KMU-FED-2\data\aligned_faces\11_SA_ej\11_SA_ej_140.jpg,3.34,602,812
11_SA_ej,11_SA_ej_141.jpg,11,Sadness,C:\Users\kundu\OneDrive\Desktop\KMU-FED-2\data\aligned_faces\11_SA_ej\11_SA_ej_141.jpg,2.22,672,884
11_SA_ej,11_SA_ej_142.jpg,11,Sadness,C:\Users\kundu\OneDrive\Desktop\KMU-FED-2\data\aligned_faces\11_SA_ej\11_SA_ej_142.jpg,1.78,662,878
11_SA_ej,11_SA_ej_143.jpg,11,Sadness,C:\Users\kundu\OneDrive\Desktop\KMU-FED-2\data\aligned_faces\11_SA_ej\11_SA_ej_143.jpg,3.52,666,888
11_SA_ej,11_SA_ej_144.jpg,11,Sadness,C:\Users\kundu\OneDrive\Desktop\KMU-FED-2\data\aligned_faces\11_SA_ej\11_SA_ej_144.jpg,3.52,668,896
11_SA_ej,11_SA_ej_145.jpg,11,Sadness,C:\Users\kundu\OneDrive\Desktop\KMU-FED-2\data\aligned_faces\11_SA_ej\11_SA_ej_145.jpg,3.06,668,890
11_SA_ej,11_SA_ej_146.jpg,11,Sadness,C:\Users\kundu\OneDrive\Desktop\KMU-FED-2\data\aligned_faces\11_SA_ej\11_SA_ej_146.jpg,3.99,662,876
11_SA_ej,11_SA_ej_147.jpg,11,Sadness,C:\Users\kundu\OneDrive\Desktop\KMU-FED-2\data\aligned_faces\11_SA_ej\11_SA_ej_147.jpg,3.96,672,882
11_SA_ej,11_SA_ej_148.jpg,11,Sadness,C:\Users\kundu\OneDrive\Desktop\KMU-FED-2\data\aligned_faces\11_SA_ej\11_SA_ej_148.jpg,3.11,668,884
11_SA_ej,11_SA_ej_149.jpg,11,Sadness,C:\Users\kundu\OneDrive\Desktop\KMU-FED-2\data\aligned_faces\11_SA_ej\11_SA_ej_149.jpg,3.06,684,892
11_SA_ej,11_SA_ej_150.jpg,11,Sadness,C:\Users\kundu\OneDrive\Desktop\KMU-FED-2\data\aligned_faces\11_SA_ej\11_SA_ej_150.jpg,4.02,648,866
11_SU_ej,11_SU_ej_131.jpg,11,Surprise,C:\Users\kundu\OneDrive\Desktop\KMU-FED-2\data\aligned_faces\11_SU_ej\11_SU_ej_131.jpg,5.67,686,976
11_SU_ej,11_SU_ej_132.jpg,11,Surprise,C:\Users\kundu\OneDrive\Desktop\KMU-FED-2\data\aligned_faces\11_SU_ej\11_SU_ej_132.jpg,5.19,688,995
11_SU_ej,11_SU_ej_133.jpg,11,Surprise,C:\Users\kundu\OneDrive\Desktop\KMU-FED-2\data\aligned_faces\11_SU_ej\11_SU_ej_133.jpg,5.67,678,972
11_SU_ej,11_SU_ej_134.jpg,11,Surprise,C:\Users\kundu\OneDrive\Desktop\KMU-FED-2\data\aligned_faces\11_SU_ej\11_SU_ej_134.jpg,4.84,668,944
11_SU_ej,11_SU_ej_135.jpg,11,Surprise,C:\Users\kundu\OneDrive\Desktop\KMU-FED-2\data\aligned_faces\11_SU_ej\11_SU_ej_135.jpg,4.84,666,956
11_SU_ej,11_SU_ej_136.jpg,11,Surprise,C:\Users\kundu\OneDrive\Desktop\KMU-FED-2\data\aligned_faces\11_SU_ej\11_SU_ej_136.jpg,4.84,672,962
11_SU_ej,11_SU_ej_137.jpg,11,Surprise,C:\Users\kundu\OneDrive\Desktop\KMU-FED-2\data\aligned_faces\11_SU_ej\11_SU_ej_137.jpg,5.62,676,962
11_SU_ej,11_SU_ej_138.jpg,11,Surprise,C:\Users\kundu\OneDrive\Desktop\KMU-FED-2\data\aligned_faces\11_SU_ej\11_SU_ej_138.jpg,4.8,678,978
11_SU_ej,11_SU_ej_139.jpg,11,Surprise,C:\Users\kundu\OneDrive\Desktop\KMU-FED-2\data\aligned_faces\11_SU_ej\11_SU_ej_139.jpg,5.71,676,966
11_SU_ej,11_SU_ej_140.jpg,11,Surprise,C:\Users\kundu\OneDrive\Desktop\KMU-FED-2\data\aligned_faces\11_SU_ej\11_SU_ej_140.jpg,4.4,678,968
11_SU_ej,11_SU_ej_141.jpg,11,Surprise,C:\Users\kundu\OneDrive\Desktop\KMU-FED-2\data\aligned_faces\11_SU_ej\11_SU_ej_141.jpg,1.8,650,950
11_SU_ej,11_SU_ej_142.jpg,11,Surprise,C:\Users\kundu\OneDrive\Desktop\KMU-FED-2\data\aligned_faces\11_SU_ej\11_SU_ej_142.jpg,1.78,664,974
11_SU_ej,11_SU_ej_143.jpg,11,Surprise,C:\Users\kundu\OneDrive\Desktop\KMU-FED-2\data\aligned_faces\11_SU_ej\11_SU_ej_143.jpg,1.78,664,976
11_SU_ej,11_SU_ej_144.jpg,11,Surprise,C:\Users\kundu\OneDrive\Desktop\KMU-FED-2\data\aligned_faces\11_SU_ej\11_SU_ej_144.jpg,0.89,660,960
11_SU_ej,11_SU_ej_145.jpg,11,Surprise,C:\Users\kundu\OneDrive\Desktop\KMU-FED-2\data\aligned_faces\11_SU_ej\11_SU_ej_145.jpg,1.34,654,956
11_SU_ej,11_SU_ej_146.jpg,11,Surprise,C:\Users\kundu\OneDrive\Desktop\KMU-FED-2\data\aligned_faces\11_SU_ej\11_SU_ej_146.jpg,1.32,674,984
11_SU_ej,11_SU_ej_147.jpg,11,Surprise,C:\Users\kundu\OneDrive\Desktop\KMU-FED-2\data\aligned_faces\11_SU_ej\11_SU_ej_147.jpg,1.75,664,956
11_SU_ej,11_SU_ej_148.jpg,11,Surprise,C:\Users\kundu\OneDrive\Desktop\KMU-FED-2\data\aligned_faces\11_SU_ej\11_SU_ej_148.jpg,2.92,716,960
11_SU_ej,11_SU_ej_149.jpg,11,Surprise,C:\Users\kundu\OneDrive\Desktop\KMU-FED-2\data\aligned_faces\11_SU_ej\11_SU_ej_149.jpg,2.09,722,962
11_SU_ej,11_SU_ej_150.jpg,11,Surprise,C:\Users\kundu\OneDrive\Desktop\KMU-FED-2\data\aligned_faces\11_SU_ej\11_SU_ej_150.jpg,2.56,712,956
12_AN_gu,12_AN_gu_171.jpg,12,Anger,C:\Users\kundu\OneDrive\Desktop\KMU-FED-2\data\aligned_faces\12_AN_gu\12_AN_gu_171.jpg,-3.86,496,636
12_AN_gu,12_AN_gu_172.jpg,12,Anger,C:\Users\kundu\OneDrive\Desktop\KMU-FED-2\data\aligned_faces\12_AN_gu\12_AN_gu_172.jpg,-4.45,488,632
12_AN_gu,12_AN_gu_173.jpg,12,Anger,C:\Users\kundu\OneDrive\Desktop\KMU-FED-2\data\aligned_faces\12_AN_gu\12_AN_gu_173.jpg,-6.56,498,636
12_AN_gu,12_AN_gu_174.jpg,12,Anger,C:\Users\kundu\OneDrive\Desktop\KMU-FED-2\data\aligned_faces\12_AN_gu\12_AN_gu_174.jpg,-3.86,488,636
12_AN_gu,12_AN_gu_175.jpg,12,Anger,C:\Users\kundu\OneDrive\Desktop\KMU-FED-2\data\aligned_faces\12_AN_gu\12_AN_gu_175.jpg,-4.13,496,608
12_AN_gu,12_AN_gu_176.jpg,12,Anger,C:\Users\kundu\OneDrive\Desktop\KMU-FED-2\data\aligned_faces\12_AN_gu\12_AN_gu_176.jpg,-2.98,498,624
12_AN_gu,12_AN_gu_177.jpg,12,Anger,C:\Users\kundu\OneDrive\Desktop\KMU-FED-2\data\aligned_faces\12_AN_gu\12_AN_gu_177.jpg,-2.95,500,612
12_AN_gu,12_AN_gu_178.jpg,12,Anger,C:\Users\kundu\OneDrive\Desktop\KMU-FED-2\data\aligned_faces\12_AN_gu\12_AN_gu_178.jpg,-2.95,496,604
12_AN_gu,12_AN_gu_179.jpg,12,Anger,C:\Users\kundu\OneDrive\Desktop\KMU-FED-2\data\aligned_faces\12_AN_gu\12_AN_gu_179.jpg,-6.75,495,616
12_AN_gu,12_AN_gu_180.jpg,12,Anger,C:\Users\kundu\OneDrive\Desktop\KMU-FED-2\data\aligned_faces\12_AN_gu\12_AN_gu_180.jpg,-3.31,506,618
12_AN_gu,12_AN_gu_181.jpg,12,Anger,C:\Users\kundu\OneDrive\Desktop\KMU-FED-2\data\aligned_faces\12_AN_gu\12_AN_gu_181.jpg,-0.6,494,628
12_AN_gu,12_AN_gu_182.jpg,12,Anger,C:\Users\kundu\OneDrive\Desktop\KMU-FED-2\data\aligned_faces\12_AN_gu\12_AN_gu_182.jpg,2.36,492,636
12_AN_gu,12_AN_gu_183.jpg,12,Anger,C:\Users\kundu\OneDrive\Desktop\KMU-FED-2\data\aligned_faces\12_AN_gu\12_AN_gu_183.jpg,1.87,488,654
12_AN_gu,12_AN_gu_184.jpg,12,Anger,C:\Users\kundu\OneDrive\Desktop\KMU-FED-2\data\aligned_faces\12_AN_gu\12_AN_gu_184.jpg,0.0,492,636
12_AN_gu,12_AN_gu_185.jpg,12,Anger,C:\Users\kundu\OneDrive\Desktop\KMU-FED-2\data\aligned_faces\12_AN_gu\12_AN_gu_185.jpg,0.64,500,654
12_AN_gu,12_AN_gu_186.jpg,12,Anger,C:\Users\kundu\OneDrive\Desktop\KMU-FED-2\data\aligned_faces\12_AN_gu\12_AN_gu_186.jpg,2.52,498,648
12_AN_gu,12_AN_gu_187.jpg,12,Anger,C:\Users\kundu\OneDrive\Desktop\KMU-FED-2\data\aligned_faces\12_AN_gu\12_AN_gu_187.jpg,1.27,496,638
12_AN_gu,12_AN_gu_188.jpg,12,Anger,C:\Users\kundu\OneDrive\Desktop\KMU-FED-2\data\aligned_faces\12_AN_gu\12_AN_gu_188.jpg,0.64,484,636
12_AN_gu,12_AN_gu_189.jpg,12,Anger,C:\Users\kundu\OneDrive\Desktop\KMU-FED-2\data\aligned_faces\12_AN_gu\12_AN_gu_189.jpg,0.62,488,628
12_AN_gu,12_AN_gu_190.jpg,12,Anger,C:\Users\kundu\OneDrive\Desktop\KMU-FED-2\data\aligned_faces\12_AN_gu\12_AN_gu_190.jpg,0.0,496,640
12_DI_gu,12_DI_gu_121.jpg,12,Disgust,C:\Users\kundu\OneDrive\Desktop\KMU-FED-2\data\aligned_faces\12_DI_gu\12_DI_gu_121.jpg,-11.19,518,632
12_DI_gu,12_DI_gu_122.jpg,12,Disgust,C:\Users\kundu\OneDrive\Desktop\KMU-FED-2\data\aligned_faces\12_DI_gu\12_DI_gu_122.jpg,-9.26,512,638
12_DI_gu,12_DI_gu_123.jpg,12,Disgust,C:\Users\kundu\OneDrive\Desktop\KMU-FED-2\data\aligned_faces\12_DI_gu\12_DI_gu_123.jpg,-10.3,508,616
12_DI_gu,12_DI_gu_124.jpg,12,Disgust,C:\Users\kundu\OneDrive\Desktop\KMU-FED-2\data\aligned_faces\12_DI_gu\12_DI_gu_124.jpg,-9.16,508,636
12_DI_gu,12_DI_gu_125.jpg,12,Disgust,C:\Users\kundu\OneDrive\Desktop\KMU-FED-2\data\aligned_faces\12_DI_gu\12_DI_gu_125.jpg,-7.59,504,624
12_DI_gu,12_DI_gu_126.jpg,12,Disgust,C:\Users\kundu\OneDrive\Desktop\KMU-FED-2\data\aligned_faces\12_DI_gu\12_DI_gu_126.jpg,-8.56,498,620
12_DI_gu,12_DI_gu_127.jpg,12,Disgust,C:\Users\kundu\OneDrive\Desktop\KMU-FED-2\data\aligned_faces\12_DI_gu\12_DI_gu_127.jpg,-7.77,494,638
12_DI_gu,12_DI_gu_128.jpg,12,Disgust,C:\Users\kundu\OneDrive\Desktop\KMU-FED-2\data\aligned_faces\12_DI_gu\12_DI_gu_128.jpg,-7.51,510,616
12_DI_gu,12_DI_gu_129.jpg,12,Disgust,C:\Users\kundu\OneDrive\Desktop\KMU-FED-2\data\aligned_faces\12_DI_gu\12_DI_gu_129.jpg,-7.77,498,616
12_DI_gu,12_DI_gu_130.jpg,12,Disgust,C:\Users\kundu\OneDrive\Desktop\KMU-FED-2\data\aligned_faces\12_DI_gu\12_DI_gu_130.jpg,-6.2,494,638
12_HA_gu,12_HA_gu_171.jpg,12,Happiness,C:\Users\kundu\OneDrive\Desktop\KMU-FED-2\data\aligned_faces\12_HA_gu\12_HA_gu_171.jpg,-1.83,482,606
12_HA_gu,12_HA_gu_172.jpg,12,Happiness,C:\Users\kundu\OneDrive\Desktop\KMU-FED-2\data\aligned_faces\12_HA_gu\12_HA_gu_172.jpg,-3.08,484,604
12_HA_gu,12_HA_gu_173.jpg,12,Happiness,C:\Users\kundu\OneDrive\Desktop\KMU-FED-2\data\aligned_faces\12_HA_gu\12_HA_gu_173.jpg,-3.18,476,602
12_HA_gu,12_HA_gu_174.jpg,12,Happiness,C:\Users\kundu\OneDrive\Desktop\KMU-FED-2\data\aligned_faces\12_HA_gu\12_HA_gu_174.jpg,-4.97,510,638
12_HA_gu,12_HA_gu_175.jpg,12,Happiness,C:\Users\kundu\OneDrive\Desktop\KMU-FED-2\data\aligned_faces\12_HA_gu\12_HA_gu_175.jpg,-2.52,482,604
12_HA_gu,12_HA_gu_176.jpg,12,Happiness,C:\Users\kundu\OneDrive\Desktop\KMU-FED-2\data\aligned_faces\12_HA_gu\12_HA_gu_176.jpg,-4.92,508,624
12_HA_gu,12_HA_gu_178.jpg,12,Happiness,C:\Users\kundu\OneDrive\Desktop\KMU-FED-2\data\aligned_faces\12_HA_gu\12_HA_gu_178.jpg,-1.6,512,632
12_HA_gu,12_HA_gu_179.jpg,12,Happiness,C:\Users\kundu\OneDrive\Desktop\KMU-FED-2\data\aligned_faces\12_HA_gu\12_HA_gu_179.jpg,0.6,492,628
12_HA_gu,12_HA_gu_180.jpg,12,Happiness,C:\Users\kundu\OneDrive\Desktop\KMU-FED-2\data\aligned_faces\12_HA_gu\12_HA_gu_180.jpg,-3.69,512,638
12_HA_gu,12_HA_gu_181.jpg,12,Happiness,C:\Users\kundu\OneDrive\Desktop\KMU-FED-2\data\aligned_faces\12_HA_gu\12_HA_gu_181.jpg,-8.05,530,662
12_HA_gu,12_HA_gu_182.jpg,12,Happiness,C:\Users\kundu\OneDrive\Desktop\KMU-FED-2\data\aligned_faces\12_HA_gu\12_HA_gu_182.jpg,-8.38,524,656
12_HA_gu,12_HA_gu_183.jpg,12,Happiness,C:\Users\kundu\OneDrive\Desktop\KMU-FED-2\data\aligned_faces\12_HA_gu\12_HA_gu_183.jpg,-7.87,506,636
12_HA_gu,12_HA_gu_184.jpg,12,Happiness,C:\Users\kundu\OneDrive\Desktop\KMU-FED-2\data\aligned_faces\12_HA_gu\12_HA_gu_184.jpg,-9.94,522,652
12_HA_gu,12_HA_gu_185.jpg,12,Happiness,C:\Users\kundu\OneDrive\Desktop\KMU-FED-2\data\aligned_faces\12_HA_gu\12_HA_gu_185.jpg,-9.66,516,648
12_HA_gu,12_HA_gu_186.jpg,12,Happiness,C:\Users\kundu\OneDrive\Desktop\KMU-FED-2\data\aligned_faces\12_HA_gu\12_HA_gu_186.jpg,-10.41,530,660
12_HA_gu,12_HA_gu_187.jpg,12,Happiness,C:\Users\kundu\OneDrive\Desktop\KMU-FED-2\data\aligned_faces\12_HA_gu\12_HA_gu_187.jpg,-4.57,530,660
12_HA_gu,12_HA_gu_188.jpg,12,Happiness,C:\Users\kundu\OneDrive\Desktop\KMU-FED-2\data\aligned_faces\12_HA_gu\12_HA_gu_188.jpg,-8.79,524,656
12_HA_gu,12_HA_gu_189.jpg,12,Happiness,C:\Users\kundu\OneDrive\Desktop\KMU-FED-2\data\aligned_faces\12_HA_gu\12_HA_gu_189.jpg,-11.65,520,656
12_HA_gu,12_HA_gu_190.jpg,12,Happiness,C:\Users\kundu\OneDrive\Desktop\KMU-FED-2\data\aligned_faces\12_HA_gu\12_HA_gu_190.jpg,-2.89,532,666
12_SA_gu,12_SA_gu_151.jpg,12,Sadness,C:\Users\kundu\OneDrive\Desktop\KMU-FED-2\data\aligned_faces\12_SA_gu\12_SA_gu_151.jpg,-5.25,508,642
12_SA_gu,12_SA_gu_152.jpg,12,Sadness,C:\Users\kundu\OneDrive\Desktop\KMU-FED-2\data\aligned_faces\12_SA_gu\12_SA_gu_152.jpg,-10.15,524,648
12_SA_gu,12_SA_gu_153.jpg,12,Sadness,C:\Users\kundu\OneDrive\Desktop\KMU-FED-2\data\aligned_faces\12_SA_gu\12_SA_gu_153.jpg,-8.65,522,650
12_SA_gu,12_SA_gu_154.jpg,12,Sadness,C:\Users\kundu\OneDrive\Desktop\KMU-FED-2\data\aligned_faces\12_SA_gu\12_SA_gu_154.jpg,-9.07,512,632
12_SA_gu,12_SA_gu_155.jpg,12,Sadness,C:\Users\kundu\OneDrive\Desktop\KMU-FED-2\data\aligned_faces\12_SA_gu\12_SA_gu_155.jpg,-7.35,504,628
12_SA_gu,12_SA_gu_156.jpg,12,Sadness,C:\Users\kundu\OneDrive\Desktop\KMU-FED-2\data\aligned_faces\12_SA_gu\12_SA_gu_156.jpg,-6.89,500,628
12_SA_gu,12_SA_gu_157.jpg,12,Sadness,C:\Users\kundu\OneDrive\Desktop\KMU-FED-2\data\aligned_faces\12_SA_gu\12_SA_gu_157.jpg,-10.64,507,632
12_SA_gu,12_SA_gu_158.jpg,12,Sadness,C:\Users\kundu\OneDrive\Desktop\KMU-FED-2\data\aligned_faces\12_SA_gu\12_SA_gu_158.jpg,-8.75,516,616
12_SA_gu,12_SA_gu_159.jpg,12,Sadness,C:\Users\kundu\OneDrive\Desktop\KMU-FED-2\data\aligned_faces\12_SA_gu\12_SA_gu_159.jpg,-5.95,516,630
12_SA_gu,12_SA_gu_160.jpg,12,Sadness,C:\Users\kundu\OneDrive\Desktop\KMU-FED-2\data\aligned_faces\12_SA_gu\12_SA_gu_160.jpg,-6.89,504,602
12_SA_gu,12_SA_gu_161.jpg,12,Sadness,C:\Users\kundu\OneDrive\Desktop\KMU-FED-2\data\aligned_faces\12_SA_gu\12_SA_gu_161.jpg,-7.85,484,596
12_SA_gu,12_SA_gu_162.jpg,12,Sadness,C:\Users\kundu\OneDrive\Desktop\KMU-FED-2\data\aligned_faces\12_SA_gu\12_SA_gu_162.jpg,-9.46,482,592
12_SA_gu,12_SA_gu_163.jpg,12,Sadness,C:\Users\kundu\OneDrive\Desktop\KMU-FED-2\data\aligned_faces\12_SA_gu\12_SA_gu_163.jpg,-9.14,476,596
12_SA_gu,12_SA_gu_164.jpg,12,Sadness,C:\Users\kundu\OneDrive\Desktop\KMU-FED-2\data\aligned_faces\12_SA_gu\12_SA_gu_164.jpg,-9.25,476,594
12_SA_gu,12_SA_gu_165.jpg,12,Sadness,C:\Users\kundu\OneDrive\Desktop\KMU-FED-2\data\aligned_faces\12_SA_gu\12_SA_gu_165.jpg,-11.56,494,596
12_SA_gu,12_SA_gu_166.jpg,12,Sadness,C:\Users\kundu\OneDrive\Desktop\KMU-FED-2\data\aligned_faces\12_SA_gu\12_SA_gu_166.jpg,-8.94,492,596
12_SA_gu,12_SA_gu_167.jpg,12,Sadness,C:\Users\kundu\OneDrive\Desktop\KMU-FED-2\data\aligned_faces\12_SA_gu\12_SA_gu_167.jpg,-9.04,486,600
12_SA_gu,12_SA_gu_168.jpg,12,Sadness,C:\Users\kundu\OneDrive\Desktop\KMU-FED-2\data\aligned_faces\12_SA_gu\12_SA_gu_168.jpg,-10.54,474,592
12_SA_gu,12_SA_gu_169.jpg,12,Sadness,C:\Users\kundu\OneDrive\Desktop\KMU-FED-2\data\aligned_faces\12_SA_gu\12_SA_gu_169.jpg,-8.7,472,590
12_SA_gu,12_SA_gu_170.jpg,12,Sadness,C:\Users\kundu\OneDrive\Desktop\KMU-FED-2\data\aligned_faces\12_SA_gu\12_SA_gu_170.jpg,-10.01,472,584
