sequence_id,filename,subject_id,emotion,detected_face_path,confidence,box_x,box_y,box_w,box_h,left_eye_x,left_eye_y,right_eye_x,right_eye_y,nose_x,nose_y,mouth_l_x,mouth_l_y,mouth_r_x,mouth_r_y
01_AN_mr,01_AN_mr_001.jpg,1,Anger,C:\Users\kundu\OneDrive\Desktop\KMU-FED-2\data\detected_faces\01_AN_mr\01_AN_mr_001.jpg,0.9995057582855225,458,56,574,718,610,346,872,316,742,484,656,612,878,584
01_AN_mr,01_AN_mr_002.jpg,1,Anger,C:\Users\kundu\OneDrive\Desktop\KMU-FED-2\data\detected_faces\01_AN_mr\01_AN_mr_002.jpg,0.9988201260566711,448,30,582,732,602,342,866,310,734,472,644,610,876,580
01_AN_mr,01_AN_mr_003.jpg,1,Anger,C:\Users\kundu\OneDrive\Desktop\KMU-FED-2\data\detected_faces\01_AN_mr\01_AN_mr_003.jpg,0.999039351940155,444,26,584,736,598,338,862,306,726,470,642,608,870,578
01_AN_mr,01_AN_mr_004.jpg,1,Anger,C:\Users\kundu\OneDrive\Desktop\KMU-FED-2\data\detected_faces\01_AN_mr\01_AN_mr_004.jpg,0.9981523156166077,434,16,586,740,588,326,850,300,712,462,632,600,854,574
01_AN_mr,01_AN_mr_005.jpg,1,Anger,C:\Users\kundu\OneDrive\Desktop\KMU-FED-2\data\detected_faces\01_AN_mr\01_AN_mr_005.jpg,0.9986218214035034,432,22,584,734,584,334,848,300,712,464,632,602,856,572
01_AN_mr,01_AN_mr_006.jpg,1,Anger,C:\Users\kundu\OneDrive\Desktop\KMU-FED-2\data\detected_faces\01_AN_mr\01_AN_mr_006.jpg,0.9990754127502441,432,26,584,730,582,334,848,300,712,464,630,604,856,574
01_AN_mr,01_AN_mr_007.jpg,1,Anger,C:\Users\kundu\OneDrive\Desktop\KMU-FED-2\data\detected_faces\01_AN_mr\01_AN_mr_007.jpg,0.9990695118904114,432,32,580,728,586,338,848,306,712,472,632,608,850,580
01_AN_mr,01_AN_mr_008.jpg,1,Anger,C:\Users\kundu\OneDrive\Desktop\KMU-FED-2\data\detected_faces\01_AN_mr\01_AN_mr_008.jpg,0.9988040924072266,434,28,584,736,592,334,856,308,718,472,634,610,858,586
01_AN_mr,01_AN_mr_009.jpg,1,Anger,C:\Users\kundu\OneDrive\Desktop\KMU-FED-2\data\detected_faces\01_AN_mr\01_AN_mr_009.jpg,0.9976691603660583,444,30,580,730,594,342,854,306,718,470,642,610,870,578
01_AN_mr,01_AN_mr_010.jpg,1,Anger,C:\Users\kundu\OneDrive\Desktop\KMU-FED-2\data\detected_faces\01_AN_mr\01_AN_mr_010.jpg,0.9985877275466919,442,34,584,730,594,346,856,310,718,474,640,612,872,582
01_AN_mr,01_AN_mr_011.jpg,1,Anger,C:\Users\kundu\OneDrive\Desktop\KMU-FED-2\data\detected_faces\01_AN_mr\01_AN_mr_011.jpg,0.9980802536010742,506,64,518,664,666,344,912,338,790,472,686,580,898,572
01_AN_mr,01_AN_mr_012.jpg,1,Anger,C:\Users\kundu\OneDrive\Desktop\KMU-FED-2\data\detected_faces\01_AN_mr\01_AN_mr_012.jpg,0.9982678890228271,508,56,546,696,682,340,938,330,818,472,694,598,924,590
01_AN_mr,01_AN_mr_013.jpg,1,Anger,C:\Users\kundu\OneDrive\Desktop\KMU-FED-2\data\detected_faces\01_AN_mr\01_AN_mr_013.jpg,0.998389720916748,494,34,590,748,694,330,950,316,840,472,706,608,940,598
01_AN_mr,01_AN_mr_014.jpg,1,Anger,C:\Users\kundu\OneDrive\Desktop\KMU-FED-2\data\detected_faces\01_AN_mr\01_AN_mr_014.jpg,0.9974351525306702,498,64,518,672,656,344,904,338,782,476,676,584,894,576
01_AN_mr,01_AN_mr_015.jpg,1,Anger,C:\Users\kundu\OneDrive\Desktop\KMU-FED-2\data\detected_faces\01_AN_mr\01_AN_mr_015.jpg,0.9978582262992859,492,66,516,664,652,344,898,340,776,474,668,582,884,574
01_AN_mr,01_AN_mr_016.jpg,1,Anger,C:\Users\kundu\OneDrive\Desktop\KMU-FED-2\data\detected_faces\01_AN_mr\01_AN_mr_016.jpg,0.9979519248008728,482,64,528,682,642,348,894,342,766,484,660,588,888,584
01_AN_mr,01_AN_mr_017.jpg,1,Anger,C:\Users\kundu\OneDrive\Desktop\KMU-FED-2\data\detected_faces\01_AN_mr\01_AN_mr_017.jpg,0.9979897737503052,478,70,526,678,640,352,890,346,764,486,658,592,884,586
01_AN_mr,01_AN_mr_018.jpg,1,Anger,C:\Users\kundu\OneDrive\Desktop\KMU-FED-2\data\detected_faces\01_AN_mr\01_AN_mr_018.jpg,0.9973483085632324,468,66,532,692,632,354,884,348,762,492,648,598,874,592
01_AN_mr,01_AN_mr_019.jpg,1,Anger,C:\Users\kundu\OneDrive\Desktop\KMU-FED-2\data\detected_faces\01_AN_mr\01_AN_mr_019.jpg,0.9997180104255676,472,102,510,648,628,360,874,354,754,492,640,598,864,594
01_AN_mr,01_AN_mr_020.jpg,1,Anger,C:\Users\kundu\OneDrive\Desktop\KMU-FED-2\data\detected_faces\01_AN_mr\01_AN_mr_020.jpg,0.9994947910308838,446,96,526,664,612,360,858,356,740,494,620,602,850,598
01_DI_mr,01_DI_mr_001.jpg,1,Disgust,C:\Users\kundu\OneDrive\Desktop\KMU-FED-2\data\detected_faces\01_DI_mr\01_DI_mr_001.jpg,0.9960197806358337,508,94,514,682,666,374,914,366,794,504,702,636,886,626
01_DI_mr,01_DI_mr_002.jpg,1,Disgust,C:\Users\kundu\OneDrive\Desktop\KMU-FED-2\data\detected_faces\01_DI_mr\01_DI_mr_002.jpg,0.9951809644699097,504,90,518,688,662,372,910,366,792,506,698,636,882,628
01_DI_mr,01_DI_mr_003.jpg,1,Disgust,C:\Users\kundu\OneDrive\Desktop\KMU-FED-2\data\detected_faces\01_DI_mr\01_DI_mr_003.jpg,0.9966750144958496,506,94,516,684,662,372,908,366,790,506,698,634,884,624
01_DI_mr,01_DI_mr_004.jpg,1,Disgust,C:\Users\kundu\OneDrive\Desktop\KMU-FED-2\data\detected_faces\01_DI_mr\01_DI_mr_004.jpg,0.9967604279518127,502,94,516,682,662,372,906,362,790,502,698,634,880,626
01_DI_mr,01_DI_mr_005.jpg,1,Disgust,C:\Users\kundu\OneDrive\Desktop\KMU-FED-2\data\detected_faces\01_DI_mr\01_DI_mr_005.jpg,0.9983543157577515,498,90,520,684,660,368,902,360,786,504,696,628,876,620
01_DI_mr,01_DI_mr_006.jpg,1,Disgust,C:\Users\kundu\OneDrive\Desktop\KMU-FED-2\data\detected_faces\01_DI_mr\01_DI_mr_006.jpg,0.9984617233276367,496,90,520,686,658,366,902,360,784,502,694,632,874,624
01_DI_mr,01_DI_mr_007.jpg,1,Disgust,C:\Users\kundu\OneDrive\Desktop\KMU-FED-2\data\detected_faces\01_DI_mr\01_DI_mr_007.jpg,0.9984663724899292,494,88,522,686,656,366,900,360,782,500,690,628,872,620
01_DI_mr,01_DI_mr_008.jpg,1,Disgust,C:\Users\kundu\OneDrive\Desktop\KMU-FED-2\data\detected_faces\01_DI_mr\01_DI_mr_008.jpg,0.9984532594680786,492,88,522,684,652,368,898,362,780,500,688,628,872,620
01_DI_mr,01_DI_mr_009.jpg,1,Disgust,C:\Users\kundu\OneDrive\Desktop\KMU-FED-2\data\detected_faces\01_DI_mr\01_DI_mr_009.jpg,0.9979071617126465,488,88,520,686,650,370,894,362,776,504,686,634,868,626
01_DI_mr,01_DI_mr_010.jpg,1,Disgust,C:\Users\kundu\OneDrive\Desktop\KMU-FED-2\data\detected_faces\01_DI_mr\01_DI_mr_010.jpg,0.9987475872039795,478,92,528,692,638,372,884,364,764,504,678,638,862,628
01_DI_mr,01_DI_mr_011.jpg,1,Disgust,C:\Users\kundu\OneDrive\Desktop\KMU-FED-2\data\detected_faces\01_DI_mr\01_DI_mr_011.jpg,0.9996428489685059,550,42,500,628,696,290,932,286,820,404,724,542,906,536
01_DI_mr,01_DI_mr_012.jpg,1,Disgust,C:\Users\kundu\OneDrive\Desktop\KMU-FED-2\data\detected_faces\01_DI_mr\01_DI_mr_012.jpg,0.9996551275253296,550,44,496,630,696,290,932,282,824,408,726,546,912,538
01_DI_mr,01_DI_mr_013.jpg,1,Disgust,C:\Users\kundu\OneDrive\Desktop\KMU-FED-2\data\detected_faces\01_DI_mr\01_DI_mr_013.jpg,0.9993278980255127,546,44,500,632,696,292,930,288,822,410,726,548,908,540
01_DI_mr,01_DI_mr_014.jpg,1,Disgust,C:\Users\kundu\OneDrive\Desktop\KMU-FED-2\data\detected_faces\01_DI_mr\01_DI_mr_014.jpg,0.9993990659713745,546,48,496,628,694,294,928,290,820,410,720,550,904,542
01_DI_mr,01_DI_mr_015.jpg,1,Disgust,C:\Users\kundu\OneDrive\Desktop\KMU-FED-2\data\detected_faces\01_DI_mr\01_DI_mr_015.jpg,0.9995108842849731,546,50,494,632,690,298,926,292,816,412,718,554,904,546
01_DI_mr,01_DI_mr_016.jpg,1,Disgust,C:\Users\kundu\OneDrive\Desktop\KMU-FED-2\data\detected_faces\01_DI_mr\01_DI_mr_016.jpg,0.9995511174201965,544,48,496,634,690,296,924,292,818,414,720,554,906,544
01_DI_mr,01_DI_mr_017.jpg,1,Disgust,C:\Users\kundu\OneDrive\Desktop\KMU-FED-2\data\detected_faces\01_DI_mr\01_DI_mr_017.jpg,0.9993529915809631,542,48,498,634,686,296,922,290,812,410,716,552,900,544
01_DI_mr,01_DI_mr_018.jpg,1,Disgust,C:\Users\kundu\OneDrive\Desktop\KMU-FED-2\data\detected_faces\01_DI_mr\01_DI_mr_018.jpg,0.9996833801269531,538,56,496,634,686,310,922,302,814,430,716,566,906,558
01_DI_mr,01_DI_mr_019.jpg,1,Disgust,C:\Users\kundu\OneDrive\Desktop\KMU-FED-2\data\detected_faces\01_DI_mr\01_DI_mr_019.jpg,0.9984861016273499,532,56,494,640,682,316,922,306,810,438,716,576,908,566
01_DI_mr,01_DI_mr_020.jpg,1,Disgust,C:\Users\kundu\OneDrive\Desktop\KMU-FED-2\data\detected_faces\01_DI_mr\01_DI_mr_020.jpg,0.998619556427002,524,62,506,646,678,320,920,310,808,442,714,582,904,572
01_FE_mr,01_FE_mr_001.jpg,1,Fear,C:\Users\kundu\OneDrive\Desktop\KMU-FED-2\data\detected_faces\01_FE_mr\01_FE_mr_001.jpg,0.9963060617446899,558,66,544,714,710,332,958,330,826,470,728,618,938,610
01_FE_mr,01_FE_mr_002.jpg,1,Fear,C:\Users\kundu\OneDrive\Desktop\KMU-FED-2\data\detected_faces\01_FE_mr\01_FE_mr_002.jpg,0.9982569813728333,550,70,538,702,704,334,948,332,820,472,720,616,924,610
01_FE_mr,01_FE_mr_003.jpg,1,Fear,C:\Users\kundu\OneDrive\Desktop\KMU-FED-2\data\detected_faces\01_FE_mr\01_FE_mr_003.jpg,0.9907941222190857,548,54,542,716,696,324,944,322,808,470,710,614,916,608
01_FE_mr,01_FE_mr_004.jpg,1,Fear,C:\Users\kundu\OneDrive\Desktop\KMU-FED-2\data\detected_faces\01_FE_mr\01_FE_mr_004.jpg,0.9937723278999329,534,54,544,720,686,322,940,322,800,470,698,610,908,606
01_FE_mr,01_FE_mr_005.jpg,1,Fear,C:\Users\kundu\OneDrive\Desktop\KMU-FED-2\data\detected_faces\01_FE_mr\01_FE_mr_005.jpg,0.9953351616859436,522,52,538,718,674,326,922,324,786,472,686,618,892,610
01_FE_mr,01_FE_mr_006.jpg,1,Fear,C:\Users\kundu\OneDrive\Desktop\KMU-FED-2\data\detected_faces\01_FE_mr\01_FE_mr_006.jpg,0.997907280921936,504,54,546,732,662,330,912,322,782,470,684,626,890,616
01_FE_mr,01_FE_mr_007.jpg,1,Fear,C:\Users\kundu\OneDrive\Desktop\KMU-FED-2\data\detected_faces\01_FE_mr\01_FE_mr_007.jpg,0.9954856038093567,498,60,546,708,646,332,896,326,756,472,668,618,872,608
01_FE_mr,01_FE_mr_008.jpg,1,Fear,C:\Users\kundu\OneDrive\Desktop\KMU-FED-2\data\detected_faces\01_FE_mr\01_FE_mr_008.jpg,0.9955007433891296,498,62,538,708,642,332,888,324,750,474,662,616,866,606
01_FE_mr,01_FE_mr_009.jpg,1,Fear,C:\Users\kundu\OneDrive\Desktop\KMU-FED-2\data\detected_faces\01_FE_mr\01_FE_mr_009.jpg,0.9953809976577759,488,60,546,712,636,334,884,324,746,476,660,620,864,608
01_FE_mr,01_FE_mr_010.jpg,1,Fear,C:\Users\kundu\OneDrive\Desktop\KMU-FED-2\data\detected_faces\01_FE_mr\01_FE_mr_010.jpg,0.9962616562843323,486,58,542,718,636,334,884,326,744,478,656,624,858,614
01_FE_mr,01_FE_mr_011.jpg,1,Fear,C:\Users\kundu\OneDrive\Desktop\KMU-FED-2\data\detected_faces\01_FE_mr\01_FE_mr_011.jpg,0.9952711462974548,510,0,550,708,670,252,924,250,802,402,686,542,906,540
01_FE_mr,01_FE_mr_012.jpg,1,Fear,C:\Users\kundu\OneDrive\Desktop\KMU-FED-2\data\detected_faces\01_FE_mr\01_FE_mr_012.jpg,0.9944934844970703,508,0,548,706,670,252,922,250,798,404,682,542,904,538
01_FE_mr,01_FE_mr_013.jpg,1,Fear,C:\Users\kundu\OneDrive\Desktop\KMU-FED-2\data\detected_faces\01_FE_mr\01_FE_mr_013.jpg,0.9953827261924744,506,0,550,708,666,250,920,248,798,406,680,542,902,540
01_FE_mr,01_FE_mr_014.jpg,1,Fear,C:\Users\kundu\OneDrive\Desktop\KMU-FED-2\data\detected_faces\01_FE_mr\01_FE_mr_014.jpg,0.9948399662971497,504,0,548,708,666,252,918,250,798,410,676,542,904,540
01_FE_mr,01_FE_mr_015.jpg,1,Fear,C:\Users\kundu\OneDrive\Desktop\KMU-FED-2\data\detected_faces\01_FE_mr\01_FE_mr_015.jpg,0.993539035320282,506,0,550,708,664,248,918,246,794,402,676,538,902,538
01_FE_mr,01_FE_mr_016.jpg,1,Fear,C:\Users\kundu\OneDrive\Desktop\KMU-FED-2\data\detected_faces\01_FE_mr\01_FE_mr_016.jpg,0.9938163757324219,506,0,546,710,666,252,920,250,798,408,678,544,904,542
01_FE_mr,01_FE_mr_017.jpg,1,Fear,C:\Users\kundu\OneDrive\Desktop\KMU-FED-2\data\detected_faces\01_FE_mr\01_FE_mr_017.jpg,0.9944232106208801,502,0,556,714,662,252,922,250,796,414,676,542,906,540
01_FE_mr,01_FE_mr_018.jpg,1,Fear,C:\Users\kundu\OneDrive\Desktop\KMU-FED-2\data\detected_faces\01_FE_mr\01_FE_mr_018.jpg,0.9967058300971985,512,0,546,714,674,256,932,256,804,412,684,544,912,544
01_FE_mr,01_FE_mr_019.jpg,1,Fear,C:\Users\kundu\OneDrive\Desktop\KMU-FED-2\data\detected_faces\01_FE_mr\01_FE_mr_019.jpg,0.9992302656173706,518,0,554,724,680,250,934,250,812,414,688,538,918,540
01_FE_mr,01_FE_mr_020.jpg,1,Fear,C:\Users\kundu\OneDrive\Desktop\KMU-FED-2\data\detected_faces\01_FE_mr\01_FE_mr_020.jpg,0.998940646648407,524,0,554,718,688,250,940,250,812,416,692,536,920,538
01_HA_mr,01_HA_mr_001.jpg,1,Happiness,C:\Users\kundu\OneDrive\Desktop\KMU-FED-2\data\detected_faces\01_HA_mr\01_HA_mr_001.jpg,0.9986094236373901,456,0,616,746,624,272,896,248,758,430,650,542,926,516
01_HA_mr,01_HA_mr_002.jpg,1,Happiness,C:\Users\kundu\OneDrive\Desktop\KMU-FED-2\data\detected_faces\01_HA_mr\01_HA_mr_002.jpg,0.9991158843040466,454,0,610,742,624,268,898,248,760,426,648,540,922,518
01_HA_mr,01_HA_mr_003.jpg,1,Happiness,C:\Users\kundu\OneDrive\Desktop\KMU-FED-2\data\detected_faces\01_HA_mr\01_HA_mr_003.jpg,0.9990507960319519,452,0,618,742,620,268,896,242,756,428,648,542,926,516
01_HA_mr,01_HA_mr_004.jpg,1,Happiness,C:\Users\kundu\OneDrive\Desktop\KMU-FED-2\data\detected_faces\01_HA_mr\01_HA_mr_004.jpg,0.9994097948074341,468,0,600,730,630,268,898,240,762,420,660,532,928,504
01_HA_mr,01_HA_mr_005.jpg,1,Happiness,C:\Users\kundu\OneDrive\Desktop\KMU-FED-2\data\detected_faces\01_HA_mr\01_HA_mr_005.jpg,0.9994503855705261,478,0,600,724,644,266,912,240,776,412,672,528,940,502
01_HA_mr,01_HA_mr_006.jpg,1,Happiness,C:\Users\kundu\OneDrive\Desktop\KMU-FED-2\data\detected_faces\01_HA_mr\01_HA_mr_006.jpg,0.9990561604499817,492,0,604,726,656,258,928,236,790,412,680,528,952,508
01_HA_mr,01_HA_mr_007.jpg,1,Happiness,C:\Users\kundu\OneDrive\Desktop\KMU-FED-2\data\detected_faces\01_HA_mr\01_HA_mr_007.jpg,0.9992905855178833,512,0,600,718,672,256,946,238,806,410,694,526,968,508
01_HA_mr,01_HA_mr_008.jpg,1,Happiness,C:\Users\kundu\OneDrive\Desktop\KMU-FED-2\data\detected_faces\01_HA_mr\01_HA_mr_008.jpg,0.9988679885864258,530,0,594,720,692,252,964,238,824,408,708,522,980,510
01_HA_mr,01_HA_mr_009.jpg,1,Happiness,C:\Users\kundu\OneDrive\Desktop\KMU-FED-2\data\detected_faces\01_HA_mr\01_HA_mr_009.jpg,0.9983909130096436,542,0,592,722,708,248,982,236,842,404,724,520,996,508
01_HA_mr,01_HA_mr_010.jpg,1,Happiness,C:\Users\kundu\OneDrive\Desktop\KMU-FED-2\data\detected_faces\01_HA_mr\01_HA_mr_010.jpg,0.9993725419044495,490,38,536,698,650,306,900,308,778,452,656,554,898,554
01_HA_mr,01_HA_mr_011.jpg,1,Happiness,C:\Users\kundu\OneDrive\Desktop\KMU-FED-2\data\detected_faces\01_HA_mr\01_HA_mr_011.jpg,0.9995476603507996,484,42,538,696,646,306,896,308,778,448,658,558,894,554
01_HA_mr,01_HA_mr_012.jpg,1,Happiness,C:\Users\kundu\OneDrive\Desktop\KMU-FED-2\data\detected_faces\01_HA_mr\01_HA_mr_012.jpg,0.9994524121284485,486,38,540,700,644,306,894,306,774,450,658,560,894,554
01_HA_mr,01_HA_mr_013.jpg,1,Happiness,C:\Users\kundu\OneDrive\Desktop\KMU-FED-2\data\detected_faces\01_HA_mr\01_HA_mr_013.jpg,0.9992940425872803,486,42,538,698,648,308,898,310,776,450,656,560,896,560
01_HA_mr,01_HA_mr_014.jpg,1,Happiness,C:\Users\kundu\OneDrive\Desktop\KMU-FED-2\data\detected_faces\01_HA_mr\01_HA_mr_014.jpg,0.9994490742683411,486,38,542,704,646,312,896,314,774,456,656,562,896,562
01_HA_mr,01_HA_mr_015.jpg,1,Happiness,C:\Users\kundu\OneDrive\Desktop\KMU-FED-2\data\detected_faces\01_HA_mr\01_HA_mr_015.jpg,0.9992475509643555,484,44,544,702,644,318,894,318,772,458,656,564,894,562
01_HA_mr,01_HA_mr_016.jpg,1,Happiness,C:\Users\kundu\OneDrive\Desktop\KMU-FED-2\data\detected_faces\01_HA_mr\01_HA_mr_016.jpg,0.9992952346801758,484,54,538,690,640,324,886,322,766,456,654,560,888,558
01_HA_mr,01_HA_mr_017.jpg,1,Happiness,C:\Users\kundu\OneDrive\Desktop\KMU-FED-2\data\detected_faces\01_HA_mr\01_HA_mr_017.jpg,0.9994916915893555,480,56,538,688,638,320,884,316,764,454,652,560,884,558
01_HA_mr,01_HA_mr_018.jpg,1,Happiness,C:\Users\kundu\OneDrive\Desktop\KMU-FED-2\data\detected_faces\01_HA_mr\01_HA_mr_018.jpg,0.9995494484901428,472,52,546,698,632,318,882,316,760,454,648,568,878,564
01_HA_mr,01_HA_mr_019.jpg,1,Happiness,C:\Users\kundu\OneDrive\Desktop\KMU-FED-2\data\detected_faces\01_HA_mr\01_HA_mr_019.jpg,0.9994988441467285,468,52,542,698,624,314,874,312,752,456,644,574,866,572
01_HA_mr,01_HA_mr_020.jpg,1,Happiness,C:\Users\kundu\OneDrive\Desktop\KMU-FED-2\data\detected_faces\01_HA_mr\01_HA_mr_020.jpg,0.9994121789932251,462,50,560,716,622,316,876,310,750,454,644,588,866,580
01_SA_mr,01_SA_mr_001.jpg,1,Sadness,C:\Users\kundu\OneDrive\Desktop\KMU-FED-2\data\detected_faces\01_SA_mr\01_SA_mr_001.jpg,0.9986843466758728,472,14,602,782,642,306,922,290,798,452,690,638,914,620
01_SA_mr,01_SA_mr_002.jpg,1,Sadness,C:\Users\kundu\OneDrive\Desktop\KMU-FED-2\data\detected_faces\01_SA_mr\01_SA_mr_002.jpg,0.9965465664863586,482,22,582,768,636,310,898,298,758,452,668,626,876,610
01_SA_mr,01_SA_mr_003.jpg,1,Sadness,C:\Users\kundu\OneDrive\Desktop\KMU-FED-2\data\detected_faces\01_SA_mr\01_SA_mr_003.jpg,0.9978083968162537,486,30,574,756,636,322,896,308,752,464,668,634,870,618
01_SA_mr,01_SA_mr_004.jpg,1,Sadness,C:\Users\kundu\OneDrive\Desktop\KMU-FED-2\data\detected_faces\01_SA_mr\01_SA_mr_004.jpg,0.9980497360229492,478,26,580,762,632,322,894,308,752,470,664,636,874,618
01_SA_mr,01_SA_mr_005.jpg,1,Sadness,C:\Users\kundu\OneDrive\Desktop\KMU-FED-2\data\detected_faces\01_SA_mr\01_SA_mr_005.jpg,0.9971579313278198,478,24,582,768,630,320,892,300,752,470,666,632,876,614
01_SA_mr,01_SA_mr_006.jpg,1,Sadness,C:\Users\kundu\OneDrive\Desktop\KMU-FED-2\data\detected_faces\01_SA_mr\01_SA_mr_006.jpg,0.9978552460670471,474,22,586,766,628,320,890,302,748,470,660,632,874,616
01_SA_mr,01_SA_mr_007.jpg,1,Sadness,C:\Users\kundu\OneDrive\Desktop\KMU-FED-2\data\detected_faces\01_SA_mr\01_SA_mr_007.jpg,0.9979727864265442,474,26,576,756,626,318,886,304,744,468,658,630,862,614
01_SA_mr,01_SA_mr_008.jpg,1,Sadness,C:\Users\kundu\OneDrive\Desktop\KMU-FED-2\data\detected_faces\01_SA_mr\01_SA_mr_008.jpg,0.9979709982872009,476,24,578,756,626,318,888,304,746,464,658,628,862,614
01_SA_mr,01_SA_mr_009.jpg,1,Sadness,C:\Users\kundu\OneDrive\Desktop\KMU-FED-2\data\detected_faces\01_SA_mr\01_SA_mr_009.jpg,0.9987379908561707,474,24,578,750,630,318,892,308,750,464,658,630,864,616
01_SA_mr,01_SA_mr_010.jpg,1,Sadness,C:\Users\kundu\OneDrive\Desktop\KMU-FED-2\data\detected_faces\01_SA_mr\01_SA_mr_010.jpg,0.9986594915390015,478,30,576,754,632,318,894,308,752,464,658,630,866,618
01_SA_mr,01_SA_mr_011.jpg,1,Sadness,C:\Users\kundu\OneDrive\Desktop\KMU-FED-2\data\detected_faces\01_SA_mr\01_SA_mr_011.jpg,0.9988250136375427,478,30,542,718,636,294,886,298,762,432,658,578,864,580
01_SA_mr,01_SA_mr_012.jpg,1,Sadness,C:\Users\kundu\OneDrive\Desktop\KMU-FED-2\data\detected_faces\01_SA_mr\01_SA_mr_012.jpg,0.9990825653076172,478,30,544,714,638,290,888,288,766,424,660,570,870,568
01_SA_mr,01_SA_mr_013.jpg,1,Sadness,C:\Users\kundu\OneDrive\Desktop\KMU-FED-2\data\detected_faces\01_SA_mr\01_SA_mr_013.jpg,0.9987976551055908,482,28,540,708,642,290,888,288,768,422,664,568,866,564
01_SA_mr,01_SA_mr_014.jpg,1,Sadness,C:\Users\kundu\OneDrive\Desktop\KMU-FED-2\data\detected_faces\01_SA_mr\01_SA_mr_014.jpg,0.9984174966812134,486,26,536,706,644,290,890,288,768,420,666,566,866,564
01_SA_mr,01_SA_mr_015.jpg,1,Sadness,C:\Users\kundu\OneDrive\Desktop\KMU-FED-2\data\detected_faces\01_SA_mr\01_SA_mr_015.jpg,0.9981227517127991,488,24,536,710,646,290,892,286,772,422,670,568,870,564
01_SA_mr,01_SA_mr_016.jpg,1,Sadness,C:\Users\kundu\OneDrive\Desktop\KMU-FED-2\data\detected_faces\01_SA_mr\01_SA_mr_016.jpg,0.9974543452262878,492,28,534,710,650,290,894,288,772,420,670,570,870,568
01_SA_mr,01_SA_mr_017.jpg,1,Sadness,C:\Users\kundu\OneDrive\Desktop\KMU-FED-2\data\detected_faces\01_SA_mr\01_SA_mr_017.jpg,0.9976047277450562,494,26,534,714,650,290,896,288,774,422,670,572,872,570
01_SA_mr,01_SA_mr_018.jpg,1,Sadness,C:\Users\kundu\OneDrive\Desktop\KMU-FED-2\data\detected_faces\01_SA_mr\01_SA_mr_018.jpg,0.9978896975517273,498,24,532,716,652,290,900,290,776,422,670,572,876,570
01_SA_mr,01_SA_mr_019.jpg,1,Sadness,C:\Users\kundu\OneDrive\Desktop\KMU-FED-2\data\detected_faces\01_SA_mr\01_SA_mr_019.jpg,0.9978436231613159,496,26,530,714,652,290,898,290,776,422,672,572,874,570
01_SA_mr,01_SA_mr_020.jpg,1,Sadness,C:\Users\kundu\OneDrive\Desktop\KMU-FED-2\data\detected_faces\01_SA_mr\01_SA_mr_020.jpg,0.998213529586792,498,30,528,708,652,292,896,292,772,422,670,572,870,570
01_SU_mr,01_SU_mr_001.jpg,1,Surprise,C:\Users\kundu\OneDrive\Desktop\KMU-FED-2\data\detected_faces\01_SU_mr\01_SU_mr_001.jpg,0.997230589389801,484,4,592,812,662,310,938,304,800,470,708,652,906,646
01_SU_mr,01_SU_mr_002.jpg,1,Surprise,C:\Users\kundu\OneDrive\Desktop\KMU-FED-2\data\detected_faces\01_SU_mr\01_SU_mr_002.jpg,0.997122585773468,488,8,590,808,666,310,942,304,804,468,712,652,912,644
01_SU_mr,01_SU_mr_003.jpg,1,Surprise,C:\Users\kundu\OneDrive\Desktop\KMU-FED-2\data\detected_faces\01_SU_mr\01_SU_mr_003.jpg,0.9981470108032227,490,4,592,814,666,308,940,302,806,468,712,652,910,644
01_SU_mr,01_SU_mr_004.jpg,1,Surprise,C:\Users\kundu\OneDrive\Desktop\KMU-FED-2\data\detected_faces\01_SU_mr\01_SU_mr_004.jpg,0.9980467557907104,492,4,594,814,668,308,942,302,810,468,716,652,910,646
01_SU_mr,01_SU_mr_005.jpg,1,Surprise,C:\Users\kundu\OneDrive\Desktop\KMU-FED-2\data\detected_faces\01_SU_mr\01_SU_mr_005.jpg,0.9977046847343445,494,8,592,816,670,310,944,306,808,472,716,654,912,646
01_SU_mr,01_SU_mr_006.jpg,1,Surprise,C:\Users\kundu\OneDrive\Desktop\KMU-FED-2\data\detected_faces\01_SU_mr\01_SU_mr_006.jpg,0.9976072311401367,496,10,590,816,670,312,942,306,806,472,716,652,912,646
01_SU_mr,01_SU_mr_007.jpg,1,Surprise,C:\Users\kundu\OneDrive\Desktop\KMU-FED-2\data\detected_faces\01_SU_mr\01_SU_mr_007.jpg,0.9972540736198425,492,10,590,816,670,312,942,306,806,470,714,652,910,646
01_SU_mr,01_SU_mr_008.jpg,1,Surprise,C:\Users\kundu\OneDrive\Desktop\KMU-FED-2\data\detected_faces\01_SU_mr\01_SU_mr_008.jpg,0.9977430105209351,488,10,590,814,664,312,938,308,800,472,710,654,904,648
01_SU_mr,01_SU_mr_009.jpg,1,Surprise,C:\Users\kundu\OneDrive\Desktop\KMU-FED-2\data\detected_faces\01_SU_mr\01_SU_mr_009.jpg,0.9980429410934448,484,6,596,818,662,310,934,304,800,470,706,652,904,646
01_SU_mr,01_SU_mr_010.jpg,1,Surprise,C:\Users\kundu\OneDrive\Desktop\KMU-FED-2\data\detected_faces\01_SU_mr\01_SU_mr_010.jpg,0.9980321526527405,482,6,592,812,658,310,930,302,796,468,706,652,902,644
01_SU_mr,01_SU_mr_011.jpg,1,Surprise,C:\Users\kundu\OneDrive\Desktop\KMU-FED-2\data\detected_faces\01_SU_mr\01_SU_mr_011.jpg,0.9849241971969604,504,0,536,724,660,254,908,252,788,378,696,558,874,556
01_SU_mr,01_SU_mr_012.jpg,1,Surprise,C:\Users\kundu\OneDrive\Desktop\KMU-FED-2\data\detected_faces\01_SU_mr\01_SU_mr_012.jpg,0.9847480654716492,504,2,532,720,660,254,910,250,792,380,698,556,876,554
01_SU_mr,01_SU_mr_013.jpg,1,Surprise,C:\Users\kundu\OneDrive\Desktop\KMU-FED-2\data\detected_faces\01_SU_mr\01_SU_mr_013.jpg,0.988535463809967,506,8,532,716,658,248,906,244,790,380,702,554,878,552
01_SU_mr,01_SU_mr_014.jpg,1,Surprise,C:\Users\kundu\OneDrive\Desktop\KMU-FED-2\data\detected_faces\01_SU_mr\01_SU_mr_014.jpg,0.989043116569519,512,0,534,732,664,240,914,236,802,366,704,548,890,546
01_SU_mr,01_SU_mr_015.jpg,1,Surprise,C:\Users\kundu\OneDrive\Desktop\KMU-FED-2\data\detected_faces\01_SU_mr\01_SU_mr_015.jpg,0.9888013601303101,516,0,534,726,668,242,916,236,806,374,710,550,894,548
01_SU_mr,01_SU_mr_016.jpg,1,Surprise,C:\Users\kundu\OneDrive\Desktop\KMU-FED-2\data\detected_faces\01_SU_mr\01_SU_mr_016.jpg,0.9918230175971985,530,0,528,734,682,238,932,240,814,374,718,548,904,552
01_SU_mr,01_SU_mr_017.jpg,1,Surprise,C:\Users\kundu\OneDrive\Desktop\KMU-FED-2\data\detected_faces\01_SU_mr\01_SU_mr_017.jpg,0.9935672879219055,542,22,514,706,694,248,940,252,820,376,726,546,908,554
01_SU_mr,01_SU_mr_018.jpg,1,Surprise,C:\Users\kundu\OneDrive\Desktop\KMU-FED-2\data\detected_faces\01_SU_mr\01_SU_mr_018.jpg,0.9919447302818298,550,8,512,712,706,244,950,256,830,380,728,544,908,556
01_SU_mr,01_SU_mr_019.jpg,1,Surprise,C:\Users\kundu\OneDrive\Desktop\KMU-FED-2\data\detected_faces\01_SU_mr\01_SU_mr_019.jpg,0.9927563071250916,564,12,504,702,710,244,954,254,836,382,738,546,914,558
01_SU_mr,01_SU_mr_020.jpg,1,Surprise,C:\Users\kundu\OneDrive\Desktop\KMU-FED-2\data\detected_faces\01_SU_mr\01_SU_mr_020.jpg,0.9899611473083496,568,6,506,708,714,242,958,254,838,384,736,548,914,560
02_AN_s01,02_AN_s01_021.jpg,2,Anger,C:\Users\kundu\OneDrive\Desktop\KMU-FED-2\data\detected_faces\02_AN_s01\02_AN_s01_021.jpg,0.9982752799987793,689,228,470,576,853,428,1055,420,989,511,881,647,1048,649
02_AN_s01,02_AN_s01_023.jpg,2,Anger,C:\Users\kundu\OneDrive\Desktop\KMU-FED-2\data\detected_faces\02_AN_s01\02_AN_s01_023.jpg,0.9982748031616211,682,216,452,546,818,404,1026,406,924,492,832,626,1008,626
02_AN_s01,02_AN_s01_024.jpg,2,Anger,C:\Users\kundu\OneDrive\Desktop\KMU-FED-2\data\detected_faces\02_AN_s01\02_AN_s01_024.jpg,0.9990249872207642,670,206,488,574,810,408,1030,400,924,500,824,636,1010,634
02_AN_s01,02_AN_s01_025.jpg,2,Anger,C:\Users\kundu\OneDrive\Desktop\KMU-FED-2\data\detected_faces\02_AN_s01\02_AN_s01_025.jpg,0.999159574508667,661,211,475,567,803,414,1013,402,921,504,820,633,1011,630
02_AN_s01,02_AN_s01_026.jpg,2,Anger,C:\Users\kundu\OneDrive\Desktop\KMU-FED-2\data\detected_faces\02_AN_s01\02_AN_s01_026.jpg,0.9981583952903748,650,210,474,566,782,410,998,398,898,500,802,628,996,622
02_AN_s01,02_AN_s01_027.jpg,2,Anger,C:\Users\kundu\OneDrive\Desktop\KMU-FED-2\data\detected_faces\02_AN_s01\02_AN_s01_027.jpg,0.9969359636306763,640,204,462,562,764,412,976,392,876,494,802,630,986,614
02_AN_s01,02_AN_s01_028.jpg,2,Anger,C:\Users\kundu\OneDrive\Desktop\KMU-FED-2\data\detected_faces\02_AN_s01\02_AN_s01_028.jpg,0.9973276853561401,634,210,456,552,760,414,970,390,874,492,790,626,976,612
02_FE_s01,02_FE_s01_021.jpg,2,Fear,C:\Users\kundu\OneDrive\Desktop\KMU-FED-2\data\detected_faces\02_FE_s01\02_FE_s01_021.jpg,0.998089611530304,668,214,438,518,800,390,1008,380,914,470,832,602,1004,594
02_FE_s01,02_FE_s01_022.jpg,2,Fear,C:\Users\kundu\OneDrive\Desktop\KMU-FED-2\data\detected_faces\02_FE_s01\02_FE_s01_022.jpg,0.9982829093933105,670,206,442,526,804,382,1014,378,916,466,828,590,1004,588
02_FE_s01,02_FE_s01_023.jpg,2,Fear,C:\Users\kundu\OneDrive\Desktop\KMU-FED-2\data\detected_faces\02_FE_s01\02_FE_s01_023.jpg,0.9979549646377563,674,210,436,520,808,386,1016,384,918,464,830,592,1006,592
02_FE_s01,02_FE_s01_024.jpg,2,Fear,C:\Users\kundu\OneDrive\Desktop\KMU-FED-2\data\detected_faces\02_FE_s01\02_FE_s01_024.jpg,0.9974937438964844,678,210,432,516,810,386,1018,384,922,466,834,592,1010,590
02_FE_s01,02_FE_s01_025.jpg,2,Fear,C:\Users\kundu\OneDrive\Desktop\KMU-FED-2\data\detected_faces\02_FE_s01\02_FE_s01_025.jpg,0.998590886592865,678,214,440,520,812,394,1020,388,924,474,836,598,1012,594
02_FE_s01,02_FE_s01_026.jpg,2,Fear,C:\Users\kundu\OneDrive\Desktop\KMU-FED-2\data\detected_faces\02_FE_s01\02_FE_s01_026.jpg,0.997642457485199,688,220,426,506,816,392,1022,382,928,468,844,596,1016,590
02_FE_s01,02_FE_s01_027.jpg,2,Fear,C:\Users\kundu\OneDrive\Desktop\KMU-FED-2\data\detected_faces\02_FE_s01\02_FE_s01_027.jpg,0.9958076477050781,688,220,428,508,820,392,1024,382,930,468,846,596,1018,590
02_FE_s01,02_FE_s01_028.jpg,2,Fear,C:\Users\kundu\OneDrive\Desktop\KMU-FED-2\data\detected_faces\02_FE_s01\02_FE_s01_028.jpg,0.9968751668930054,686,226,420,496,818,396,1024,384,936,476,848,598,1020,590
02_FE_s01,02_FE_s01_029.jpg,2,Fear,C:\Users\kundu\OneDrive\Desktop\KMU-FED-2\data\detected_faces\02_FE_s01\02_FE_s01_029.jpg,0.9977778792381287,686,214,426,512,816,388,1020,386,924,472,840,592,1012,590
02_FE_s01,02_FE_s01_030.jpg,2,Fear,C:\Users\kundu\OneDrive\Desktop\KMU-FED-2\data\detected_faces\02_FE_s01\02_FE_s01_030.jpg,0.997986912727356,678,202,440,532,808,384,1016,380,920,466,832,594,1004,590
02_FE_s01,02_FE_s01_031.jpg,2,Fear,C:\Users\kundu\OneDrive\Desktop\KMU-FED-2\data\detected_faces\02_FE_s01\02_FE_s01_031.jpg,0.9986096620559692,662,192,474,586,804,388,1020,386,916,482,824,626,1000,624
02_FE_s01,02_FE_s01_032.jpg,2,Fear,C:\Users\kundu\OneDrive\Desktop\KMU-FED-2\data\detected_faces\02_FE_s01\02_FE_s01_032.jpg,0.998988926410675,662,190,480,588,802,388,1022,384,918,482,824,626,1006,624
02_FE_s01,02_FE_s01_033.jpg,2,Fear,C:\Users\kundu\OneDrive\Desktop\KMU-FED-2\data\detected_faces\02_FE_s01\02_FE_s01_033.jpg,0.9986501336097717,668,194,470,570,802,384,1018,378,912,472,824,620,1000,616
02_FE_s01,02_FE_s01_034.jpg,2,Fear,C:\Users\kundu\OneDrive\Desktop\KMU-FED-2\data\detected_faces\02_FE_s01\02_FE_s01_034.jpg,0.9992668032646179,660,192,474,570,798,388,1010,380,906,480,820,624,996,616
02_FE_s01,02_FE_s01_035.jpg,2,Fear,C:\Users\kundu\OneDrive\Desktop\KMU-FED-2\data\detected_faces\02_FE_s01\02_FE_s01_035.jpg,0.9970734119415283,660,208,452,544,790,396,1008,382,902,480,820,622,1000,612
02_FE_s01,02_FE_s01_036.jpg,2,Fear,C:\Users\kundu\OneDrive\Desktop\KMU-FED-2\data\detected_faces\02_FE_s01\02_FE_s01_036.jpg,0.996762752532959,660,202,468,558,786,392,1004,378,890,482,810,622,992,608
02_FE_s01,02_FE_s01_037.jpg,2,Fear,C:\Users\kundu\OneDrive\Desktop\KMU-FED-2\data\detected_faces\02_FE_s01\02_FE_s01_037.jpg,0.9928672313690186,650,202,464,552,774,396,990,376,878,478,804,622,982,604
02_FE_s01,02_FE_s01_038.jpg,2,Fear,C:\Users\kundu\OneDrive\Desktop\KMU-FED-2\data\detected_faces\02_FE_s01\02_FE_s01_038.jpg,0.9985498785972595,642,210,452,538,764,400,974,382,862,482,796,622,970,606
02_FE_s01,02_FE_s01_039.jpg,2,Fear,C:\Users\kundu\OneDrive\Desktop\KMU-FED-2\data\detected_faces\02_FE_s01\02_FE_s01_039.jpg,0.9989286065101624,636,204,456,540,756,394,972,376,856,480,788,622,968,604
02_FE_s01,02_FE_s01_040.jpg,2,Fear,C:\Users\kundu\OneDrive\Desktop\KMU-FED-2\data\detected_faces\02_FE_s01\02_FE_s01_040.jpg,0.9971563816070557,626,198,464,558,748,396,958,372,848,480,784,624,958,602
02_HA_s01,02_HA_s01_021.jpg,2,Happiness,C:\Users\kundu\OneDrive\Desktop\KMU-FED-2\data\detected_faces\02_HA_s01\02_HA_s01_021.jpg,0.9994688630104065,650,180,476,554,780,376,1002,356,894,468,804,588,1024,568
02_HA_s01,02_HA_s01_022.jpg,2,Happiness,C:\Users\kundu\OneDrive\Desktop\KMU-FED-2\data\detected_faces\02_HA_s01\02_HA_s01_022.jpg,0.9974550604820251,644,192,470,544,772,376,994,354,890,470,798,592,1018,570
02_HA_s01,02_HA_s01_023.jpg,2,Happiness,C:\Users\kundu\OneDrive\Desktop\KMU-FED-2\data\detected_faces\02_HA_s01\02_HA_s01_023.jpg,0.9982911944389343,646,186,462,546,772,380,992,358,882,472,792,594,1006,570
02_HA_s01,02_HA_s01_024.jpg,2,Happiness,C:\Users\kundu\OneDrive\Desktop\KMU-FED-2\data\detected_faces\02_HA_s01\02_HA_s01_024.jpg,0.9985476136207581,640,188,462,548,766,382,984,360,878,470,788,594,1002,570
02_HA_s01,02_HA_s01_025.jpg,2,Happiness,C:\Users\kundu\OneDrive\Desktop\KMU-FED-2\data\detected_faces\02_HA_s01\02_HA_s01_025.jpg,0.998399555683136,638,194,464,538,766,382,984,358,874,466,788,590,1002,566
02_HA_s01,02_HA_s01_026.jpg,2,Happiness,C:\Users\kundu\OneDrive\Desktop\KMU-FED-2\data\detected_faces\02_HA_s01\02_HA_s01_026.jpg,0.9981498718261719,630,188,466,546,762,382,980,360,880,470,788,592,1002,568
02_HA_s01,02_HA_s01_027.jpg,2,Happiness,C:\Users\kundu\OneDrive\Desktop\KMU-FED-2\data\detected_faces\02_HA_s01\02_HA_s01_027.jpg,0.9990242719650269,638,192,466,546,768,380,988,362,878,472,788,592,1004,572
02_HA_s01,02_HA_s01_028.jpg,2,Happiness,C:\Users\kundu\OneDrive\Desktop\KMU-FED-2\data\detected_faces\02_HA_s01\02_HA_s01_028.jpg,0.9984810948371887,636,192,468,542,770,384,988,362,884,470,796,592,1008,570
02_HA_s01,02_HA_s01_029.jpg,2,Happiness,C:\Users\kundu\OneDrive\Desktop\KMU-FED-2\data\detected_faces\02_HA_s01\02_HA_s01_029.jpg,0.9989635944366455,648,200,454,536,778,382,996,366,892,480,796,596,1008,576
02_HA_s01,02_HA_s01_030.jpg,2,Happiness,C:\Users\kundu\OneDrive\Desktop\KMU-FED-2\data\detected_faces\02_HA_s01\02_HA_s01_030.jpg,0.9993672966957092,644,182,464,554,776,378,998,358,896,474,802,594,1012,574
02_SU_s01,02_SU_s01_021.jpg,2,Surprise,C:\Users\kundu\OneDrive\Desktop\KMU-FED-2\data\detected_faces\02_SU_s01\02_SU_s01_021.jpg,0.9920902252197266,638,198,474,582,758,392,980,374,862,476,802,638,966,630
02_SU_s01,02_SU_s01_022.jpg,2,Surprise,C:\Users\kundu\OneDrive\Desktop\KMU-FED-2\data\detected_faces\02_SU_s01\02_SU_s01_022.jpg,0.9978224039077759,644,198,472,584,764,398,980,380,864,484,808,642,962,632
02_SU_s01,02_SU_s01_023.jpg,2,Surprise,C:\Users\kundu\OneDrive\Desktop\KMU-FED-2\data\detected_faces\02_SU_s01\02_SU_s01_023.jpg,0.9981568455696106,650,194,482,594,770,400,988,382,868,484,814,644,968,634
02_SU_s01,02_SU_s01_024.jpg,2,Surprise,C:\Users\kundu\OneDrive\Desktop\KMU-FED-2\data\detected_faces\02_SU_s01\02_SU_s01_024.jpg,0.992948055267334,654,212,462,572,772,388,996,378,886,478,810,636,980,634
02_SU_s01,02_SU_s01_025.jpg,2,Surprise,C:\Users\kundu\OneDrive\Desktop\KMU-FED-2\data\detected_faces\02_SU_s01\02_SU_s01_025.jpg,0.9882859587669373,654,222,454,562,776,410,994,394,886,482,822,644,982,638
02_SU_s01,02_SU_s01_026.jpg,2,Surprise,C:\Users\kundu\OneDrive\Desktop\KMU-FED-2\data\detected_faces\02_SU_s01\02_SU_s01_026.jpg,0.9961276650428772,650,210,470,580,772,400,996,384,884,486,816,648,982,642
02_SU_s01,02_SU_s01_027.jpg,2,Surprise,C:\Users\kundu\OneDrive\Desktop\KMU-FED-2\data\detected_faces\02_SU_s01\02_SU_s01_027.jpg,0.9969860911369324,650,198,472,592,772,394,996,380,880,486,812,642,978,638
02_SU_s01,02_SU_s01_028.jpg,2,Surprise,C:\Users\kundu\OneDrive\Desktop\KMU-FED-2\data\detected_faces\02_SU_s01\02_SU_s01_028.jpg,0.9936596751213074,642,206,460,568,766,392,988,378,876,480,810,636,974,632
02_SU_s01,02_SU_s01_029.jpg,2,Surprise,C:\Users\kundu\OneDrive\Desktop\KMU-FED-2\data\detected_faces\02_SU_s01\02_SU_s01_029.jpg,0.994429886341095,630,212,468,570,752,400,974,382,858,486,798,642,964,636
02_SU_s01,02_SU_s01_030.jpg,2,Surprise,C:\Users\kundu\OneDrive\Desktop\KMU-FED-2\data\detected_faces\02_SU_s01\02_SU_s01_030.jpg,0.9940150380134583,634,230,456,556,752,406,966,392,852,488,792,644,954,638
02_SU_s01,02_SU_s01_031.jpg,2,Surprise,C:\Users\kundu\OneDrive\Desktop\KMU-FED-2\data\detected_faces\02_SU_s01\02_SU_s01_031.jpg,0.9880431890487671,594,210,476,580,716,404,936,384,818,480,762,650,914,638
02_SU_s01,02_SU_s01_032.jpg,2,Surprise,C:\Users\kundu\OneDrive\Desktop\KMU-FED-2\data\detected_faces\02_SU_s01\02_SU_s01_032.jpg,0.9901145696640015,578,210,470,586,694,400,916,384,786,476,738,650,894,638
02_SU_s01,02_SU_s01_033.jpg,2,Surprise,C:\Users\kundu\OneDrive\Desktop\KMU-FED-2\data\detected_faces\02_SU_s01\02_SU_s01_033.jpg,0.9809969663619995,574,204,472,590,690,400,910,378,782,480,734,650,888,636
02_SU_s01,02_SU_s01_034.jpg,2,Surprise,C:\Users\kundu\OneDrive\Desktop\KMU-FED-2\data\detected_faces\02_SU_s01\02_SU_s01_034.jpg,0.9896655678749084,576,200,476,586,696,398,916,376,794,474,748,646,898,632
02_SU_s01,02_SU_s01_035.jpg,2,Surprise,C:\Users\kundu\OneDrive\Desktop\KMU-FED-2\data\detected_faces\02_SU_s01\02_SU_s01_035.jpg,0.9873694777488708,590,202,474,584,708,400,928,374,808,470,756,640,914,624
02_SU_s01,02_SU_s01_036.jpg,2,Surprise,C:\Users\kundu\OneDrive\Desktop\KMU-FED-2\data\detected_faces\02_SU_s01\02_SU_s01_036.jpg,0.9959077835083008,588,206,476,570,712,392,932,366,818,460,762,634,920,620
02_SU_s01,02_SU_s01_037.jpg,2,Surprise,C:\Users\kundu\OneDrive\Desktop\KMU-FED-2\data\detected_faces\02_SU_s01\02_SU_s01_037.jpg,0.9943776726722717,600,206,470,584,714,392,936,378,812,476,762,642,918,632
02_SU_s01,02_SU_s01_038.jpg,2,Surprise,C:\Users\kundu\OneDrive\Desktop\KMU-FED-2\data\detected_faces\02_SU_s01\02_SU_s01_038.jpg,0.9958562254905701,598,204,478,576,718,392,944,376,824,480,762,640,924,628
02_SU_s01,02_SU_s01_039.jpg,2,Surprise,C:\Users\kundu\OneDrive\Desktop\KMU-FED-2\data\detected_faces\02_SU_s01\02_SU_s01_039.jpg,0.9979920387268066,606,198,468,580,728,390,944,374,830,480,770,640,928,628
02_SU_s01,02_SU_s01_040.jpg,2,Surprise,C:\Users\kundu\OneDrive\Desktop\KMU-FED-2\data\detected_faces\02_SU_s01\02_SU_s01_040.jpg,0.9934136271476746,608,188,482,578,732,384,956,370,834,470,776,630,936,620
03_AN_s02,03_AN_s02_031.jpg,3,Anger,C:\Users\kundu\OneDrive\Desktop\KMU-FED-2\data\detected_faces\03_AN_s02\03_AN_s02_031.jpg,0.9965069890022278,600,198,460,554,730,384,944,398,810,494,720,620,898,632
03_AN_s02,03_AN_s02_032.jpg,3,Anger,C:\Users\kundu\OneDrive\Desktop\KMU-FED-2\data\detected_faces\03_AN_s02\03_AN_s02_032.jpg,0.9969289898872375,594,196,462,552,726,384,944,398,812,490,718,614,898,628
03_AN_s02,03_AN_s02_033.jpg,3,Anger,C:\Users\kundu\OneDrive\Desktop\KMU-FED-2\data\detected_faces\03_AN_s02\03_AN_s02_033.jpg,0.9977274537086487,586,200,458,556,714,386,932,396,804,496,712,618,894,628
03_AN_s02,03_AN_s02_034.jpg,3,Anger,C:\Users\kundu\OneDrive\Desktop\KMU-FED-2\data\detected_faces\03_AN_s02\03_AN_s02_034.jpg,0.9965388774871826,578,206,458,550,706,390,924,396,800,496,710,622,894,628
03_AN_s02,03_AN_s02_035.jpg,3,Anger,C:\Users\kundu\OneDrive\Desktop\KMU-FED-2\data\detected_faces\03_AN_s02\03_AN_s02_035.jpg,0.9982092380523682,562,186,480,580,696,390,914,394,790,508,696,630,884,632
03_AN_s02,03_AN_s02_036.jpg,3,Anger,C:\Users\kundu\OneDrive\Desktop\KMU-FED-2\data\detected_faces\03_AN_s02\03_AN_s02_036.jpg,0.9987499713897705,560,196,474,574,688,394,908,398,780,512,692,636,880,640
03_AN_s02,03_AN_s02_037.jpg,3,Anger,C:\Users\kundu\OneDrive\Desktop\KMU-FED-2\data\detected_faces\03_AN_s02\03_AN_s02_037.jpg,0.9987552165985107,552,194,482,578,680,394,904,398,776,516,686,640,876,644
03_AN_s02,03_AN_s02_038.jpg,3,Anger,C:\Users\kundu\OneDrive\Desktop\KMU-FED-2\data\detected_faces\03_AN_s02\03_AN_s02_038.jpg,0.9994420409202576,552,214,464,564,678,406,900,404,776,516,690,642,872,646
03_AN_s02,03_AN_s02_039.jpg,3,Anger,C:\Users\kundu\OneDrive\Desktop\KMU-FED-2\data\detected_faces\03_AN_s02\03_AN_s02_039.jpg,0.9992824196815491,562,222,456,550,682,410,898,408,778,518,696,642,874,646
03_AN_s02,03_AN_s02_040.jpg,3,Anger,C:\Users\kundu\OneDrive\Desktop\KMU-FED-2\data\detected_faces\03_AN_s02\03_AN_s02_040.jpg,0.999649167060852,566,208,464,574,678,408,904,408,780,528,700,650,890,652
03_FE_s02,03_FE_s02_041.jpg,3,Fear,C:\Users\kundu\OneDrive\Desktop\KMU-FED-2\data\detected_faces\03_FE_s02\03_FE_s02_041.jpg,0.9988086223602295,558,156,482,570,694,348,920,344,798,450,712,582,904,580
03_FE_s02,03_FE_s02_042.jpg,3,Fear,C:\Users\kundu\OneDrive\Desktop\KMU-FED-2\data\detected_faces\03_FE_s02\03_FE_s02_042.jpg,0.9988387227058411,560,156,478,568,694,348,918,344,798,450,712,582,902,578
03_FE_s02,03_FE_s02_043.jpg,3,Fear,C:\Users\kundu\OneDrive\Desktop\KMU-FED-2\data\detected_faces\03_FE_s02\03_FE_s02_043.jpg,0.999100923538208,562,158,480,568,696,348,922,342,802,446,714,580,904,578
03_FE_s02,03_FE_s02_044.jpg,3,Fear,C:\Users\kundu\OneDrive\Desktop\KMU-FED-2\data\detected_faces\03_FE_s02\03_FE_s02_044.jpg,0.9992546439170837,570,162,474,562,702,346,928,344,810,450,720,582,908,580
03_FE_s02,03_FE_s02_045.jpg,3,Fear,C:\Users\kundu\OneDrive\Desktop\KMU-FED-2\data\detected_faces\03_FE_s02\03_FE_s02_045.jpg,0.9991505146026611,572,160,478,568,706,346,934,342,812,456,722,582,914,582
03_FE_s02,03_FE_s02_046.jpg,3,Fear,C:\Users\kundu\OneDrive\Desktop\KMU-FED-2\data\detected_faces\03_FE_s02\03_FE_s02_046.jpg,0.9989845156669617,574,158,480,572,708,344,936,340,814,454,724,582,916,582
03_FE_s02,03_FE_s02_047.jpg,3,Fear,C:\Users\kundu\OneDrive\Desktop\KMU-FED-2\data\detected_faces\03_FE_s02\03_FE_s02_047.jpg,0.9991443157196045,576,160,474,568,708,344,934,344,814,452,722,580,914,582
03_FE_s02,03_FE_s02_048.jpg,3,Fear,C:\Users\kundu\OneDrive\Desktop\KMU-FED-2\data\detected_faces\03_FE_s02\03_FE_s02_048.jpg,0.9990135431289673,572,156,476,570,708,344,934,344,814,448,722,580,914,578
03_FE_s02,03_FE_s02_049.jpg,3,Fear,C:\Users\kundu\OneDrive\Desktop\KMU-FED-2\data\detected_faces\03_FE_s02\03_FE_s02_049.jpg,0.9989602565765381,572,152,476,572,708,342,934,342,816,450,724,578,916,578
03_FE_s02,03_FE_s02_050.jpg,3,Fear,C:\Users\kundu\OneDrive\Desktop\KMU-FED-2\data\detected_faces\03_FE_s02\03_FE_s02_050.jpg,0.9992125034332275,574,158,476,562,712,346,938,348,818,444,726,576,914,580
03_FE_s02,03_FE_s02_051.jpg,3,Fear,C:\Users\kundu\OneDrive\Desktop\KMU-FED-2\data\detected_faces\03_FE_s02\03_FE_s02_051.jpg,0.9990094900131226,556,202,478,558,698,386,924,376,818,474,726,616,920,612
03_FE_s02,03_FE_s02_052.jpg,3,Fear,C:\Users\kundu\OneDrive\Desktop\KMU-FED-2\data\detected_faces\03_FE_s02\03_FE_s02_052.jpg,0.9983314871788025,558,198,476,562,702,386,930,378,824,476,730,614,928,610
03_FE_s02,03_FE_s02_053.jpg,3,Fear,C:\Users\kundu\OneDrive\Desktop\KMU-FED-2\data\detected_faces\03_FE_s02\03_FE_s02_053.jpg,0.9982190728187561,558,192,480,568,708,384,936,382,828,474,730,612,926,614
03_FE_s02,03_FE_s02_054.jpg,3,Fear,C:\Users\kundu\OneDrive\Desktop\KMU-FED-2\data\detected_faces\03_FE_s02\03_FE_s02_054.jpg,0.9980449676513672,566,198,470,560,712,382,934,384,824,470,730,608,922,612
03_FE_s02,03_FE_s02_055.jpg,3,Fear,C:\Users\kundu\OneDrive\Desktop\KMU-FED-2\data\detected_faces\03_FE_s02\03_FE_s02_055.jpg,0.9979586601257324,568,204,470,554,710,386,934,380,826,480,736,614,926,614
03_FE_s02,03_FE_s02_056.jpg,3,Fear,C:\Users\kundu\OneDrive\Desktop\KMU-FED-2\data\detected_faces\03_FE_s02\03_FE_s02_056.jpg,0.9986691474914551,570,198,472,556,716,384,938,376,834,470,738,606,930,604
03_FE_s02,03_FE_s02_057.jpg,3,Fear,C:\Users\kundu\OneDrive\Desktop\KMU-FED-2\data\detected_faces\03_FE_s02\03_FE_s02_057.jpg,0.9977154731750488,576,206,468,554,718,382,942,378,836,474,742,610,932,612
03_FE_s02,03_FE_s02_058.jpg,3,Fear,C:\Users\kundu\OneDrive\Desktop\KMU-FED-2\data\detected_faces\03_FE_s02\03_FE_s02_058.jpg,0.9988853335380554,570,196,482,572,718,386,948,378,840,474,742,616,940,614
03_FE_s02,03_FE_s02_059.jpg,3,Fear,C:\Users\kundu\OneDrive\Desktop\KMU-FED-2\data\detected_faces\03_FE_s02\03_FE_s02_059.jpg,0.9991064667701721,576,194,480,570,726,380,954,376,852,480,748,614,944,614
03_FE_s02,03_FE_s02_060.jpg,3,Fear,C:\Users\kundu\OneDrive\Desktop\KMU-FED-2\data\detected_faces\03_FE_s02\03_FE_s02_060.jpg,0.9988687634468079,582,194,478,566,734,380,960,374,858,478,756,612,950,612
03_HA_s02,03_HA_s02_031.jpg,3,Happiness,C:\Users\kundu\OneDrive\Desktop\KMU-FED-2\data\detected_faces\03_HA_s02\03_HA_s02_031.jpg,0.9988133907318115,574,146,482,566,722,332,954,330,842,432,734,556,942,558
03_HA_s02,03_HA_s02_032.jpg,3,Happiness,C:\Users\kundu\OneDrive\Desktop\KMU-FED-2\data\detected_faces\03_HA_s02\03_HA_s02_032.jpg,0.9998636245727539,584,148,480,568,728,336,952,328,850,434,740,554,948,558
03_HA_s02,03_HA_s02_033.jpg,3,Happiness,C:\Users\kundu\OneDrive\Desktop\KMU-FED-2\data\detected_faces\03_HA_s02\03_HA_s02_033.jpg,0.9994387030601501,578,132,498,596,726,326,952,322,842,440,734,556,944,558
03_HA_s02,03_HA_s02_034.jpg,3,Happiness,C:\Users\kundu\OneDrive\Desktop\KMU-FED-2\data\detected_faces\03_HA_s02\03_HA_s02_034.jpg,0.9994813799858093,570,126,508,610,724,326,956,322,846,428,730,558,946,562
03_HA_s02,03_HA_s02_035.jpg,3,Happiness,C:\Users\kundu\OneDrive\Desktop\KMU-FED-2\data\detected_faces\03_HA_s02\03_HA_s02_035.jpg,0.9997102618217468,580,136,488,596,728,326,952,328,844,432,732,558,938,566
03_HA_s02,03_HA_s02_036.jpg,3,Happiness,C:\Users\kundu\OneDrive\Desktop\KMU-FED-2\data\detected_faces\03_HA_s02\03_HA_s02_036.jpg,0.9997290968894958,572,144,496,600,724,334,954,338,842,448,728,568,936,576
03_HA_s02,03_HA_s02_037.jpg,3,Happiness,C:\Users\kundu\OneDrive\Desktop\KMU-FED-2\data\detected_faces\03_HA_s02\03_HA_s02_037.jpg,0.9998236298561096,558,132,498,600,714,330,944,324,842,444,724,562,938,564
03_HA_s02,03_HA_s02_038.jpg,3,Happiness,C:\Users\kundu\OneDrive\Desktop\KMU-FED-2\data\detected_faces\03_HA_s02\03_HA_s02_038.jpg,0.9996523857116699,554,134,498,592,708,330,940,322,838,446,722,562,934,562
03_HA_s02,03_HA_s02_039.jpg,3,Happiness,C:\Users\kundu\OneDrive\Desktop\KMU-FED-2\data\detected_faces\03_HA_s02\03_HA_s02_039.jpg,0.9995641112327576,558,144,486,582,708,338,934,332,830,436,716,558,928,560
03_HA_s02,03_HA_s02_040.jpg,3,Happiness,C:\Users\kundu\OneDrive\Desktop\KMU-FED-2\data\detected_faces\03_HA_s02\03_HA_s02_040.jpg,0.9978703260421753,558,148,480,562,710,338,936,336,832,448,718,560,930,560
03_HA_s02,03_HA_s02_041.jpg,3,Happiness,C:\Users\kundu\OneDrive\Desktop\KMU-FED-2\data\detected_faces\03_HA_s02\03_HA_s02_041.jpg,0.997638463973999,578,214,498,596,740,418,972,420,852,554,738,648,952,652
03_HA_s02,03_HA_s02_042.jpg,3,Happiness,C:\Users\kundu\OneDrive\Desktop\KMU-FED-2\data\detected_faces\03_HA_s02\03_HA_s02_042.jpg,0.9980171918869019,576,214,496,594,738,416,970,426,850,556,732,648,946,654
03_HA_s02,03_HA_s02_043.jpg,3,Happiness,C:\Users\kundu\OneDrive\Desktop\KMU-FED-2\data\detected_faces\03_HA_s02\03_HA_s02_043.jpg,0.9987781643867493,578,214,498,592,736,416,968,418,846,554,734,648,948,652
03_HA_s02,03_HA_s02_044.jpg,3,Happiness,C:\Users\kundu\OneDrive\Desktop\KMU-FED-2\data\detected_faces\03_HA_s02\03_HA_s02_044.jpg,0.999099612236023,570,216,504,600,732,422,970,422,848,554,732,652,950,656
03_HA_s02,03_HA_s02_045.jpg,3,Happiness,C:\Users\kundu\OneDrive\Desktop\KMU-FED-2\data\detected_faces\03_HA_s02\03_HA_s02_045.jpg,0.9996234178543091,578,228,496,582,736,420,968,428,848,550,728,650,940,660
03_HA_s02,03_HA_s02_046.jpg,3,Happiness,C:\Users\kundu\OneDrive\Desktop\KMU-FED-2\data\detected_faces\03_HA_s02\03_HA_s02_046.jpg,0.9994331002235413,578,208,504,604,744,412,976,420,858,546,736,646,948,656
03_HA_s02,03_HA_s02_047.jpg,3,Happiness,C:\Users\kundu\OneDrive\Desktop\KMU-FED-2\data\detected_faces\03_HA_s02\03_HA_s02_047.jpg,0.9991475343704224,586,194,516,622,750,402,986,412,870,540,740,642,962,656
03_HA_s02,03_HA_s02_048.jpg,3,Happiness,C:\Users\kundu\OneDrive\Desktop\KMU-FED-2\data\detected_faces\03_HA_s02\03_HA_s02_048.jpg,0.9964253306388855,594,198,508,600,770,406,1006,420,884,548,758,642,974,654
03_HA_s02,03_HA_s02_049.jpg,3,Happiness,C:\Users\kundu\OneDrive\Desktop\KMU-FED-2\data\detected_faces\03_HA_s02\03_HA_s02_049.jpg,0.99497389793396,612,166,518,672,834,386,1052,410,990,522,814,642,1018,668
03_HA_s02,03_HA_s02_050.jpg,3,Happiness,C:\Users\kundu\OneDrive\Desktop\KMU-FED-2\data\detected_faces\03_HA_s02\03_HA_s02_050.jpg,0.9994194507598877,612,194,506,610,780,392,1014,408,906,522,766,634,976,652
03_SA_s02,03_SA_s02_021.jpg,3,Sadness,C:\Users\kundu\OneDrive\Desktop\KMU-FED-2\data\detected_faces\03_SA_s02\03_SA_s02_021.jpg,0.9976503252983093,562,158,468,558,698,350,918,346,806,446,724,582,898,580
03_SA_s02,03_SA_s02_022.jpg,3,Sadness,C:\Users\kundu\OneDrive\Desktop\KMU-FED-2\data\detected_faces\03_SA_s02\03_SA_s02_022.jpg,0.9975581169128418,556,152,476,566,694,350,916,346,804,446,722,584,898,582
03_SA_s02,03_SA_s02_023.jpg,3,Sadness,C:\Users\kundu\OneDrive\Desktop\KMU-FED-2\data\detected_faces\03_SA_s02\03_SA_s02_023.jpg,0.9974363446235657,554,152,470,562,688,350,908,336,796,444,716,580,894,570
03_SA_s02,03_SA_s02_024.jpg,3,Sadness,C:\Users\kundu\OneDrive\Desktop\KMU-FED-2\data\detected_faces\03_SA_s02\03_SA_s02_024.jpg,0.9984285235404968,552,154,470,558,686,350,904,336,792,442,714,578,890,570
03_SA_s02,03_SA_s02_025.jpg,3,Sadness,C:\Users\kundu\OneDrive\Desktop\KMU-FED-2\data\detected_faces\03_SA_s02\03_SA_s02_025.jpg,0.9969701766967773,556,150,470,566,686,350,904,336,790,442,716,580,890,570
03_SA_s02,03_SA_s02_026.jpg,3,Sadness,C:\Users\kundu\OneDrive\Desktop\KMU-FED-2\data\detected_faces\03_SA_s02\03_SA_s02_026.jpg,0.9992456436157227,560,156,468,550,692,348,912,336,796,434,716,574,894,568
03_SA_s02,03_SA_s02_027.jpg,3,Sadness,C:\Users\kundu\OneDrive\Desktop\KMU-FED-2\data\detected_faces\03_SA_s02\03_SA_s02_027.jpg,0.9970398545265198,564,164,462,550,690,352,908,336,798,442,722,580,896,570
03_SA_s02,03_SA_s02_028.jpg,3,Sadness,C:\Users\kundu\OneDrive\Desktop\KMU-FED-2\data\detected_faces\03_SA_s02\03_SA_s02_028.jpg,0.9992150068283081,566,154,466,552,698,346,916,336,800,430,718,570,896,568
03_SA_s02,03_SA_s02_029.jpg,3,Sadness,C:\Users\kundu\OneDrive\Desktop\KMU-FED-2\data\detected_faces\03_SA_s02\03_SA_s02_029.jpg,0.9993522763252258,566,154,466,548,698,344,916,334,800,430,720,572,898,566
03_SA_s02,03_SA_s02_030.jpg,3,Sadness,C:\Users\kundu\OneDrive\Desktop\KMU-FED-2\data\detected_faces\03_SA_s02\03_SA_s02_030.jpg,0.9981629252433777,570,154,462,552,702,344,918,338,806,438,726,574,898,570
03_SA_s02,03_SA_s02_031.jpg,3,Sadness,C:\Users\kundu\OneDrive\Desktop\KMU-FED-2\data\detected_faces\03_SA_s02\03_SA_s02_031.jpg,0.999563992023468,584,198,472,576,714,392,938,398,814,516,724,650,902,656
03_SA_s02,03_SA_s02_032.jpg,3,Sadness,C:\Users\kundu\OneDrive\Desktop\KMU-FED-2\data\detected_faces\03_SA_s02\03_SA_s02_032.jpg,0.9994290471076965,580,198,474,576,714,394,936,398,812,514,726,652,902,654
03_SA_s02,03_SA_s02_033.jpg,3,Sadness,C:\Users\kundu\OneDrive\Desktop\KMU-FED-2\data\detected_faces\03_SA_s02\03_SA_s02_033.jpg,0.9995139837265015,582,194,472,574,714,392,936,396,814,512,728,648,902,650
03_SA_s02,03_SA_s02_034.jpg,3,Sadness,C:\Users\kundu\OneDrive\Desktop\KMU-FED-2\data\detected_faces\03_SA_s02\03_SA_s02_034.jpg,0.9979532957077026,578,190,482,588,706,392,936,388,806,508,726,652,902,648
03_SA_s02,03_SA_s02_035.jpg,3,Sadness,C:\Users\kundu\OneDrive\Desktop\KMU-FED-2\data\detected_faces\03_SA_s02\03_SA_s02_035.jpg,0.9982094764709473,576,190,484,588,706,394,934,388,808,508,728,654,902,648
03_SA_s02,03_SA_s02_036.jpg,3,Sadness,C:\Users\kundu\OneDrive\Desktop\KMU-FED-2\data\detected_faces\03_SA_s02\03_SA_s02_036.jpg,0.9993487000465393,582,196,476,578,712,390,934,392,808,510,726,650,900,650
03_SA_s02,03_SA_s02_037.jpg,3,Sadness,C:\Users\kundu\OneDrive\Desktop\KMU-FED-2\data\detected_faces\03_SA_s02\03_SA_s02_037.jpg,0.9993407130241394,578,200,480,578,708,396,932,390,806,508,730,654,902,648
03_SA_s02,03_SA_s02_038.jpg,3,Sadness,C:\Users\kundu\OneDrive\Desktop\KMU-FED-2\data\detected_faces\03_SA_s02\03_SA_s02_038.jpg,0.9992457628250122,584,206,474,568,714,398,934,392,812,504,736,652,904,646
03_SA_s02,03_SA_s02_039.jpg,3,Sadness,C:\Users\kundu\OneDrive\Desktop\KMU-FED-2\data\detected_faces\03_SA_s02\03_SA_s02_039.jpg,0.9985703229904175,588,206,472,566,716,396,940,390,816,502,738,648,910,644
03_SA_s02,03_SA_s02_040.jpg,3,Sadness,C:\Users\kundu\OneDrive\Desktop\KMU-FED-2\data\detected_faces\03_SA_s02\03_SA_s02_040.jpg,0.9982298016548157,590,204,478,576,722,394,948,390,824,508,742,652,918,648
03_SU_s02,03_SU_s02_041.jpg,3,Surprise,C:\Users\kundu\OneDrive\Desktop\KMU-FED-2\data\detected_faces\03_SU_s02\03_SU_s02_041.jpg,0.9980466365814209,550,174,490,610,718,364,952,372,850,460,748,622,920,632
03_SU_s02,03_SU_s02_042.jpg,3,Surprise,C:\Users\kundu\OneDrive\Desktop\KMU-FED-2\data\detected_faces\03_SU_s02\03_SU_s02_042.jpg,0.9986199140548706,546,174,492,610,712,370,946,366,844,466,744,628,918,630
03_SU_s02,03_SU_s02_043.jpg,3,Surprise,C:\Users\kundu\OneDrive\Desktop\KMU-FED-2\data\detected_faces\03_SU_s02\03_SU_s02_043.jpg,0.9920912981033325,544,178,488,602,704,372,938,374,834,464,738,628,914,632
03_SU_s02,03_SU_s02_044.jpg,3,Surprise,C:\Users\kundu\OneDrive\Desktop\KMU-FED-2\data\detected_faces\03_SU_s02\03_SU_s02_044.jpg,0.9940446019172668,538,176,498,608,702,368,936,368,828,462,734,626,908,630
03_SU_s02,03_SU_s02_045.jpg,3,Surprise,C:\Users\kundu\OneDrive\Desktop\KMU-FED-2\data\detected_faces\03_SU_s02\03_SU_s02_045.jpg,0.9980850219726562,538,180,494,602,698,368,932,364,826,462,734,624,904,626
03_SU_s02,03_SU_s02_046.jpg,3,Surprise,C:\Users\kundu\OneDrive\Desktop\KMU-FED-2\data\detected_faces\03_SU_s02\03_SU_s02_046.jpg,0.9990344047546387,536,172,494,612,698,364,934,364,826,456,728,626,904,630
03_SU_s02,03_SU_s02_047.jpg,3,Surprise,C:\Users\kundu\OneDrive\Desktop\KMU-FED-2\data\detected_faces\03_SU_s02\03_SU_s02_047.jpg,0.9982032775878906,534,162,498,618,698,358,934,368,824,454,726,618,902,626
03_SU_s02,03_SU_s02_048.jpg,3,Surprise,C:\Users\kundu\OneDrive\Desktop\KMU-FED-2\data\detected_faces\03_SU_s02\03_SU_s02_048.jpg,0.9974827170372009,538,162,498,616,700,354,934,360,822,448,726,614,902,620
03_SU_s02,03_SU_s02_049.jpg,3,Surprise,C:\Users\kundu\OneDrive\Desktop\KMU-FED-2\data\detected_faces\03_SU_s02\03_SU_s02_049.jpg,0.9980853796005249,536,154,498,620,700,352,936,358,826,446,726,610,902,616
03_SU_s02,03_SU_s02_050.jpg,3,Surprise,C:\Users\kundu\OneDrive\Desktop\KMU-FED-2\data\detected_faces\03_SU_s02\03_SU_s02_050.jpg,0.9988465309143066,538,150,498,624,704,344,934,354,830,440,728,604,902,616
03_SU_s02,03_SU_s02_051.jpg,3,Surprise,C:\Users\kundu\OneDrive\Desktop\KMU-FED-2\data\detected_faces\03_SU_s02\03_SU_s02_051.jpg,0.9978919625282288,548,208,472,568,682,390,902,378,790,464,718,628,880,622
03_SU_s02,03_SU_s02_052.jpg,3,Surprise,C:\Users\kundu\OneDrive\Desktop\KMU-FED-2\data\detected_faces\03_SU_s02\03_SU_s02_052.jpg,0.9986451268196106,556,206,464,564,682,392,900,380,788,476,718,628,882,622
03_SU_s02,03_SU_s02_053.jpg,3,Surprise,C:\Users\kundu\OneDrive\Desktop\KMU-FED-2\data\detected_faces\03_SU_s02\03_SU_s02_053.jpg,0.9984449744224548,554,208,464,564,680,388,898,378,784,474,714,628,880,626
03_SU_s02,03_SU_s02_054.jpg,3,Surprise,C:\Users\kundu\OneDrive\Desktop\KMU-FED-2\data\detected_faces\03_SU_s02\03_SU_s02_054.jpg,0.9972904920578003,552,204,464,566,680,382,898,376,784,464,716,624,878,622
03_SU_s02,03_SU_s02_055.jpg,3,Surprise,C:\Users\kundu\OneDrive\Desktop\KMU-FED-2\data\detected_faces\03_SU_s02\03_SU_s02_055.jpg,0.9943601489067078,560,206,462,566,690,384,904,376,790,462,722,624,882,622
03_SU_s02,03_SU_s02_056.jpg,3,Surprise,C:\Users\kundu\OneDrive\Desktop\KMU-FED-2\data\detected_faces\03_SU_s02\03_SU_s02_056.jpg,0.9967435598373413,554,174,482,618,706,370,930,362,832,462,736,622,910,620
03_SU_s02,03_SU_s02_057.jpg,3,Surprise,C:\Users\kundu\OneDrive\Desktop\KMU-FED-2\data\detected_faces\03_SU_s02\03_SU_s02_057.jpg,0.9981689453125,576,184,480,590,726,372,942,372,842,444,752,616,920,620
03_SU_s02,03_SU_s02_058.jpg,3,Surprise,C:\Users\kundu\OneDrive\Desktop\KMU-FED-2\data\detected_faces\03_SU_s02\03_SU_s02_058.jpg,0.9966025352478027,596,196,474,578,738,370,958,370,846,438,772,616,930,620
03_SU_s02,03_SU_s02_059.jpg,3,Surprise,C:\Users\kundu\OneDrive\Desktop\KMU-FED-2\data\detected_faces\03_SU_s02\03_SU_s02_059.jpg,0.9972140192985535,608,188,478,592,760,370,980,372,872,450,788,620,948,628
03_SU_s02,03_SU_s02_060.jpg,3,Surprise,C:\Users\kundu\OneDrive\Desktop\KMU-FED-2\data\detected_faces\03_SU_s02\03_SU_s02_060.jpg,0.9951786994934082,624,192,476,588,780,366,1000,374,892,450,800,612,962,626
04_FE_s03,04_FE_s03_067.jpg,4,Fear,C:\Users\kundu\OneDrive\Desktop\KMU-FED-2\data\detected_faces\04_FE_s03\04_FE_s03_067.jpg,0.9963725805282593,576,192,470,572,694,382,912,354,802,488,736,624,930,596
04_FE_s03,04_FE_s03_068.jpg,4,Fear,C:\Users\kundu\OneDrive\Desktop\KMU-FED-2\data\detected_faces\04_FE_s03\04_FE_s03_068.jpg,0.9961065649986267,600,180,476,588,722,382,934,358,818,486,758,630,934,608
04_FE_s03,04_FE_s03_069.jpg,4,Fear,C:\Users\kundu\OneDrive\Desktop\KMU-FED-2\data\detected_faces\04_FE_s03\04_FE_s03_069.jpg,0.9951350092887878,602,168,490,606,718,386,934,356,810,486,758,632,932,606
04_FE_s03,04_FE_s03_071.jpg,4,Fear,C:\Users\kundu\OneDrive\Desktop\KMU-FED-2\data\detected_faces\04_FE_s03\04_FE_s03_071.jpg,0.9942060112953186,616,184,504,608,742,386,980,366,846,506,768,646,964,628
04_FE_s03,04_FE_s03_072.jpg,4,Fear,C:\Users\kundu\OneDrive\Desktop\KMU-FED-2\data\detected_faces\04_FE_s03\04_FE_s03_072.jpg,0.9899026155471802,612,186,498,610,744,390,976,368,848,500,762,644,960,628
04_FE_s03,04_FE_s03_073.jpg,4,Fear,C:\Users\kundu\OneDrive\Desktop\KMU-FED-2\data\detected_faces\04_FE_s03\04_FE_s03_073.jpg,0.9982933402061462,602,185,505,609,729,390,976,369,843,510,772,650,968,634
04_FE_s03,04_FE_s03_074.jpg,4,Fear,C:\Users\kundu\OneDrive\Desktop\KMU-FED-2\data\detected_faces\04_FE_s03\04_FE_s03_074.jpg,0.992017388343811,609,199,490,589,731,397,961,373,831,506,766,649,953,630
04_FE_s03,04_FE_s03_075.jpg,4,Fear,C:\Users\kundu\OneDrive\Desktop\KMU-FED-2\data\detected_faces\04_FE_s03\04_FE_s03_075.jpg,0.9843869805335999,606,197,490,599,738,399,966,378,842,513,761,649,956,632
04_FE_s03,04_FE_s03_076.jpg,4,Fear,C:\Users\kundu\OneDrive\Desktop\KMU-FED-2\data\detected_faces\04_FE_s03\04_FE_s03_076.jpg,0.9881876111030579,598,191,507,606,718,403,954,366,819,507,763,660,956,631
04_FE_s03,04_FE_s03_077.jpg,4,Fear,C:\Users\kundu\OneDrive\Desktop\KMU-FED-2\data\detected_faces\04_FE_s03\04_FE_s03_077.jpg,0.998736560344696,596,195,491,585,721,406,947,377,826,515,764,656,949,630
04_FE_s03,04_FE_s03_078.jpg,4,Fear,C:\Users\kundu\OneDrive\Desktop\KMU-FED-2\data\detected_faces\04_FE_s03\04_FE_s03_078.jpg,0.9940284490585327,586,197,498,587,706,400,935,370,808,508,750,651,935,626
04_FE_s03,04_FE_s03_079.jpg,4,Fear,C:\Users\kundu\OneDrive\Desktop\KMU-FED-2\data\detected_faces\04_FE_s03\04_FE_s03_079.jpg,0.9862475991249084,593,225,475,551,690,412,921,364,787,503,739,658,925,619
04_FE_s03,04_FE_s03_080.jpg,4,Fear,C:\Users\kundu\OneDrive\Desktop\KMU-FED-2\data\detected_faces\04_FE_s03\04_FE_s03_080.jpg,0.9924461245536804,595,226,477,564,687,426,910,370,784,523,753,672,933,628
04_HA_s03,04_HA_s03_051.jpg,4,Happiness,C:\Users\kundu\OneDrive\Desktop\KMU-FED-2\data\detected_faces\04_HA_s03\04_HA_s03_051.jpg,0.9971530437469482,542,242,478,572,604,440,810,390,680,552,674,684,856,636
04_HA_s03,04_HA_s03_052.jpg,4,Happiness,C:\Users\kundu\OneDrive\Desktop\KMU-FED-2\data\detected_faces\04_HA_s03\04_HA_s03_052.jpg,0.9276502132415771,554,228,478,580,620,436,834,386,692,534,678,676,862,630
04_HA_s03,04_HA_s03_053.jpg,4,Happiness,C:\Users\kundu\OneDrive\Desktop\KMU-FED-2\data\detected_faces\04_HA_s03\04_HA_s03_053.jpg,0.995680570602417,561,228,488,593,652,431,865,392,737,544,712,670,895,634
04_HA_s03,04_HA_s03_054.jpg,4,Happiness,C:\Users\kundu\OneDrive\Desktop\KMU-FED-2\data\detected_faces\04_HA_s03\04_HA_s03_054.jpg,0.9931574463844299,579,235,470,574,666,422,878,394,752,536,707,657,903,632
04_HA_s03,04_HA_s03_055.jpg,4,Happiness,C:\Users\kundu\OneDrive\Desktop\KMU-FED-2\data\detected_faces\04_HA_s03\04_HA_s03_055.jpg,0.985266923904419,566,212,492,602,662,422,878,382,754,542,718,662,914,626
04_HA_s03,04_HA_s03_056.jpg,4,Happiness,C:\Users\kundu\OneDrive\Desktop\KMU-FED-2\data\detected_faces\04_HA_s03\04_HA_s03_056.jpg,0.9535828232765198,588,214,474,586,670,418,890,384,752,540,724,664,912,630
04_HA_s03,04_HA_s03_057.jpg,4,Happiness,C:\Users\kundu\OneDrive\Desktop\KMU-FED-2\data\detected_faces\04_HA_s03\04_HA_s03_057.jpg,0.9894277453422546,598,240,458,566,692,426,902,404,776,544,730,662,918,640
04_HA_s03,04_HA_s03_058.jpg,4,Happiness,C:\Users\kundu\OneDrive\Desktop\KMU-FED-2\data\detected_faces\04_HA_s03\04_HA_s03_058.jpg,0.9907428622245789,604,246,456,554,698,426,908,394,784,534,738,656,934,626
04_HA_s03,04_HA_s03_059.jpg,4,Happiness,C:\Users\kundu\OneDrive\Desktop\KMU-FED-2\data\detected_faces\04_HA_s03\04_HA_s03_059.jpg,0.9960981607437134,608,237,449,554,705,418,911,387,798,540,743,649,940,620
04_HA_s03,04_HA_s03_060.jpg,4,Happiness,C:\Users\kundu\OneDrive\Desktop\KMU-FED-2\data\detected_faces\04_HA_s03\04_HA_s03_060.jpg,0.9964465498924255,608,250,438,536,706,424,912,396,802,540,748,650,934,624
04_HA_s03,04_HA_s03_061.jpg,4,Happiness,C:\Users\kundu\OneDrive\Desktop\KMU-FED-2\data\detected_faces\04_HA_s03\04_HA_s03_061.jpg,0.9959926009178162,630,348,466,548,748,530,976,504,870,674,784,758,996,730
04_HA_s03,04_HA_s03_062.jpg,4,Happiness,C:\Users\kundu\OneDrive\Desktop\KMU-FED-2\data\detected_faces\04_HA_s03\04_HA_s03_062.jpg,0.9947100877761841,636,336,470,556,750,528,974,502,864,674,784,750,996,722
04_HA_s03,04_HA_s03_063.jpg,4,Happiness,C:\Users\kundu\OneDrive\Desktop\KMU-FED-2\data\detected_faces\04_HA_s03\04_HA_s03_063.jpg,0.9917137622833252,644,332,456,558,752,522,974,498,866,668,786,750,994,722
04_HA_s03,04_HA_s03_064.jpg,4,Happiness,C:\Users\kundu\OneDrive\Desktop\KMU-FED-2\data\detected_faces\04_HA_s03\04_HA_s03_064.jpg,0.9947003126144409,624,318,480,572,748,518,978,488,874,670,784,744,1000,718
04_HA_s03,04_HA_s03_065.jpg,4,Happiness,C:\Users\kundu\OneDrive\Desktop\KMU-FED-2\data\detected_faces\04_HA_s03\04_HA_s03_065.jpg,0.9770243763923645,644,335,469,555,754,521,981,495,875,683,785,750,1001,723
04_HA_s03,04_HA_s03_066.jpg,4,Happiness,C:\Users\kundu\OneDrive\Desktop\KMU-FED-2\data\detected_faces\04_HA_s03\04_HA_s03_066.jpg,0.9932093024253845,618,318,492,572,742,524,972,498,862,688,780,758,990,728
04_HA_s03,04_HA_s03_067.jpg,4,Happiness,C:\Users\kundu\OneDrive\Desktop\KMU-FED-2\data\detected_faces\04_HA_s03\04_HA_s03_067.jpg,0.9938109517097473,622,320,490,574,740,528,964,500,858,688,778,756,988,726
04_HA_s03,04_HA_s03_068.jpg,4,Happiness,C:\Users\kundu\OneDrive\Desktop\KMU-FED-2\data\detected_faces\04_HA_s03\04_HA_s03_068.jpg,0.9984573125839233,610,306,496,574,732,534,964,508,856,680,770,754,980,730
04_HA_s03,04_HA_s03_069.jpg,4,Happiness,C:\Users\kundu\OneDrive\Desktop\KMU-FED-2\data\detected_faces\04_HA_s03\04_HA_s03_069.jpg,0.9969643950462341,620,316,482,556,744,534,970,512,856,694,784,768,978,744
04_HA_s03,04_HA_s03_070.jpg,4,Happiness,C:\Users\kundu\OneDrive\Desktop\KMU-FED-2\data\detected_faces\04_HA_s03\04_HA_s03_070.jpg,0.9978627562522888,618,318,472,546,742,536,958,506,864,678,784,752,980,722
04_SA_s03,04_SA_s03_044.jpg,4,Sadness,C:\Users\kundu\OneDrive\Desktop\KMU-FED-2\data\detected_faces\04_SA_s03\04_SA_s03_044.jpg,0.8352441787719727,335,961,42,57,339,985,356,978,347,995,346,1009,360,1004
04_SA_s03,04_SA_s03_045.jpg,4,Sadness,C:\Users\kundu\OneDrive\Desktop\KMU-FED-2\data\detected_faces\04_SA_s03\04_SA_s03_045.jpg,0.9284536242485046,339,968,33,47,342,986,354,982,345,995,346,1005,356,1002
04_SA_s03,04_SA_s03_046.jpg,4,Sadness,C:\Users\kundu\OneDrive\Desktop\KMU-FED-2\data\detected_faces\04_SA_s03\04_SA_s03_046.jpg,0.8605033159255981,332,964,38,56,336,984,350,980,340,996,340,1008,352,1004
04_SA_s03,04_SA_s03_050.jpg,4,Sadness,C:\Users\kundu\OneDrive\Desktop\KMU-FED-2\data\detected_faces\04_SA_s03\04_SA_s03_050.jpg,0.8061293959617615,336,960,44,60,344,982,362,976,352,994,350,1008,366,1004
04_SU_s03,04_SU_s03_061.jpg,4,Surprise,C:\Users\kundu\OneDrive\Desktop\KMU-FED-2\data\detected_faces\04_SU_s03\04_SU_s03_061.jpg,0.9923216700553894,608,288,466,586,722,472,940,450,822,568,772,724,928,706
04_SU_s03,04_SU_s03_062.jpg,4,Surprise,C:\Users\kundu\OneDrive\Desktop\KMU-FED-2\data\detected_faces\04_SU_s03\04_SU_s03_062.jpg,0.9925185441970825,606,278,466,600,718,466,936,442,820,564,772,724,930,706
04_SU_s03,04_SU_s03_063.jpg,4,Surprise,C:\Users\kundu\OneDrive\Desktop\KMU-FED-2\data\detected_faces\04_SU_s03\04_SU_s03_063.jpg,0.996426522731781,602,284,470,586,716,476,932,444,820,570,776,728,930,708
04_SU_s03,04_SU_s03_064.jpg,4,Surprise,C:\Users\kundu\OneDrive\Desktop\KMU-FED-2\data\detected_faces\04_SU_s03\04_SU_s03_064.jpg,0.9952594637870789,602,290,474,586,728,474,946,452,832,574,776,728,936,712
04_SU_s03,04_SU_s03_065.jpg,4,Surprise,C:\Users\kundu\OneDrive\Desktop\KMU-FED-2\data\detected_faces\04_SU_s03\04_SU_s03_065.jpg,0.9956972599029541,602,278,480,596,728,468,952,444,836,572,776,728,938,710
04_SU_s03,04_SU_s03_066.jpg,4,Surprise,C:\Users\kundu\OneDrive\Desktop\KMU-FED-2\data\detected_faces\04_SU_s03\04_SU_s03_066.jpg,0.9944962859153748,616,284,460,592,732,468,948,450,836,572,778,726,938,712
04_SU_s03,04_SU_s03_067.jpg,4,Surprise,C:\Users\kundu\OneDrive\Desktop\KMU-FED-2\data\detected_faces\04_SU_s03\04_SU_s03_067.jpg,0.9972965121269226,600,282,478,594,722,474,946,444,834,574,776,730,940,710
04_SU_s03,04_SU_s03_068.jpg,4,Surprise,C:\Users\kundu\OneDrive\Desktop\KMU-FED-2\data\detected_faces\04_SU_s03\04_SU_s03_068.jpg,0.9900766015052795,606,276,488,602,732,462,960,444,834,574,778,726,938,712
04_SU_s03,04_SU_s03_069.jpg,4,Surprise,C:\Users\kundu\OneDrive\Desktop\KMU-FED-2\data\detected_faces\04_SU_s03\04_SU_s03_069.jpg,0.9947429895401001,600,272,476,604,722,466,940,440,824,566,774,722,934,704
04_SU_s03,04_SU_s03_070.jpg,4,Surprise,C:\Users\kundu\OneDrive\Desktop\KMU-FED-2\data\detected_faces\04_SU_s03\04_SU_s03_070.jpg,0.9908099174499512,600,270,476,602,726,462,952,438,832,564,774,720,936,702
05_AN_uj,05_AN_uj_041.jpg,5,Anger,C:\Users\kundu\OneDrive\Desktop\KMU-FED-2\data\detected_faces\05_AN_uj\05_AN_uj_041.jpg,0.964687705039978,488,98,536,706,662,378,930,378,802,546,672,664,894,662
05_AN_uj,05_AN_uj_042.jpg,5,Anger,C:\Users\kundu\OneDrive\Desktop\KMU-FED-2\data\detected_faces\05_AN_uj\05_AN_uj_042.jpg,0.9622610807418823,476,80,552,728,666,374,942,378,810,548,672,664,896,668
05_AN_uj,05_AN_uj_043.jpg,5,Anger,C:\Users\kundu\OneDrive\Desktop\KMU-FED-2\data\detected_faces\05_AN_uj\05_AN_uj_043.jpg,0.9846049547195435,484,82,562,726,672,376,944,380,816,550,676,660,896,662
05_AN_uj,05_AN_uj_044.jpg,5,Anger,C:\Users\kundu\OneDrive\Desktop\KMU-FED-2\data\detected_faces\05_AN_uj\05_AN_uj_044.jpg,0.9782911539077759,507,86,555,726,696,371,969,386,835,551,689,657,907,670
05_AN_uj,05_AN_uj_045.jpg,5,Anger,C:\Users\kundu\OneDrive\Desktop\KMU-FED-2\data\detected_faces\05_AN_uj\05_AN_uj_045.jpg,0.9814250469207764,520,86,553,719,707,367,977,384,842,545,698,650,917,665
05_AN_uj,05_AN_uj_046.jpg,5,Anger,C:\Users\kundu\OneDrive\Desktop\KMU-FED-2\data\detected_faces\05_AN_uj\05_AN_uj_046.jpg,0.9961826205253601,546,86,532,706,718,360,970,374,848,528,708,630,922,642
05_AN_uj,05_AN_uj_047.jpg,5,Anger,C:\Users\kundu\OneDrive\Desktop\KMU-FED-2\data\detected_faces\05_AN_uj\05_AN_uj_047.jpg,0.9912958145141602,534,82,552,730,724,360,992,380,864,538,714,650,934,664
05_AN_uj,05_AN_uj_048.jpg,5,Anger,C:\Users\kundu\OneDrive\Desktop\KMU-FED-2\data\detected_faces\05_AN_uj\05_AN_uj_048.jpg,0.9923743605613708,540,72,556,716,730,354,996,374,866,534,720,630,936,648
05_AN_uj,05_AN_uj_049.jpg,5,Anger,C:\Users\kundu\OneDrive\Desktop\KMU-FED-2\data\detected_faces\05_AN_uj\05_AN_uj_049.jpg,0.9875877499580383,544,76,556,722,738,354,1006,378,872,534,724,634,942,654
05_AN_uj,05_AN_uj_050.jpg,5,Anger,C:\Users\kundu\OneDrive\Desktop\KMU-FED-2\data\detected_faces\05_AN_uj\05_AN_uj_050.jpg,0.9900659322738647,552,84,538,702,740,366,994,386,872,532,730,632,946,646
05_AN_uj,05_AN_uj_051.jpg,5,Anger,C:\Users\kundu\OneDrive\Desktop\KMU-FED-2\data\detected_faces\05_AN_uj\05_AN_uj_051.jpg,0.9221618175506592,498,82,526,710,680,370,942,364,840,508,708,656,914,654
05_AN_uj,05_AN_uj_052.jpg,5,Anger,C:\Users\kundu\OneDrive\Desktop\KMU-FED-2\data\detected_faces\05_AN_uj\05_AN_uj_052.jpg,0.9630743861198425,486,84,546,690,666,376,928,380,798,522,664,632,892,632
05_AN_uj,05_AN_uj_053.jpg,5,Anger,C:\Users\kundu\OneDrive\Desktop\KMU-FED-2\data\detected_faces\05_AN_uj\05_AN_uj_053.jpg,0.9976341724395752,474,100,542,680,664,366,910,366,790,516,672,624,874,624
05_AN_uj,05_AN_uj_054.jpg,5,Anger,C:\Users\kundu\OneDrive\Desktop\KMU-FED-2\data\detected_faces\05_AN_uj\05_AN_uj_054.jpg,0.9895350337028503,488,98,554,692,658,368,920,386,780,532,648,630,880,644
05_AN_uj,05_AN_uj_055.jpg,5,Anger,C:\Users\kundu\OneDrive\Desktop\KMU-FED-2\data\detected_faces\05_AN_uj\05_AN_uj_055.jpg,0.992874264717102,486,92,556,692,656,364,916,382,778,528,644,626,870,640
05_AN_uj,05_AN_uj_056.jpg,5,Anger,C:\Users\kundu\OneDrive\Desktop\KMU-FED-2\data\detected_faces\05_AN_uj\05_AN_uj_056.jpg,0.9779963493347168,480,86,538,686,654,374,908,372,790,516,662,632,880,628
05_AN_uj,05_AN_uj_057.jpg,5,Anger,C:\Users\kundu\OneDrive\Desktop\KMU-FED-2\data\detected_faces\05_AN_uj\05_AN_uj_057.jpg,0.997093915939331,476,80,560,706,646,368,908,378,764,518,638,630,860,640
05_AN_uj,05_AN_uj_058.jpg,5,Anger,C:\Users\kundu\OneDrive\Desktop\KMU-FED-2\data\detected_faces\05_AN_uj\05_AN_uj_058.jpg,0.9702240824699402,472,82,548,712,646,370,908,378,766,520,634,636,864,642
05_AN_uj,05_AN_uj_059.jpg,5,Anger,C:\Users\kundu\OneDrive\Desktop\KMU-FED-2\data\detected_faces\05_AN_uj\05_AN_uj_059.jpg,0.993915855884552,468,74,560,710,636,370,898,376,750,516,630,632,856,638
05_AN_uj,05_AN_uj_060.jpg,5,Anger,C:\Users\kundu\OneDrive\Desktop\KMU-FED-2\data\detected_faces\05_AN_uj\05_AN_uj_060.jpg,0.9820331931114197,470,70,552,724,628,374,892,378,738,520,618,640,848,640
05_DI_uj,05_DI_uj_031.jpg,5,Disgust,C:\Users\kundu\OneDrive\Desktop\KMU-FED-2\data\detected_faces\05_DI_uj\05_DI_uj_031.jpg,0.9883347749710083,482,58,606,840,674,380,974,410,818,574,670,724,914,744
05_DI_uj,05_DI_uj_032.jpg,5,Disgust,C:\Users\kundu\OneDrive\Desktop\KMU-FED-2\data\detected_faces\05_DI_uj\05_DI_uj_032.jpg,0.9875105619430542,484,58,600,840,676,380,970,402,824,564,678,718,922,734
05_DI_uj,05_DI_uj_033.jpg,5,Disgust,C:\Users\kundu\OneDrive\Desktop\KMU-FED-2\data\detected_faces\05_DI_uj\05_DI_uj_033.jpg,0.9934074878692627,502,68,598,838,692,378,986,406,846,546,694,712,946,732
05_DI_uj,05_DI_uj_034.jpg,5,Disgust,C:\Users\kundu\OneDrive\Desktop\KMU-FED-2\data\detected_faces\05_DI_uj\05_DI_uj_034.jpg,0.9915730953216553,498,78,590,818,686,384,974,414,824,572,672,714,914,738
05_DI_uj,05_DI_uj_035.jpg,5,Disgust,C:\Users\kundu\OneDrive\Desktop\KMU-FED-2\data\detected_faces\05_DI_uj\05_DI_uj_035.jpg,0.9845801591873169,504,78,586,826,696,384,988,418,842,568,688,716,934,740
05_DI_uj,05_DI_uj_036.jpg,5,Disgust,C:\Users\kundu\OneDrive\Desktop\KMU-FED-2\data\detected_faces\05_DI_uj\05_DI_uj_036.jpg,0.9879506826400757,506,74,590,824,696,384,990,420,840,568,688,712,934,738
05_DI_uj,05_DI_uj_037.jpg,5,Disgust,C:\Users\kundu\OneDrive\Desktop\KMU-FED-2\data\detected_faces\05_DI_uj\05_DI_uj_037.jpg,0.9789364337921143,520,78,576,808,704,380,988,408,850,550,702,702,944,724
05_DI_uj,05_DI_uj_038.jpg,5,Disgust,C:\Users\kundu\OneDrive\Desktop\KMU-FED-2\data\detected_faces\05_DI_uj\05_DI_uj_038.jpg,0.9546453356742859,522,58,592,840,728,374,1012,406,886,544,726,706,966,730
05_DI_uj,05_DI_uj_039.jpg,5,Disgust,C:\Users\kundu\OneDrive\Desktop\KMU-FED-2\data\detected_faces\05_DI_uj\05_DI_uj_039.jpg,0.9571326375007629,544,74,566,824,756,378,1016,402,910,542,746,696,964,718
05_DI_uj,05_DI_uj_040.jpg,5,Disgust,C:\Users\kundu\OneDrive\Desktop\KMU-FED-2\data\detected_faces\05_DI_uj\05_DI_uj_040.jpg,0.9774352312088013,516,108,568,754,694,382,972,418,818,552,674,692,902,718
05_FE_uj,05_FE_uj_081.jpg,5,Fear,C:\Users\kundu\OneDrive\Desktop\KMU-FED-2\data\detected_faces\05_FE_uj\05_FE_uj_081.jpg,0.9963235855102539,458,0,620,828,644,284,934,316,770,482,626,610,888,634
05_FE_uj,05_FE_uj_082.jpg,5,Fear,C:\Users\kundu\OneDrive\Desktop\KMU-FED-2\data\detected_faces\05_FE_uj\05_FE_uj_082.jpg,0.9941335320472717,464,0,608,804,646,282,932,314,768,462,622,592,884,618
05_FE_uj,05_FE_uj_083.jpg,5,Fear,C:\Users\kundu\OneDrive\Desktop\KMU-FED-2\data\detected_faces\05_FE_uj\05_FE_uj_083.jpg,0.9967952370643616,456,0,610,808,642,282,930,312,768,472,622,596,880,620
05_FE_uj,05_FE_uj_084.jpg,5,Fear,C:\Users\kundu\OneDrive\Desktop\KMU-FED-2\data\detected_faces\05_FE_uj\05_FE_uj_084.jpg,0.9960253238677979,456,0,612,810,640,282,930,312,768,474,624,600,886,620
05_FE_uj,05_FE_uj_085.jpg,5,Fear,C:\Users\kundu\OneDrive\Desktop\KMU-FED-2\data\detected_faces\05_FE_uj\05_FE_uj_085.jpg,0.9972957968711853,460,2,600,804,642,286,926,314,772,478,626,596,886,618
05_FE_uj,05_FE_uj_086.jpg,5,Fear,C:\Users\kundu\OneDrive\Desktop\KMU-FED-2\data\detected_faces\05_FE_uj\05_FE_uj_086.jpg,0.996881365776062,462,10,598,796,642,288,924,316,770,476,628,600,882,620
05_FE_uj,05_FE_uj_087.jpg,5,Fear,C:\Users\kundu\OneDrive\Desktop\KMU-FED-2\data\detected_faces\05_FE_uj\05_FE_uj_087.jpg,0.9970815777778625,458,4,604,794,642,288,926,312,770,474,628,596,884,614
05_FE_uj,05_FE_uj_088.jpg,5,Fear,C:\Users\kundu\OneDrive\Desktop\KMU-FED-2\data\detected_faces\05_FE_uj\05_FE_uj_088.jpg,0.9814029932022095,466,24,602,766,644,278,930,308,772,462,622,592,880,612
05_FE_uj,05_FE_uj_089.jpg,5,Fear,C:\Users\kundu\OneDrive\Desktop\KMU-FED-2\data\detected_faces\05_FE_uj\05_FE_uj_089.jpg,0.9840733408927917,472,2,588,790,648,282,932,312,764,474,630,594,884,616
05_FE_uj,05_FE_uj_090.jpg,5,Fear,C:\Users\kundu\OneDrive\Desktop\KMU-FED-2\data\detected_faces\05_FE_uj\05_FE_uj_090.jpg,0.9885572195053101,464,0,598,792,648,284,934,304,774,466,632,596,890,610
05_FE_uj,05_FE_uj_091.jpg,5,Fear,C:\Users\kundu\OneDrive\Desktop\KMU-FED-2\data\detected_faces\05_FE_uj\05_FE_uj_091.jpg,0.9954565763473511,478,52,570,740,670,312,938,342,800,472,656,602,890,626
05_FE_uj,05_FE_uj_092.jpg,5,Fear,C:\Users\kundu\OneDrive\Desktop\KMU-FED-2\data\detected_faces\05_FE_uj\05_FE_uj_092.jpg,0.9900376796722412,484,44,568,754,668,310,932,340,792,474,654,602,886,624
05_FE_uj,05_FE_uj_093.jpg,5,Fear,C:\Users\kundu\OneDrive\Desktop\KMU-FED-2\data\detected_faces\05_FE_uj\05_FE_uj_093.jpg,0.9929047226905823,474,28,584,778,660,310,932,338,792,484,652,608,888,628
05_FE_uj,05_FE_uj_094.jpg,5,Fear,C:\Users\kundu\OneDrive\Desktop\KMU-FED-2\data\detected_faces\05_FE_uj\05_FE_uj_094.jpg,0.9909235835075378,476,30,578,772,664,314,934,342,798,484,650,604,892,624
05_FE_uj,05_FE_uj_095.jpg,5,Fear,C:\Users\kundu\OneDrive\Desktop\KMU-FED-2\data\detected_faces\05_FE_uj\05_FE_uj_095.jpg,0.9912415742874146,478,36,578,764,664,312,934,342,796,486,650,604,892,626
05_FE_uj,05_FE_uj_096.jpg,5,Fear,C:\Users\kundu\OneDrive\Desktop\KMU-FED-2\data\detected_faces\05_FE_uj\05_FE_uj_096.jpg,0.9905879497528076,482,46,568,756,662,312,930,338,794,484,654,608,890,626
05_FE_uj,05_FE_uj_097.jpg,5,Fear,C:\Users\kundu\OneDrive\Desktop\KMU-FED-2\data\detected_faces\05_FE_uj\05_FE_uj_097.jpg,0.9917776584625244,478,46,580,754,662,316,932,338,792,484,652,606,896,622
05_FE_uj,05_FE_uj_098.jpg,5,Fear,C:\Users\kundu\OneDrive\Desktop\KMU-FED-2\data\detected_faces\05_FE_uj\05_FE_uj_098.jpg,0.9911234378814697,482,40,576,764,664,318,930,340,792,486,652,608,892,624
05_FE_uj,05_FE_uj_099.jpg,5,Fear,C:\Users\kundu\OneDrive\Desktop\KMU-FED-2\data\detected_faces\05_FE_uj\05_FE_uj_099.jpg,0.9904540777206421,478,46,578,760,664,318,930,338,792,486,652,604,896,620
05_FE_uj,05_FE_uj_100.jpg,5,Fear,C:\Users\kundu\OneDrive\Desktop\KMU-FED-2\data\detected_faces\05_FE_uj\05_FE_uj_100.jpg,0.9871551990509033,482,54,568,754,664,322,926,344,790,490,654,606,900,622
05_HA_uj,05_HA_uj_071.jpg,5,Happiness,C:\Users\kundu\OneDrive\Desktop\KMU-FED-2\data\detected_faces\05_HA_uj\05_HA_uj_071.jpg,0.9994908571243286,272,20,638,802,448,328,736,336,570,522,446,600,726,610
05_HA_uj,05_HA_uj_072.jpg,5,Happiness,C:\Users\kundu\OneDrive\Desktop\KMU-FED-2\data\detected_faces\05_HA_uj\05_HA_uj_072.jpg,0.9996439218521118,296,24,626,794,468,324,752,338,588,520,456,594,734,610
05_HA_uj,05_HA_uj_073.jpg,5,Happiness,C:\Users\kundu\OneDrive\Desktop\KMU-FED-2\data\detected_faces\05_HA_uj\05_HA_uj_073.jpg,0.9974752068519592,302,18,626,794,480,318,768,342,602,514,466,592,746,614
05_HA_uj,05_HA_uj_074.jpg,5,Happiness,C:\Users\kundu\OneDrive\Desktop\KMU-FED-2\data\detected_faces\05_HA_uj\05_HA_uj_074.jpg,0.9985063672065735,310,10,632,810,490,314,776,338,612,510,476,588,756,612
05_HA_uj,05_HA_uj_075.jpg,5,Happiness,C:\Users\kundu\OneDrive\Desktop\KMU-FED-2\data\detected_faces\05_HA_uj\05_HA_uj_075.jpg,0.9996139407157898,308,40,624,772,498,318,796,324,628,516,496,592,774,606
05_HA_uj,05_HA_uj_076.jpg,5,Happiness,C:\Users\kundu\OneDrive\Desktop\KMU-FED-2\data\detected_faces\05_HA_uj\05_HA_uj_076.jpg,0.9990246295928955,358,14,622,804,528,318,810,342,646,514,510,588,786,612
05_HA_uj,05_HA_uj_077.jpg,5,Happiness,C:\Users\kundu\OneDrive\Desktop\KMU-FED-2\data\detected_faces\05_HA_uj\05_HA_uj_077.jpg,0.9986875653266907,352,0,628,808,532,316,824,342,660,522,516,594,788,616
05_HA_uj,05_HA_uj_078.jpg,5,Happiness,C:\Users\kundu\OneDrive\Desktop\KMU-FED-2\data\detected_faces\05_HA_uj\05_HA_uj_078.jpg,0.9971812963485718,362,14,620,800,536,322,820,350,654,520,514,592,790,620
05_HA_uj,05_HA_uj_079.jpg,5,Happiness,C:\Users\kundu\OneDrive\Desktop\KMU-FED-2\data\detected_faces\05_HA_uj\05_HA_uj_079.jpg,0.9977078437805176,362,18,616,798,536,328,814,350,654,518,524,596,790,618
05_HA_uj,05_HA_uj_080.jpg,5,Happiness,C:\Users\kundu\OneDrive\Desktop\KMU-FED-2\data\detected_faces\05_HA_uj\05_HA_uj_080.jpg,0.9948322772979736,366,16,610,782,536,320,820,352,656,522,516,588,786,616
05_HA_uj,05_HA_uj_087.jpg,5,Happiness,C:\Users\kundu\OneDrive\Desktop\KMU-FED-2\data\detected_faces\05_HA_uj\05_HA_uj_087.jpg,0.9234277606010437,405,662,19,21,410,668,418,668,413,673,410,677,416,678
05_HA_uj,05_HA_uj_090.jpg,5,Happiness,C:\Users\kundu\OneDrive\Desktop\KMU-FED-2\data\detected_faces\05_HA_uj\05_HA_uj_090.jpg,0.8484708070755005,408,662,21,24,414,668,423,668,418,673,413,678,420,679
05_SA_uj,05_SA_uj_051.jpg,5,Sadness,C:\Users\kundu\OneDrive\Desktop\KMU-FED-2\data\detected_faces\05_SA_uj\05_SA_uj_051.jpg,0.9974597096443176,460,14,568,762,628,288,896,306,748,450,636,606,852,614
05_SA_uj,05_SA_uj_052.jpg,5,Sadness,C:\Users\kundu\OneDrive\Desktop\KMU-FED-2\data\detected_faces\05_SA_uj\05_SA_uj_052.jpg,0.997386634349823,458,12,570,764,628,290,896,306,750,450,636,608,854,612
05_SA_uj,05_SA_uj_053.jpg,5,Sadness,C:\Users\kundu\OneDrive\Desktop\KMU-FED-2\data\detected_faces\05_SA_uj\05_SA_uj_053.jpg,0.9958710074424744,454,12,568,766,628,290,896,304,752,448,636,608,852,612
05_SA_uj,05_SA_uj_054.jpg,5,Sadness,C:\Users\kundu\OneDrive\Desktop\KMU-FED-2\data\detected_faces\05_SA_uj\05_SA_uj_054.jpg,0.9954676628112793,450,8,574,768,626,288,896,302,750,446,636,606,854,608
05_SA_uj,05_SA_uj_055.jpg,5,Sadness,C:\Users\kundu\OneDrive\Desktop\KMU-FED-2\data\detected_faces\05_SA_uj\05_SA_uj_055.jpg,0.997081458568573,458,14,566,764,632,292,898,306,750,450,638,608,858,612
05_SA_uj,05_SA_uj_056.jpg,5,Sadness,C:\Users\kundu\OneDrive\Desktop\KMU-FED-2\data\detected_faces\05_SA_uj\05_SA_uj_056.jpg,0.9977850914001465,454,6,586,780,632,292,904,306,754,450,638,610,860,614
05_SA_uj,05_SA_uj_057.jpg,5,Sadness,C:\Users\kundu\OneDrive\Desktop\KMU-FED-2\data\detected_faces\05_SA_uj\05_SA_uj_057.jpg,0.9959396123886108,464,14,578,770,638,292,910,308,758,452,642,612,864,618
05_SA_uj,05_SA_uj_058.jpg,5,Sadness,C:\Users\kundu\OneDrive\Desktop\KMU-FED-2\data\detected_faces\05_SA_uj\05_SA_uj_058.jpg,0.9956106543540955,468,12,574,770,644,290,914,306,768,450,646,610,866,616
05_SA_uj,05_SA_uj_059.jpg,5,Sadness,C:\Users\kundu\OneDrive\Desktop\KMU-FED-2\data\detected_faces\05_SA_uj\05_SA_uj_059.jpg,0.9973942041397095,468,40,570,730,648,298,918,310,776,448,658,596,880,604
05_SA_uj,05_SA_uj_060.jpg,5,Sadness,C:\Users\kundu\OneDrive\Desktop\KMU-FED-2\data\detected_faces\05_SA_uj\05_SA_uj_060.jpg,0.9949565529823303,480,12,570,770,654,286,922,304,778,444,658,602,872,612
05_SA_uj,05_SA_uj_061.jpg,5,Sadness,C:\Users\kundu\OneDrive\Desktop\KMU-FED-2\data\detected_faces\05_SA_uj\05_SA_uj_061.jpg,0.9963556528091431,524,8,574,746,710,272,974,288,842,418,712,566,934,582
05_SA_uj,05_SA_uj_062.jpg,5,Sadness,C:\Users\kundu\OneDrive\Desktop\KMU-FED-2\data\detected_faces\05_SA_uj\05_SA_uj_062.jpg,0.9964509010314941,526,14,564,730,706,266,978,286,840,408,710,556,932,576
05_SA_uj,05_SA_uj_063.jpg,5,Sadness,C:\Users\kundu\OneDrive\Desktop\KMU-FED-2\data\detected_faces\05_SA_uj\05_SA_uj_063.jpg,0.9961708188056946,520,16,566,722,702,266,974,286,838,402,706,554,930,572
05_SA_uj,05_SA_uj_064.jpg,5,Sadness,C:\Users\kundu\OneDrive\Desktop\KMU-FED-2\data\detected_faces\05_SA_uj\05_SA_uj_064.jpg,0.9964242577552795,518,10,568,734,702,266,972,286,836,408,704,558,928,576
05_SA_uj,05_SA_uj_065.jpg,5,Sadness,C:\Users\kundu\OneDrive\Desktop\KMU-FED-2\data\detected_faces\05_SA_uj\05_SA_uj_065.jpg,0.9967942833900452,518,6,572,740,702,264,974,284,840,412,704,562,930,580
05_SA_uj,05_SA_uj_066.jpg,5,Sadness,C:\Users\kundu\OneDrive\Desktop\KMU-FED-2\data\detected_faces\05_SA_uj\05_SA_uj_066.jpg,0.9978546500205994,522,12,566,732,702,266,972,286,836,410,704,558,928,576
05_SA_uj,05_SA_uj_067.jpg,5,Sadness,C:\Users\kundu\OneDrive\Desktop\KMU-FED-2\data\detected_faces\05_SA_uj\05_SA_uj_067.jpg,0.9973255395889282,522,18,566,724,704,266,976,288,836,412,706,558,928,578
05_SA_uj,05_SA_uj_068.jpg,5,Sadness,C:\Users\kundu\OneDrive\Desktop\KMU-FED-2\data\detected_faces\05_SA_uj\05_SA_uj_068.jpg,0.9960934519767761,524,10,572,744,710,272,976,294,846,422,710,562,934,582
05_SA_uj,05_SA_uj_069.jpg,5,Sadness,C:\Users\kundu\OneDrive\Desktop\KMU-FED-2\data\detected_faces\05_SA_uj\05_SA_uj_069.jpg,0.9970535039901733,528,14,572,744,712,278,976,298,846,428,714,570,936,588
05_SA_uj,05_SA_uj_070.jpg,5,Sadness,C:\Users\kundu\OneDrive\Desktop\KMU-FED-2\data\detected_faces\05_SA_uj\05_SA_uj_070.jpg,0.996376097202301,534,20,566,736,716,284,980,308,846,432,716,574,936,594
05_SU_uj,05_SU_uj_061.jpg,5,Surprise,C:\Users\kundu\OneDrive\Desktop\KMU-FED-2\data\detected_faces\05_SU_uj\05_SU_uj_061.jpg,0.9890379905700684,482,0,596,796,664,256,942,262,814,408,688,602,904,608
05_SU_uj,05_SU_uj_062.jpg,5,Surprise,C:\Users\kundu\OneDrive\Desktop\KMU-FED-2\data\detected_faces\05_SU_uj\05_SU_uj_062.jpg,0.9675577878952026,486,12,578,770,668,258,938,270,816,404,686,598,896,602
05_SU_uj,05_SU_uj_063.jpg,5,Surprise,C:\Users\kundu\OneDrive\Desktop\KMU-FED-2\data\detected_faces\05_SU_uj\05_SU_uj_063.jpg,0.977805495262146,492,12,572,772,668,264,940,286,796,410,676,598,874,614
05_SU_uj,05_SU_uj_064.jpg,5,Surprise,C:\Users\kundu\OneDrive\Desktop\KMU-FED-2\data\detected_faces\05_SU_uj\05_SU_uj_064.jpg,0.978580892086029,488,12,574,770,668,262,938,284,798,410,678,598,874,614
05_SU_uj,05_SU_uj_065.jpg,5,Surprise,C:\Users\kundu\OneDrive\Desktop\KMU-FED-2\data\detected_faces\05_SU_uj\05_SU_uj_065.jpg,0.9824895858764648,482,16,580,772,668,260,942,284,804,412,680,602,882,620
05_SU_uj,05_SU_uj_066.jpg,5,Surprise,C:\Users\kundu\OneDrive\Desktop\KMU-FED-2\data\detected_faces\05_SU_uj\05_SU_uj_066.jpg,0.9808305501937866,482,14,572,768,664,260,934,286,798,412,672,598,876,616
05_SU_uj,05_SU_uj_067.jpg,5,Surprise,C:\Users\kundu\OneDrive\Desktop\KMU-FED-2\data\detected_faces\05_SU_uj\05_SU_uj_067.jpg,0.9830406308174133,484,6,578,778,660,258,930,282,794,410,670,602,874,620
05_SU_uj,05_SU_uj_068.jpg,5,Surprise,C:\Users\kundu\OneDrive\Desktop\KMU-FED-2\data\detected_faces\05_SU_uj\05_SU_uj_068.jpg,0.9952389001846313,476,0,598,820,656,258,938,276,804,422,666,606,898,620
05_SU_uj,05_SU_uj_069.jpg,5,Surprise,C:\Users\kundu\OneDrive\Desktop\KMU-FED-2\data\detected_faces\05_SU_uj\05_SU_uj_069.jpg,0.9869144558906555,484,16,584,752,660,258,934,282,796,408,662,598,880,612
05_SU_uj,05_SU_uj_070.jpg,5,Surprise,C:\Users\kundu\OneDrive\Desktop\KMU-FED-2\data\detected_faces\05_SU_uj\05_SU_uj_070.jpg,0.996344268321991,486,0,602,806,698,254,968,278,848,440,678,598,910,612
05_SU_uj,05_SU_uj_075.jpg,5,Surprise,C:\Users\kundu\OneDrive\Desktop\KMU-FED-2\data\detected_faces\05_SU_uj\05_SU_uj_075.jpg,0.9946394562721252,504,22,594,828,688,294,970,318,822,470,702,646,906,664
05_SU_uj,05_SU_uj_076.jpg,5,Surprise,C:\Users\kundu\OneDrive\Desktop\KMU-FED-2\data\detected_faces\05_SU_uj\05_SU_uj_076.jpg,0.9948405623435974,514,30,590,822,694,296,976,318,826,472,710,644,910,662
05_SU_uj,05_SU_uj_077.jpg,5,Surprise,C:\Users\kundu\OneDrive\Desktop\KMU-FED-2\data\detected_faces\05_SU_uj\05_SU_uj_077.jpg,0.9916890263557434,514,14,596,834,700,300,982,322,830,478,714,648,918,670
05_SU_uj,05_SU_uj_078.jpg,5,Surprise,C:\Users\kundu\OneDrive\Desktop\KMU-FED-2\data\detected_faces\05_SU_uj\05_SU_uj_078.jpg,0.9909528493881226,518,12,594,834,700,300,980,322,832,480,714,650,918,666
06_AN_dy,06_AN_dy_061.jpg,6,Anger,C:\Users\kundu\OneDrive\Desktop\KMU-FED-2\data\detected_faces\06_AN_dy\06_AN_dy_061.jpg,0.9942943453788757,600,116,494,608,744,326,980,338,852,438,752,570,948,578
06_AN_dy,06_AN_dy_062.jpg,6,Anger,C:\Users\kundu\OneDrive\Desktop\KMU-FED-2\data\detected_faces\06_AN_dy\06_AN_dy_062.jpg,0.9990860223770142,588,116,522,634,740,328,970,336,852,444,748,578,942,586
06_AN_dy,06_AN_dy_063.jpg,6,Anger,C:\Users\kundu\OneDrive\Desktop\KMU-FED-2\data\detected_faces\06_AN_dy\06_AN_dy_063.jpg,0.999313235282898,586,122,520,636,740,336,968,344,854,450,750,580,946,590
06_AN_dy,06_AN_dy_064.jpg,6,Anger,C:\Users\kundu\OneDrive\Desktop\KMU-FED-2\data\detected_faces\06_AN_dy\06_AN_dy_064.jpg,0.9990043044090271,586,124,518,634,746,342,970,346,864,452,760,584,948,590
06_AN_dy,06_AN_dy_065.jpg,6,Anger,C:\Users\kundu\OneDrive\Desktop\KMU-FED-2\data\detected_faces\06_AN_dy\06_AN_dy_065.jpg,0.9990772008895874,600,122,508,624,748,336,980,338,862,448,758,580,954,588
06_AN_dy,06_AN_dy_066.jpg,6,Anger,C:\Users\kundu\OneDrive\Desktop\KMU-FED-2\data\detected_faces\06_AN_dy\06_AN_dy_066.jpg,0.9995598196983337,590,120,526,636,746,334,978,346,856,448,748,580,948,596
06_AN_dy,06_AN_dy_067.jpg,6,Anger,C:\Users\kundu\OneDrive\Desktop\KMU-FED-2\data\detected_faces\06_AN_dy\06_AN_dy_067.jpg,0.9975173473358154,602,118,500,620,752,330,982,344,862,444,758,568,954,582
06_AN_dy,06_AN_dy_068.jpg,6,Anger,C:\Users\kundu\OneDrive\Desktop\KMU-FED-2\data\detected_faces\06_AN_dy\06_AN_dy_068.jpg,0.9956218600273132,608,124,490,610,754,328,986,344,862,438,760,572,948,584
06_AN_dy,06_AN_dy_069.jpg,6,Anger,C:\Users\kundu\OneDrive\Desktop\KMU-FED-2\data\detected_faces\06_AN_dy\06_AN_dy_069.jpg,0.9996675252914429,616,130,498,606,764,338,992,346,872,448,768,574,964,586
06_AN_dy,06_AN_dy_070.jpg,6,Anger,C:\Users\kundu\OneDrive\Desktop\KMU-FED-2\data\detected_faces\06_AN_dy\06_AN_dy_070.jpg,0.9996639490127563,616,128,496,612,762,338,990,346,870,446,768,576,960,586
06_AN_dy,06_AN_dy_071.jpg,6,Anger,C:\Users\kundu\OneDrive\Desktop\KMU-FED-2\data\detected_faces\06_AN_dy\06_AN_dy_071.jpg,0.9959753155708313,498,120,506,626,656,344,888,352,768,472,660,590,860,594
06_AN_dy,06_AN_dy_072.jpg,6,Anger,C:\Users\kundu\OneDrive\Desktop\KMU-FED-2\data\detected_faces\06_AN_dy\06_AN_dy_072.jpg,0.9934578537940979,496,124,500,618,648,342,882,348,760,466,654,584,852,588
06_AN_dy,06_AN_dy_073.jpg,6,Anger,C:\Users\kundu\OneDrive\Desktop\KMU-FED-2\data\detected_faces\06_AN_dy\06_AN_dy_073.jpg,0.9943153262138367,484,116,506,620,642,340,874,342,756,464,648,580,850,580
06_AN_dy,06_AN_dy_074.jpg,6,Anger,C:\Users\kundu\OneDrive\Desktop\KMU-FED-2\data\detected_faces\06_AN_dy\06_AN_dy_074.jpg,0.9955030083656311,480,122,506,622,636,346,868,344,750,468,648,584,852,580
06_AN_dy,06_AN_dy_075.jpg,6,Anger,C:\Users\kundu\OneDrive\Desktop\KMU-FED-2\data\detected_faces\06_AN_dy\06_AN_dy_075.jpg,0.9939991235733032,478,118,512,628,634,344,868,340,750,468,650,586,850,584
06_AN_dy,06_AN_dy_076.jpg,6,Anger,C:\Users\kundu\OneDrive\Desktop\KMU-FED-2\data\detected_faces\06_AN_dy\06_AN_dy_076.jpg,0.9938219785690308,488,122,494,612,642,342,872,342,762,466,660,584,854,580
06_AN_dy,06_AN_dy_077.jpg,6,Anger,C:\Users\kundu\OneDrive\Desktop\KMU-FED-2\data\detected_faces\06_AN_dy\06_AN_dy_077.jpg,0.9984166622161865,486,114,514,636,638,344,878,340,764,470,654,590,872,584
06_AN_dy,06_AN_dy_078.jpg,6,Anger,C:\Users\kundu\OneDrive\Desktop\KMU-FED-2\data\detected_faces\06_AN_dy\06_AN_dy_078.jpg,0.9968698620796204,504,128,490,610,650,342,884,344,768,466,664,594,858,594
06_AN_dy,06_AN_dy_079.jpg,6,Anger,C:\Users\kundu\OneDrive\Desktop\KMU-FED-2\data\detected_faces\06_AN_dy\06_AN_dy_079.jpg,0.9955982565879822,516,128,488,608,660,340,892,342,776,458,672,584,868,582
06_AN_dy,06_AN_dy_080.jpg,6,Anger,C:\Users\kundu\OneDrive\Desktop\KMU-FED-2\data\detected_faces\06_AN_dy\06_AN_dy_080.jpg,0.999007523059845,522,144,482,592,668,352,898,352,780,460,676,580,872,584
06_DI_dy,06_DI_dy_051.jpg,6,Disgust,C:\Users\kundu\OneDrive\Desktop\KMU-FED-2\data\detected_faces\06_DI_dy\06_DI_dy_051.jpg,0.9983394145965576,456,116,516,626,606,350,838,346,716,472,616,588,820,588
06_DI_dy,06_DI_dy_052.jpg,6,Disgust,C:\Users\kundu\OneDrive\Desktop\KMU-FED-2\data\detected_faces\06_DI_dy\06_DI_dy_052.jpg,0.9971761703491211,462,118,512,626,612,350,846,342,726,474,628,588,832,582
06_DI_dy,06_DI_dy_053.jpg,6,Disgust,C:\Users\kundu\OneDrive\Desktop\KMU-FED-2\data\detected_faces\06_DI_dy\06_DI_dy_053.jpg,0.9954915642738342,470,122,504,618,624,346,858,346,734,474,634,588,836,588
06_DI_dy,06_DI_dy_054.jpg,6,Disgust,C:\Users\kundu\OneDrive\Desktop\KMU-FED-2\data\detected_faces\06_DI_dy\06_DI_dy_054.jpg,0.9965343475341797,488,118,500,624,638,344,868,346,748,474,650,586,848,586
06_DI_dy,06_DI_dy_055.jpg,6,Disgust,C:\Users\kundu\OneDrive\Desktop\KMU-FED-2\data\detected_faces\06_DI_dy\06_DI_dy_055.jpg,0.995674192905426,506,132,486,602,652,340,884,344,768,462,666,578,862,582
06_DI_dy,06_DI_dy_056.jpg,6,Disgust,C:\Users\kundu\OneDrive\Desktop\KMU-FED-2\data\detected_faces\06_DI_dy\06_DI_dy_056.jpg,0.9969018697738647,514,134,486,604,664,340,896,346,780,464,678,576,872,582
06_DI_dy,06_DI_dy_057.jpg,6,Disgust,C:\Users\kundu\OneDrive\Desktop\KMU-FED-2\data\detected_faces\06_DI_dy\06_DI_dy_057.jpg,0.9968957901000977,532,130,488,598,686,336,918,346,800,460,692,572,888,582
06_DI_dy,06_DI_dy_058.jpg,6,Disgust,C:\Users\kundu\OneDrive\Desktop\KMU-FED-2\data\detected_faces\06_DI_dy\06_DI_dy_058.jpg,0.9931125044822693,532,130,484,600,686,334,914,348,796,458,686,568,878,580
06_DI_dy,06_DI_dy_059.jpg,6,Disgust,C:\Users\kundu\OneDrive\Desktop\KMU-FED-2\data\detected_faces\06_DI_dy\06_DI_dy_059.jpg,0.9938780665397644,532,134,480,596,684,336,910,348,794,458,686,570,874,580
06_DI_dy,06_DI_dy_060.jpg,6,Disgust,C:\Users\kundu\OneDrive\Desktop\KMU-FED-2\data\detected_faces\06_DI_dy\06_DI_dy_060.jpg,0.9928429126739502,522,130,486,600,674,336,904,348,784,458,676,566,868,578
06_DI_dy,06_DI_dy_061.jpg,6,Disgust,C:\Users\kundu\OneDrive\Desktop\KMU-FED-2\data\detected_faces\06_DI_dy\06_DI_dy_061.jpg,0.9969677329063416,486,122,500,594,616,338,846,322,716,440,642,572,832,556
06_DI_dy,06_DI_dy_062.jpg,6,Disgust,C:\Users\kundu\OneDrive\Desktop\KMU-FED-2\data\detected_faces\06_DI_dy\06_DI_dy_062.jpg,0.9975184202194214,486,122,498,592,618,338,846,320,720,442,644,570,838,554
06_DI_dy,06_DI_dy_063.jpg,6,Disgust,C:\Users\kundu\OneDrive\Desktop\KMU-FED-2\data\detected_faces\06_DI_dy\06_DI_dy_063.jpg,0.9993442893028259,508,134,496,594,642,350,868,336,744,456,666,584,856,568
06_DI_dy,06_DI_dy_064.jpg,6,Disgust,C:\Users\kundu\OneDrive\Desktop\KMU-FED-2\data\detected_faces\06_DI_dy\06_DI_dy_064.jpg,0.99947589635849,514,140,498,596,650,352,878,342,754,460,672,584,868,572
06_DI_dy,06_DI_dy_065.jpg,6,Disgust,C:\Users\kundu\OneDrive\Desktop\KMU-FED-2\data\detected_faces\06_DI_dy\06_DI_dy_065.jpg,0.9989743232727051,510,138,500,608,650,350,884,342,756,468,670,594,868,582
06_DI_dy,06_DI_dy_066.jpg,6,Disgust,C:\Users\kundu\OneDrive\Desktop\KMU-FED-2\data\detected_faces\06_DI_dy\06_DI_dy_066.jpg,0.9974660873413086,506,138,496,608,642,350,874,342,744,468,660,594,854,586
06_DI_dy,06_DI_dy_067.jpg,6,Disgust,C:\Users\kundu\OneDrive\Desktop\KMU-FED-2\data\detected_faces\06_DI_dy\06_DI_dy_067.jpg,0.9977315068244934,502,136,502,616,640,350,874,342,744,470,660,596,858,588
06_DI_dy,06_DI_dy_068.jpg,6,Disgust,C:\Users\kundu\OneDrive\Desktop\KMU-FED-2\data\detected_faces\06_DI_dy\06_DI_dy_068.jpg,0.9976529479026794,504,138,494,610,640,350,872,344,744,474,658,596,852,590
06_DI_dy,06_DI_dy_069.jpg,6,Disgust,C:\Users\kundu\OneDrive\Desktop\KMU-FED-2\data\detected_faces\06_DI_dy\06_DI_dy_069.jpg,0.9973940849304199,494,130,504,620,640,350,874,350,742,478,652,592,854,590
06_DI_dy,06_DI_dy_070.jpg,6,Disgust,C:\Users\kundu\OneDrive\Desktop\KMU-FED-2\data\detected_faces\06_DI_dy\06_DI_dy_070.jpg,0.996349573135376,492,134,496,614,638,350,870,350,744,478,654,594,850,590
06_FE_dy,06_FE_dy_101.jpg,6,Fear,C:\Users\kundu\OneDrive\Desktop\KMU-FED-2\data\detected_faces\06_FE_dy\06_FE_dy_101.jpg,0.9993258714675903,552,96,530,640,708,316,956,310,828,414,726,570,936,568
06_FE_dy,06_FE_dy_102.jpg,6,Fear,C:\Users\kundu\OneDrive\Desktop\KMU-FED-2\data\detected_faces\06_FE_dy\06_FE_dy_102.jpg,0.9993069171905518,554,98,524,626,710,316,956,316,828,414,724,570,928,572
06_FE_dy,06_FE_dy_103.jpg,6,Fear,C:\Users\kundu\OneDrive\Desktop\KMU-FED-2\data\detected_faces\06_FE_dy\06_FE_dy_103.jpg,0.9990200996398926,564,100,516,628,714,312,956,314,830,408,728,566,928,570
06_FE_dy,06_FE_dy_104.jpg,6,Fear,C:\Users\kundu\OneDrive\Desktop\KMU-FED-2\data\detected_faces\06_FE_dy\06_FE_dy_104.jpg,0.9994794726371765,562,104,522,626,714,316,958,314,834,416,730,566,938,570
06_FE_dy,06_FE_dy_105.jpg,6,Fear,C:\Users\kundu\OneDrive\Desktop\KMU-FED-2\data\detected_faces\06_FE_dy\06_FE_dy_105.jpg,0.9996132254600525,560,106,522,628,714,316,958,314,834,418,726,568,936,572
06_FE_dy,06_FE_dy_106.jpg,6,Fear,C:\Users\kundu\OneDrive\Desktop\KMU-FED-2\data\detected_faces\06_FE_dy\06_FE_dy_106.jpg,0.9994834661483765,558,102,522,636,712,318,956,316,830,418,722,570,934,572
06_FE_dy,06_FE_dy_107.jpg,6,Fear,C:\Users\kundu\OneDrive\Desktop\KMU-FED-2\data\detected_faces\06_FE_dy\06_FE_dy_107.jpg,0.9992009997367859,562,98,512,628,712,312,952,314,828,412,724,566,924,570
06_FE_dy,06_FE_dy_108.jpg,6,Fear,C:\Users\kundu\OneDrive\Desktop\KMU-FED-2\data\detected_faces\06_FE_dy\06_FE_dy_108.jpg,0.9993444085121155,564,102,510,618,712,312,950,314,828,410,724,564,922,566
06_FE_dy,06_FE_dy_109.jpg,6,Fear,C:\Users\kundu\OneDrive\Desktop\KMU-FED-2\data\detected_faces\06_FE_dy\06_FE_dy_109.jpg,0.9992517828941345,564,104,512,618,712,316,952,314,830,416,726,566,928,568
06_FE_dy,06_FE_dy_110.jpg,6,Fear,C:\Users\kundu\OneDrive\Desktop\KMU-FED-2\data\detected_faces\06_FE_dy\06_FE_dy_110.jpg,0.999622106552124,564,104,508,614,714,314,954,314,834,416,726,562,928,566
06_FE_dy,06_FE_dy_111.jpg,6,Fear,C:\Users\kundu\OneDrive\Desktop\KMU-FED-2\data\detected_faces\06_FE_dy\06_FE_dy_111.jpg,0.9986926913261414,520,98,516,658,684,322,920,326,804,446,706,606,892,608
06_FE_dy,06_FE_dy_112.jpg,6,Fear,C:\Users\kundu\OneDrive\Desktop\KMU-FED-2\data\detected_faces\06_FE_dy\06_FE_dy_112.jpg,0.998608410358429,518,100,520,660,680,322,918,326,802,448,702,608,894,608
06_FE_dy,06_FE_dy_113.jpg,6,Fear,C:\Users\kundu\OneDrive\Desktop\KMU-FED-2\data\detected_faces\06_FE_dy\06_FE_dy_113.jpg,0.998461127281189,514,92,518,666,678,318,914,322,798,444,700,604,886,606
06_FE_dy,06_FE_dy_114.jpg,6,Fear,C:\Users\kundu\OneDrive\Desktop\KMU-FED-2\data\detected_faces\06_FE_dy\06_FE_dy_114.jpg,0.9961178302764893,518,100,508,662,678,318,914,322,796,430,700,602,884,604
06_FE_dy,06_FE_dy_115.jpg,6,Fear,C:\Users\kundu\OneDrive\Desktop\KMU-FED-2\data\detected_faces\06_FE_dy\06_FE_dy_115.jpg,0.9978944659233093,516,86,514,664,676,318,912,320,798,446,700,594,892,594
06_FE_dy,06_FE_dy_116.jpg,6,Fear,C:\Users\kundu\OneDrive\Desktop\KMU-FED-2\data\detected_faces\06_FE_dy\06_FE_dy_116.jpg,0.9981170892715454,514,96,516,664,678,318,914,322,798,440,702,606,886,606
06_FE_dy,06_FE_dy_117.jpg,6,Fear,C:\Users\kundu\OneDrive\Desktop\KMU-FED-2\data\detected_faces\06_FE_dy\06_FE_dy_117.jpg,0.9980342984199524,522,90,512,662,680,316,916,320,800,444,702,596,890,596
06_FE_dy,06_FE_dy_118.jpg,6,Fear,C:\Users\kundu\OneDrive\Desktop\KMU-FED-2\data\detected_faces\06_FE_dy\06_FE_dy_118.jpg,0.9971461892127991,522,88,512,662,678,318,918,320,802,434,704,588,892,590
06_FE_dy,06_FE_dy_119.jpg,6,Fear,C:\Users\kundu\OneDrive\Desktop\KMU-FED-2\data\detected_faces\06_FE_dy\06_FE_dy_119.jpg,0.9973312616348267,518,86,514,664,676,310,914,310,800,426,702,584,890,582
06_FE_dy,06_FE_dy_120.jpg,6,Fear,C:\Users\kundu\OneDrive\Desktop\KMU-FED-2\data\detected_faces\06_FE_dy\06_FE_dy_120.jpg,0.9979588985443115,524,90,510,660,684,316,920,318,806,440,706,592,896,594
06_HA_dy,06_HA_dy_091.jpg,6,Happiness,C:\Users\kundu\OneDrive\Desktop\KMU-FED-2\data\detected_faces\06_HA_dy\06_HA_dy_091.jpg,0.9804065227508545,464,62,586,716,650,338,916,312,804,500,660,590,918,562
06_HA_dy,06_HA_dy_092.jpg,6,Happiness,C:\Users\kundu\OneDrive\Desktop\KMU-FED-2\data\detected_faces\06_HA_dy\06_HA_dy_092.jpg,0.9951274394989014,460,40,582,708,646,318,906,294,794,484,658,572,910,548
06_HA_dy,06_HA_dy_093.jpg,6,Happiness,C:\Users\kundu\OneDrive\Desktop\KMU-FED-2\data\detected_faces\06_HA_dy\06_HA_dy_093.jpg,0.988090991973877,460,26,580,714,652,298,916,276,814,452,664,548,924,524
06_HA_dy,06_HA_dy_094.jpg,6,Happiness,C:\Users\kundu\OneDrive\Desktop\KMU-FED-2\data\detected_faces\06_HA_dy\06_HA_dy_094.jpg,0.9866054654121399,464,12,572,706,658,290,910,264,812,442,672,538,920,506
06_HA_dy,06_HA_dy_095.jpg,6,Happiness,C:\Users\kundu\OneDrive\Desktop\KMU-FED-2\data\detected_faces\06_HA_dy\06_HA_dy_095.jpg,0.9920060038566589,476,14,566,696,672,276,926,258,834,428,686,524,934,502
06_HA_dy,06_HA_dy_096.jpg,6,Happiness,C:\Users\kundu\OneDrive\Desktop\KMU-FED-2\data\detected_faces\06_HA_dy\06_HA_dy_096.jpg,0.9961972236633301,486,4,568,698,684,274,932,254,848,424,690,514,932,494
06_HA_dy,06_HA_dy_097.jpg,6,Happiness,C:\Users\kundu\OneDrive\Desktop\KMU-FED-2\data\detected_faces\06_HA_dy\06_HA_dy_097.jpg,0.9987887740135193,506,20,546,674,702,270,944,252,864,416,704,506,938,492
06_HA_dy,06_HA_dy_098.jpg,6,Happiness,C:\Users\kundu\OneDrive\Desktop\KMU-FED-2\data\detected_faces\06_HA_dy\06_HA_dy_098.jpg,0.9989559650421143,516,0,572,696,722,244,974,246,884,408,706,490,956,490
06_HA_dy,06_HA_dy_099.jpg,6,Happiness,C:\Users\kundu\OneDrive\Desktop\KMU-FED-2\data\detected_faces\06_HA_dy\06_HA_dy_099.jpg,0.9983357787132263,538,16,536,674,734,268,968,264,886,412,720,498,956,492
06_HA_dy,06_HA_dy_100.jpg,6,Happiness,C:\Users\kundu\OneDrive\Desktop\KMU-FED-2\data\detected_faces\06_HA_dy\06_HA_dy_100.jpg,0.99394291639328,538,20,546,680,748,266,984,268,904,408,726,504,962,502
06_HA_dy,06_HA_dy_101.jpg,6,Happiness,C:\Users\kundu\OneDrive\Desktop\KMU-FED-2\data\detected_faces\06_HA_dy\06_HA_dy_101.jpg,0.998073935508728,534,112,508,604,678,320,918,302,796,418,694,552,910,542
06_HA_dy,06_HA_dy_102.jpg,6,Happiness,C:\Users\kundu\OneDrive\Desktop\KMU-FED-2\data\detected_faces\06_HA_dy\06_HA_dy_102.jpg,0.9981923699378967,538,110,508,612,680,324,918,308,798,422,696,554,914,544
06_HA_dy,06_HA_dy_103.jpg,6,Happiness,C:\Users\kundu\OneDrive\Desktop\KMU-FED-2\data\detected_faces\06_HA_dy\06_HA_dy_103.jpg,0.9991605281829834,536,112,512,614,680,322,918,308,800,426,694,558,914,550
06_HA_dy,06_HA_dy_104.jpg,6,Happiness,C:\Users\kundu\OneDrive\Desktop\KMU-FED-2\data\detected_faces\06_HA_dy\06_HA_dy_104.jpg,0.996483325958252,544,88,512,626,696,312,926,306,804,422,700,550,918,542
06_HA_dy,06_HA_dy_105.jpg,6,Happiness,C:\Users\kundu\OneDrive\Desktop\KMU-FED-2\data\detected_faces\06_HA_dy\06_HA_dy_105.jpg,0.9990185499191284,544,88,516,618,700,312,930,308,812,428,702,552,922,546
06_HA_dy,06_HA_dy_106.jpg,6,Happiness,C:\Users\kundu\OneDrive\Desktop\KMU-FED-2\data\detected_faces\06_HA_dy\06_HA_dy_106.jpg,0.9980252981185913,564,110,492,600,704,318,934,316,814,424,706,546,920,544
06_HA_dy,06_HA_dy_107.jpg,6,Happiness,C:\Users\kundu\OneDrive\Desktop\KMU-FED-2\data\detected_faces\06_HA_dy\06_HA_dy_107.jpg,0.9997557997703552,568,110,504,590,710,318,944,310,820,430,714,544,936,542
06_HA_dy,06_HA_dy_108.jpg,6,Happiness,C:\Users\kundu\OneDrive\Desktop\KMU-FED-2\data\detected_faces\06_HA_dy\06_HA_dy_108.jpg,0.9960635304450989,578,116,478,586,724,316,948,322,828,426,720,542,930,546
06_HA_dy,06_HA_dy_109.jpg,6,Happiness,C:\Users\kundu\OneDrive\Desktop\KMU-FED-2\data\detected_faces\06_HA_dy\06_HA_dy_109.jpg,0.9927579164505005,576,98,502,618,726,310,958,314,832,432,724,550,946,550
06_HA_dy,06_HA_dy_110.jpg,6,Happiness,C:\Users\kundu\OneDrive\Desktop\KMU-FED-2\data\detected_faces\06_HA_dy\06_HA_dy_110.jpg,0.9945358037948608,582,102,498,612,738,312,968,320,844,428,730,544,944,550
06_SA_dy,06_SA_dy_071.jpg,6,Sadness,C:\Users\kundu\OneDrive\Desktop\KMU-FED-2\data\detected_faces\06_SA_dy\06_SA_dy_071.jpg,0.9995947480201721,516,86,532,672,682,332,936,328,820,452,702,604,914,606
06_SA_dy,06_SA_dy_072.jpg,6,Sadness,C:\Users\kundu\OneDrive\Desktop\KMU-FED-2\data\detected_faces\06_SA_dy\06_SA_dy_072.jpg,0.9965425133705139,534,108,508,656,682,318,926,320,806,430,708,592,898,594
06_SA_dy,06_SA_dy_073.jpg,6,Sadness,C:\Users\kundu\OneDrive\Desktop\KMU-FED-2\data\detected_faces\06_SA_dy\06_SA_dy_073.jpg,0.998076319694519,536,106,512,672,686,318,930,320,808,436,712,594,902,596
06_SA_dy,06_SA_dy_074.jpg,6,Sadness,C:\Users\kundu\OneDrive\Desktop\KMU-FED-2\data\detected_faces\06_SA_dy\06_SA_dy_074.jpg,0.9984366297721863,536,108,512,666,688,318,932,322,810,434,712,592,904,598
06_SA_dy,06_SA_dy_075.jpg,6,Sadness,C:\Users\kundu\OneDrive\Desktop\KMU-FED-2\data\detected_faces\06_SA_dy\06_SA_dy_075.jpg,0.9982712268829346,530,94,528,670,688,322,932,318,816,442,716,592,910,592
06_SA_dy,06_SA_dy_076.jpg,6,Sadness,C:\Users\kundu\OneDrive\Desktop\KMU-FED-2\data\detected_faces\06_SA_dy\06_SA_dy_076.jpg,0.9986434578895569,536,98,526,664,690,324,934,320,816,442,718,592,912,594
06_SA_dy,06_SA_dy_077.jpg,6,Sadness,C:\Users\kundu\OneDrive\Desktop\KMU-FED-2\data\detected_faces\06_SA_dy\06_SA_dy_077.jpg,0.9984428286552429,518,84,524,676,688,320,928,324,814,450,708,604,904,604
06_SA_dy,06_SA_dy_078.jpg,6,Sadness,C:\Users\kundu\OneDrive\Desktop\KMU-FED-2\data\detected_faces\06_SA_dy\06_SA_dy_078.jpg,0.9992064833641052,516,92,520,660,682,324,922,328,808,458,710,602,900,600
06_SA_dy,06_SA_dy_079.jpg,6,Sadness,C:\Users\kundu\OneDrive\Desktop\KMU-FED-2\data\detected_faces\06_SA_dy\06_SA_dy_079.jpg,0.9992814660072327,516,92,518,658,682,326,920,328,808,456,708,602,898,600
06_SA_dy,06_SA_dy_080.jpg,6,Sadness,C:\Users\kundu\OneDrive\Desktop\KMU-FED-2\data\detected_faces\06_SA_dy\06_SA_dy_080.jpg,0.9992089867591858,516,88,520,660,680,322,920,326,806,454,708,602,896,600
06_SA_dy,06_SA_dy_081.jpg,6,Sadness,C:\Users\kundu\OneDrive\Desktop\KMU-FED-2\data\detected_faces\06_SA_dy\06_SA_dy_081.jpg,0.9999330043792725,544,108,536,656,718,340,962,348,848,450,732,592,930,606
06_SA_dy,06_SA_dy_082.jpg,6,Sadness,C:\Users\kundu\OneDrive\Desktop\KMU-FED-2\data\detected_faces\06_SA_dy\06_SA_dy_082.jpg,0.9999202489852905,544,106,536,660,720,340,962,348,848,450,732,592,930,606
06_SA_dy,06_SA_dy_083.jpg,6,Sadness,C:\Users\kundu\OneDrive\Desktop\KMU-FED-2\data\detected_faces\06_SA_dy\06_SA_dy_083.jpg,0.9997174143791199,550,122,522,646,716,340,960,350,846,452,734,594,928,606
06_SA_dy,06_SA_dy_084.jpg,6,Sadness,C:\Users\kundu\OneDrive\Desktop\KMU-FED-2\data\detected_faces\06_SA_dy\06_SA_dy_084.jpg,0.9995181560516357,550,128,516,640,722,342,964,350,860,446,742,596,940,606
06_SA_dy,06_SA_dy_085.jpg,6,Sadness,C:\Users\kundu\OneDrive\Desktop\KMU-FED-2\data\detected_faces\06_SA_dy\06_SA_dy_085.jpg,0.9996557235717773,566,128,518,640,744,340,986,354,882,446,760,592,954,606
06_SA_dy,06_SA_dy_086.jpg,6,Sadness,C:\Users\kundu\OneDrive\Desktop\KMU-FED-2\data\detected_faces\06_SA_dy\06_SA_dy_086.jpg,0.9997791647911072,574,124,516,638,752,336,992,352,886,444,766,588,960,604
06_SA_dy,06_SA_dy_087.jpg,6,Sadness,C:\Users\kundu\OneDrive\Desktop\KMU-FED-2\data\detected_faces\06_SA_dy\06_SA_dy_087.jpg,0.9996751546859741,576,124,510,634,756,334,994,350,890,440,768,586,960,602
06_SA_dy,06_SA_dy_088.jpg,6,Sadness,C:\Users\kundu\OneDrive\Desktop\KMU-FED-2\data\detected_faces\06_SA_dy\06_SA_dy_088.jpg,0.9997076392173767,582,124,510,630,764,332,998,350,892,440,772,582,960,600
06_SA_dy,06_SA_dy_089.jpg,6,Sadness,C:\Users\kundu\OneDrive\Desktop\KMU-FED-2\data\detected_faces\06_SA_dy\06_SA_dy_089.jpg,0.9997066855430603,596,128,514,628,784,332,1020,354,912,442,786,580,976,600
06_SA_dy,06_SA_dy_090.jpg,6,Sadness,C:\Users\kundu\OneDrive\Desktop\KMU-FED-2\data\detected_faces\06_SA_dy\06_SA_dy_090.jpg,0.9998434782028198,592,118,530,650,786,334,1022,356,918,456,788,592,978,610
06_SU_dy,06_SU_dy_081.jpg,6,Surprise,C:\Users\kundu\OneDrive\Desktop\KMU-FED-2\data\detected_faces\06_SU_dy\06_SU_dy_081.jpg,0.9965726137161255,512,0,488,632,626,198,856,180,744,288,692,470,848,462
06_SU_dy,06_SU_dy_082.jpg,6,Surprise,C:\Users\kundu\OneDrive\Desktop\KMU-FED-2\data\detected_faces\06_SU_dy\06_SU_dy_082.jpg,0.9965284466743469,574,16,456,596,668,216,880,196,762,292,710,464,864,454
06_SU_dy,06_SU_dy_083.jpg,6,Surprise,C:\Users\kundu\OneDrive\Desktop\KMU-FED-2\data\detected_faces\06_SU_dy\06_SU_dy_083.jpg,0.9969700574874878,546,0,484,628,668,204,892,190,784,296,720,472,870,468
06_SU_dy,06_SU_dy_084.jpg,6,Surprise,C:\Users\kundu\OneDrive\Desktop\KMU-FED-2\data\detected_faces\06_SU_dy\06_SU_dy_084.jpg,0.9960803389549255,546,0,480,616,674,190,900,184,794,282,722,454,878,454
06_SU_dy,06_SU_dy_085.jpg,6,Surprise,C:\Users\kundu\OneDrive\Desktop\KMU-FED-2\data\detected_faces\06_SU_dy\06_SU_dy_085.jpg,0.9967367053031921,580,0,481,617,707,205,931,191,830,286,746,460,904,455
06_SU_dy,06_SU_dy_088.jpg,6,Surprise,C:\Users\kundu\OneDrive\Desktop\KMU-FED-2\data\detected_faces\06_SU_dy\06_SU_dy_088.jpg,0.9984350800514221,604,0,474,612,728,200,944,190,842,276,768,456,918,454
06_SU_dy,06_SU_dy_091.jpg,6,Surprise,C:\Users\kundu\OneDrive\Desktop\KMU-FED-2\data\detected_faces\06_SU_dy\06_SU_dy_091.jpg,0.997138261795044,570,136,486,644,766,326,986,342,910,452,780,606,958,624
06_SU_dy,06_SU_dy_092.jpg,6,Surprise,C:\Users\kundu\OneDrive\Desktop\KMU-FED-2\data\detected_faces\06_SU_dy\06_SU_dy_092.jpg,0.9888162612915039,576,98,520,660,750,300,992,324,872,394,764,586,938,602
06_SU_dy,06_SU_dy_093.jpg,6,Surprise,C:\Users\kundu\OneDrive\Desktop\KMU-FED-2\data\detected_faces\06_SU_dy\06_SU_dy_093.jpg,0.9933013916015625,580,102,512,658,752,302,992,324,874,398,768,580,938,598
06_SU_dy,06_SU_dy_094.jpg,6,Surprise,C:\Users\kundu\OneDrive\Desktop\KMU-FED-2\data\detected_faces\06_SU_dy\06_SU_dy_094.jpg,0.9957795143127441,570,110,522,658,746,306,990,328,872,402,766,582,938,602
06_SU_dy,06_SU_dy_095.jpg,6,Surprise,C:\Users\kundu\OneDrive\Desktop\KMU-FED-2\data\detected_faces\06_SU_dy\06_SU_dy_095.jpg,0.99811851978302,562,110,528,662,738,308,980,326,864,400,754,580,932,600
06_SU_dy,06_SU_dy_096.jpg,6,Surprise,C:\Users\kundu\OneDrive\Desktop\KMU-FED-2\data\detected_faces\06_SU_dy\06_SU_dy_096.jpg,0.9955254197120667,556,114,526,658,728,308,968,326,852,398,746,580,922,600
06_SU_dy,06_SU_dy_097.jpg,6,Surprise,C:\Users\kundu\OneDrive\Desktop\KMU-FED-2\data\detected_faces\06_SU_dy\06_SU_dy_097.jpg,0.9983921647071838,544,106,530,678,722,308,964,328,842,416,728,594,908,614
06_SU_dy,06_SU_dy_098.jpg,6,Surprise,C:\Users\kundu\OneDrive\Desktop\KMU-FED-2\data\detected_faces\06_SU_dy\06_SU_dy_098.jpg,0.9995280504226685,550,88,528,680,740,304,984,308,882,418,762,592,954,604
06_SU_dy,06_SU_dy_099.jpg,6,Surprise,C:\Users\kundu\OneDrive\Desktop\KMU-FED-2\data\detected_faces\06_SU_dy\06_SU_dy_099.jpg,0.9989860653877258,530,86,532,674,720,308,968,308,866,412,750,592,940,604
06_SU_dy,06_SU_dy_100.jpg,6,Surprise,C:\Users\kundu\OneDrive\Desktop\KMU-FED-2\data\detected_faces\06_SU_dy\06_SU_dy_100.jpg,0.9977732300758362,522,110,526,664,690,312,930,322,808,406,708,590,884,604
07_AN_sw,07_AN_sw_081.jpg,7,Anger,C:\Users\kundu\OneDrive\Desktop\KMU-FED-2\data\detected_faces\07_AN_sw\07_AN_sw_081.jpg,0.9974053502082825,500,236,480,608,646,468,868,468,758,594,668,712,848,704
07_AN_sw,07_AN_sw_082.jpg,7,Anger,C:\Users\kundu\OneDrive\Desktop\KMU-FED-2\data\detected_faces\07_AN_sw\07_AN_sw_082.jpg,0.9985368251800537,502,240,474,606,646,470,868,470,758,600,668,714,848,708
07_AN_sw,07_AN_sw_083.jpg,7,Anger,C:\Users\kundu\OneDrive\Desktop\KMU-FED-2\data\detected_faces\07_AN_sw\07_AN_sw_083.jpg,0.997988224029541,496,250,472,598,642,478,860,470,754,602,666,716,846,708
07_AN_sw,07_AN_sw_084.jpg,7,Anger,C:\Users\kundu\OneDrive\Desktop\KMU-FED-2\data\detected_faces\07_AN_sw\07_AN_sw_084.jpg,0.9995868802070618,496,252,474,600,634,476,852,470,742,608,656,718,838,710
07_AN_sw,07_AN_sw_085.jpg,7,Anger,C:\Users\kundu\OneDrive\Desktop\KMU-FED-2\data\detected_faces\07_AN_sw\07_AN_sw_085.jpg,0.999595582485199,494,252,474,598,634,476,850,468,742,606,658,718,836,706
07_AN_sw,07_AN_sw_086.jpg,7,Anger,C:\Users\kundu\OneDrive\Desktop\KMU-FED-2\data\detected_faces\07_AN_sw\07_AN_sw_086.jpg,0.9995123147964478,496,254,472,596,632,476,848,468,740,608,656,718,836,706
07_AN_sw,07_AN_sw_087.jpg,7,Anger,C:\Users\kundu\OneDrive\Desktop\KMU-FED-2\data\detected_faces\07_AN_sw\07_AN_sw_087.jpg,0.9994906187057495,494,252,474,600,632,478,848,468,742,608,658,720,838,708
07_AN_sw,07_AN_sw_088.jpg,7,Anger,C:\Users\kundu\OneDrive\Desktop\KMU-FED-2\data\detected_faces\07_AN_sw\07_AN_sw_088.jpg,0.9990155696868896,496,248,476,606,634,476,854,466,746,608,662,720,842,708
07_AN_sw,07_AN_sw_089.jpg,7,Anger,C:\Users\kundu\OneDrive\Desktop\KMU-FED-2\data\detected_faces\07_AN_sw\07_AN_sw_089.jpg,0.997925877571106,496,250,470,596,642,476,854,470,752,598,668,714,842,704
07_AN_sw,07_AN_sw_090.jpg,7,Anger,C:\Users\kundu\OneDrive\Desktop\KMU-FED-2\data\detected_faces\07_AN_sw\07_AN_sw_090.jpg,0.9985765218734741,496,246,470,596,642,474,860,468,754,598,666,708,846,700
07_AN_sw,07_AN_sw_091.jpg,7,Anger,C:\Users\kundu\OneDrive\Desktop\KMU-FED-2\data\detected_faces\07_AN_sw\07_AN_sw_091.jpg,0.9990769624710083,584,222,464,574,718,434,918,420,820,534,732,646,924,634
07_AN_sw,07_AN_sw_092.jpg,7,Anger,C:\Users\kundu\OneDrive\Desktop\KMU-FED-2\data\detected_faces\07_AN_sw\07_AN_sw_092.jpg,0.9972108006477356,582,240,444,526,720,438,916,430,822,536,738,640,922,628
07_AN_sw,07_AN_sw_093.jpg,7,Anger,C:\Users\kundu\OneDrive\Desktop\KMU-FED-2\data\detected_faces\07_AN_sw\07_AN_sw_093.jpg,0.9977214932441711,582,242,442,524,720,440,914,430,820,534,738,642,924,630
07_AN_sw,07_AN_sw_094.jpg,7,Anger,C:\Users\kundu\OneDrive\Desktop\KMU-FED-2\data\detected_faces\07_AN_sw\07_AN_sw_094.jpg,0.9982032775878906,594,224,458,568,722,430,922,420,820,534,730,644,920,632
07_AN_sw,07_AN_sw_095.jpg,7,Anger,C:\Users\kundu\OneDrive\Desktop\KMU-FED-2\data\detected_faces\07_AN_sw\07_AN_sw_095.jpg,0.9974662065505981,602,236,440,522,740,436,934,424,842,530,758,636,942,622
07_AN_sw,07_AN_sw_096.jpg,7,Anger,C:\Users\kundu\OneDrive\Desktop\KMU-FED-2\data\detected_faces\07_AN_sw\07_AN_sw_096.jpg,0.9990654587745667,620,228,448,538,756,436,948,428,854,532,770,634,956,628
07_AN_sw,07_AN_sw_097.jpg,7,Anger,C:\Users\kundu\OneDrive\Desktop\KMU-FED-2\data\detected_faces\07_AN_sw\07_AN_sw_097.jpg,0.9979091286659241,624,236,444,530,764,436,956,432,862,532,772,634,962,628
07_AN_sw,07_AN_sw_098.jpg,7,Anger,C:\Users\kundu\OneDrive\Desktop\KMU-FED-2\data\detected_faces\07_AN_sw\07_AN_sw_098.jpg,0.9987698197364807,628,224,448,544,766,434,962,430,864,536,776,634,964,630
07_AN_sw,07_AN_sw_099.jpg,7,Anger,C:\Users\kundu\OneDrive\Desktop\KMU-FED-2\data\detected_faces\07_AN_sw\07_AN_sw_099.jpg,0.9988582134246826,630,228,446,546,768,434,962,430,870,536,778,636,962,630
07_AN_sw,07_AN_sw_100.jpg,7,Anger,C:\Users\kundu\OneDrive\Desktop\KMU-FED-2\data\detected_faces\07_AN_sw\07_AN_sw_100.jpg,0.9999047517776489,632,224,456,574,768,438,966,438,868,548,776,648,962,646
07_FE_sw,07_FE_sw_121.jpg,7,Fear,C:\Users\kundu\OneDrive\Desktop\KMU-FED-2\data\detected_faces\07_FE_sw\07_FE_sw_121.jpg,0.9968095421791077,480,216,514,656,636,456,864,450,744,596,644,712,862,702
07_FE_sw,07_FE_sw_122.jpg,7,Fear,C:\Users\kundu\OneDrive\Desktop\KMU-FED-2\data\detected_faces\07_FE_sw\07_FE_sw_122.jpg,0.9990956783294678,486,218,514,656,640,462,868,456,744,594,644,710,866,702
07_FE_sw,07_FE_sw_123.jpg,7,Fear,C:\Users\kundu\OneDrive\Desktop\KMU-FED-2\data\detected_faces\07_FE_sw\07_FE_sw_123.jpg,0.9999514818191528,510,204,508,646,648,460,876,450,758,586,654,712,860,704
07_FE_sw,07_FE_sw_124.jpg,7,Fear,C:\Users\kundu\OneDrive\Desktop\KMU-FED-2\data\detected_faces\07_FE_sw\07_FE_sw_124.jpg,0.9990910291671753,486,212,520,660,648,458,876,454,756,592,652,706,872,696
07_FE_sw,07_FE_sw_125.jpg,7,Fear,C:\Users\kundu\OneDrive\Desktop\KMU-FED-2\data\detected_faces\07_FE_sw\07_FE_sw_125.jpg,0.9998495578765869,522,200,504,650,658,454,882,448,770,580,660,710,868,704
07_FE_sw,07_FE_sw_126.jpg,7,Fear,C:\Users\kundu\OneDrive\Desktop\KMU-FED-2\data\detected_faces\07_FE_sw\07_FE_sw_126.jpg,0.9998844861984253,518,198,506,656,658,452,882,446,768,582,660,712,868,706
07_FE_sw,07_FE_sw_127.jpg,7,Fear,C:\Users\kundu\OneDrive\Desktop\KMU-FED-2\data\detected_faces\07_FE_sw\07_FE_sw_127.jpg,0.999852180480957,518,198,512,656,648,454,872,436,760,580,666,712,874,698
07_FE_sw,07_FE_sw_128.jpg,7,Fear,C:\Users\kundu\OneDrive\Desktop\KMU-FED-2\data\detected_faces\07_FE_sw\07_FE_sw_128.jpg,0.9998897314071655,524,198,504,654,648,454,872,438,764,580,672,710,882,696
07_FE_sw,07_FE_sw_129.jpg,7,Fear,C:\Users\kundu\OneDrive\Desktop\KMU-FED-2\data\detected_faces\07_FE_sw\07_FE_sw_129.jpg,0.999955415725708,516,196,510,656,642,458,868,438,758,582,670,718,880,698
07_FE_sw,07_FE_sw_130.jpg,7,Fear,C:\Users\kundu\OneDrive\Desktop\KMU-FED-2\data\detected_faces\07_FE_sw\07_FE_sw_130.jpg,0.9999486207962036,506,196,514,656,634,456,866,436,754,584,662,718,874,698
07_FE_sw,07_FE_sw_131.jpg,7,Fear,C:\Users\kundu\OneDrive\Desktop\KMU-FED-2\data\detected_faces\07_FE_sw\07_FE_sw_131.jpg,0.9998522996902466,566,230,450,558,696,432,900,426,802,534,716,654,896,644
07_FE_sw,07_FE_sw_132.jpg,7,Fear,C:\Users\kundu\OneDrive\Desktop\KMU-FED-2\data\detected_faces\07_FE_sw\07_FE_sw_132.jpg,0.9998260140419006,566,230,448,554,692,434,896,426,798,532,712,654,894,642
07_FE_sw,07_FE_sw_133.jpg,7,Fear,C:\Users\kundu\OneDrive\Desktop\KMU-FED-2\data\detected_faces\07_FE_sw\07_FE_sw_133.jpg,0.999809205532074,560,228,450,558,688,432,896,424,794,532,712,654,892,642
07_FE_sw,07_FE_sw_134.jpg,7,Fear,C:\Users\kundu\OneDrive\Desktop\KMU-FED-2\data\detected_faces\07_FE_sw\07_FE_sw_134.jpg,0.9998924732208252,558,230,448,552,680,436,888,424,792,528,708,652,890,638
07_FE_sw,07_FE_sw_135.jpg,7,Fear,C:\Users\kundu\OneDrive\Desktop\KMU-FED-2\data\detected_faces\07_FE_sw\07_FE_sw_135.jpg,0.999984622001648,550,234,450,552,676,440,880,424,782,536,704,658,884,640
07_FE_sw,07_FE_sw_136.jpg,7,Fear,C:\Users\kundu\OneDrive\Desktop\KMU-FED-2\data\detected_faces\07_FE_sw\07_FE_sw_136.jpg,0.9999064207077026,550,230,438,558,674,444,874,424,780,536,700,656,878,638
07_FE_sw,07_FE_sw_137.jpg,7,Fear,C:\Users\kundu\OneDrive\Desktop\KMU-FED-2\data\detected_faces\07_FE_sw\07_FE_sw_137.jpg,0.9999159574508667,542,228,444,562,670,444,870,428,776,536,696,656,874,640
07_FE_sw,07_FE_sw_138.jpg,7,Fear,C:\Users\kundu\OneDrive\Desktop\KMU-FED-2\data\detected_faces\07_FE_sw\07_FE_sw_138.jpg,0.9997205138206482,534,228,470,570,664,438,866,420,776,536,694,660,876,642
07_FE_sw,07_FE_sw_139.jpg,7,Fear,C:\Users\kundu\OneDrive\Desktop\KMU-FED-2\data\detected_faces\07_FE_sw\07_FE_sw_139.jpg,0.9997813105583191,536,228,470,568,666,436,868,416,780,534,698,660,880,638
07_FE_sw,07_FE_sw_140.jpg,7,Fear,C:\Users\kundu\OneDrive\Desktop\KMU-FED-2\data\detected_faces\07_FE_sw\07_FE_sw_140.jpg,0.9996967315673828,542,224,464,574,672,432,874,420,778,534,698,658,878,644
07_HA_sw,07_HA_sw_111.jpg,7,Happiness,C:\Users\kundu\OneDrive\Desktop\KMU-FED-2\data\detected_faces\07_HA_sw\07_HA_sw_111.jpg,0.9978126287460327,500,208,466,590,636,432,856,428,740,544,640,652,856,642
07_HA_sw,07_HA_sw_112.jpg,7,Happiness,C:\Users\kundu\OneDrive\Desktop\KMU-FED-2\data\detected_faces\07_HA_sw\07_HA_sw_112.jpg,0.9978870749473572,490,214,470,594,634,434,850,428,740,546,638,654,856,648
07_HA_sw,07_HA_sw_113.jpg,7,Happiness,C:\Users\kundu\OneDrive\Desktop\KMU-FED-2\data\detected_faces\07_HA_sw\07_HA_sw_113.jpg,0.9984391331672668,484,208,488,602,630,432,848,426,736,548,638,654,856,646
07_HA_sw,07_HA_sw_114.jpg,7,Happiness,C:\Users\kundu\OneDrive\Desktop\KMU-FED-2\data\detected_faces\07_HA_sw\07_HA_sw_114.jpg,0.9985069632530212,484,206,488,604,636,432,856,428,744,554,638,658,858,648
07_HA_sw,07_HA_sw_115.jpg,7,Happiness,C:\Users\kundu\OneDrive\Desktop\KMU-FED-2\data\detected_faces\07_HA_sw\07_HA_sw_115.jpg,0.9975186586380005,498,214,468,592,644,432,860,428,748,548,646,654,864,646
07_HA_sw,07_HA_sw_116.jpg,7,Happiness,C:\Users\kundu\OneDrive\Desktop\KMU-FED-2\data\detected_faces\07_HA_sw\07_HA_sw_116.jpg,0.9979700446128845,496,214,474,590,646,432,866,430,752,552,648,654,866,648
07_HA_sw,07_HA_sw_117.jpg,7,Happiness,C:\Users\kundu\OneDrive\Desktop\KMU-FED-2\data\detected_faces\07_HA_sw\07_HA_sw_117.jpg,0.9998732805252075,490,214,486,608,648,434,870,432,758,548,648,654,868,652
07_HA_sw,07_HA_sw_118.jpg,7,Happiness,C:\Users\kundu\OneDrive\Desktop\KMU-FED-2\data\detected_faces\07_HA_sw\07_HA_sw_118.jpg,0.9993021488189697,500,218,470,590,650,434,866,428,760,552,652,652,866,644
07_HA_sw,07_HA_sw_119.jpg,7,Happiness,C:\Users\kundu\OneDrive\Desktop\KMU-FED-2\data\detected_faces\07_HA_sw\07_HA_sw_119.jpg,0.9998390674591064,498,214,484,604,648,436,866,430,760,554,650,654,870,646
07_HA_sw,07_HA_sw_120.jpg,7,Happiness,C:\Users\kundu\OneDrive\Desktop\KMU-FED-2\data\detected_faces\07_HA_sw\07_HA_sw_120.jpg,0.9970951080322266,494,204,482,604,646,428,868,424,756,550,648,650,870,644
07_HA_sw,07_HA_sw_121.jpg,7,Happiness,C:\Users\kundu\OneDrive\Desktop\KMU-FED-2\data\detected_faces\07_HA_sw\07_HA_sw_121.jpg,0.9994763731956482,534,194,484,602,682,418,896,402,804,524,704,640,912,626
07_HA_sw,07_HA_sw_122.jpg,7,Happiness,C:\Users\kundu\OneDrive\Desktop\KMU-FED-2\data\detected_faces\07_HA_sw\07_HA_sw_122.jpg,0.9992581009864807,536,194,488,606,688,416,900,400,806,520,708,638,916,624
07_HA_sw,07_HA_sw_123.jpg,7,Happiness,C:\Users\kundu\OneDrive\Desktop\KMU-FED-2\data\detected_faces\07_HA_sw\07_HA_sw_123.jpg,0.9991483688354492,554,212,460,570,702,424,906,416,814,530,706,630,920,622
07_HA_sw,07_HA_sw_124.jpg,7,Happiness,C:\Users\kundu\OneDrive\Desktop\KMU-FED-2\data\detected_faces\07_HA_sw\07_HA_sw_124.jpg,0.9999266862869263,562,216,468,588,702,426,910,412,816,526,714,636,922,626
07_HA_sw,07_HA_sw_125.jpg,7,Happiness,C:\Users\kundu\OneDrive\Desktop\KMU-FED-2\data\detected_faces\07_HA_sw\07_HA_sw_125.jpg,0.9993194341659546,560,200,482,596,706,420,912,408,818,524,726,638,928,626
07_HA_sw,07_HA_sw_126.jpg,7,Happiness,C:\Users\kundu\OneDrive\Desktop\KMU-FED-2\data\detected_faces\07_HA_sw\07_HA_sw_126.jpg,0.9991933703422546,578,220,456,570,718,416,922,408,830,524,724,630,934,622
07_HA_sw,07_HA_sw_127.jpg,7,Happiness,C:\Users\kundu\OneDrive\Desktop\KMU-FED-2\data\detected_faces\07_HA_sw\07_HA_sw_127.jpg,0.9972184896469116,584,214,454,576,722,416,930,414,836,522,728,632,936,628
07_HA_sw,07_HA_sw_128.jpg,7,Happiness,C:\Users\kundu\OneDrive\Desktop\KMU-FED-2\data\detected_faces\07_HA_sw\07_HA_sw_128.jpg,0.9995465874671936,592,216,468,594,728,418,936,418,834,530,730,638,932,640
07_HA_sw,07_HA_sw_129.jpg,7,Happiness,C:\Users\kundu\OneDrive\Desktop\KMU-FED-2\data\detected_faces\07_HA_sw\07_HA_sw_129.jpg,0.9997692704200745,586,214,466,596,734,420,942,418,840,530,732,636,942,636
07_HA_sw,07_HA_sw_130.jpg,7,Happiness,C:\Users\kundu\OneDrive\Desktop\KMU-FED-2\data\detected_faces\07_HA_sw\07_HA_sw_130.jpg,0.9997162222862244,586,212,474,600,734,416,944,416,840,524,736,634,940,640
07_SA_sw,07_SA_sw_071.jpg,7,Sadness,C:\Users\kundu\OneDrive\Desktop\KMU-FED-2\data\detected_faces\07_SA_sw\07_SA_sw_071.jpg,0.9994906187057495,520,242,476,606,674,458,894,456,792,558,694,700,876,700
07_SA_sw,07_SA_sw_072.jpg,7,Sadness,C:\Users\kundu\OneDrive\Desktop\KMU-FED-2\data\detected_faces\07_SA_sw\07_SA_sw_072.jpg,0.9994789958000183,524,246,472,600,676,458,894,456,794,558,698,698,878,700
07_SA_sw,07_SA_sw_073.jpg,7,Sadness,C:\Users\kundu\OneDrive\Desktop\KMU-FED-2\data\detected_faces\07_SA_sw\07_SA_sw_073.jpg,0.9995444416999817,526,244,470,598,678,460,896,458,796,556,698,698,878,700
07_SA_sw,07_SA_sw_074.jpg,7,Sadness,C:\Users\kundu\OneDrive\Desktop\KMU-FED-2\data\detected_faces\07_SA_sw\07_SA_sw_074.jpg,0.9994284510612488,530,242,468,602,680,456,900,456,802,558,702,694,886,698
07_SA_sw,07_SA_sw_075.jpg,7,Sadness,C:\Users\kundu\OneDrive\Desktop\KMU-FED-2\data\detected_faces\07_SA_sw\07_SA_sw_075.jpg,0.9994165897369385,538,240,474,606,688,452,904,456,806,554,706,698,886,702
07_SA_sw,07_SA_sw_076.jpg,7,Sadness,C:\Users\kundu\OneDrive\Desktop\KMU-FED-2\data\detected_faces\07_SA_sw\07_SA_sw_076.jpg,0.9998544454574585,542,244,472,594,692,448,912,450,814,550,712,692,894,698
07_SA_sw,07_SA_sw_077.jpg,7,Sadness,C:\Users\kundu\OneDrive\Desktop\KMU-FED-2\data\detected_faces\07_SA_sw\07_SA_sw_077.jpg,0.9991232752799988,554,246,462,596,704,450,918,454,818,546,720,692,896,696
07_SA_sw,07_SA_sw_078.jpg,7,Sadness,C:\Users\kundu\OneDrive\Desktop\KMU-FED-2\data\detected_faces\07_SA_sw\07_SA_sw_078.jpg,0.9992169141769409,558,246,462,594,712,452,928,456,830,548,730,690,908,698
07_SA_sw,07_SA_sw_079.jpg,7,Sadness,C:\Users\kundu\OneDrive\Desktop\KMU-FED-2\data\detected_faces\07_SA_sw\07_SA_sw_079.jpg,0.9982472658157349,568,236,464,604,720,450,934,462,832,554,730,692,906,702
07_SA_sw,07_SA_sw_080.jpg,7,Sadness,C:\Users\kundu\OneDrive\Desktop\KMU-FED-2\data\detected_faces\07_SA_sw\07_SA_sw_080.jpg,0.9993126392364502,564,242,466,598,726,452,942,458,848,548,742,688,922,696
07_SA_sw,07_SA_sw_081.jpg,7,Sadness,C:\Users\kundu\OneDrive\Desktop\KMU-FED-2\data\detected_faces\07_SA_sw\07_SA_sw_081.jpg,0.9997003078460693,584,234,442,542,720,432,924,428,830,528,734,644,914,644
07_SA_sw,07_SA_sw_082.jpg,7,Sadness,C:\Users\kundu\OneDrive\Desktop\KMU-FED-2\data\detected_faces\07_SA_sw\07_SA_sw_082.jpg,0.9978413581848145,582,224,450,552,728,428,928,426,828,528,734,642,918,644
07_SA_sw,07_SA_sw_083.jpg,7,Sadness,C:\Users\kundu\OneDrive\Desktop\KMU-FED-2\data\detected_faces\07_SA_sw\07_SA_sw_083.jpg,0.9971882700920105,594,228,442,550,730,424,932,426,838,522,738,642,920,642
07_SA_sw,07_SA_sw_084.jpg,7,Sadness,C:\Users\kundu\OneDrive\Desktop\KMU-FED-2\data\detected_faces\07_SA_sw\07_SA_sw_084.jpg,0.9968392848968506,596,226,442,548,740,422,940,426,846,524,740,638,926,640
07_SA_sw,07_SA_sw_085.jpg,7,Sadness,C:\Users\kundu\OneDrive\Desktop\KMU-FED-2\data\detected_faces\07_SA_sw\07_SA_sw_085.jpg,0.9972004890441895,600,224,442,548,744,420,942,424,846,528,744,636,922,638
07_SA_sw,07_SA_sw_086.jpg,7,Sadness,C:\Users\kundu\OneDrive\Desktop\KMU-FED-2\data\detected_faces\07_SA_sw\07_SA_sw_086.jpg,0.9985517859458923,596,222,440,552,746,424,946,432,852,526,748,638,922,646
07_SA_sw,07_SA_sw_087.jpg,7,Sadness,C:\Users\kundu\OneDrive\Desktop\KMU-FED-2\data\detected_faces\07_SA_sw\07_SA_sw_087.jpg,0.9972342848777771,594,228,436,536,738,428,936,434,838,534,738,638,914,642
07_SA_sw,07_SA_sw_088.jpg,7,Sadness,C:\Users\kundu\OneDrive\Desktop\KMU-FED-2\data\detected_faces\07_SA_sw\07_SA_sw_088.jpg,0.9991433620452881,580,220,454,554,728,424,928,432,832,532,732,642,910,648
07_SA_sw,07_SA_sw_089.jpg,7,Sadness,C:\Users\kundu\OneDrive\Desktop\KMU-FED-2\data\detected_faces\07_SA_sw\07_SA_sw_089.jpg,0.9967760443687439,578,234,448,548,724,428,928,432,828,532,728,644,910,648
07_SA_sw,07_SA_sw_090.jpg,7,Sadness,C:\Users\kundu\OneDrive\Desktop\KMU-FED-2\data\detected_faces\07_SA_sw\07_SA_sw_090.jpg,0.999158501625061,570,234,442,552,708,430,908,428,812,534,716,648,892,646
07_SU_sw,07_SU_sw_081.jpg,7,Surprise,C:\Users\kundu\OneDrive\Desktop\KMU-FED-2\data\detected_faces\07_SU_sw\07_SU_sw_081.jpg,0.9849907755851746,564,200,448,614,690,410,894,404,790,492,718,654,880,650
07_SU_sw,07_SU_sw_082.jpg,7,Surprise,C:\Users\kundu\OneDrive\Desktop\KMU-FED-2\data\detected_faces\07_SU_sw\07_SU_sw_082.jpg,0.9948847889900208,556,200,458,600,686,406,890,400,788,494,718,644,878,640
07_SU_sw,07_SU_sw_083.jpg,7,Surprise,C:\Users\kundu\OneDrive\Desktop\KMU-FED-2\data\detected_faces\07_SU_sw\07_SU_sw_083.jpg,0.9921175837516785,554,202,454,604,684,406,888,400,786,492,718,648,878,642
07_SU_sw,07_SU_sw_084.jpg,7,Surprise,C:\Users\kundu\OneDrive\Desktop\KMU-FED-2\data\detected_faces\07_SU_sw\07_SU_sw_084.jpg,0.988379716873169,556,200,452,610,684,408,888,402,782,494,716,652,876,646
07_SU_sw,07_SU_sw_085.jpg,7,Surprise,C:\Users\kundu\OneDrive\Desktop\KMU-FED-2\data\detected_faces\07_SU_sw\07_SU_sw_085.jpg,0.9856917262077332,560,200,450,612,686,410,888,402,784,494,716,654,876,648
07_SU_sw,07_SU_sw_086.jpg,7,Surprise,C:\Users\kundu\OneDrive\Desktop\KMU-FED-2\data\detected_faces\07_SU_sw\07_SU_sw_086.jpg,0.9876230955123901,564,200,446,610,688,410,890,402,786,496,718,654,878,648
07_SU_sw,07_SU_sw_087.jpg,7,Surprise,C:\Users\kundu\OneDrive\Desktop\KMU-FED-2\data\detected_faces\07_SU_sw\07_SU_sw_087.jpg,0.9885793924331665,568,198,448,610,692,408,896,402,794,494,724,652,882,648
07_SU_sw,07_SU_sw_088.jpg,7,Surprise,C:\Users\kundu\OneDrive\Desktop\KMU-FED-2\data\detected_faces\07_SU_sw\07_SU_sw_088.jpg,0.9883289337158203,582,200,446,604,706,408,908,406,806,496,734,652,894,648
07_SU_sw,07_SU_sw_089.jpg,7,Surprise,C:\Users\kundu\OneDrive\Desktop\KMU-FED-2\data\detected_faces\07_SU_sw\07_SU_sw_089.jpg,0.9968249797821045,584,210,442,586,712,410,914,404,814,500,740,648,900,646
07_SU_sw,07_SU_sw_090.jpg,7,Surprise,C:\Users\kundu\OneDrive\Desktop\KMU-FED-2\data\detected_faces\07_SU_sw\07_SU_sw_090.jpg,0.996825098991394,582,204,458,600,712,406,920,406,820,496,744,652,904,652
07_SU_sw,07_SU_sw_091.jpg,7,Surprise,C:\Users\kundu\OneDrive\Desktop\KMU-FED-2\data\detected_faces\07_SU_sw\07_SU_sw_091.jpg,0.9972397089004517,452,224,504,670,594,462,826,454,708,592,632,748,798,740
07_SU_sw,07_SU_sw_092.jpg,7,Surprise,C:\Users\kundu\OneDrive\Desktop\KMU-FED-2\data\detected_faces\07_SU_sw\07_SU_sw_092.jpg,0.9922937154769897,442,220,512,660,596,456,830,452,716,582,632,742,802,738
07_SU_sw,07_SU_sw_093.jpg,7,Surprise,C:\Users\kundu\OneDrive\Desktop\KMU-FED-2\data\detected_faces\07_SU_sw\07_SU_sw_093.jpg,0.9896446466445923,446,222,514,662,598,458,834,452,716,578,632,744,806,740
07_SU_sw,07_SU_sw_094.jpg,7,Surprise,C:\Users\kundu\OneDrive\Desktop\KMU-FED-2\data\detected_faces\07_SU_sw\07_SU_sw_094.jpg,0.9930686950683594,448,222,512,660,600,458,834,452,722,580,638,746,810,740
07_SU_sw,07_SU_sw_095.jpg,7,Surprise,C:\Users\kundu\OneDrive\Desktop\KMU-FED-2\data\detected_faces\07_SU_sw\07_SU_sw_095.jpg,0.9952080845832825,448,214,520,676,602,458,838,448,722,576,642,750,814,742
07_SU_sw,07_SU_sw_096.jpg,7,Surprise,C:\Users\kundu\OneDrive\Desktop\KMU-FED-2\data\detected_faces\07_SU_sw\07_SU_sw_096.jpg,0.9937273263931274,456,220,512,664,606,458,842,450,726,572,644,746,818,740
07_SU_sw,07_SU_sw_097.jpg,7,Surprise,C:\Users\kundu\OneDrive\Desktop\KMU-FED-2\data\detected_faces\07_SU_sw\07_SU_sw_097.jpg,0.9959887862205505,460,208,514,678,610,454,844,448,728,578,644,748,818,742
07_SU_sw,07_SU_sw_098.jpg,7,Surprise,C:\Users\kundu\OneDrive\Desktop\KMU-FED-2\data\detected_faces\07_SU_sw\07_SU_sw_098.jpg,0.9938299059867859,462,210,516,680,612,450,846,446,730,576,650,746,818,742
07_SU_sw,07_SU_sw_099.jpg,7,Surprise,C:\Users\kundu\OneDrive\Desktop\KMU-FED-2\data\detected_faces\07_SU_sw\07_SU_sw_099.jpg,0.9877946376800537,462,210,512,678,614,454,846,448,730,576,650,746,816,740
07_SU_sw,07_SU_sw_100.jpg,7,Surprise,C:\Users\kundu\OneDrive\Desktop\KMU-FED-2\data\detected_faces\07_SU_sw\07_SU_sw_100.jpg,0.984757661819458,468,216,506,672,612,450,846,448,730,570,648,746,816,742
08_AN_nh,08_AN_nh_101.jpg,8,Anger,C:\Users\kundu\OneDrive\Desktop\KMU-FED-2\data\detected_faces\08_AN_nh\08_AN_nh_101.jpg,0.9985590577125549,538,104,566,710,698,334,954,336,830,480,708,628,936,626
08_AN_nh,08_AN_nh_102.jpg,8,Anger,C:\Users\kundu\OneDrive\Desktop\KMU-FED-2\data\detected_faces\08_AN_nh\08_AN_nh_102.jpg,0.9994046688079834,532,104,568,706,696,340,946,344,822,486,700,628,928,628
08_AN_nh,08_AN_nh_103.jpg,8,Anger,C:\Users\kundu\OneDrive\Desktop\KMU-FED-2\data\detected_faces\08_AN_nh\08_AN_nh_103.jpg,0.9995380640029907,526,114,544,668,686,344,940,346,810,502,698,630,916,630
08_AN_nh,08_AN_nh_104.jpg,8,Anger,C:\Users\kundu\OneDrive\Desktop\KMU-FED-2\data\detected_faces\08_AN_nh\08_AN_nh_104.jpg,0.9997702240943909,526,124,540,656,680,348,932,346,810,506,694,634,916,630
08_AN_nh,08_AN_nh_105.jpg,8,Anger,C:\Users\kundu\OneDrive\Desktop\KMU-FED-2\data\detected_faces\08_AN_nh\08_AN_nh_105.jpg,0.9995021820068359,502,114,572,702,668,358,924,354,800,508,680,642,910,636
08_AN_nh,08_AN_nh_106.jpg,8,Anger,C:\Users\kundu\OneDrive\Desktop\KMU-FED-2\data\detected_faces\08_AN_nh\08_AN_nh_106.jpg,0.9993687272071838,494,118,576,710,656,362,914,356,794,520,676,654,902,646
08_AN_nh,08_AN_nh_107.jpg,8,Anger,C:\Users\kundu\OneDrive\Desktop\KMU-FED-2\data\detected_faces\08_AN_nh\08_AN_nh_107.jpg,0.9994971752166748,504,132,562,684,654,372,910,362,782,526,672,656,898,648
08_AN_nh,08_AN_nh_108.jpg,8,Anger,C:\Users\kundu\OneDrive\Desktop\KMU-FED-2\data\detected_faces\08_AN_nh\08_AN_nh_108.jpg,0.997192919254303,484,140,558,678,642,374,898,366,768,536,660,660,886,646
08_AN_nh,08_AN_nh_109.jpg,8,Anger,C:\Users\kundu\OneDrive\Desktop\KMU-FED-2\data\detected_faces\08_AN_nh\08_AN_nh_109.jpg,0.9960164427757263,472,134,562,680,630,376,888,364,752,536,648,662,876,650
08_AN_nh,08_AN_nh_110.jpg,8,Anger,C:\Users\kundu\OneDrive\Desktop\KMU-FED-2\data\detected_faces\08_AN_nh\08_AN_nh_110.jpg,0.9955665469169617,466,134,554,682,616,376,872,366,734,536,636,666,858,652
08_AN_nh,08_AN_nh_111.jpg,8,Anger,C:\Users\kundu\OneDrive\Desktop\KMU-FED-2\data\detected_faces\08_AN_nh\08_AN_nh_111.jpg,0.9982836246490479,576,188,498,624,706,402,936,412,796,552,700,654,910,662
08_AN_nh,08_AN_nh_112.jpg,8,Anger,C:\Users\kundu\OneDrive\Desktop\KMU-FED-2\data\detected_faces\08_AN_nh\08_AN_nh_112.jpg,0.9985722303390503,570,190,498,618,706,404,932,414,798,552,704,648,916,658
08_AN_nh,08_AN_nh_113.jpg,8,Anger,C:\Users\kundu\OneDrive\Desktop\KMU-FED-2\data\detected_faces\08_AN_nh\08_AN_nh_113.jpg,0.9980401396751404,570,192,500,622,706,406,934,412,798,550,706,650,916,658
08_AN_nh,08_AN_nh_114.jpg,8,Anger,C:\Users\kundu\OneDrive\Desktop\KMU-FED-2\data\detected_faces\08_AN_nh\08_AN_nh_114.jpg,0.99775630235672,574,198,492,606,706,408,930,416,792,548,698,652,910,660
08_AN_nh,08_AN_nh_115.jpg,8,Anger,C:\Users\kundu\OneDrive\Desktop\KMU-FED-2\data\detected_faces\08_AN_nh\08_AN_nh_115.jpg,0.9970494508743286,572,198,494,614,704,408,930,416,796,546,698,650,914,658
08_AN_nh,08_AN_nh_116.jpg,8,Anger,C:\Users\kundu\OneDrive\Desktop\KMU-FED-2\data\detected_faces\08_AN_nh\08_AN_nh_116.jpg,0.9981164932250977,576,192,494,604,706,406,928,416,794,546,700,646,910,658
08_AN_nh,08_AN_nh_117.jpg,8,Anger,C:\Users\kundu\OneDrive\Desktop\KMU-FED-2\data\detected_faces\08_AN_nh\08_AN_nh_117.jpg,0.9986844658851624,576,194,496,606,706,408,930,420,796,550,702,646,910,660
08_AN_nh,08_AN_nh_118.jpg,8,Anger,C:\Users\kundu\OneDrive\Desktop\KMU-FED-2\data\detected_faces\08_AN_nh\08_AN_nh_118.jpg,0.9983799457550049,564,194,496,606,696,410,922,418,792,552,698,648,904,658
08_AN_nh,08_AN_nh_119.jpg,8,Anger,C:\Users\kundu\OneDrive\Desktop\KMU-FED-2\data\detected_faces\08_AN_nh\08_AN_nh_119.jpg,0.9986904263496399,554,194,496,606,688,412,914,418,782,554,688,648,896,658
08_AN_nh,08_AN_nh_120.jpg,8,Anger,C:\Users\kundu\OneDrive\Desktop\KMU-FED-2\data\detected_faces\08_AN_nh\08_AN_nh_120.jpg,0.9984351992607117,556,208,484,600,680,416,900,418,772,550,686,652,888,656
08_DI_nh,08_DI_nh_071.jpg,8,Disgust,C:\Users\kundu\OneDrive\Desktop\KMU-FED-2\data\detected_faces\08_DI_nh\08_DI_nh_071.jpg,0.9992179870605469,488,184,518,612,636,398,884,396,754,540,668,656,862,654
08_DI_nh,08_DI_nh_072.jpg,8,Disgust,C:\Users\kundu\OneDrive\Desktop\KMU-FED-2\data\detected_faces\08_DI_nh\08_DI_nh_072.jpg,0.9993927478790283,486,184,522,612,636,400,884,398,754,542,666,656,862,654
08_DI_nh,08_DI_nh_073.jpg,8,Disgust,C:\Users\kundu\OneDrive\Desktop\KMU-FED-2\data\detected_faces\08_DI_nh\08_DI_nh_073.jpg,0.9989147186279297,488,182,520,616,636,396,884,396,754,538,666,656,860,654
08_DI_nh,08_DI_nh_074.jpg,8,Disgust,C:\Users\kundu\OneDrive\Desktop\KMU-FED-2\data\detected_faces\08_DI_nh\08_DI_nh_074.jpg,0.999404788017273,486,184,522,610,636,400,882,398,754,544,666,658,862,654
08_DI_nh,08_DI_nh_075.jpg,8,Disgust,C:\Users\kundu\OneDrive\Desktop\KMU-FED-2\data\detected_faces\08_DI_nh\08_DI_nh_075.jpg,0.9993404746055603,480,182,522,616,636,400,880,396,756,540,668,660,860,656
08_DI_nh,08_DI_nh_076.jpg,8,Disgust,C:\Users\kundu\OneDrive\Desktop\KMU-FED-2\data\detected_faces\08_DI_nh\08_DI_nh_076.jpg,0.9995668530464172,480,188,522,608,634,406,880,404,756,544,664,662,860,660
08_DI_nh,08_DI_nh_077.jpg,8,Disgust,C:\Users\kundu\OneDrive\Desktop\KMU-FED-2\data\detected_faces\08_DI_nh\08_DI_nh_077.jpg,0.99974125623703,478,190,524,610,632,406,880,404,754,546,662,666,858,664
08_DI_nh,08_DI_nh_078.jpg,8,Disgust,C:\Users\kundu\OneDrive\Desktop\KMU-FED-2\data\detected_faces\08_DI_nh\08_DI_nh_078.jpg,0.9996694326400757,478,192,522,606,632,408,880,406,752,550,662,668,856,666
08_DI_nh,08_DI_nh_079.jpg,8,Disgust,C:\Users\kundu\OneDrive\Desktop\KMU-FED-2\data\detected_faces\08_DI_nh\08_DI_nh_079.jpg,0.9997249245643616,478,192,522,608,630,408,878,404,752,548,662,668,856,664
08_DI_nh,08_DI_nh_080.jpg,8,Disgust,C:\Users\kundu\OneDrive\Desktop\KMU-FED-2\data\detected_faces\08_DI_nh\08_DI_nh_080.jpg,0.99967360496521,480,192,520,608,632,406,878,404,752,548,662,666,856,664
08_DI_nh,08_DI_nh_081.jpg,8,Disgust,C:\Users\kundu\OneDrive\Desktop\KMU-FED-2\data\detected_faces\08_DI_nh\08_DI_nh_081.jpg,0.9984220266342163,476,176,510,608,620,390,848,384,722,518,648,634,830,632
08_DI_nh,08_DI_nh_082.jpg,8,Disgust,C:\Users\kundu\OneDrive\Desktop\KMU-FED-2\data\detected_faces\08_DI_nh\08_DI_nh_082.jpg,0.9995063543319702,474,186,516,596,616,396,848,386,722,518,646,636,832,630
08_DI_nh,08_DI_nh_083.jpg,8,Disgust,C:\Users\kundu\OneDrive\Desktop\KMU-FED-2\data\detected_faces\08_DI_nh\08_DI_nh_083.jpg,0.9981397390365601,476,186,514,600,616,396,848,386,724,520,652,640,832,632
08_DI_nh,08_DI_nh_084.jpg,8,Disgust,C:\Users\kundu\OneDrive\Desktop\KMU-FED-2\data\detected_faces\08_DI_nh\08_DI_nh_084.jpg,0.9996776580810547,476,192,508,588,620,400,848,392,726,526,648,638,832,634
08_DI_nh,08_DI_nh_085.jpg,8,Disgust,C:\Users\kundu\OneDrive\Desktop\KMU-FED-2\data\detected_faces\08_DI_nh\08_DI_nh_085.jpg,0.9992514252662659,474,188,512,596,616,396,846,388,722,520,650,638,832,632
08_DI_nh,08_DI_nh_086.jpg,8,Disgust,C:\Users\kundu\OneDrive\Desktop\KMU-FED-2\data\detected_faces\08_DI_nh\08_DI_nh_086.jpg,0.9990214109420776,476,186,510,594,618,398,848,388,724,522,650,636,832,630
08_DI_nh,08_DI_nh_087.jpg,8,Disgust,C:\Users\kundu\OneDrive\Desktop\KMU-FED-2\data\detected_faces\08_DI_nh\08_DI_nh_087.jpg,0.9987471103668213,476,182,508,602,618,394,846,386,722,522,648,636,826,632
08_DI_nh,08_DI_nh_088.jpg,8,Disgust,C:\Users\kundu\OneDrive\Desktop\KMU-FED-2\data\detected_faces\08_DI_nh\08_DI_nh_088.jpg,0.9987102746963501,472,174,512,610,616,390,848,382,720,516,644,636,828,632
08_DI_nh,08_DI_nh_089.jpg,8,Disgust,C:\Users\kundu\OneDrive\Desktop\KMU-FED-2\data\detected_faces\08_DI_nh\08_DI_nh_089.jpg,0.9985814094543457,476,170,514,612,618,388,850,380,722,512,648,634,830,630
08_DI_nh,08_DI_nh_090.jpg,8,Disgust,C:\Users\kundu\OneDrive\Desktop\KMU-FED-2\data\detected_faces\08_DI_nh\08_DI_nh_090.jpg,0.9987646341323853,476,176,510,604,620,388,852,380,728,512,646,632,832,626
08_FE_nh,08_FE_nh_141.jpg,8,Fear,C:\Users\kundu\OneDrive\Desktop\KMU-FED-2\data\detected_faces\08_FE_nh\08_FE_nh_141.jpg,0.9988143444061279,460,86,578,694,630,322,894,314,760,456,640,600,896,594
08_FE_nh,08_FE_nh_142.jpg,8,Fear,C:\Users\kundu\OneDrive\Desktop\KMU-FED-2\data\detected_faces\08_FE_nh\08_FE_nh_142.jpg,0.99871826171875,460,82,578,700,630,324,896,316,762,456,638,602,896,594
08_FE_nh,08_FE_nh_143.jpg,8,Fear,C:\Users\kundu\OneDrive\Desktop\KMU-FED-2\data\detected_faces\08_FE_nh\08_FE_nh_143.jpg,0.9985124468803406,460,82,578,700,630,324,896,316,760,456,640,602,898,594
08_FE_nh,08_FE_nh_144.jpg,8,Fear,C:\Users\kundu\OneDrive\Desktop\KMU-FED-2\data\detected_faces\08_FE_nh\08_FE_nh_144.jpg,0.9988284707069397,460,88,578,692,630,324,894,316,760,456,640,600,896,594
08_FE_nh,08_FE_nh_145.jpg,8,Fear,C:\Users\kundu\OneDrive\Desktop\KMU-FED-2\data\detected_faces\08_FE_nh\08_FE_nh_145.jpg,0.9988095760345459,464,92,570,684,630,324,892,316,762,456,644,602,894,596
08_FE_nh,08_FE_nh_146.jpg,8,Fear,C:\Users\kundu\OneDrive\Desktop\KMU-FED-2\data\detected_faces\08_FE_nh\08_FE_nh_146.jpg,0.9986374974250793,462,90,574,690,630,326,892,316,762,460,642,604,894,598
08_FE_nh,08_FE_nh_147.jpg,8,Fear,C:\Users\kundu\OneDrive\Desktop\KMU-FED-2\data\detected_faces\08_FE_nh\08_FE_nh_147.jpg,0.9993327260017395,466,92,574,684,634,324,898,316,764,460,644,602,894,596
08_FE_nh,08_FE_nh_148.jpg,8,Fear,C:\Users\kundu\OneDrive\Desktop\KMU-FED-2\data\detected_faces\08_FE_nh\08_FE_nh_148.jpg,0.9992567896842957,474,94,568,674,638,322,902,316,766,456,646,598,894,594
08_FE_nh,08_FE_nh_149.jpg,8,Fear,C:\Users\kundu\OneDrive\Desktop\KMU-FED-2\data\detected_faces\08_FE_nh\08_FE_nh_149.jpg,0.9978289008140564,482,94,560,676,642,318,904,314,766,454,652,596,898,592
08_FE_nh,08_FE_nh_150.jpg,8,Fear,C:\Users\kundu\OneDrive\Desktop\KMU-FED-2\data\detected_faces\08_FE_nh\08_FE_nh_150.jpg,0.9974325299263,482,92,562,678,644,318,908,314,770,452,654,598,900,592
08_HA_nh,08_HA_nh_131.jpg,8,Happiness,C:\Users\kundu\OneDrive\Desktop\KMU-FED-2\data\detected_faces\08_HA_nh\08_HA_nh_131.jpg,0.9995817542076111,550,194,506,600,702,396,934,414,806,542,686,630,906,650
08_HA_nh,08_HA_nh_132.jpg,8,Happiness,C:\Users\kundu\OneDrive\Desktop\KMU-FED-2\data\detected_faces\08_HA_nh\08_HA_nh_132.jpg,0.9990482926368713,556,194,500,598,710,392,940,412,814,536,694,630,914,648
08_HA_nh,08_HA_nh_133.jpg,8,Happiness,C:\Users\kundu\OneDrive\Desktop\KMU-FED-2\data\detected_faces\08_HA_nh\08_HA_nh_133.jpg,0.9989138841629028,554,166,512,626,718,384,948,412,822,532,692,624,912,646
08_HA_nh,08_HA_nh_134.jpg,8,Happiness,C:\Users\kundu\OneDrive\Desktop\KMU-FED-2\data\detected_faces\08_HA_nh\08_HA_nh_134.jpg,0.9987493753433228,556,176,506,616,718,388,946,410,826,528,698,626,918,644
08_HA_nh,08_HA_nh_135.jpg,8,Happiness,C:\Users\kundu\OneDrive\Desktop\KMU-FED-2\data\detected_faces\08_HA_nh\08_HA_nh_135.jpg,0.9992363452911377,558,182,504,606,716,388,946,408,822,528,700,624,920,642
08_HA_nh,08_HA_nh_136.jpg,8,Happiness,C:\Users\kundu\OneDrive\Desktop\KMU-FED-2\data\detected_faces\08_HA_nh\08_HA_nh_136.jpg,0.9991918206214905,550,170,506,620,714,386,944,404,828,526,700,624,922,640
08_HA_nh,08_HA_nh_137.jpg,8,Happiness,C:\Users\kundu\OneDrive\Desktop\KMU-FED-2\data\detected_faces\08_HA_nh\08_HA_nh_137.jpg,0.9993447661399841,552,168,512,618,714,384,942,402,820,524,698,622,916,640
08_HA_nh,08_HA_nh_138.jpg,8,Happiness,C:\Users\kundu\OneDrive\Desktop\KMU-FED-2\data\detected_faces\08_HA_nh\08_HA_nh_138.jpg,0.9994182586669922,552,180,508,608,712,388,938,402,826,516,702,622,918,636
08_HA_nh,08_HA_nh_139.jpg,8,Happiness,C:\Users\kundu\OneDrive\Desktop\KMU-FED-2\data\detected_faces\08_HA_nh\08_HA_nh_139.jpg,0.9998059868812561,550,170,514,614,706,382,938,394,820,512,700,620,922,634
08_HA_nh,08_HA_nh_140.jpg,8,Happiness,C:\Users\kundu\OneDrive\Desktop\KMU-FED-2\data\detected_faces\08_HA_nh\08_HA_nh_140.jpg,0.9998286962509155,544,156,522,636,710,374,948,388,836,502,702,618,932,634
08_HA_nh,08_HA_nh_141.jpg,8,Happiness,C:\Users\kundu\OneDrive\Desktop\KMU-FED-2\data\detected_faces\08_HA_nh\08_HA_nh_141.jpg,0.9984323382377625,514,188,498,614,650,398,874,392,750,540,652,628,884,626
08_HA_nh,08_HA_nh_142.jpg,8,Happiness,C:\Users\kundu\OneDrive\Desktop\KMU-FED-2\data\detected_faces\08_HA_nh\08_HA_nh_142.jpg,0.9978531002998352,506,190,500,608,644,394,874,392,746,542,648,626,884,622
08_HA_nh,08_HA_nh_143.jpg,8,Happiness,C:\Users\kundu\OneDrive\Desktop\KMU-FED-2\data\detected_faces\08_HA_nh\08_HA_nh_143.jpg,0.9991348385810852,502,172,534,634,644,396,878,394,750,546,646,634,882,634
08_HA_nh,08_HA_nh_144.jpg,8,Happiness,C:\Users\kundu\OneDrive\Desktop\KMU-FED-2\data\detected_faces\08_HA_nh\08_HA_nh_144.jpg,0.996716320514679,500,198,500,604,636,398,864,392,742,538,638,628,878,624
08_HA_nh,08_HA_nh_145.jpg,8,Happiness,C:\Users\kundu\OneDrive\Desktop\KMU-FED-2\data\detected_faces\08_HA_nh\08_HA_nh_145.jpg,0.9952732920646667,496,184,514,628,636,396,860,388,736,540,644,630,878,622
08_HA_nh,08_HA_nh_146.jpg,8,Happiness,C:\Users\kundu\OneDrive\Desktop\KMU-FED-2\data\detected_faces\08_HA_nh\08_HA_nh_146.jpg,0.994511604309082,500,184,502,616,638,396,864,388,740,538,644,626,878,620
08_HA_nh,08_HA_nh_147.jpg,8,Happiness,C:\Users\kundu\OneDrive\Desktop\KMU-FED-2\data\detected_faces\08_HA_nh\08_HA_nh_147.jpg,0.9977920055389404,498,188,500,614,634,398,864,392,734,538,636,630,872,624
08_HA_nh,08_HA_nh_148.jpg,8,Happiness,C:\Users\kundu\OneDrive\Desktop\KMU-FED-2\data\detected_faces\08_HA_nh\08_HA_nh_148.jpg,0.9963325262069702,492,172,526,640,634,394,866,386,740,538,640,632,878,626
08_HA_nh,08_HA_nh_149.jpg,8,Happiness,C:\Users\kundu\OneDrive\Desktop\KMU-FED-2\data\detected_faces\08_HA_nh\08_HA_nh_149.jpg,0.9963790774345398,488,168,524,644,630,394,864,388,736,536,634,632,876,626
08_HA_nh,08_HA_nh_150.jpg,8,Happiness,C:\Users\kundu\OneDrive\Desktop\KMU-FED-2\data\detected_faces\08_HA_nh\08_HA_nh_150.jpg,0.9980681538581848,494,184,506,622,630,400,862,394,732,534,630,632,868,626
08_SA_nh,08_SA_nh_091.jpg,8,Sadness,C:\Users\kundu\OneDrive\Desktop\KMU-FED-2\data\detected_faces\08_SA_nh\08_SA_nh_091.jpg,0.996343195438385,520,150,486,600,658,358,884,360,758,474,666,600,860,602
08_SA_nh,08_SA_nh_092.jpg,8,Sadness,C:\Users\kundu\OneDrive\Desktop\KMU-FED-2\data\detected_faces\08_SA_nh\08_SA_nh_092.jpg,0.9975489974021912,518,154,488,600,654,356,880,362,752,472,660,602,854,606
08_SA_nh,08_SA_nh_093.jpg,8,Sadness,C:\Users\kundu\OneDrive\Desktop\KMU-FED-2\data\detected_faces\08_SA_nh\08_SA_nh_093.jpg,0.9968233108520508,510,152,484,592,646,358,870,356,750,468,660,596,852,594
08_SA_nh,08_SA_nh_094.jpg,8,Sadness,C:\Users\kundu\OneDrive\Desktop\KMU-FED-2\data\detected_faces\08_SA_nh\08_SA_nh_094.jpg,0.9968283772468567,494,150,502,590,638,364,870,356,744,458,654,594,854,590
08_SA_nh,08_SA_nh_095.jpg,8,Sadness,C:\Users\kundu\OneDrive\Desktop\KMU-FED-2\data\detected_faces\08_SA_nh\08_SA_nh_095.jpg,0.9973873496055603,488,144,502,594,634,360,862,354,740,460,648,590,848,588
08_SA_nh,08_SA_nh_096.jpg,8,Sadness,C:\Users\kundu\OneDrive\Desktop\KMU-FED-2\data\detected_faces\08_SA_nh\08_SA_nh_096.jpg,0.998819887638092,484,160,496,578,626,364,856,356,734,460,644,590,842,586
08_SA_nh,08_SA_nh_097.jpg,8,Sadness,C:\Users\kundu\OneDrive\Desktop\KMU-FED-2\data\detected_faces\08_SA_nh\08_SA_nh_097.jpg,0.999081015586853,482,160,494,578,622,362,850,356,728,458,640,588,838,586
08_SA_nh,08_SA_nh_098.jpg,8,Sadness,C:\Users\kundu\OneDrive\Desktop\KMU-FED-2\data\detected_faces\08_SA_nh\08_SA_nh_098.jpg,0.9987078905105591,472,158,502,588,616,364,846,356,726,462,638,594,834,590
08_SA_nh,08_SA_nh_099.jpg,8,Sadness,C:\Users\kundu\OneDrive\Desktop\KMU-FED-2\data\detected_faces\08_SA_nh\08_SA_nh_099.jpg,0.9985248446464539,472,156,502,588,618,364,846,356,726,462,638,594,832,590
08_SA_nh,08_SA_nh_100.jpg,8,Sadness,C:\Users\kundu\OneDrive\Desktop\KMU-FED-2\data\detected_faces\08_SA_nh\08_SA_nh_100.jpg,0.997387707233429,476,146,508,604,624,362,856,352,734,466,644,596,844,590
08_SA_nh,08_SA_nh_101.jpg,8,Sadness,C:\Users\kundu\OneDrive\Desktop\KMU-FED-2\data\detected_faces\08_SA_nh\08_SA_nh_101.jpg,0.9963129162788391,584,152,478,556,720,340,942,338,820,436,734,574,914,566
08_SA_nh,08_SA_nh_102.jpg,8,Sadness,C:\Users\kundu\OneDrive\Desktop\KMU-FED-2\data\detected_faces\08_SA_nh\08_SA_nh_102.jpg,0.9958121180534363,576,144,476,554,708,342,930,338,808,430,726,570,908,564
08_SA_nh,08_SA_nh_103.jpg,8,Sadness,C:\Users\kundu\OneDrive\Desktop\KMU-FED-2\data\detected_faces\08_SA_nh\08_SA_nh_103.jpg,0.9972631931304932,574,146,478,552,706,342,930,336,808,428,728,570,908,562
08_SA_nh,08_SA_nh_104.jpg,8,Sadness,C:\Users\kundu\OneDrive\Desktop\KMU-FED-2\data\detected_faces\08_SA_nh\08_SA_nh_104.jpg,0.9981675148010254,578,152,472,544,708,342,930,336,810,432,728,568,910,562
08_SA_nh,08_SA_nh_105.jpg,8,Sadness,C:\Users\kundu\OneDrive\Desktop\KMU-FED-2\data\detected_faces\08_SA_nh\08_SA_nh_105.jpg,0.9973537921905518,584,146,472,554,712,338,934,332,810,430,728,564,912,560
08_SA_nh,08_SA_nh_106.jpg,8,Sadness,C:\Users\kundu\OneDrive\Desktop\KMU-FED-2\data\detected_faces\08_SA_nh\08_SA_nh_106.jpg,0.9976342916488647,588,146,470,552,714,338,938,332,814,430,730,564,916,560
08_SA_nh,08_SA_nh_107.jpg,8,Sadness,C:\Users\kundu\OneDrive\Desktop\KMU-FED-2\data\detected_faces\08_SA_nh\08_SA_nh_107.jpg,0.9975390434265137,592,148,470,550,720,340,942,334,818,432,736,566,920,560
08_SA_nh,08_SA_nh_108.jpg,8,Sadness,C:\Users\kundu\OneDrive\Desktop\KMU-FED-2\data\detected_faces\08_SA_nh\08_SA_nh_108.jpg,0.9944250583648682,588,146,478,558,718,342,944,334,820,430,738,572,922,562
08_SA_nh,08_SA_nh_109.jpg,8,Sadness,C:\Users\kundu\OneDrive\Desktop\KMU-FED-2\data\detected_faces\08_SA_nh\08_SA_nh_109.jpg,0.9967730641365051,584,156,482,560,722,346,948,338,830,438,744,576,928,566
08_SA_nh,08_SA_nh_110.jpg,8,Sadness,C:\Users\kundu\OneDrive\Desktop\KMU-FED-2\data\detected_faces\08_SA_nh\08_SA_nh_110.jpg,0.9958810806274414,584,154,478,556,720,344,946,340,824,436,738,576,922,568
08_SU_nh,08_SU_nh_081.jpg,8,Surprise,C:\Users\kundu\OneDrive\Desktop\KMU-FED-2\data\detected_faces\08_SU_nh\08_SU_nh_081.jpg,0.9916029572486877,478,126,570,712,634,358,892,358,742,500,654,672,848,670
08_SU_nh,08_SU_nh_082.jpg,8,Surprise,C:\Users\kundu\OneDrive\Desktop\KMU-FED-2\data\detected_faces\08_SU_nh\08_SU_nh_082.jpg,0.9948457479476929,476,132,568,704,634,360,892,358,742,500,654,672,850,670
08_SU_nh,08_SU_nh_083.jpg,8,Surprise,C:\Users\kundu\OneDrive\Desktop\KMU-FED-2\data\detected_faces\08_SU_nh\08_SU_nh_083.jpg,0.9930003881454468,476,126,568,710,632,358,892,358,742,498,656,670,850,670
08_SU_nh,08_SU_nh_084.jpg,8,Surprise,C:\Users\kundu\OneDrive\Desktop\KMU-FED-2\data\detected_faces\08_SU_nh\08_SU_nh_084.jpg,0.9920262694358826,474,126,576,714,632,358,894,358,742,498,654,672,850,670
08_SU_nh,08_SU_nh_085.jpg,8,Surprise,C:\Users\kundu\OneDrive\Desktop\KMU-FED-2\data\detected_faces\08_SU_nh\08_SU_nh_085.jpg,0.9938334226608276,474,128,570,708,632,360,890,360,742,498,654,672,848,672
08_SU_nh,08_SU_nh_086.jpg,8,Surprise,C:\Users\kundu\OneDrive\Desktop\KMU-FED-2\data\detected_faces\08_SU_nh\08_SU_nh_086.jpg,0.9943734407424927,468,128,566,704,628,358,886,358,740,498,652,668,844,668
08_SU_nh,08_SU_nh_087.jpg,8,Surprise,C:\Users\kundu\OneDrive\Desktop\KMU-FED-2\data\detected_faces\08_SU_nh\08_SU_nh_087.jpg,0.9939678907394409,464,120,572,712,628,356,886,356,740,502,650,666,848,666
08_SU_nh,08_SU_nh_088.jpg,8,Surprise,C:\Users\kundu\OneDrive\Desktop\KMU-FED-2\data\detected_faces\08_SU_nh\08_SU_nh_088.jpg,0.9939457774162292,462,118,576,716,626,356,886,356,738,500,648,668,848,668
08_SU_nh,08_SU_nh_089.jpg,8,Surprise,C:\Users\kundu\OneDrive\Desktop\KMU-FED-2\data\detected_faces\08_SU_nh\08_SU_nh_089.jpg,0.9922211766242981,460,120,578,716,624,358,884,356,736,500,648,668,846,666
08_SU_nh,08_SU_nh_090.jpg,8,Surprise,C:\Users\kundu\OneDrive\Desktop\KMU-FED-2\data\detected_faces\08_SU_nh\08_SU_nh_090.jpg,0.9935480952262878,460,120,584,718,624,358,884,356,734,500,646,670,846,668
08_SU_nh,08_SU_nh_091.jpg,8,Surprise,C:\Users\kundu\OneDrive\Desktop\KMU-FED-2\data\detected_faces\08_SU_nh\08_SU_nh_091.jpg,0.9870872497558594,574,198,472,604,712,384,938,408,810,490,706,650,878,670
08_SU_nh,08_SU_nh_092.jpg,8,Surprise,C:\Users\kundu\OneDrive\Desktop\KMU-FED-2\data\detected_faces\08_SU_nh\08_SU_nh_092.jpg,0.9746042490005493,572,196,472,612,710,386,934,410,806,494,704,654,876,672
08_SU_nh,08_SU_nh_093.jpg,8,Surprise,C:\Users\kundu\OneDrive\Desktop\KMU-FED-2\data\detected_faces\08_SU_nh\08_SU_nh_093.jpg,0.9643233418464661,578,208,468,606,712,388,936,412,808,496,706,658,876,678
08_SU_nh,08_SU_nh_094.jpg,8,Surprise,C:\Users\kundu\OneDrive\Desktop\KMU-FED-2\data\detected_faces\08_SU_nh\08_SU_nh_094.jpg,0.9750047326087952,580,218,470,610,706,396,932,418,802,514,710,676,880,690
08_SU_nh,08_SU_nh_095.jpg,8,Surprise,C:\Users\kundu\OneDrive\Desktop\KMU-FED-2\data\detected_faces\08_SU_nh\08_SU_nh_095.jpg,0.970518171787262,570,212,470,612,700,400,926,418,796,516,706,674,874,688
08_SU_nh,08_SU_nh_096.jpg,8,Surprise,C:\Users\kundu\OneDrive\Desktop\KMU-FED-2\data\detected_faces\08_SU_nh\08_SU_nh_096.jpg,0.9571294784545898,568,204,472,622,694,400,920,414,788,514,700,674,870,684
08_SU_nh,08_SU_nh_097.jpg,8,Surprise,C:\Users\kundu\OneDrive\Desktop\KMU-FED-2\data\detected_faces\08_SU_nh\08_SU_nh_097.jpg,0.9888744354248047,582,206,452,606,694,394,908,406,788,514,702,664,868,672
08_SU_nh,08_SU_nh_098.jpg,8,Surprise,C:\Users\kundu\OneDrive\Desktop\KMU-FED-2\data\detected_faces\08_SU_nh\08_SU_nh_098.jpg,0.9992960691452026,584,182,476,626,690,390,916,398,792,512,716,654,892,656
08_SU_nh,08_SU_nh_099.jpg,8,Surprise,C:\Users\kundu\OneDrive\Desktop\KMU-FED-2\data\detected_faces\08_SU_nh\08_SU_nh_099.jpg,0.9960169196128845,584,200,456,604,696,392,914,404,796,508,710,658,878,666
08_SU_nh,08_SU_nh_100.jpg,8,Surprise,C:\Users\kundu\OneDrive\Desktop\KMU-FED-2\data\detected_faces\08_SU_nh\08_SU_nh_100.jpg,0.98723304271698,588,208,448,604,698,396,910,406,798,510,710,662,880,666
09_AN_sj,09_AN_sj_121.jpg,9,Anger,C:\Users\kundu\OneDrive\Desktop\KMU-FED-2\data\detected_faces\09_AN_sj\09_AN_sj_121.jpg,0.9996412992477417,478,44,502,602,646,272,880,250,788,376,680,506,880,490
09_AN_sj,09_AN_sj_122.jpg,9,Anger,C:\Users\kundu\OneDrive\Desktop\KMU-FED-2\data\detected_faces\09_AN_sj\09_AN_sj_122.jpg,0.9997005462646484,476,46,500,600,646,272,880,252,786,374,680,506,876,490
09_AN_sj,09_AN_sj_123.jpg,9,Anger,C:\Users\kundu\OneDrive\Desktop\KMU-FED-2\data\detected_faces\09_AN_sj\09_AN_sj_123.jpg,0.9996612071990967,476,46,502,600,646,272,880,250,788,374,680,506,880,488
09_AN_sj,09_AN_sj_124.jpg,9,Anger,C:\Users\kundu\OneDrive\Desktop\KMU-FED-2\data\detected_faces\09_AN_sj\09_AN_sj_124.jpg,0.9995390176773071,478,46,502,604,648,274,882,250,790,376,682,508,884,490
09_AN_sj,09_AN_sj_125.jpg,9,Anger,C:\Users\kundu\OneDrive\Desktop\KMU-FED-2\data\detected_faces\09_AN_sj\09_AN_sj_125.jpg,0.9997178912162781,480,48,496,594,648,272,880,250,788,374,680,504,878,490
09_AN_sj,09_AN_sj_126.jpg,9,Anger,C:\Users\kundu\OneDrive\Desktop\KMU-FED-2\data\detected_faces\09_AN_sj\09_AN_sj_126.jpg,0.9996353387832642,482,48,498,596,648,272,882,252,786,374,680,506,876,490
09_AN_sj,09_AN_sj_127.jpg,9,Anger,C:\Users\kundu\OneDrive\Desktop\KMU-FED-2\data\detected_faces\09_AN_sj\09_AN_sj_127.jpg,0.9995875954627991,484,50,494,592,650,272,884,252,788,374,682,504,878,492
09_AN_sj,09_AN_sj_128.jpg,9,Anger,C:\Users\kundu\OneDrive\Desktop\KMU-FED-2\data\detected_faces\09_AN_sj\09_AN_sj_128.jpg,0.9992953538894653,484,46,498,598,650,274,886,252,786,374,682,506,878,492
09_AN_sj,09_AN_sj_129.jpg,9,Anger,C:\Users\kundu\OneDrive\Desktop\KMU-FED-2\data\detected_faces\09_AN_sj\09_AN_sj_129.jpg,0.999352753162384,484,44,500,600,652,274,888,252,790,374,682,506,882,492
09_AN_sj,09_AN_sj_130.jpg,9,Anger,C:\Users\kundu\OneDrive\Desktop\KMU-FED-2\data\detected_faces\09_AN_sj\09_AN_sj_130.jpg,0.999504566192627,486,50,496,594,652,272,888,252,790,374,684,506,882,492
09_AN_sj,09_AN_sj_131.jpg,9,Anger,C:\Users\kundu\OneDrive\Desktop\KMU-FED-2\data\detected_faces\09_AN_sj\09_AN_sj_131.jpg,0.9996546506881714,522,0,560,652,670,224,934,198,800,376,704,500,936,482
09_AN_sj,09_AN_sj_132.jpg,9,Anger,C:\Users\kundu\OneDrive\Desktop\KMU-FED-2\data\detected_faces\09_AN_sj\09_AN_sj_132.jpg,0.9990854263305664,524,0,566,664,680,224,940,200,808,368,710,504,940,484
09_AN_sj,09_AN_sj_133.jpg,9,Anger,C:\Users\kundu\OneDrive\Desktop\KMU-FED-2\data\detected_faces\09_AN_sj\09_AN_sj_133.jpg,0.9990422129631042,532,0,566,662,686,224,948,200,812,372,718,502,950,484
09_AN_sj,09_AN_sj_134.jpg,9,Anger,C:\Users\kundu\OneDrive\Desktop\KMU-FED-2\data\detected_faces\09_AN_sj\09_AN_sj_134.jpg,0.9993985891342163,536,0,562,664,688,224,950,196,820,368,722,504,952,482
09_AN_sj,09_AN_sj_135.jpg,9,Anger,C:\Users\kundu\OneDrive\Desktop\KMU-FED-2\data\detected_faces\09_AN_sj\09_AN_sj_135.jpg,0.9987754225730896,542,0,562,660,696,222,958,198,822,370,728,504,956,484
09_AN_sj,09_AN_sj_136.jpg,9,Anger,C:\Users\kundu\OneDrive\Desktop\KMU-FED-2\data\detected_faces\09_AN_sj\09_AN_sj_136.jpg,0.998671293258667,544,0,562,662,696,222,960,198,826,368,730,504,960,484
09_AN_sj,09_AN_sj_137.jpg,9,Anger,C:\Users\kundu\OneDrive\Desktop\KMU-FED-2\data\detected_faces\09_AN_sj\09_AN_sj_137.jpg,0.9987339377403259,542,0,560,664,696,222,958,198,828,366,728,504,956,484
09_AN_sj,09_AN_sj_138.jpg,9,Anger,C:\Users\kundu\OneDrive\Desktop\KMU-FED-2\data\detected_faces\09_AN_sj\09_AN_sj_138.jpg,0.9994651675224304,532,0,564,664,682,226,946,200,812,370,718,506,948,486
09_AN_sj,09_AN_sj_139.jpg,9,Anger,C:\Users\kundu\OneDrive\Desktop\KMU-FED-2\data\detected_faces\09_AN_sj\09_AN_sj_139.jpg,0.9994593262672424,522,0,566,664,676,226,942,198,808,368,710,506,944,486
09_AN_sj,09_AN_sj_140.jpg,9,Anger,C:\Users\kundu\OneDrive\Desktop\KMU-FED-2\data\detected_faces\09_AN_sj\09_AN_sj_140.jpg,0.9991194605827332,520,0,568,660,674,226,938,200,802,372,708,506,938,486
09_FE_sj,09_FE_sj_151.jpg,9,Fear,C:\Users\kundu\OneDrive\Desktop\KMU-FED-2\data\detected_faces\09_FE_sj\09_FE_sj_151.jpg,0.9959214925765991,532,0,544,600,674,194,924,156,796,280,730,458,932,424
09_FE_sj,09_FE_sj_152.jpg,9,Fear,C:\Users\kundu\OneDrive\Desktop\KMU-FED-2\data\detected_faces\09_FE_sj\09_FE_sj_152.jpg,0.993685781955719,528,0,544,600,670,196,916,156,792,280,726,458,926,424
09_FE_sj,09_FE_sj_153.jpg,9,Fear,C:\Users\kundu\OneDrive\Desktop\KMU-FED-2\data\detected_faces\09_FE_sj\09_FE_sj_153.jpg,0.9980206489562988,536,0,524,590,672,194,914,162,794,282,724,452,916,426
09_FE_sj,09_FE_sj_154.jpg,9,Fear,C:\Users\kundu\OneDrive\Desktop\KMU-FED-2\data\detected_faces\09_FE_sj\09_FE_sj_154.jpg,0.9929552674293518,520,0,542,596,658,198,904,158,774,280,712,458,914,424
09_FE_sj,09_FE_sj_155.jpg,9,Fear,C:\Users\kundu\OneDrive\Desktop\KMU-FED-2\data\detected_faces\09_FE_sj\09_FE_sj_155.jpg,0.9923507571220398,506,0,530,590,638,200,880,160,752,278,694,458,892,422
09_FE_sj,09_FE_sj_156.jpg,9,Fear,C:\Users\kundu\OneDrive\Desktop\KMU-FED-2\data\detected_faces\09_FE_sj\09_FE_sj_156.jpg,0.990546703338623,492,0,540,606,626,206,866,162,736,282,682,462,878,424
09_FE_sj,09_FE_sj_157.jpg,9,Fear,C:\Users\kundu\OneDrive\Desktop\KMU-FED-2\data\detected_faces\09_FE_sj\09_FE_sj_157.jpg,0.990385890007019,484,0,534,594,618,208,856,162,728,286,678,460,872,420
09_FE_sj,09_FE_sj_158.jpg,9,Fear,C:\Users\kundu\OneDrive\Desktop\KMU-FED-2\data\detected_faces\09_FE_sj\09_FE_sj_158.jpg,0.9898965358734131,474,0,546,610,608,210,846,166,716,286,664,466,858,426
09_FE_sj,09_FE_sj_159.jpg,9,Fear,C:\Users\kundu\OneDrive\Desktop\KMU-FED-2\data\detected_faces\09_FE_sj\09_FE_sj_159.jpg,0.9947916269302368,468,0,540,598,600,208,840,162,708,288,662,464,860,424
09_FE_sj,09_FE_sj_160.jpg,9,Fear,C:\Users\kundu\OneDrive\Desktop\KMU-FED-2\data\detected_faces\09_FE_sj\09_FE_sj_160.jpg,0.9950213432312012,472,0,524,600,598,218,834,174,700,300,656,466,850,428
09_HA_sj,09_HA_sj_151.jpg,9,Happiness,C:\Users\kundu\OneDrive\Desktop\KMU-FED-2\data\detected_faces\09_HA_sj\09_HA_sj_151.jpg,0.9991942048072815,468,64,524,644,650,314,892,290,796,448,670,550,890,530
09_HA_sj,09_HA_sj_152.jpg,9,Happiness,C:\Users\kundu\OneDrive\Desktop\KMU-FED-2\data\detected_faces\09_HA_sj\09_HA_sj_152.jpg,0.999053418636322,470,68,524,646,652,314,892,290,796,450,672,554,892,532
09_HA_sj,09_HA_sj_153.jpg,9,Happiness,C:\Users\kundu\OneDrive\Desktop\KMU-FED-2\data\detected_faces\09_HA_sj\09_HA_sj_153.jpg,0.9986801743507385,470,68,524,646,652,314,894,290,796,450,672,552,890,534
09_HA_sj,09_HA_sj_154.jpg,9,Happiness,C:\Users\kundu\OneDrive\Desktop\KMU-FED-2\data\detected_faces\09_HA_sj\09_HA_sj_154.jpg,0.9988468885421753,472,66,522,646,652,314,894,290,796,448,674,552,890,532
09_HA_sj,09_HA_sj_155.jpg,9,Happiness,C:\Users\kundu\OneDrive\Desktop\KMU-FED-2\data\detected_faces\09_HA_sj\09_HA_sj_155.jpg,0.9990518689155579,474,68,522,644,654,314,894,290,794,448,672,552,890,534
09_HA_sj,09_HA_sj_156.jpg,9,Happiness,C:\Users\kundu\OneDrive\Desktop\KMU-FED-2\data\detected_faces\09_HA_sj\09_HA_sj_156.jpg,0.9984149932861328,472,66,522,644,652,314,894,290,798,448,674,552,890,534
09_HA_sj,09_HA_sj_157.jpg,9,Happiness,C:\Users\kundu\OneDrive\Desktop\KMU-FED-2\data\detected_faces\09_HA_sj\09_HA_sj_157.jpg,0.9981324076652527,472,66,522,642,654,314,896,290,798,448,676,550,892,534
09_HA_sj,09_HA_sj_158.jpg,9,Happiness,C:\Users\kundu\OneDrive\Desktop\KMU-FED-2\data\detected_faces\09_HA_sj\09_HA_sj_158.jpg,0.9985802173614502,472,66,522,644,656,312,898,290,800,446,674,550,894,532
09_HA_sj,09_HA_sj_159.jpg,9,Happiness,C:\Users\kundu\OneDrive\Desktop\KMU-FED-2\data\detected_faces\09_HA_sj\09_HA_sj_159.jpg,0.9980912804603577,474,68,522,646,656,312,898,290,800,448,676,552,892,534
09_HA_sj,09_HA_sj_160.jpg,9,Happiness,C:\Users\kundu\OneDrive\Desktop\KMU-FED-2\data\detected_faces\09_HA_sj\09_HA_sj_160.jpg,0.9980403780937195,474,68,522,646,656,312,896,290,800,448,676,552,892,534
09_HA_sj,09_HA_sj_161.jpg,9,Happiness,C:\Users\kundu\OneDrive\Desktop\KMU-FED-2\data\detected_faces\09_HA_sj\09_HA_sj_161.jpg,0.9995853304862976,460,0,562,656,626,246,888,218,770,384,656,500,900,474
09_HA_sj,09_HA_sj_162.jpg,9,Happiness,C:\Users\kundu\OneDrive\Desktop\KMU-FED-2\data\detected_faces\09_HA_sj\09_HA_sj_162.jpg,0.9997090697288513,448,0,570,658,610,242,878,214,756,378,642,498,888,472
09_HA_sj,09_HA_sj_163.jpg,9,Happiness,C:\Users\kundu\OneDrive\Desktop\KMU-FED-2\data\detected_faces\09_HA_sj\09_HA_sj_163.jpg,0.9996635913848877,430,0,576,656,598,244,866,212,748,376,636,498,882,472
09_HA_sj,09_HA_sj_164.jpg,9,Happiness,C:\Users\kundu\OneDrive\Desktop\KMU-FED-2\data\detected_faces\09_HA_sj\09_HA_sj_164.jpg,0.9997007846832275,428,0,564,646,592,240,856,208,736,368,624,490,874,462
09_HA_sj,09_HA_sj_165.jpg,9,Happiness,C:\Users\kundu\OneDrive\Desktop\KMU-FED-2\data\detected_faces\09_HA_sj\09_HA_sj_165.jpg,0.9996645450592041,436,0,560,646,594,236,856,206,734,368,626,488,872,462
09_HA_sj,09_HA_sj_166.jpg,9,Happiness,C:\Users\kundu\OneDrive\Desktop\KMU-FED-2\data\detected_faces\09_HA_sj\09_HA_sj_166.jpg,0.9994920492172241,444,0,556,646,602,236,862,208,740,370,632,488,880,464
09_HA_sj,09_HA_sj_167.jpg,9,Happiness,C:\Users\kundu\OneDrive\Desktop\KMU-FED-2\data\detected_faces\09_HA_sj\09_HA_sj_167.jpg,0.9991599321365356,446,0,566,656,612,234,876,208,756,366,644,492,886,470
09_HA_sj,09_HA_sj_168.jpg,9,Happiness,C:\Users\kundu\OneDrive\Desktop\KMU-FED-2\data\detected_faces\09_HA_sj\09_HA_sj_168.jpg,0.9996128678321838,462,0,560,644,626,232,888,204,770,368,658,488,908,462
09_HA_sj,09_HA_sj_169.jpg,9,Happiness,C:\Users\kundu\OneDrive\Desktop\KMU-FED-2\data\detected_faces\09_HA_sj\09_HA_sj_169.jpg,0.9989684820175171,494,0,574,654,668,226,936,206,812,364,692,486,936,470
09_HA_sj,09_HA_sj_170.jpg,9,Happiness,C:\Users\kundu\OneDrive\Desktop\KMU-FED-2\data\detected_faces\09_HA_sj\09_HA_sj_170.jpg,0.9998000264167786,514,0,568,648,682,222,948,204,832,362,708,480,956,464
09_SA_sj,09_SA_sj_110.jpg,9,Sadness,C:\Users\kundu\OneDrive\Desktop\KMU-FED-2\data\detected_faces\09_SA_sj\09_SA_sj_110.jpg,0.9982403516769409,532,0,552,620,692,180,956,162,834,300,728,456,948,444
09_SA_sj,09_SA_sj_111.jpg,9,Sadness,C:\Users\kundu\OneDrive\Desktop\KMU-FED-2\data\detected_faces\09_SA_sj\09_SA_sj_111.jpg,0.9988133907318115,532,0,556,620,694,178,956,162,836,298,732,456,944,446
09_SA_sj,09_SA_sj_112.jpg,9,Sadness,C:\Users\kundu\OneDrive\Desktop\KMU-FED-2\data\detected_faces\09_SA_sj\09_SA_sj_112.jpg,0.9987071752548218,532,0,558,622,696,178,958,162,838,296,734,456,946,448
09_SA_sj,09_SA_sj_113.jpg,9,Sadness,C:\Users\kundu\OneDrive\Desktop\KMU-FED-2\data\detected_faces\09_SA_sj\09_SA_sj_113.jpg,0.9986910223960876,536,0,554,620,700,178,960,162,836,294,736,456,944,448
09_SA_sj,09_SA_sj_114.jpg,9,Sadness,C:\Users\kundu\OneDrive\Desktop\KMU-FED-2\data\detected_faces\09_SA_sj\09_SA_sj_114.jpg,0.9987531900405884,536,0,558,622,700,180,962,162,842,294,740,458,952,446
09_SA_sj,09_SA_sj_115.jpg,9,Sadness,C:\Users\kundu\OneDrive\Desktop\KMU-FED-2\data\detected_faces\09_SA_sj\09_SA_sj_115.jpg,0.998855710029602,536,0,560,622,698,184,962,162,844,294,746,460,958,446
09_SA_sj,09_SA_sj_116.jpg,9,Sadness,C:\Users\kundu\OneDrive\Desktop\KMU-FED-2\data\detected_faces\09_SA_sj\09_SA_sj_116.jpg,0.9987615346908569,536,0,558,622,698,182,956,162,838,294,740,458,950,444
09_SA_sj,09_SA_sj_117.jpg,9,Sadness,C:\Users\kundu\OneDrive\Desktop\KMU-FED-2\data\detected_faces\09_SA_sj\09_SA_sj_117.jpg,0.9984995126724243,536,0,558,618,698,186,958,164,842,296,742,460,954,442
09_SA_sj,09_SA_sj_118.jpg,9,Sadness,C:\Users\kundu\OneDrive\Desktop\KMU-FED-2\data\detected_faces\09_SA_sj\09_SA_sj_118.jpg,0.9988691210746765,532,0,560,622,694,188,952,166,838,296,738,462,952,444
09_SA_sj,09_SA_sj_119.jpg,9,Sadness,C:\Users\kundu\OneDrive\Desktop\KMU-FED-2\data\detected_faces\09_SA_sj\09_SA_sj_119.jpg,0.9980575442314148,532,0,556,628,694,196,956,174,836,302,736,466,956,446
09_SU_sj,09_SU_sj_101.jpg,9,Surprise,C:\Users\kundu\OneDrive\Desktop\KMU-FED-2\data\detected_faces\09_SU_sj\09_SU_sj_101.jpg,0.9980213642120361,512,0,578,698,676,204,946,190,818,334,732,524,926,518
09_SU_sj,09_SU_sj_102.jpg,9,Surprise,C:\Users\kundu\OneDrive\Desktop\KMU-FED-2\data\detected_faces\09_SU_sj\09_SU_sj_102.jpg,0.9974799752235413,514,0,578,702,680,204,950,188,826,332,736,520,932,514
09_SU_sj,09_SU_sj_103.jpg,9,Surprise,C:\Users\kundu\OneDrive\Desktop\KMU-FED-2\data\detected_faces\09_SU_sj\09_SU_sj_103.jpg,0.9970967769622803,520,0,572,692,682,208,950,190,822,338,738,518,932,510
09_SU_sj,09_SU_sj_104.jpg,9,Surprise,C:\Users\kundu\OneDrive\Desktop\KMU-FED-2\data\detected_faces\09_SU_sj\09_SU_sj_104.jpg,0.9975376129150391,522,0,564,686,678,206,946,190,818,338,730,522,922,514
09_SU_sj,09_SU_sj_105.jpg,9,Surprise,C:\Users\kundu\OneDrive\Desktop\KMU-FED-2\data\detected_faces\09_SU_sj\09_SU_sj_105.jpg,0.9981562495231628,520,0,558,684,672,206,938,192,806,334,722,518,914,512
09_SU_sj,09_SU_sj_106.jpg,9,Surprise,C:\Users\kundu\OneDrive\Desktop\KMU-FED-2\data\detected_faces\09_SU_sj\09_SU_sj_106.jpg,0.997295081615448,508,0,568,684,660,204,932,188,796,332,716,522,910,516
09_SU_sj,09_SU_sj_107.jpg,9,Surprise,C:\Users\kundu\OneDrive\Desktop\KMU-FED-2\data\detected_faces\09_SU_sj\09_SU_sj_107.jpg,0.9992579817771912,494,0,574,690,650,212,924,190,788,336,708,524,908,512
09_SU_sj,09_SU_sj_108.jpg,9,Surprise,C:\Users\kundu\OneDrive\Desktop\KMU-FED-2\data\detected_faces\09_SU_sj\09_SU_sj_108.jpg,0.9927882552146912,482,0,566,686,642,200,916,180,788,324,706,514,902,500
09_SU_sj,09_SU_sj_109.jpg,9,Surprise,C:\Users\kundu\OneDrive\Desktop\KMU-FED-2\data\detected_faces\09_SU_sj\09_SU_sj_109.jpg,0.9962975382804871,484,0,556,682,640,214,908,192,778,336,702,516,894,506
09_SU_sj,09_SU_sj_110.jpg,9,Surprise,C:\Users\kundu\OneDrive\Desktop\KMU-FED-2\data\detected_faces\09_SU_sj\09_SU_sj_110.jpg,0.9966676831245422,484,0,558,684,638,210,904,190,772,334,698,516,888,504
10_AN_ko,10_AN_ko_141.jpg,10,Anger,C:\Users\kundu\OneDrive\Desktop\KMU-FED-2\data\detected_faces\10_AN_ko\10_AN_ko_141.jpg,0.9997598528862,462,2,628,786,644,308,924,286,798,460,664,612,916,590
10_AN_ko,10_AN_ko_142.jpg,10,Anger,C:\Users\kundu\OneDrive\Desktop\KMU-FED-2\data\detected_faces\10_AN_ko\10_AN_ko_142.jpg,0.9996591806411743,470,2,612,782,648,308,928,292,800,462,664,614,914,596
10_AN_ko,10_AN_ko_143.jpg,10,Anger,C:\Users\kundu\OneDrive\Desktop\KMU-FED-2\data\detected_faces\10_AN_ko\10_AN_ko_143.jpg,0.9996249675750732,472,2,614,780,646,302,918,286,792,462,664,612,906,590
10_AN_ko,10_AN_ko_144.jpg,10,Anger,C:\Users\kundu\OneDrive\Desktop\KMU-FED-2\data\detected_faces\10_AN_ko\10_AN_ko_144.jpg,0.9922194480895996,462,0,652,792,648,294,944,290,808,464,660,624,916,616
10_AN_ko,10_AN_ko_145.jpg,10,Anger,C:\Users\kundu\OneDrive\Desktop\KMU-FED-2\data\detected_faces\10_AN_ko\10_AN_ko_145.jpg,0.9897674918174744,458,0,654,792,644,296,944,282,812,460,670,624,926,608
10_AN_ko,10_AN_ko_146.jpg,10,Anger,C:\Users\kundu\OneDrive\Desktop\KMU-FED-2\data\detected_faces\10_AN_ko\10_AN_ko_146.jpg,0.9968822002410889,454,0,652,790,636,294,938,284,780,468,646,614,916,606
10_AN_ko,10_AN_ko_147.jpg,10,Anger,C:\Users\kundu\OneDrive\Desktop\KMU-FED-2\data\detected_faces\10_AN_ko\10_AN_ko_147.jpg,0.9927534461021423,448,0,660,796,630,280,916,278,786,444,640,612,886,602
10_AN_ko,10_AN_ko_148.jpg,10,Anger,C:\Users\kundu\OneDrive\Desktop\KMU-FED-2\data\detected_faces\10_AN_ko\10_AN_ko_148.jpg,0.988294243812561,444,0,646,798,626,284,914,268,776,426,626,612,882,594
10_AN_ko,10_AN_ko_149.jpg,10,Anger,C:\Users\kundu\OneDrive\Desktop\KMU-FED-2\data\detected_faces\10_AN_ko\10_AN_ko_149.jpg,0.98546302318573,456,0,634,786,632,290,920,278,768,440,632,614,884,604
10_AN_ko,10_AN_ko_150.jpg,10,Anger,C:\Users\kundu\OneDrive\Desktop\KMU-FED-2\data\detected_faces\10_AN_ko\10_AN_ko_150.jpg,0.9997215867042542,474,22,620,760,642,306,924,290,782,464,656,618,912,602
10_DI_ko,10_DI_ko_091.jpg,10,Disgust,C:\Users\kundu\OneDrive\Desktop\KMU-FED-2\data\detected_faces\10_DI_ko\10_DI_ko_091.jpg,0.9971188306808472,486,8,614,796,682,322,962,308,842,498,716,650,950,640
10_DI_ko,10_DI_ko_092.jpg,10,Disgust,C:\Users\kundu\OneDrive\Desktop\KMU-FED-2\data\detected_faces\10_DI_ko\10_DI_ko_092.jpg,0.9977243542671204,500,22,608,772,692,332,980,332,838,500,714,640,962,638
10_DI_ko,10_DI_ko_093.jpg,10,Disgust,C:\Users\kundu\OneDrive\Desktop\KMU-FED-2\data\detected_faces\10_DI_ko\10_DI_ko_093.jpg,0.9911108016967773,500,14,608,774,694,328,978,320,844,496,720,636,962,626
10_DI_ko,10_DI_ko_094.jpg,10,Disgust,C:\Users\kundu\OneDrive\Desktop\KMU-FED-2\data\detected_faces\10_DI_ko\10_DI_ko_094.jpg,0.9988321661949158,504,24,602,786,692,328,974,320,850,496,712,648,950,640
10_DI_ko,10_DI_ko_095.jpg,10,Disgust,C:\Users\kundu\OneDrive\Desktop\KMU-FED-2\data\detected_faces\10_DI_ko\10_DI_ko_095.jpg,0.9930524230003357,486,20,620,788,680,336,972,330,826,498,708,652,954,644
10_DI_ko,10_DI_ko_096.jpg,10,Disgust,C:\Users\kundu\OneDrive\Desktop\KMU-FED-2\data\detected_faces\10_DI_ko\10_DI_ko_096.jpg,0.998659610748291,494,32,608,776,674,338,958,330,824,502,694,658,928,646
10_DI_ko,10_DI_ko_097.jpg,10,Disgust,C:\Users\kundu\OneDrive\Desktop\KMU-FED-2\data\detected_faces\10_DI_ko\10_DI_ko_097.jpg,0.9992683529853821,488,58,602,750,664,338,942,318,816,502,702,652,934,638
10_DI_ko,10_DI_ko_098.jpg,10,Disgust,C:\Users\kundu\OneDrive\Desktop\KMU-FED-2\data\detected_faces\10_DI_ko\10_DI_ko_098.jpg,0.9990123510360718,464,30,614,796,648,336,938,326,806,504,670,666,918,654
10_DI_ko,10_DI_ko_099.jpg,10,Disgust,C:\Users\kundu\OneDrive\Desktop\KMU-FED-2\data\detected_faces\10_DI_ko\10_DI_ko_099.jpg,0.9976112842559814,450,14,614,798,650,322,940,326,806,506,672,658,914,656
10_DI_ko,10_DI_ko_100.jpg,10,Disgust,C:\Users\kundu\OneDrive\Desktop\KMU-FED-2\data\detected_faces\10_DI_ko\10_DI_ko_100.jpg,0.9989299178123474,440,16,624,808,630,342,926,324,790,504,664,660,918,642
10_FE_ko,10_FE_ko_161.jpg,10,Fear,C:\Users\kundu\OneDrive\Desktop\KMU-FED-2\data\detected_faces\10_FE_ko\10_FE_ko_161.jpg,0.9990484118461609,454,0,652,782,636,248,934,232,806,418,672,582,940,566
10_FE_ko,10_FE_ko_162.jpg,10,Fear,C:\Users\kundu\OneDrive\Desktop\KMU-FED-2\data\detected_faces\10_FE_ko\10_FE_ko_162.jpg,0.9991210103034973,448,0,654,778,632,250,936,230,810,412,674,578,944,562
10_FE_ko,10_FE_ko_163.jpg,10,Fear,C:\Users\kundu\OneDrive\Desktop\KMU-FED-2\data\detected_faces\10_FE_ko\10_FE_ko_163.jpg,0.9978811144828796,442,0,670,782,620,254,918,236,788,422,656,580,932,560
10_FE_ko,10_FE_ko_164.jpg,10,Fear,C:\Users\kundu\OneDrive\Desktop\KMU-FED-2\data\detected_faces\10_FE_ko\10_FE_ko_164.jpg,0.9990277290344238,440,0,654,784,630,256,926,244,800,416,662,576,932,566
10_FE_ko,10_FE_ko_165.jpg,10,Fear,C:\Users\kundu\OneDrive\Desktop\KMU-FED-2\data\detected_faces\10_FE_ko\10_FE_ko_165.jpg,0.9994422793388367,442,0,664,786,622,254,928,238,796,420,662,584,938,558
10_FE_ko,10_FE_ko_170.jpg,10,Fear,C:\Users\kundu\OneDrive\Desktop\KMU-FED-2\data\detected_faces\10_FE_ko\10_FE_ko_170.jpg,0.9994065761566162,454,0,646,780,628,258,920,230,804,418,670,586,936,558
10_FE_ko,10_FE_ko_171.jpg,10,Fear,C:\Users\kundu\OneDrive\Desktop\KMU-FED-2\data\detected_faces\10_FE_ko\10_FE_ko_171.jpg,0.9973293542861938,446,0,662,746,636,202,930,200,774,368,622,534,906,542
10_FE_ko,10_FE_ko_172.jpg,10,Fear,C:\Users\kundu\OneDrive\Desktop\KMU-FED-2\data\detected_faces\10_FE_ko\10_FE_ko_172.jpg,0.9956310987472534,448,0,632,722,626,210,908,192,762,362,636,526,906,506
10_FE_ko,10_FE_ko_173.jpg,10,Fear,C:\Users\kundu\OneDrive\Desktop\KMU-FED-2\data\detected_faces\10_FE_ko\10_FE_ko_173.jpg,0.9934743046760559,456,0,624,714,626,208,904,188,754,350,634,520,900,500
10_FE_ko,10_FE_ko_174.jpg,10,Fear,C:\Users\kundu\OneDrive\Desktop\KMU-FED-2\data\detected_faces\10_FE_ko\10_FE_ko_174.jpg,0.9888034462928772,454,0,620,720,618,208,902,186,752,352,632,518,906,496
10_FE_ko,10_FE_ko_175.jpg,10,Fear,C:\Users\kundu\OneDrive\Desktop\KMU-FED-2\data\detected_faces\10_FE_ko\10_FE_ko_175.jpg,0.9943388104438782,442,0,616,712,620,208,902,188,762,356,634,522,908,498
10_FE_ko,10_FE_ko_176.jpg,10,Fear,C:\Users\kundu\OneDrive\Desktop\KMU-FED-2\data\detected_faces\10_FE_ko\10_FE_ko_176.jpg,0.9935328960418701,442,0,632,710,622,204,906,176,758,356,636,522,904,496
10_FE_ko,10_FE_ko_177.jpg,10,Fear,C:\Users\kundu\OneDrive\Desktop\KMU-FED-2\data\detected_faces\10_FE_ko\10_FE_ko_177.jpg,0.99073725938797,440,0,624,724,614,192,900,186,760,334,618,514,888,508
10_FE_ko,10_FE_ko_178.jpg,10,Fear,C:\Users\kundu\OneDrive\Desktop\KMU-FED-2\data\detected_faces\10_FE_ko\10_FE_ko_178.jpg,0.9777597784996033,448,0,624,708,612,194,900,186,746,334,618,514,880,506
10_FE_ko,10_FE_ko_179.jpg,10,Fear,C:\Users\kundu\OneDrive\Desktop\KMU-FED-2\data\detected_faces\10_FE_ko\10_FE_ko_179.jpg,0.9781966805458069,460,0,618,712,622,212,898,194,744,354,620,516,892,504
10_FE_ko,10_FE_ko_180.jpg,10,Fear,C:\Users\kundu\OneDrive\Desktop\KMU-FED-2\data\detected_faces\10_FE_ko\10_FE_ko_180.jpg,0.9678757190704346,440,0,634,720,608,186,912,176,748,334,618,518,894,510
10_HA_ko,10_HA_ko_171.jpg,10,Happiness,C:\Users\kundu\OneDrive\Desktop\KMU-FED-2\data\detected_faces\10_HA_ko\10_HA_ko_171.jpg,0.9980242252349854,584,16,540,644,748,264,990,252,880,378,750,496,1008,484
10_HA_ko,10_HA_ko_172.jpg,10,Happiness,C:\Users\kundu\OneDrive\Desktop\KMU-FED-2\data\detected_faces\10_HA_ko\10_HA_ko_172.jpg,0.9955528378486633,580,2,550,674,744,258,994,260,876,378,738,502,996,500
10_HA_ko,10_HA_ko_173.jpg,10,Happiness,C:\Users\kundu\OneDrive\Desktop\KMU-FED-2\data\detected_faces\10_HA_ko\10_HA_ko_173.jpg,0.9983900785446167,574,12,572,682,738,254,996,254,866,384,732,508,994,508
10_HA_ko,10_HA_ko_174.jpg,10,Happiness,C:\Users\kundu\OneDrive\Desktop\KMU-FED-2\data\detected_faces\10_HA_ko\10_HA_ko_174.jpg,0.9984683394432068,584,22,534,650,744,280,984,276,868,400,738,512,988,506
10_HA_ko,10_HA_ko_175.jpg,10,Happiness,C:\Users\kundu\OneDrive\Desktop\KMU-FED-2\data\detected_faces\10_HA_ko\10_HA_ko_175.jpg,0.9968118071556091,576,22,552,662,736,268,992,262,858,396,734,510,998,504
10_HA_ko,10_HA_ko_176.jpg,10,Happiness,C:\Users\kundu\OneDrive\Desktop\KMU-FED-2\data\detected_faces\10_HA_ko\10_HA_ko_176.jpg,0.9986567497253418,586,18,546,672,738,280,988,272,862,400,742,518,998,508
10_HA_ko,10_HA_ko_177.jpg,10,Happiness,C:\Users\kundu\OneDrive\Desktop\KMU-FED-2\data\detected_faces\10_HA_ko\10_HA_ko_177.jpg,0.998602569103241,588,28,528,654,740,276,982,274,860,398,734,512,988,506
10_HA_ko,10_HA_ko_178.jpg,10,Happiness,C:\Users\kundu\OneDrive\Desktop\KMU-FED-2\data\detected_faces\10_HA_ko\10_HA_ko_178.jpg,0.9971047043800354,588,40,524,638,736,272,976,270,854,392,726,502,982,494
10_HA_ko,10_HA_ko_179.jpg,10,Happiness,C:\Users\kundu\OneDrive\Desktop\KMU-FED-2\data\detected_faces\10_HA_ko\10_HA_ko_179.jpg,0.9970992803573608,578,30,536,658,732,274,974,266,852,390,726,506,986,496
10_HA_ko,10_HA_ko_180.jpg,10,Happiness,C:\Users\kundu\OneDrive\Desktop\KMU-FED-2\data\detected_faces\10_HA_ko\10_HA_ko_180.jpg,0.9970583915710449,570,24,542,664,732,270,978,266,856,390,726,504,986,496
10_HA_ko,10_HA_ko_181.jpg,10,Happiness,C:\Users\kundu\OneDrive\Desktop\KMU-FED-2\data\detected_faces\10_HA_ko\10_HA_ko_181.jpg,0.9875532388687134,452,0,646,728,632,188,932,162,804,338,654,508,936,492
10_HA_ko,10_HA_ko_182.jpg,10,Happiness,C:\Users\kundu\OneDrive\Desktop\KMU-FED-2\data\detected_faces\10_HA_ko\10_HA_ko_182.jpg,0.9991616010665894,473,0,638,716,632,229,905,215,781,371,636,510,914,497
10_HA_ko,10_HA_ko_184.jpg,10,Happiness,C:\Users\kundu\OneDrive\Desktop\KMU-FED-2\data\detected_faces\10_HA_ko\10_HA_ko_184.jpg,0.9989296793937683,462,0,636,740,640,232,918,220,792,376,640,524,918,514
10_HA_ko,10_HA_ko_185.jpg,10,Happiness,C:\Users\kundu\OneDrive\Desktop\KMU-FED-2\data\detected_faces\10_HA_ko\10_HA_ko_185.jpg,0.999420166015625,448,0,654,740,622,218,918,194,790,366,642,522,924,506
10_HA_ko,10_HA_ko_186.jpg,10,Happiness,C:\Users\kundu\OneDrive\Desktop\KMU-FED-2\data\detected_faces\10_HA_ko\10_HA_ko_186.jpg,0.9954919219017029,460,0,640,724,638,210,916,184,800,366,656,526,918,498
10_HA_ko,10_HA_ko_187.jpg,10,Happiness,C:\Users\kundu\OneDrive\Desktop\KMU-FED-2\data\detected_faces\10_HA_ko\10_HA_ko_187.jpg,0.9959477782249451,466,0,620,704,644,212,932,184,806,362,666,508,952,484
10_HA_ko,10_HA_ko_188.jpg,10,Happiness,C:\Users\kundu\OneDrive\Desktop\KMU-FED-2\data\detected_faces\10_HA_ko\10_HA_ko_188.jpg,0.9908497333526611,462,0,643,716,647,205,941,175,812,373,666,510,950,483
10_HA_ko,10_HA_ko_189.jpg,10,Happiness,C:\Users\kundu\OneDrive\Desktop\KMU-FED-2\data\detected_faces\10_HA_ko\10_HA_ko_189.jpg,0.9876789450645447,466,0,636,700,654,202,938,176,824,340,676,500,952,476
10_HA_ko,10_HA_ko_190.jpg,10,Happiness,C:\Users\kundu\OneDrive\Desktop\KMU-FED-2\data\detected_faces\10_HA_ko\10_HA_ko_190.jpg,0.9983568787574768,463,0,644,712,650,212,934,203,822,354,657,495,941,485
10_SU_ko,10_SU_ko_111.jpg,10,Surprise,C:\Users\kundu\OneDrive\Desktop\KMU-FED-2\data\detected_faces\10_SU_ko\10_SU_ko_111.jpg,0.9701250195503235,478,0,620,802,656,264,928,234,822,382,702,598,920,574
10_SU_ko,10_SU_ko_112.jpg,10,Surprise,C:\Users\kundu\OneDrive\Desktop\KMU-FED-2\data\detected_faces\10_SU_ko\10_SU_ko_112.jpg,0.9861600995063782,478,0,616,802,654,256,930,246,816,384,702,596,912,584
10_SU_ko,10_SU_ko_113.jpg,10,Surprise,C:\Users\kundu\OneDrive\Desktop\KMU-FED-2\data\detected_faces\10_SU_ko\10_SU_ko_113.jpg,0.9922730326652527,476,0,596,764,648,284,916,254,804,400,710,600,916,572
10_SU_ko,10_SU_ko_114.jpg,10,Surprise,C:\Users\kundu\OneDrive\Desktop\KMU-FED-2\data\detected_faces\10_SU_ko\10_SU_ko_114.jpg,0.9916314482688904,478,0,600,800,654,270,930,264,816,398,708,604,916,592
10_SU_ko,10_SU_ko_115.jpg,10,Surprise,C:\Users\kundu\OneDrive\Desktop\KMU-FED-2\data\detected_faces\10_SU_ko\10_SU_ko_115.jpg,0.9888697862625122,474,0,618,794,654,272,928,240,816,396,710,608,924,582
10_SU_ko,10_SU_ko_116.jpg,10,Surprise,C:\Users\kundu\OneDrive\Desktop\KMU-FED-2\data\detected_faces\10_SU_ko\10_SU_ko_116.jpg,0.9745600819587708,472,0,650,812,666,260,950,244,834,394,710,612,934,594
10_SU_ko,10_SU_ko_117.jpg,10,Surprise,C:\Users\kundu\OneDrive\Desktop\KMU-FED-2\data\detected_faces\10_SU_ko\10_SU_ko_117.jpg,0.9932008385658264,479,0,615,797,655,270,933,249,822,396,715,607,927,584
10_SU_ko,10_SU_ko_118.jpg,10,Surprise,C:\Users\kundu\OneDrive\Desktop\KMU-FED-2\data\detected_faces\10_SU_ko\10_SU_ko_118.jpg,0.9951834082603455,476,0,641,800,667,268,937,251,835,393,709,600,932,585
10_SU_ko,10_SU_ko_119.jpg,10,Surprise,C:\Users\kundu\OneDrive\Desktop\KMU-FED-2\data\detected_faces\10_SU_ko\10_SU_ko_119.jpg,0.9909965991973877,502,0,595,775,669,268,931,257,817,403,716,598,920,582
10_SU_ko,10_SU_ko_120.jpg,10,Surprise,C:\Users\kundu\OneDrive\Desktop\KMU-FED-2\data\detected_faces\10_SU_ko\10_SU_ko_120.jpg,0.9912973642349243,474,0,632,804,660,258,924,246,818,384,698,606,912,590
10_SU_ko,10_SU_ko_121.jpg,10,Surprise,C:\Users\kundu\OneDrive\Desktop\KMU-FED-2\data\detected_faces\10_SU_ko\10_SU_ko_121.jpg,0.9043375253677368,264,402,40,50,280,422,296,420,290,432,282,442,296,440
10_SU_ko,10_SU_ko_122.jpg,10,Surprise,C:\Users\kundu\OneDrive\Desktop\KMU-FED-2\data\detected_faces\10_SU_ko\10_SU_ko_122.jpg,0.9666941165924072,264,402,40,48,278,420,296,418,290,430,282,440,294,440
10_SU_ko,10_SU_ko_123.jpg,10,Surprise,C:\Users\kundu\OneDrive\Desktop\KMU-FED-2\data\detected_faces\10_SU_ko\10_SU_ko_123.jpg,0.9255486130714417,262,404,40,50,276,420,294,420,288,432,280,444,294,442
10_SU_ko,10_SU_ko_124.jpg,10,Surprise,C:\Users\kundu\OneDrive\Desktop\KMU-FED-2\data\detected_faces\10_SU_ko\10_SU_ko_124.jpg,0.9093347787857056,264,401,39,48,280,419,295,417,291,428,283,439,295,437
10_SU_ko,10_SU_ko_126.jpg,10,Surprise,C:\Users\kundu\OneDrive\Desktop\KMU-FED-2\data\detected_faces\10_SU_ko\10_SU_ko_126.jpg,0.9607982039451599,264,398,40,48,278,414,294,412,288,424,280,434,294,432
10_SU_ko,10_SU_ko_127.jpg,10,Surprise,C:\Users\kundu\OneDrive\Desktop\KMU-FED-2\data\detected_faces\10_SU_ko\10_SU_ko_127.jpg,0.9209017157554626,272,368,38,48,286,384,304,384,298,394,288,404,302,404
11_AN_ej,11_AN_ej_151.jpg,11,Anger,C:\Users\kundu\OneDrive\Desktop\KMU-FED-2\data\detected_faces\11_AN_ej\11_AN_ej_151.jpg,0.9920070171356201,520,116,530,758,662,374,908,396,758,522,656,668,856,684
11_AN_ej,11_AN_ej_152.jpg,11,Anger,C:\Users\kundu\OneDrive\Desktop\KMU-FED-2\data\detected_faces\11_AN_ej\11_AN_ej_152.jpg,0.9939087629318237,520,118,524,748,662,372,906,396,758,524,654,668,854,686
11_AN_ej,11_AN_ej_153.jpg,11,Anger,C:\Users\kundu\OneDrive\Desktop\KMU-FED-2\data\detected_faces\11_AN_ej\11_AN_ej_153.jpg,0.9964019060134888,526,122,516,740,664,378,904,398,754,524,660,670,852,686
11_AN_ej,11_AN_ej_154.jpg,11,Anger,C:\Users\kundu\OneDrive\Desktop\KMU-FED-2\data\detected_faces\11_AN_ej\11_AN_ej_154.jpg,0.9972487092018127,520,126,514,720,660,376,898,394,752,532,666,672,850,686
11_AN_ej,11_AN_ej_155.jpg,11,Anger,C:\Users\kundu\OneDrive\Desktop\KMU-FED-2\data\detected_faces\11_AN_ej\11_AN_ej_155.jpg,0.9961798191070557,518,120,526,744,654,376,898,394,746,520,654,680,840,694
11_AN_ej,11_AN_ej_156.jpg,11,Anger,C:\Users\kundu\OneDrive\Desktop\KMU-FED-2\data\detected_faces\11_AN_ej\11_AN_ej_156.jpg,0.9964518547058105,514,122,512,722,648,372,888,388,736,528,652,668,840,680
11_AN_ej,11_AN_ej_157.jpg,11,Anger,C:\Users\kundu\OneDrive\Desktop\KMU-FED-2\data\detected_faces\11_AN_ej\11_AN_ej_157.jpg,0.996292233467102,508,112,516,746,644,366,882,388,732,520,638,658,830,676
11_AN_ej,11_AN_ej_158.jpg,11,Anger,C:\Users\kundu\OneDrive\Desktop\KMU-FED-2\data\detected_faces\11_AN_ej\11_AN_ej_158.jpg,0.9965500831604004,508,116,508,720,644,366,880,386,732,522,644,658,832,670
11_AN_ej,11_AN_ej_159.jpg,11,Anger,C:\Users\kundu\OneDrive\Desktop\KMU-FED-2\data\detected_faces\11_AN_ej\11_AN_ej_159.jpg,0.9911442399024963,510,118,522,742,644,372,888,394,736,516,642,670,834,682
11_AN_ej,11_AN_ej_160.jpg,11,Anger,C:\Users\kundu\OneDrive\Desktop\KMU-FED-2\data\detected_faces\11_AN_ej\11_AN_ej_160.jpg,0.9898862838745117,512,120,512,738,646,374,886,396,732,520,644,668,832,684
11_AN_ej,11_AN_ej_161.jpg,11,Anger,C:\Users\kundu\OneDrive\Desktop\KMU-FED-2\data\detected_faces\11_AN_ej\11_AN_ej_161.jpg,0.9996594190597534,460,106,556,786,618,384,874,404,732,560,624,704,832,714
11_AN_ej,11_AN_ej_162.jpg,11,Anger,C:\Users\kundu\OneDrive\Desktop\KMU-FED-2\data\detected_faces\11_AN_ej\11_AN_ej_162.jpg,0.997804582118988,474,116,552,780,630,390,886,410,738,560,632,708,836,720
11_AN_ej,11_AN_ej_163.jpg,11,Anger,C:\Users\kundu\OneDrive\Desktop\KMU-FED-2\data\detected_faces\11_AN_ej\11_AN_ej_163.jpg,0.998764157295227,464,120,550,772,622,388,882,410,734,562,626,714,828,730
11_AN_ej,11_AN_ej_164.jpg,11,Anger,C:\Users\kundu\OneDrive\Desktop\KMU-FED-2\data\detected_faces\11_AN_ej\11_AN_ej_164.jpg,0.9992308616638184,454,116,554,766,614,384,874,402,726,558,622,704,828,716
11_AN_ej,11_AN_ej_165.jpg,11,Anger,C:\Users\kundu\OneDrive\Desktop\KMU-FED-2\data\detected_faces\11_AN_ej\11_AN_ej_165.jpg,0.9995622038841248,446,106,564,770,608,384,868,398,726,558,622,700,834,706
11_AN_ej,11_AN_ej_166.jpg,11,Anger,C:\Users\kundu\OneDrive\Desktop\KMU-FED-2\data\detected_faces\11_AN_ej\11_AN_ej_166.jpg,0.9966999888420105,450,116,552,760,608,392,866,404,718,558,620,704,826,710
11_AN_ej,11_AN_ej_167.jpg,11,Anger,C:\Users\kundu\OneDrive\Desktop\KMU-FED-2\data\detected_faces\11_AN_ej\11_AN_ej_167.jpg,0.999271810054779,442,102,566,780,600,390,864,404,722,564,618,712,828,718
11_AN_ej,11_AN_ej_168.jpg,11,Anger,C:\Users\kundu\OneDrive\Desktop\KMU-FED-2\data\detected_faces\11_AN_ej\11_AN_ej_168.jpg,0.9996033310890198,442,110,556,766,600,384,860,396,720,556,616,700,826,704
11_AN_ej,11_AN_ej_169.jpg,11,Anger,C:\Users\kundu\OneDrive\Desktop\KMU-FED-2\data\detected_faces\11_AN_ej\11_AN_ej_169.jpg,0.9995161294937134,448,110,554,766,600,380,860,392,718,548,616,694,824,700
11_AN_ej,11_AN_ej_170.jpg,11,Anger,C:\Users\kundu\OneDrive\Desktop\KMU-FED-2\data\detected_faces\11_AN_ej\11_AN_ej_170.jpg,0.9985398054122925,466,110,544,770,612,382,868,396,720,546,622,696,824,704
11_DI_ej,11_DI_ej_101.jpg,11,Disgust,C:\Users\kundu\OneDrive\Desktop\KMU-FED-2\data\detected_faces\11_DI_ej\11_DI_ej_101.jpg,0.9978222846984863,472,112,520,704,622,370,858,384,720,522,632,646,822,660
11_DI_ej,11_DI_ej_102.jpg,11,Disgust,C:\Users\kundu\OneDrive\Desktop\KMU-FED-2\data\detected_faces\11_DI_ej\11_DI_ej_102.jpg,0.9978076815605164,472,120,512,694,618,368,852,380,710,506,626,644,814,656
11_DI_ej,11_DI_ej_103.jpg,11,Disgust,C:\Users\kundu\OneDrive\Desktop\KMU-FED-2\data\detected_faces\11_DI_ej\11_DI_ej_103.jpg,0.9984580278396606,462,110,520,712,602,366,842,378,698,506,616,656,804,666
11_DI_ej,11_DI_ej_104.jpg,11,Disgust,C:\Users\kundu\OneDrive\Desktop\KMU-FED-2\data\detected_faces\11_DI_ej\11_DI_ej_104.jpg,0.9993517994880676,456,118,516,696,592,364,832,376,688,510,604,646,790,658
11_DI_ej,11_DI_ej_105.jpg,11,Disgust,C:\Users\kundu\OneDrive\Desktop\KMU-FED-2\data\detected_faces\11_DI_ej\11_DI_ej_105.jpg,0.9993526339530945,438,112,526,710,576,362,820,376,674,518,588,646,786,662
11_DI_ej,11_DI_ej_106.jpg,11,Disgust,C:\Users\kundu\OneDrive\Desktop\KMU-FED-2\data\detected_faces\11_DI_ej\11_DI_ej_106.jpg,0.9988489151000977,430,126,516,684,564,364,808,378,660,510,576,648,768,662
11_DI_ej,11_DI_ej_107.jpg,11,Disgust,C:\Users\kundu\OneDrive\Desktop\KMU-FED-2\data\detected_faces\11_DI_ej\11_DI_ej_107.jpg,0.9954478144645691,408,104,542,720,552,364,796,374,650,512,570,646,762,656
11_DI_ej,11_DI_ej_108.jpg,11,Disgust,C:\Users\kundu\OneDrive\Desktop\KMU-FED-2\data\detected_faces\11_DI_ej\11_DI_ej_108.jpg,0.9955458641052246,398,108,522,702,544,366,782,370,640,510,558,640,750,646
11_DI_ej,11_DI_ej_109.jpg,11,Disgust,C:\Users\kundu\OneDrive\Desktop\KMU-FED-2\data\detected_faces\11_DI_ej\11_DI_ej_109.jpg,0.9937567710876465,396,104,534,732,536,370,778,372,628,512,552,658,742,664
11_DI_ej,11_DI_ej_110.jpg,11,Disgust,C:\Users\kundu\OneDrive\Desktop\KMU-FED-2\data\detected_faces\11_DI_ej\11_DI_ej_110.jpg,0.9955213069915771,386,108,538,716,536,368,776,374,630,516,550,648,744,656
11_DI_ej,11_DI_ej_111.jpg,11,Disgust,C:\Users\kundu\OneDrive\Desktop\KMU-FED-2\data\detected_faces\11_DI_ej\11_DI_ej_111.jpg,0.9981271624565125,492,116,510,692,640,368,876,382,738,522,652,640,838,652
11_DI_ej,11_DI_ej_112.jpg,11,Disgust,C:\Users\kundu\OneDrive\Desktop\KMU-FED-2\data\detected_faces\11_DI_ej\11_DI_ej_112.jpg,0.9976758360862732,492,116,510,688,642,368,874,382,738,520,650,638,838,650
11_DI_ej,11_DI_ej_113.jpg,11,Disgust,C:\Users\kundu\OneDrive\Desktop\KMU-FED-2\data\detected_faces\11_DI_ej\11_DI_ej_113.jpg,0.9975084066390991,490,118,516,696,642,368,876,384,740,524,650,642,836,656
11_DI_ej,11_DI_ej_114.jpg,11,Disgust,C:\Users\kundu\OneDrive\Desktop\KMU-FED-2\data\detected_faces\11_DI_ej\11_DI_ej_114.jpg,0.9983867406845093,488,116,518,696,642,366,876,382,742,524,650,642,838,656
11_DI_ej,11_DI_ej_115.jpg,11,Disgust,C:\Users\kundu\OneDrive\Desktop\KMU-FED-2\data\detected_faces\11_DI_ej\11_DI_ej_115.jpg,0.9979199767112732,496,118,514,702,648,366,880,384,746,524,654,648,840,664
11_DI_ej,11_DI_ej_116.jpg,11,Disgust,C:\Users\kundu\OneDrive\Desktop\KMU-FED-2\data\detected_faces\11_DI_ej\11_DI_ej_116.jpg,0.9995827078819275,496,116,522,686,648,376,892,388,750,512,648,648,846,660
11_DI_ej,11_DI_ej_117.jpg,11,Disgust,C:\Users\kundu\OneDrive\Desktop\KMU-FED-2\data\detected_faces\11_DI_ej\11_DI_ej_117.jpg,0.9994900226593018,496,112,522,684,648,370,890,388,748,516,644,646,842,662
11_DI_ej,11_DI_ej_118.jpg,11,Disgust,C:\Users\kundu\OneDrive\Desktop\KMU-FED-2\data\detected_faces\11_DI_ej\11_DI_ej_118.jpg,0.9996201992034912,496,116,518,684,644,368,888,386,744,518,646,646,842,664
11_DI_ej,11_DI_ej_119.jpg,11,Disgust,C:\Users\kundu\OneDrive\Desktop\KMU-FED-2\data\detected_faces\11_DI_ej\11_DI_ej_119.jpg,0.9994421601295471,494,114,524,690,644,374,888,386,742,516,646,652,842,666
11_DI_ej,11_DI_ej_120.jpg,11,Disgust,C:\Users\kundu\OneDrive\Desktop\KMU-FED-2\data\detected_faces\11_DI_ej\11_DI_ej_120.jpg,0.9980548620223999,492,118,520,694,644,368,884,386,748,526,648,644,842,662
11_FE_ej,11_FE_ej_181.jpg,11,Fear,C:\Users\kundu\OneDrive\Desktop\KMU-FED-2\data\detected_faces\11_FE_ej\11_FE_ej_181.jpg,0.9972153902053833,582,116,570,748,742,376,1002,394,848,506,734,672,954,688
11_FE_ej,11_FE_ej_182.jpg,11,Fear,C:\Users\kundu\OneDrive\Desktop\KMU-FED-2\data\detected_faces\11_FE_ej\11_FE_ej_182.jpg,0.9960284233093262,584,116,568,748,744,376,1004,396,852,504,740,674,954,688
11_FE_ej,11_FE_ej_183.jpg,11,Fear,C:\Users\kundu\OneDrive\Desktop\KMU-FED-2\data\detected_faces\11_FE_ej\11_FE_ej_183.jpg,0.9982328414916992,588,118,556,750,748,376,1004,400,854,518,734,676,954,694
11_FE_ej,11_FE_ej_184.jpg,11,Fear,C:\Users\kundu\OneDrive\Desktop\KMU-FED-2\data\detected_faces\11_FE_ej\11_FE_ej_184.jpg,0.9971292614936829,592,118,564,752,748,372,1004,392,852,508,742,670,962,688
11_FE_ej,11_FE_ej_185.jpg,11,Fear,C:\Users\kundu\OneDrive\Desktop\KMU-FED-2\data\detected_faces\11_FE_ej\11_FE_ej_185.jpg,0.9978972673416138,588,120,548,728,742,368,1000,388,854,492,736,660,948,678
11_FE_ej,11_FE_ej_186.jpg,11,Fear,C:\Users\kundu\OneDrive\Desktop\KMU-FED-2\data\detected_faces\11_FE_ej\11_FE_ej_186.jpg,0.9973607659339905,586,120,552,728,738,368,996,384,846,494,734,660,944,678
11_FE_ej,11_FE_ej_187.jpg,11,Fear,C:\Users\kundu\OneDrive\Desktop\KMU-FED-2\data\detected_faces\11_FE_ej\11_FE_ej_187.jpg,0.9973660111427307,588,122,562,732,734,370,994,390,838,496,730,662,944,678
11_FE_ej,11_FE_ej_188.jpg,11,Fear,C:\Users\kundu\OneDrive\Desktop\KMU-FED-2\data\detected_faces\11_FE_ej\11_FE_ej_188.jpg,0.9940531849861145,568,108,562,744,726,364,984,384,834,502,718,668,930,682
11_FE_ej,11_FE_ej_189.jpg,11,Fear,C:\Users\kundu\OneDrive\Desktop\KMU-FED-2\data\detected_faces\11_FE_ej\11_FE_ej_189.jpg,0.9927027225494385,570,108,570,752,726,364,984,380,832,496,724,666,940,682
11_FE_ej,11_FE_ej_190.jpg,11,Fear,C:\Users\kundu\OneDrive\Desktop\KMU-FED-2\data\detected_faces\11_FE_ej\11_FE_ej_190.jpg,0.9981780052185059,584,124,558,728,732,372,990,390,836,498,728,660,944,678
11_FE_ej,11_FE_ej_191.jpg,11,Fear,C:\Users\kundu\OneDrive\Desktop\KMU-FED-2\data\detected_faces\11_FE_ej\11_FE_ej_191.jpg,0.9988515377044678,502,122,526,700,650,368,902,388,766,512,656,644,870,666
11_FE_ej,11_FE_ej_192.jpg,11,Fear,C:\Users\kundu\OneDrive\Desktop\KMU-FED-2\data\detected_faces\11_FE_ej\11_FE_ej_192.jpg,0.9991992115974426,502,130,536,702,656,378,902,388,764,520,662,652,874,668
11_FE_ej,11_FE_ej_194.jpg,11,Fear,C:\Users\kundu\OneDrive\Desktop\KMU-FED-2\data\detected_faces\11_FE_ej\11_FE_ej_194.jpg,0.9948393702507019,488,100,544,720,644,364,896,378,758,514,652,652,860,662
11_FE_ej,11_FE_ej_195.jpg,11,Fear,C:\Users\kundu\OneDrive\Desktop\KMU-FED-2\data\detected_faces\11_FE_ej\11_FE_ej_195.jpg,0.9928011894226074,516,112,514,712,662,358,906,378,766,500,660,634,862,656
11_FE_ej,11_FE_ej_196.jpg,11,Fear,C:\Users\kundu\OneDrive\Desktop\KMU-FED-2\data\detected_faces\11_FE_ej\11_FE_ej_196.jpg,0.9950560331344604,520,112,510,712,668,356,910,378,768,498,656,632,862,656
11_FE_ej,11_FE_ej_197.jpg,11,Fear,C:\Users\kundu\OneDrive\Desktop\KMU-FED-2\data\detected_faces\11_FE_ej\11_FE_ej_197.jpg,0.996119499206543,524,116,508,704,670,358,910,378,772,496,662,632,866,652
11_FE_ej,11_FE_ej_198.jpg,11,Fear,C:\Users\kundu\OneDrive\Desktop\KMU-FED-2\data\detected_faces\11_FE_ej\11_FE_ej_198.jpg,0.995326042175293,522,118,514,710,672,356,910,382,774,494,654,630,866,654
11_FE_ej,11_FE_ej_199.jpg,11,Fear,C:\Users\kundu\OneDrive\Desktop\KMU-FED-2\data\detected_faces\11_FE_ej\11_FE_ej_199.jpg,0.9964042901992798,516,122,516,694,670,356,912,378,774,502,656,628,872,650
11_FE_ej,11_FE_ej_200.jpg,11,Fear,C:\Users\kundu\OneDrive\Desktop\KMU-FED-2\data\detected_faces\11_FE_ej\11_FE_ej_200.jpg,0.9948968291282654,522,118,510,706,670,358,910,376,774,494,662,632,868,654
11_SA_ej,11_SA_ej_131.jpg,11,Sadness,C:\Users\kundu\OneDrive\Desktop\KMU-FED-2\data\detected_faces\11_SA_ej\11_SA_ej_131.jpg,0.9984884262084961,476,132,506,694,610,376,848,384,716,510,624,664,810,668
11_SA_ej,11_SA_ej_132.jpg,11,Sadness,C:\Users\kundu\OneDrive\Desktop\KMU-FED-2\data\detected_faces\11_SA_ej\11_SA_ej_132.jpg,0.9982965588569641,480,128,510,702,620,374,862,388,730,508,632,672,816,678
11_SA_ej,11_SA_ej_133.jpg,11,Sadness,C:\Users\kundu\OneDrive\Desktop\KMU-FED-2\data\detected_faces\11_SA_ej\11_SA_ej_133.jpg,0.9936880469322205,496,126,500,700,636,370,874,386,736,504,642,656,822,666
11_SA_ej,11_SA_ej_134.jpg,11,Sadness,C:\Users\kundu\OneDrive\Desktop\KMU-FED-2\data\detected_faces\11_SA_ej\11_SA_ej_134.jpg,0.9943999648094177,504,124,504,702,646,368,886,384,746,500,652,654,832,664
11_SA_ej,11_SA_ej_135.jpg,11,Sadness,C:\Users\kundu\OneDrive\Desktop\KMU-FED-2\data\detected_faces\11_SA_ej\11_SA_ej_135.jpg,0.9917328357696533,510,126,498,690,656,366,894,386,760,500,662,650,840,662
11_SA_ej,11_SA_ej_136.jpg,11,Sadness,C:\Users\kundu\OneDrive\Desktop\KMU-FED-2\data\detected_faces\11_SA_ej\11_SA_ej_136.jpg,0.9926059246063232,514,124,494,688,658,362,896,382,764,498,664,646,842,658
11_SA_ej,11_SA_ej_137.jpg,11,Sadness,C:\Users\kundu\OneDrive\Desktop\KMU-FED-2\data\detected_faces\11_SA_ej\11_SA_ej_137.jpg,0.9915946125984192,514,128,494,684,660,366,896,384,762,492,666,644,842,656
11_SA_ej,11_SA_ej_138.jpg,11,Sadness,C:\Users\kundu\OneDrive\Desktop\KMU-FED-2\data\detected_faces\11_SA_ej\11_SA_ej_138.jpg,0.9934194684028625,514,130,492,678,658,362,892,380,758,490,662,642,840,654
11_SA_ej,11_SA_ej_139.jpg,11,Sadness,C:\Users\kundu\OneDrive\Desktop\KMU-FED-2\data\detected_faces\11_SA_ej\11_SA_ej_139.jpg,0.9955809712409973,506,124,496,672,650,360,886,378,754,478,662,634,834,648
11_SA_ej,11_SA_ej_140.jpg,11,Sadness,C:\Users\kundu\OneDrive\Desktop\KMU-FED-2\data\detected_faces\11_SA_ej\11_SA_ej_140.jpg,0.9977814555168152,496,118,502,678,640,354,880,368,742,480,646,632,832,644
11_SA_ej,11_SA_ej_141.jpg,11,Sadness,C:\Users\kundu\OneDrive\Desktop\KMU-FED-2\data\detected_faces\11_SA_ej\11_SA_ej_141.jpg,0.9968796968460083,536,102,560,738,688,366,946,376,790,500,688,672,892,676
11_SA_ej,11_SA_ej_142.jpg,11,Sadness,C:\Users\kundu\OneDrive\Desktop\KMU-FED-2\data\detected_faces\11_SA_ej\11_SA_ej_142.jpg,0.9952728152275085,538,104,552,732,686,366,944,374,790,498,692,670,892,674
11_SA_ej,11_SA_ej_143.jpg,11,Sadness,C:\Users\kundu\OneDrive\Desktop\KMU-FED-2\data\detected_faces\11_SA_ej\11_SA_ej_143.jpg,0.9933375120162964,548,102,556,740,696,366,956,382,798,498,694,672,894,678
11_SA_ej,11_SA_ej_144.jpg,11,Sadness,C:\Users\kundu\OneDrive\Desktop\KMU-FED-2\data\detected_faces\11_SA_ej\11_SA_ej_144.jpg,0.9952333569526672,546,100,558,748,698,366,958,382,802,502,696,672,898,682
11_SA_ej,11_SA_ej_145.jpg,11,Sadness,C:\Users\kundu\OneDrive\Desktop\KMU-FED-2\data\detected_faces\11_SA_ej\11_SA_ej_145.jpg,0.9975365400314331,560,102,558,742,702,364,964,378,806,490,700,672,902,680
11_SA_ej,11_SA_ej_146.jpg,11,Sadness,C:\Users\kundu\OneDrive\Desktop\KMU-FED-2\data\detected_faces\11_SA_ej\11_SA_ej_146.jpg,0.9971311092376709,564,114,552,730,710,366,968,384,810,488,704,670,900,678
11_SA_ej,11_SA_ej_147.jpg,11,Sadness,C:\Users\kundu\OneDrive\Desktop\KMU-FED-2\data\detected_faces\11_SA_ej\11_SA_ej_147.jpg,0.9960774779319763,552,112,560,736,704,366,964,384,806,494,702,672,900,682
11_SA_ej,11_SA_ej_148.jpg,11,Sadness,C:\Users\kundu\OneDrive\Desktop\KMU-FED-2\data\detected_faces\11_SA_ej\11_SA_ej_148.jpg,0.9948175549507141,546,106,558,738,698,368,956,382,800,502,696,672,900,682
11_SA_ej,11_SA_ej_149.jpg,11,Sadness,C:\Users\kundu\OneDrive\Desktop\KMU-FED-2\data\detected_faces\11_SA_ej\11_SA_ej_149.jpg,0.995306670665741,550,98,570,744,706,364,968,378,810,496,704,670,908,676
11_SA_ej,11_SA_ej_150.jpg,11,Sadness,C:\Users\kundu\OneDrive\Desktop\KMU-FED-2\data\detected_faces\11_SA_ej\11_SA_ej_150.jpg,0.9980612397193909,566,114,540,722,716,364,972,382,822,488,712,662,912,674
11_SU_ej,11_SU_ej_131.jpg,11,Surprise,C:\Users\kundu\OneDrive\Desktop\KMU-FED-2\data\detected_faces\11_SU_ej\11_SU_ej_131.jpg,0.9848308563232422,432,96,572,814,606,358,868,384,722,498,616,698,794,720
11_SU_ej,11_SU_ej_132.jpg,11,Surprise,C:\Users\kundu\OneDrive\Desktop\KMU-FED-2\data\detected_faces\11_SU_ej\11_SU_ej_132.jpg,0.9913398623466492,410,82,574,830,584,352,848,376,704,492,594,700,776,718
11_SU_ej,11_SU_ej_133.jpg,11,Surprise,C:\Users\kundu\OneDrive\Desktop\KMU-FED-2\data\detected_faces\11_SU_ej\11_SU_ej_133.jpg,0.9743479490280151,418,90,566,810,578,356,840,382,694,504,592,700,772,716
11_SU_ej,11_SU_ej_134.jpg,11,Surprise,C:\Users\kundu\OneDrive\Desktop\KMU-FED-2\data\detected_faces\11_SU_ej\11_SU_ej_134.jpg,0.9856069087982178,414,98,558,788,576,354,836,376,690,496,588,692,766,706
11_SU_ej,11_SU_ej_135.jpg,11,Surprise,C:\Users\kundu\OneDrive\Desktop\KMU-FED-2\data\detected_faces\11_SU_ej\11_SU_ej_135.jpg,0.9778152704238892,416,86,556,798,580,356,840,378,700,504,594,694,774,708
11_SU_ej,11_SU_ej_136.jpg,11,Surprise,C:\Users\kundu\OneDrive\Desktop\KMU-FED-2\data\detected_faces\11_SU_ej\11_SU_ej_136.jpg,0.9804608225822449,420,84,560,802,586,352,846,374,704,504,600,690,778,706
11_SU_ej,11_SU_ej_137.jpg,11,Surprise,C:\Users\kundu\OneDrive\Desktop\KMU-FED-2\data\detected_faces\11_SU_ej\11_SU_ej_137.jpg,0.9833989143371582,430,90,564,802,590,350,854,376,708,494,602,690,784,708
11_SU_ej,11_SU_ej_138.jpg,11,Surprise,C:\Users\kundu\OneDrive\Desktop\KMU-FED-2\data\detected_faces\11_SU_ej\11_SU_ej_138.jpg,0.9882854223251343,424,92,566,816,598,352,860,374,716,490,610,692,788,710
11_SU_ej,11_SU_ej_139.jpg,11,Surprise,C:\Users\kundu\OneDrive\Desktop\KMU-FED-2\data\detected_faces\11_SU_ej\11_SU_ej_139.jpg,0.9882660508155823,428,96,564,806,604,354,864,380,724,492,614,690,792,710
11_SU_ej,11_SU_ej_140.jpg,11,Surprise,C:\Users\kundu\OneDrive\Desktop\KMU-FED-2\data\detected_faces\11_SU_ej\11_SU_ej_140.jpg,0.9891275763511658,432,98,566,808,606,356,866,376,722,490,618,690,796,708
11_SU_ej,11_SU_ej_141.jpg,11,Surprise,C:\Users\kundu\OneDrive\Desktop\KMU-FED-2\data\detected_faces\11_SU_ej\11_SU_ej_141.jpg,0.9905620217323303,456,106,542,792,596,370,850,378,696,512,612,706,794,710
11_SU_ej,11_SU_ej_142.jpg,11,Surprise,C:\Users\kundu\OneDrive\Desktop\KMU-FED-2\data\detected_faces\11_SU_ej\11_SU_ej_142.jpg,0.9930709004402161,446,96,554,812,590,368,848,376,692,514,608,712,796,716
11_SU_ej,11_SU_ej_143.jpg,11,Surprise,C:\Users\kundu\OneDrive\Desktop\KMU-FED-2\data\detected_faces\11_SU_ej\11_SU_ej_143.jpg,0.9932737350463867,444,92,554,814,590,366,848,374,696,514,610,712,794,716
11_SU_ej,11_SU_ej_144.jpg,11,Surprise,C:\Users\kundu\OneDrive\Desktop\KMU-FED-2\data\detected_faces\11_SU_ej\11_SU_ej_144.jpg,0.9899182915687561,456,104,550,800,592,372,850,376,694,516,614,714,798,716
11_SU_ej,11_SU_ej_145.jpg,11,Surprise,C:\Users\kundu\OneDrive\Desktop\KMU-FED-2\data\detected_faces\11_SU_ej\11_SU_ej_145.jpg,0.9911198019981384,460,102,546,798,598,368,854,374,700,512,616,710,800,712
11_SU_ej,11_SU_ej_146.jpg,11,Surprise,C:\Users\kundu\OneDrive\Desktop\KMU-FED-2\data\detected_faces\11_SU_ej\11_SU_ej_146.jpg,0.9953587651252747,452,92,562,820,602,368,862,374,712,516,620,718,810,718
11_SU_ej,11_SU_ej_147.jpg,11,Surprise,C:\Users\kundu\OneDrive\Desktop\KMU-FED-2\data\detected_faces\11_SU_ej\11_SU_ej_147.jpg,0.9941271543502808,462,92,554,798,608,366,870,374,720,518,628,712,816,716
11_SU_ej,11_SU_ej_148.jpg,11,Surprise,C:\Users\kundu\OneDrive\Desktop\KMU-FED-2\data\detected_faces\11_SU_ej\11_SU_ej_148.jpg,0.9984520673751831,422,94,598,800,600,370,874,384,728,524,636,716,820,726
11_SU_ej,11_SU_ej_149.jpg,11,Surprise,C:\Users\kundu\OneDrive\Desktop\KMU-FED-2\data\detected_faces\11_SU_ej\11_SU_ej_149.jpg,0.9985989928245544,432,94,602,802,608,372,882,382,736,520,644,718,828,726
11_SU_ej,11_SU_ej_150.jpg,11,Surprise,C:\Users\kundu\OneDrive\Desktop\KMU-FED-2\data\detected_faces\11_SU_ej\11_SU_ej_150.jpg,0.9986253976821899,448,96,594,798,620,368,888,380,744,518,652,712,834,720
12_AN_gu,12_AN_gu_171.jpg,12,Anger,C:\Users\kundu\OneDrive\Desktop\KMU-FED-2\data\detected_faces\12_AN_gu\12_AN_gu_171.jpg,0.9984362721443176,646,224,414,530,780,434,958,422,892,526,794,628,964,620
12_AN_gu,12_AN_gu_172.jpg,12,Anger,C:\Users\kundu\OneDrive\Desktop\KMU-FED-2\data\detected_faces\12_AN_gu\12_AN_gu_172.jpg,0.9979093670845032,648,222,408,528,774,432,954,418,884,530,792,628,962,616
12_AN_gu,12_AN_gu_173.jpg,12,Anger,C:\Users\kundu\OneDrive\Desktop\KMU-FED-2\data\detected_faces\12_AN_gu\12_AN_gu_173.jpg,0.9990874528884888,644,220,416,530,778,436,952,416,892,526,802,626,968,610
12_AN_gu,12_AN_gu_174.jpg,12,Anger,C:\Users\kundu\OneDrive\Desktop\KMU-FED-2\data\detected_faces\12_AN_gu\12_AN_gu_174.jpg,0.9963904023170471,652,220,408,530,774,436,952,424,874,534,790,632,956,620
12_AN_gu,12_AN_gu_175.jpg,12,Anger,C:\Users\kundu\OneDrive\Desktop\KMU-FED-2\data\detected_faces\12_AN_gu\12_AN_gu_175.jpg,0.9974362254142761,650,220,414,508,766,434,960,420,860,532,790,622,964,612
12_AN_gu,12_AN_gu_176.jpg,12,Anger,C:\Users\kundu\OneDrive\Desktop\KMU-FED-2\data\detected_faces\12_AN_gu\12_AN_gu_176.jpg,0.9988711476325989,656,220,416,520,760,432,952,422,852,538,780,626,958,618
12_AN_gu,12_AN_gu_177.jpg,12,Anger,C:\Users\kundu\OneDrive\Desktop\KMU-FED-2\data\detected_faces\12_AN_gu\12_AN_gu_177.jpg,0.998813271522522,656,222,418,510,764,434,958,424,854,538,784,622,964,614
12_AN_gu,12_AN_gu_178.jpg,12,Anger,C:\Users\kundu\OneDrive\Desktop\KMU-FED-2\data\detected_faces\12_AN_gu\12_AN_gu_178.jpg,0.9987719655036926,660,224,414,504,768,428,962,418,860,528,784,612,968,602
12_AN_gu,12_AN_gu_179.jpg,12,Anger,C:\Users\kundu\OneDrive\Desktop\KMU-FED-2\data\detected_faces\12_AN_gu\12_AN_gu_179.jpg,0.9991346001625061,645,220,413,514,776,430,945,410,889,520,791,608,972,592
12_AN_gu,12_AN_gu_180.jpg,12,Anger,C:\Users\kundu\OneDrive\Desktop\KMU-FED-2\data\detected_faces\12_AN_gu\12_AN_gu_180.jpg,0.9985003471374512,648,214,422,516,768,427,958,416,867,524,782,609,968,600
12_AN_gu,12_AN_gu_181.jpg,12,Anger,C:\Users\kundu\OneDrive\Desktop\KMU-FED-2\data\detected_faces\12_AN_gu\12_AN_gu_181.jpg,0.9976008534431458,626,222,412,524,752,434,942,432,854,546,758,626,934,624
12_AN_gu,12_AN_gu_182.jpg,12,Anger,C:\Users\kundu\OneDrive\Desktop\KMU-FED-2\data\detected_faces\12_AN_gu\12_AN_gu_182.jpg,0.9972385168075562,632,220,410,530,764,424,958,432,862,546,760,622,936,628
12_AN_gu,12_AN_gu_183.jpg,12,Anger,C:\Users\kundu\OneDrive\Desktop\KMU-FED-2\data\detected_faces\12_AN_gu\12_AN_gu_183.jpg,0.9966867566108704,638,214,408,546,770,428,954,434,868,546,762,626,936,630
12_AN_gu,12_AN_gu_184.jpg,12,Anger,C:\Users\kundu\OneDrive\Desktop\KMU-FED-2\data\detected_faces\12_AN_gu\12_AN_gu_184.jpg,0.997884213924408,638,214,410,530,776,436,952,436,880,546,776,628,940,628
12_AN_gu,12_AN_gu_185.jpg,12,Anger,C:\Users\kundu\OneDrive\Desktop\KMU-FED-2\data\detected_faces\12_AN_gu\12_AN_gu_185.jpg,0.9995649456977844,642,212,418,546,778,434,958,436,878,552,772,632,940,636
12_AN_gu,12_AN_gu_186.jpg,12,Anger,C:\Users\kundu\OneDrive\Desktop\KMU-FED-2\data\detected_faces\12_AN_gu\12_AN_gu_186.jpg,0.9995848536491394,642,216,416,540,778,434,960,442,878,554,770,634,938,640
12_AN_gu,12_AN_gu_187.jpg,12,Anger,C:\Users\kundu\OneDrive\Desktop\KMU-FED-2\data\detected_faces\12_AN_gu\12_AN_gu_187.jpg,0.9986936450004578,642,212,414,532,782,428,962,432,884,544,776,620,948,624
12_AN_gu,12_AN_gu_188.jpg,12,Anger,C:\Users\kundu\OneDrive\Desktop\KMU-FED-2\data\detected_faces\12_AN_gu\12_AN_gu_188.jpg,0.9979966282844543,648,218,404,530,778,428,958,430,874,542,768,616,942,620
12_AN_gu,12_AN_gu_189.jpg,12,Anger,C:\Users\kundu\OneDrive\Desktop\KMU-FED-2\data\detected_faces\12_AN_gu\12_AN_gu_189.jpg,0.9961110949516296,638,222,408,524,762,432,948,434,860,546,760,628,936,628
12_AN_gu,12_AN_gu_190.jpg,12,Anger,C:\Users\kundu\OneDrive\Desktop\KMU-FED-2\data\detected_faces\12_AN_gu\12_AN_gu_190.jpg,0.9983456134796143,636,210,414,534,770,424,948,424,870,536,762,618,932,622
12_DI_gu,12_DI_gu_121.jpg,12,Disgust,C:\Users\kundu\OneDrive\Desktop\KMU-FED-2\data\detected_faces\12_DI_gu\12_DI_gu_121.jpg,0.999525785446167,626,234,432,528,734,454,916,418,838,560,786,664,942,638
12_DI_gu,12_DI_gu_122.jpg,12,Disgust,C:\Users\kundu\OneDrive\Desktop\KMU-FED-2\data\detected_faces\12_DI_gu\12_DI_gu_122.jpg,0.9994056224822998,636,234,428,532,746,446,930,416,848,556,794,660,946,638
12_DI_gu,12_DI_gu_123.jpg,12,Disgust,C:\Users\kundu\OneDrive\Desktop\KMU-FED-2\data\detected_faces\12_DI_gu\12_DI_gu_123.jpg,0.9998561143875122,636,232,424,514,748,452,924,420,848,552,794,644,948,622
12_DI_gu,12_DI_gu_124.jpg,12,Disgust,C:\Users\kundu\OneDrive\Desktop\KMU-FED-2\data\detected_faces\12_DI_gu\12_DI_gu_124.jpg,0.9994372725486755,638,236,424,530,748,452,934,422,856,552,802,660,954,636
12_DI_gu,12_DI_gu_125.jpg,12,Disgust,C:\Users\kundu\OneDrive\Desktop\KMU-FED-2\data\detected_faces\12_DI_gu\12_DI_gu_125.jpg,0.999667763710022,642,236,420,520,750,446,930,422,856,550,798,648,948,628
12_DI_gu,12_DI_gu_126.jpg,12,Disgust,C:\Users\kundu\OneDrive\Desktop\KMU-FED-2\data\detected_faces\12_DI_gu\12_DI_gu_126.jpg,0.9978365302085876,638,234,416,518,750,446,936,418,856,546,796,650,948,630
12_DI_gu,12_DI_gu_127.jpg,12,Disgust,C:\Users\kundu\OneDrive\Desktop\KMU-FED-2\data\detected_faces\12_DI_gu\12_DI_gu_127.jpg,0.9985494017601013,644,226,412,532,752,446,928,422,850,548,798,650,944,634
12_DI_gu,12_DI_gu_128.jpg,12,Disgust,C:\Users\kundu\OneDrive\Desktop\KMU-FED-2\data\detected_faces\12_DI_gu\12_DI_gu_128.jpg,0.9994158744812012,638,224,426,514,748,438,930,414,844,540,788,634,950,618
12_DI_gu,12_DI_gu_129.jpg,12,Disgust,C:\Users\kundu\OneDrive\Desktop\KMU-FED-2\data\detected_faces\12_DI_gu\12_DI_gu_129.jpg,0.9994176626205444,638,230,416,514,748,436,924,412,852,534,794,636,942,620
12_DI_gu,12_DI_gu_130.jpg,12,Disgust,C:\Users\kundu\OneDrive\Desktop\KMU-FED-2\data\detected_faces\12_DI_gu\12_DI_gu_130.jpg,0.9990079998970032,644,216,412,532,752,438,936,418,858,536,792,634,948,620
12_HA_gu,12_HA_gu_171.jpg,12,Happiness,C:\Users\kundu\OneDrive\Desktop\KMU-FED-2\data\detected_faces\12_HA_gu\12_HA_gu_171.jpg,0.9984920024871826,620,226,402,506,730,424,918,418,822,528,730,606,928,598
12_HA_gu,12_HA_gu_172.jpg,12,Happiness,C:\Users\kundu\OneDrive\Desktop\KMU-FED-2\data\detected_faces\12_HA_gu\12_HA_gu_172.jpg,0.9989504814147949,616,232,404,504,728,424,914,414,820,522,726,604,926,592
12_HA_gu,12_HA_gu_173.jpg,12,Happiness,C:\Users\kundu\OneDrive\Desktop\KMU-FED-2\data\detected_faces\12_HA_gu\12_HA_gu_173.jpg,0.9987943172454834,620,232,398,502,732,424,912,414,822,520,730,604,922,592
12_HA_gu,12_HA_gu_174.jpg,12,Happiness,C:\Users\kundu\OneDrive\Desktop\KMU-FED-2\data\detected_faces\12_HA_gu\12_HA_gu_174.jpg,0.9960224032402039,606,212,426,532,732,430,916,414,830,534,732,608,932,590
12_HA_gu,12_HA_gu_175.jpg,12,Happiness,C:\Users\kundu\OneDrive\Desktop\KMU-FED-2\data\detected_faces\12_HA_gu\12_HA_gu_175.jpg,0.996740996837616,622,228,402,504,732,426,914,418,822,526,734,608,924,596
12_HA_gu,12_HA_gu_176.jpg,12,Happiness,C:\Users\kundu\OneDrive\Desktop\KMU-FED-2\data\detected_faces\12_HA_gu\12_HA_gu_176.jpg,0.9977578520774841,616,210,424,520,746,424,932,408,852,520,744,604,948,590
12_HA_gu,12_HA_gu_178.jpg,12,Happiness,C:\Users\kundu\OneDrive\Desktop\KMU-FED-2\data\detected_faces\12_HA_gu\12_HA_gu_178.jpg,0.999305009841919,626,212,428,528,755,422,934,417,854,528,752,608,948,602
12_HA_gu,12_HA_gu_179.jpg,12,Happiness,C:\Users\kundu\OneDrive\Desktop\KMU-FED-2\data\detected_faces\12_HA_gu\12_HA_gu_179.jpg,0.996944010257721,656,210,410,524,776,418,966,420,878,530,766,600,972,598
12_HA_gu,12_HA_gu_180.jpg,12,Happiness,C:\Users\kundu\OneDrive\Desktop\KMU-FED-2\data\detected_faces\12_HA_gu\12_HA_gu_180.jpg,0.9948049187660217,654,208,428,532,786,422,972,410,896,526,778,604,976,588
12_HA_gu,12_HA_gu_181.jpg,12,Happiness,C:\Users\kundu\OneDrive\Desktop\KMU-FED-2\data\detected_faces\12_HA_gu\12_HA_gu_181.jpg,0.9878660440444946,570,170,442,552,654,370,852,342,732,472,688,578,876,554
12_HA_gu,12_HA_gu_182.jpg,12,Happiness,C:\Users\kundu\OneDrive\Desktop\KMU-FED-2\data\detected_faces\12_HA_gu\12_HA_gu_182.jpg,0.9833347201347351,570,178,438,548,644,384,834,356,710,478,674,588,852,564
12_HA_gu,12_HA_gu_183.jpg,12,Happiness,C:\Users\kundu\OneDrive\Desktop\KMU-FED-2\data\detected_faces\12_HA_gu\12_HA_gu_183.jpg,0.9891603589057922,576,184,422,530,652,382,840,356,726,474,686,580,860,556
12_HA_gu,12_HA_gu_184.jpg,12,Happiness,C:\Users\kundu\OneDrive\Desktop\KMU-FED-2\data\detected_faces\12_HA_gu\12_HA_gu_184.jpg,0.9944078922271729,558,178,436,544,644,386,838,352,718,480,678,582,862,554
12_HA_gu,12_HA_gu_185.jpg,12,Happiness,C:\Users\kundu\OneDrive\Desktop\KMU-FED-2\data\detected_faces\12_HA_gu\12_HA_gu_185.jpg,0.9889122247695923,564,182,430,540,646,398,834,366,714,488,674,590,852,566
12_HA_gu,12_HA_gu_186.jpg,12,Happiness,C:\Users\kundu\OneDrive\Desktop\KMU-FED-2\data\detected_faces\12_HA_gu\12_HA_gu_186.jpg,0.9882463812828064,546,174,442,550,630,396,826,360,704,492,672,602,848,572
12_HA_gu,12_HA_gu_187.jpg,12,Happiness,C:\Users\kundu\OneDrive\Desktop\KMU-FED-2\data\detected_faces\12_HA_gu\12_HA_gu_187.jpg,0.9921173453330994,542,178,442,550,640,400,840,384,716,506,660,602,846,586
12_HA_gu,12_HA_gu_188.jpg,12,Happiness,C:\Users\kundu\OneDrive\Desktop\KMU-FED-2\data\detected_faces\12_HA_gu\12_HA_gu_188.jpg,0.9897739291191101,544,174,438,548,634,400,828,370,704,498,668,602,844,578
12_HA_gu,12_HA_gu_189.jpg,12,Happiness,C:\Users\kundu\OneDrive\Desktop\KMU-FED-2\data\detected_faces\12_HA_gu\12_HA_gu_189.jpg,0.9933810234069824,554,184,434,548,636,410,830,370,714,504,680,612,856,576
12_HA_gu,12_HA_gu_190.jpg,12,Happiness,C:\Users\kundu\OneDrive\Desktop\KMU-FED-2\data\detected_faces\12_HA_gu\12_HA_gu_190.jpg,0.9711612462997437,566,190,444,556,668,406,866,396,746,504,672,600,862,592
12_SA_gu,12_SA_gu_151.jpg,12,Sadness,C:\Users\kundu\OneDrive\Desktop\KMU-FED-2\data\detected_faces\12_SA_gu\12_SA_gu_151.jpg,0.9980061650276184,608,216,424,536,712,442,908,424,804,538,746,652,916,632
12_SA_gu,12_SA_gu_152.jpg,12,Sadness,C:\Users\kundu\OneDrive\Desktop\KMU-FED-2\data\detected_faces\12_SA_gu\12_SA_gu_152.jpg,0.9982732534408569,594,212,438,540,708,444,898,410,808,534,752,646,916,620
12_SA_gu,12_SA_gu_153.jpg,12,Sadness,C:\Users\kundu\OneDrive\Desktop\KMU-FED-2\data\detected_faces\12_SA_gu\12_SA_gu_153.jpg,0.997530996799469,596,210,436,542,716,444,900,416,810,540,752,644,914,620
12_SA_gu,12_SA_gu_154.jpg,12,Sadness,C:\Users\kundu\OneDrive\Desktop\KMU-FED-2\data\detected_faces\12_SA_gu\12_SA_gu_154.jpg,0.9982355833053589,602,228,428,528,710,442,898,412,810,534,752,650,920,620
12_SA_gu,12_SA_gu_155.jpg,12,Sadness,C:\Users\kundu\OneDrive\Desktop\KMU-FED-2\data\detected_faces\12_SA_gu\12_SA_gu_155.jpg,0.998610258102417,606,226,420,524,712,444,898,420,802,536,752,648,914,622
12_SA_gu,12_SA_gu_156.jpg,12,Sadness,C:\Users\kundu\OneDrive\Desktop\KMU-FED-2\data\detected_faces\12_SA_gu\12_SA_gu_156.jpg,0.9976612329483032,606,220,418,524,720,432,902,410,814,528,754,642,914,618
12_SA_gu,12_SA_gu_157.jpg,12,Sadness,C:\Users\kundu\OneDrive\Desktop\KMU-FED-2\data\detected_faces\12_SA_gu\12_SA_gu_157.jpg,0.9920307397842407,619,207,423,528,742,438,923,404,844,519,775,628,939,598
12_SA_gu,12_SA_gu_158.jpg,12,Sadness,C:\Users\kundu\OneDrive\Desktop\KMU-FED-2\data\detected_faces\12_SA_gu\12_SA_gu_158.jpg,0.9971977472305298,616,206,430,514,734,442,916,414,826,528,770,634,928,610
12_SA_gu,12_SA_gu_159.jpg,12,Sadness,C:\Users\kundu\OneDrive\Desktop\KMU-FED-2\data\detected_faces\12_SA_gu\12_SA_gu_159.jpg,0.9981980919837952,626,210,430,526,736,430,928,410,828,526,760,634,926,618
12_SA_gu,12_SA_gu_160.jpg,12,Sadness,C:\Users\kundu\OneDrive\Desktop\KMU-FED-2\data\detected_faces\12_SA_gu\12_SA_gu_160.jpg,0.99116450548172,638,212,420,502,756,438,938,416,844,518,780,618,942,598
12_SA_gu,12_SA_gu_161.jpg,12,Sadness,C:\Users\kundu\OneDrive\Desktop\KMU-FED-2\data\detected_faces\12_SA_gu\12_SA_gu_161.jpg,0.9990059733390808,620,222,404,498,730,436,904,412,820,522,774,624,922,604
12_SA_gu,12_SA_gu_162.jpg,12,Sadness,C:\Users\kundu\OneDrive\Desktop\KMU-FED-2\data\detected_faces\12_SA_gu\12_SA_gu_162.jpg,0.9984726309776306,620,224,402,494,730,438,898,410,820,520,774,622,918,600
12_SA_gu,12_SA_gu_163.jpg,12,Sadness,C:\Users\kundu\OneDrive\Desktop\KMU-FED-2\data\detected_faces\12_SA_gu\12_SA_gu_163.jpg,0.9959143996238708,622,226,398,498,730,442,904,414,822,520,772,626,920,604
12_SA_gu,12_SA_gu_164.jpg,12,Sadness,C:\Users\kundu\OneDrive\Desktop\KMU-FED-2\data\detected_faces\12_SA_gu\12_SA_gu_164.jpg,0.9954603314399719,622,230,398,496,732,442,904,414,824,526,776,628,922,604
12_SA_gu,12_SA_gu_165.jpg,12,Sadness,C:\Users\kundu\OneDrive\Desktop\KMU-FED-2\data\detected_faces\12_SA_gu\12_SA_gu_165.jpg,0.9989129304885864,616,222,412,498,726,442,902,406,822,516,778,626,924,598
12_SA_gu,12_SA_gu_166.jpg,12,Sadness,C:\Users\kundu\OneDrive\Desktop\KMU-FED-2\data\detected_faces\12_SA_gu\12_SA_gu_166.jpg,0.9986242055892944,626,226,410,498,728,442,906,414,816,518,772,628,924,604
12_SA_gu,12_SA_gu_167.jpg,12,Sadness,C:\Users\kundu\OneDrive\Desktop\KMU-FED-2\data\detected_faces\12_SA_gu\12_SA_gu_167.jpg,0.9987426400184631,630,216,406,500,734,434,910,406,826,518,782,622,926,598
12_SA_gu,12_SA_gu_168.jpg,12,Sadness,C:\Users\kundu\OneDrive\Desktop\KMU-FED-2\data\detected_faces\12_SA_gu\12_SA_gu_168.jpg,0.9975594282150269,634,226,396,494,738,440,910,408,834,520,786,626,936,600
12_SA_gu,12_SA_gu_169.jpg,12,Sadness,C:\Users\kundu\OneDrive\Desktop\KMU-FED-2\data\detected_faces\12_SA_gu\12_SA_gu_169.jpg,0.998869001865387,642,230,394,492,750,444,920,418,842,522,792,624,934,602
12_SA_gu,12_SA_gu_170.jpg,12,Sadness,C:\Users\kundu\OneDrive\Desktop\KMU-FED-2\data\detected_faces\12_SA_gu\12_SA_gu_170.jpg,0.9997403025627136,650,224,394,488,756,440,926,410,844,522,798,618,942,598
