image_1,image_2,emotion_1,emotion_2,subject_1,subject_2,label,pair_type
C:\Users\kundu\OneDrive\Desktop\KMU-FED-2\data\processed\05_HA_uj\05_HA_uj_080.jpg,C:\Users\kundu\OneDrive\Desktop\KMU-FED-2\data\processed\05_FE_uj\05_FE_uj_097.jpg,Happiness,Fear,5,5,0,negative
C:\Users\kundu\OneDrive\Desktop\KMU-FED-2\data\processed\06_SU_dy\06_SU_dy_085.jpg,C:\Users\kundu\OneDrive\Desktop\KMU-FED-2\data\processed\07_SA_sw\07_SA_sw_071.jpg,Surprise,Sadness,6,7,0,negative
C:\Users\kundu\OneDrive\Desktop\KMU-FED-2\data\processed\03_FE_s02\03_FE_s02_042.jpg,C:\Users\kundu\OneDrive\Desktop\KMU-FED-2\data\processed\10_DI_ko\10_DI_ko_092.jpg,Fear,Disgust,3,10,0,negative
C:\Users\kundu\OneDrive\Desktop\KMU-FED-2\data\processed\10_SU_ko\10_SU_ko_113.jpg,C:\Users\kundu\OneDrive\Desktop\KMU-FED-2\data\processed\03_FE_s02\03_FE_s02_051.jpg,Surprise,Fear,10,3,0,negative
C:\Users\kundu\OneDrive\Desktop\KMU-FED-2\data\processed\10_HA_ko\10_HA_ko_178.jpg,C:\Users\kundu\OneDrive\Desktop\KMU-FED-2\data\processed\03_HA_s02\03_HA_s02_036.jpg,Happiness,Happiness,10,3,1,cross_subject_pos
C:\Users\kundu\OneDrive\Desktop\KMU-FED-2\data\processed\05_SA_uj\05_SA_uj_053.jpg,C:\Users\kundu\OneDrive\Desktop\KMU-FED-2\data\processed\06_FE_dy\06_FE_dy_119.jpg,Sadness,Fear,5,6,0,negative
C:\Users\kundu\OneDrive\Desktop\KMU-FED-2\data\processed\06_DI_dy\06_DI_dy_066.jpg,C:\Users\kundu\OneDrive\Desktop\KMU-FED-2\data\processed\05_DI_uj\05_DI_uj_032.jpg,Disgust,Disgust,6,5,1,cross_subject_pos
C:\Users\kundu\OneDrive\Desktop\KMU-FED-2\data\processed\05_FE_uj\05_FE_uj_095.jpg,C:\Users\kundu\OneDrive\Desktop\KMU-FED-2\data\processed\07_FE_sw\07_FE_sw_130.jpg,Fear,Fear,5,7,1,cross_subject_pos
C:\Users\kundu\OneDrive\Desktop\KMU-FED-2\data\processed\12_SA_gu\12_SA_gu_168.jpg,C:\Users\kundu\OneDrive\Desktop\KMU-FED-2\data\processed\01_DI_mr\01_DI_mr_012.jpg,Sadness,Disgust,12,1,0,negative
C:\Users\kundu\OneDrive\Desktop\KMU-FED-2\data\processed\01_SA_mr\01_SA_mr_009.jpg,C:\Users\kundu\OneDrive\Desktop\KMU-FED-2\data\processed\05_SA_uj\05_SA_uj_057.jpg,Sadness,Sadness,1,5,1,cross_subject_pos
C:\Users\kundu\OneDrive\Desktop\KMU-FED-2\data\processed\12_SA_gu\12_SA_gu_161.jpg,C:\Users\kundu\OneDrive\Desktop\KMU-FED-2\data\processed\06_SA_dy\06_SA_dy_084.jpg,Sadness,Sadness,12,6,1,cross_subject_pos
C:\Users\kundu\OneDrive\Desktop\KMU-FED-2\data\processed\12_AN_gu\12_AN_gu_174.jpg,C:\Users\kundu\OneDrive\Desktop\KMU-FED-2\data\processed\03_SA_s02\03_SA_s02_021.jpg,Anger,Sadness,12,3,0,negative
C:\Users\kundu\OneDrive\Desktop\KMU-FED-2\data\processed\05_FE_uj\05_FE_uj_084.jpg,C:\Users\kundu\OneDrive\Desktop\KMU-FED-2\data\processed\06_FE_dy\06_FE_dy_111.jpg,Fear,Fear,5,6,1,cross_subject_pos
C:\Users\kundu\OneDrive\Desktop\KMU-FED-2\data\processed\07_SU_sw\07_SU_sw_097.jpg,C:\Users\kundu\OneDrive\Desktop\KMU-FED-2\data\processed\03_SA_s02\03_SA_s02_036.jpg,Surprise,Sadness,7,3,0,negative
C:\Users\kundu\OneDrive\Desktop\KMU-FED-2\data\processed\06_AN_dy\06_AN_dy_063.jpg,C:\Users\kundu\OneDrive\Desktop\KMU-FED-2\data\processed\12_AN_gu\12_AN_gu_186.jpg,Anger,Anger,6,12,1,cross_subject_pos
C:\Users\kundu\OneDrive\Desktop\KMU-FED-2\data\processed\09_HA_sj\09_HA_sj_152.jpg,C:\Users\kundu\OneDrive\Desktop\KMU-FED-2\data\processed\06_HA_dy\06_HA_dy_099.jpg,Happiness,Happiness,9,6,1,cross_subject_pos
C:\Users\kundu\OneDrive\Desktop\KMU-FED-2\data\processed\10_DI_ko\10_DI_ko_099.jpg,C:\Users\kundu\OneDrive\Desktop\KMU-FED-2\data\processed\01_DI_mr\01_DI_mr_015.jpg,Disgust,Disgust,10,1,1,cross_subject_pos
C:\Users\kundu\OneDrive\Desktop\KMU-FED-2\data\processed\07_FE_sw\07_FE_sw_132.jpg,C:\Users\kundu\OneDrive\Desktop\KMU-FED-2\data\processed\10_FE_ko\10_FE_ko_178.jpg,Fear,Fear,7,10,1,cross_subject_pos
C:\Users\kundu\OneDrive\Desktop\KMU-FED-2\data\processed\01_AN_mr\01_AN_mr_007.jpg,C:\Users\kundu\OneDrive\Desktop\KMU-FED-2\data\processed\06_SU_dy\06_SU_dy_088.jpg,Anger,Surprise,1,6,0,negative
C:\Users\kundu\OneDrive\Desktop\KMU-FED-2\data\processed\07_AN_sw\07_AN_sw_085.jpg,C:\Users\kundu\OneDrive\Desktop\KMU-FED-2\data\processed\01_FE_mr\01_FE_mr_006.jpg,Anger,Fear,7,1,0,negative
C:\Users\kundu\OneDrive\Desktop\KMU-FED-2\data\processed\06_SA_dy\06_SA_dy_084.jpg,C:\Users\kundu\OneDrive\Desktop\KMU-FED-2\data\processed\09_HA_sj\09_HA_sj_167.jpg,Sadness,Happiness,6,9,0,negative
C:\Users\kundu\OneDrive\Desktop\KMU-FED-2\data\processed\09_AN_sj\09_AN_sj_124.jpg,C:\Users\kundu\OneDrive\Desktop\KMU-FED-2\data\processed\05_AN_uj\05_AN_uj_044.jpg,Anger,Anger,9,5,1,cross_subject_pos
C:\Users\kundu\OneDrive\Desktop\KMU-FED-2\data\processed\07_SA_sw\07_SA_sw_081.jpg,C:\Users\kundu\OneDrive\Desktop\KMU-FED-2\data\processed\01_SU_mr\01_SU_mr_017.jpg,Sadness,Surprise,7,1,0,negative
C:\Users\kundu\OneDrive\Desktop\KMU-FED-2\data\processed\10_SU_ko\10_SU_ko_111.jpg,C:\Users\kundu\OneDrive\Desktop\KMU-FED-2\data\processed\05_SU_uj\05_SU_uj_061.jpg,Surprise,Surprise,10,5,1,cross_subject_pos
C:\Users\kundu\OneDrive\Desktop\KMU-FED-2\data\processed\10_AN_ko\10_AN_ko_149.jpg,C:\Users\kundu\OneDrive\Desktop\KMU-FED-2\data\processed\06_AN_dy\06_AN_dy_064.jpg,Anger,Anger,10,6,1,cross_subject_pos
C:\Users\kundu\OneDrive\Desktop\KMU-FED-2\data\processed\12_HA_gu\12_HA_gu_190.jpg,C:\Users\kundu\OneDrive\Desktop\KMU-FED-2\data\processed\09_HA_sj\09_HA_sj_161.jpg,Happiness,Happiness,12,9,1,cross_subject_pos
C:\Users\kundu\OneDrive\Desktop\KMU-FED-2\data\processed\01_AN_mr\01_AN_mr_004.jpg,C:\Users\kundu\OneDrive\Desktop\KMU-FED-2\data\processed\06_AN_dy\06_AN_dy_073.jpg,Anger,Anger,1,6,1,cross_subject_pos
C:\Users\kundu\OneDrive\Desktop\KMU-FED-2\data\processed\06_DI_dy\06_DI_dy_056.jpg,C:\Users\kundu\OneDrive\Desktop\KMU-FED-2\data\processed\12_SA_gu\12_SA_gu_160.jpg,Disgust,Sadness,6,12,0,negative
C:\Users\kundu\OneDrive\Desktop\KMU-FED-2\data\processed\07_FE_sw\07_FE_sw_125.jpg,C:\Users\kundu\OneDrive\Desktop\KMU-FED-2\data\processed\06_SA_dy\06_SA_dy_089.jpg,Fear,Sadness,7,6,0,negative
C:\Users\kundu\OneDrive\Desktop\KMU-FED-2\data\processed\05_SU_uj\05_SU_uj_067.jpg,C:\Users\kundu\OneDrive\Desktop\KMU-FED-2\data\processed\01_SA_mr\01_SA_mr_010.jpg,Surprise,Sadness,5,1,0,negative
C:\Users\kundu\OneDrive\Desktop\KMU-FED-2\data\processed\07_SA_sw\07_SA_sw_076.jpg,C:\Users\kundu\OneDrive\Desktop\KMU-FED-2\data\processed\03_SA_s02\03_SA_s02_024.jpg,Sadness,Sadness,7,3,1,cross_subject_pos
C:\Users\kundu\OneDrive\Desktop\KMU-FED-2\data\processed\12_SA_gu\12_SA_gu_169.jpg,C:\Users\kundu\OneDrive\Desktop\KMU-FED-2\data\processed\05_AN_uj\05_AN_uj_046.jpg,Sadness,Anger,12,5,0,negative
C:\Users\kundu\OneDrive\Desktop\KMU-FED-2\data\processed\12_SA_gu\12_SA_gu_155.jpg,C:\Users\kundu\OneDrive\Desktop\KMU-FED-2\data\processed\03_HA_s02\03_HA_s02_031.jpg,Sadness,Happiness,12,3,0,negative
C:\Users\kundu\OneDrive\Desktop\KMU-FED-2\data\processed\10_FE_ko\10_FE_ko_165.jpg,C:\Users\kundu\OneDrive\Desktop\KMU-FED-2\data\processed\05_SA_uj\05_SA_uj_065.jpg,Fear,Sadness,10,5,0,negative
C:\Users\kundu\OneDrive\Desktop\KMU-FED-2\data\processed\06_AN_dy\06_AN_dy_075.jpg,C:\Users\kundu\OneDrive\Desktop\KMU-FED-2\data\processed\06_DI_dy\06_DI_dy_058.jpg,Anger,Disgust,6,6,0,negative
C:\Users\kundu\OneDrive\Desktop\KMU-FED-2\data\processed\01_SA_mr\01_SA_mr_014.jpg,C:\Users\kundu\OneDrive\Desktop\KMU-FED-2\data\processed\07_SU_sw\07_SU_sw_083.jpg,Sadness,Surprise,1,7,0,negative
C:\Users\kundu\OneDrive\Desktop\KMU-FED-2\data\processed\05_HA_uj\05_HA_uj_072.jpg,C:\Users\kundu\OneDrive\Desktop\KMU-FED-2\data\processed\03_FE_s02\03_FE_s02_042.jpg,Happiness,Fear,5,3,0,negative
C:\Users\kundu\OneDrive\Desktop\KMU-FED-2\data\processed\09_FE_sj\09_FE_sj_156.jpg,C:\Users\kundu\OneDrive\Desktop\KMU-FED-2\data\processed\09_FE_sj\09_FE_sj_152.jpg,Fear,Fear,9,9,1,same_subject_pos
C:\Users\kundu\OneDrive\Desktop\KMU-FED-2\data\processed\01_SU_mr\01_SU_mr_018.jpg,C:\Users\kundu\OneDrive\Desktop\KMU-FED-2\data\processed\10_SU_ko\10_SU_ko_112.jpg,Surprise,Surprise,1,10,1,cross_subject_pos
C:\Users\kundu\OneDrive\Desktop\KMU-FED-2\data\processed\09_SU_sj\09_SU_sj_106.jpg,C:\Users\kundu\OneDrive\Desktop\KMU-FED-2\data\processed\10_SU_ko\10_SU_ko_127.jpg,Surprise,Surprise,9,10,1,cross_subject_pos
C:\Users\kundu\OneDrive\Desktop\KMU-FED-2\data\processed\06_SA_dy\06_SA_dy_086.jpg,C:\Users\kundu\OneDrive\Desktop\KMU-FED-2\data\processed\06_SA_dy\06_SA_dy_074.jpg,Sadness,Sadness,6,6,1,same_subject_pos
C:\Users\kundu\OneDrive\Desktop\KMU-FED-2\data\processed\07_HA_sw\07_HA_sw_119.jpg,C:\Users\kundu\OneDrive\Desktop\KMU-FED-2\data\processed\03_HA_s02\03_HA_s02_046.jpg,Happiness,Happiness,7,3,1,cross_subject_pos
C:\Users\kundu\OneDrive\Desktop\KMU-FED-2\data\processed\10_HA_ko\10_HA_ko_188.jpg,C:\Users\kundu\OneDrive\Desktop\KMU-FED-2\data\processed\01_HA_mr\01_HA_mr_015.jpg,Happiness,Happiness,10,1,1,cross_subject_pos
C:\Users\kundu\OneDrive\Desktop\KMU-FED-2\data\processed\07_SU_sw\07_SU_sw_084.jpg,C:\Users\kundu\OneDrive\Desktop\KMU-FED-2\data\processed\03_FE_s02\03_FE_s02_052.jpg,Surprise,Fear,7,3,0,negative
C:\Users\kundu\OneDrive\Desktop\KMU-FED-2\data\processed\06_AN_dy\06_AN_dy_078.jpg,C:\Users\kundu\OneDrive\Desktop\KMU-FED-2\data\processed\03_FE_s02\03_FE_s02_051.jpg,Anger,Fear,6,3,0,negative
C:\Users\kundu\OneDrive\Desktop\KMU-FED-2\data\processed\09_SA_sj\09_SA_sj_113.jpg,C:\Users\kundu\OneDrive\Desktop\KMU-FED-2\data\processed\07_SA_sw\07_SA_sw_072.jpg,Sadness,Sadness,9,7,1,cross_subject_pos
C:\Users\kundu\OneDrive\Desktop\KMU-FED-2\data\processed\06_HA_dy\06_HA_dy_104.jpg,C:\Users\kundu\OneDrive\Desktop\KMU-FED-2\data\processed\01_HA_mr\01_HA_mr_003.jpg,Happiness,Happiness,6,1,1,cross_subject_pos
C:\Users\kundu\OneDrive\Desktop\KMU-FED-2\data\processed\05_AN_uj\05_AN_uj_055.jpg,C:\Users\kundu\OneDrive\Desktop\KMU-FED-2\data\processed\07_AN_sw\07_AN_sw_081.jpg,Anger,Anger,5,7,1,cross_subject_pos
C:\Users\kundu\OneDrive\Desktop\KMU-FED-2\data\processed\01_FE_mr\01_FE_mr_011.jpg,C:\Users\kundu\OneDrive\Desktop\KMU-FED-2\data\processed\12_SA_gu\12_SA_gu_169.jpg,Fear,Sadness,1,12,0,negative
C:\Users\kundu\OneDrive\Desktop\KMU-FED-2\data\processed\09_HA_sj\09_HA_sj_156.jpg,C:\Users\kundu\OneDrive\Desktop\KMU-FED-2\data\processed\01_SU_mr\01_SU_mr_016.jpg,Happiness,Surprise,9,1,0,negative
C:\Users\kundu\OneDrive\Desktop\KMU-FED-2\data\processed\12_SA_gu\12_SA_gu_155.jpg,C:\Users\kundu\OneDrive\Desktop\KMU-FED-2\data\processed\05_SU_uj\05_SU_uj_069.jpg,Sadness,Surprise,12,5,0,negative
C:\Users\kundu\OneDrive\Desktop\KMU-FED-2\data\processed\07_FE_sw\07_FE_sw_133.jpg,C:\Users\kundu\OneDrive\Desktop\KMU-FED-2\data\processed\05_DI_uj\05_DI_uj_036.jpg,Fear,Disgust,7,5,0,negative
C:\Users\kundu\OneDrive\Desktop\KMU-FED-2\data\processed\12_AN_gu\12_AN_gu_182.jpg,C:\Users\kundu\OneDrive\Desktop\KMU-FED-2\data\processed\07_HA_sw\07_HA_sw_125.jpg,Anger,Happiness,12,7,0,negative
C:\Users\kundu\OneDrive\Desktop\KMU-FED-2\data\processed\12_HA_gu\12_HA_gu_176.jpg,C:\Users\kundu\OneDrive\Desktop\KMU-FED-2\data\processed\03_SA_s02\03_SA_s02_023.jpg,Happiness,Sadness,12,3,0,negative
C:\Users\kundu\OneDrive\Desktop\KMU-FED-2\data\processed\03_SA_s02\03_SA_s02_031.jpg,C:\Users\kundu\OneDrive\Desktop\KMU-FED-2\data\processed\06_SA_dy\06_SA_dy_078.jpg,Sadness,Sadness,3,6,1,cross_subject_pos
C:\Users\kundu\OneDrive\Desktop\KMU-FED-2\data\processed\06_HA_dy\06_HA_dy_098.jpg,C:\Users\kundu\OneDrive\Desktop\KMU-FED-2\data\processed\06_AN_dy\06_AN_dy_065.jpg,Happiness,Anger,6,6,0,negative
C:\Users\kundu\OneDrive\Desktop\KMU-FED-2\data\processed\01_FE_mr\01_FE_mr_012.jpg,C:\Users\kundu\OneDrive\Desktop\KMU-FED-2\data\processed\03_SA_s02\03_SA_s02_029.jpg,Fear,Sadness,1,3,0,negative
C:\Users\kundu\OneDrive\Desktop\KMU-FED-2\data\processed\01_DI_mr\01_DI_mr_007.jpg,C:\Users\kundu\OneDrive\Desktop\KMU-FED-2\data\processed\03_SU_s02\03_SU_s02_050.jpg,Disgust,Surprise,1,3,0,negative
C:\Users\kundu\OneDrive\Desktop\KMU-FED-2\data\processed\03_SU_s02\03_SU_s02_055.jpg,C:\Users\kundu\OneDrive\Desktop\KMU-FED-2\data\processed\07_FE_sw\07_FE_sw_128.jpg,Surprise,Fear,3,7,0,negative
C:\Users\kundu\OneDrive\Desktop\KMU-FED-2\data\processed\05_HA_uj\05_HA_uj_080.jpg,C:\Users\kundu\OneDrive\Desktop\KMU-FED-2\data\processed\09_HA_sj\09_HA_sj_153.jpg,Happiness,Happiness,5,9,1,cross_subject_pos
C:\Users\kundu\OneDrive\Desktop\KMU-FED-2\data\processed\07_SU_sw\07_SU_sw_100.jpg,C:\Users\kundu\OneDrive\Desktop\KMU-FED-2\data\processed\09_HA_sj\09_HA_sj_168.jpg,Surprise,Happiness,7,9,0,negative
C:\Users\kundu\OneDrive\Desktop\KMU-FED-2\data\processed\09_FE_sj\09_FE_sj_152.jpg,C:\Users\kundu\OneDrive\Desktop\KMU-FED-2\data\processed\10_HA_ko\10_HA_ko_182.jpg,Fear,Happiness,9,10,0,negative
C:\Users\kundu\OneDrive\Desktop\KMU-FED-2\data\processed\07_FE_sw\07_FE_sw_126.jpg,C:\Users\kundu\OneDrive\Desktop\KMU-FED-2\data\processed\10_FE_ko\10_FE_ko_161.jpg,Fear,Fear,7,10,1,cross_subject_pos
C:\Users\kundu\OneDrive\Desktop\KMU-FED-2\data\processed\09_SU_sj\09_SU_sj_105.jpg,C:\Users\kundu\OneDrive\Desktop\KMU-FED-2\data\processed\07_SU_sw\07_SU_sw_095.jpg,Surprise,Surprise,9,7,1,cross_subject_pos
C:\Users\kundu\OneDrive\Desktop\KMU-FED-2\data\processed\12_DI_gu\12_DI_gu_121.jpg,C:\Users\kundu\OneDrive\Desktop\KMU-FED-2\data\processed\06_AN_dy\06_AN_dy_072.jpg,Disgust,Anger,12,6,0,negative
C:\Users\kundu\OneDrive\Desktop\KMU-FED-2\data\processed\05_SA_uj\05_SA_uj_069.jpg,C:\Users\kundu\OneDrive\Desktop\KMU-FED-2\data\processed\03_HA_s02\03_HA_s02_046.jpg,Sadness,Happiness,5,3,0,negative
C:\Users\kundu\OneDrive\Desktop\KMU-FED-2\data\processed\10_HA_ko\10_HA_ko_185.jpg,C:\Users\kundu\OneDrive\Desktop\KMU-FED-2\data\processed\03_HA_s02\03_HA_s02_034.jpg,Happiness,Happiness,10,3,1,cross_subject_pos
C:\Users\kundu\OneDrive\Desktop\KMU-FED-2\data\processed\12_AN_gu\12_AN_gu_173.jpg,C:\Users\kundu\OneDrive\Desktop\KMU-FED-2\data\processed\12_AN_gu\12_AN_gu_179.jpg,Anger,Anger,12,12,1,same_subject_pos
C:\Users\kundu\OneDrive\Desktop\KMU-FED-2\data\processed\12_HA_gu\12_HA_gu_179.jpg,C:\Users\kundu\OneDrive\Desktop\KMU-FED-2\data\processed\07_HA_sw\07_HA_sw_118.jpg,Happiness,Happiness,12,7,1,cross_subject_pos
C:\Users\kundu\OneDrive\Desktop\KMU-FED-2\data\processed\12_AN_gu\12_AN_gu_190.jpg,C:\Users\kundu\OneDrive\Desktop\KMU-FED-2\data\processed\09_AN_sj\09_AN_sj_130.jpg,Anger,Anger,12,9,1,cross_subject_pos
C:\Users\kundu\OneDrive\Desktop\KMU-FED-2\data\processed\09_AN_sj\09_AN_sj_134.jpg,C:\Users\kundu\OneDrive\Desktop\KMU-FED-2\data\processed\07_AN_sw\07_AN_sw_097.jpg,Anger,Anger,9,7,1,cross_subject_pos
C:\Users\kundu\OneDrive\Desktop\KMU-FED-2\data\processed\07_SU_sw\07_SU_sw_085.jpg,C:\Users\kundu\OneDrive\Desktop\KMU-FED-2\data\processed\05_SU_uj\05_SU_uj_068.jpg,Surprise,Surprise,7,5,1,cross_subject_pos
C:\Users\kundu\OneDrive\Desktop\KMU-FED-2\data\processed\05_DI_uj\05_DI_uj_039.jpg,C:\Users\kundu\OneDrive\Desktop\KMU-FED-2\data\processed\07_SU_sw\07_SU_sw_089.jpg,Disgust,Surprise,5,7,0,negative
C:\Users\kundu\OneDrive\Desktop\KMU-FED-2\data\processed\05_SA_uj\05_SA_uj_055.jpg,C:\Users\kundu\OneDrive\Desktop\KMU-FED-2\data\processed\01_SA_mr\01_SA_mr_011.jpg,Sadness,Sadness,5,1,1,cross_subject_pos
C:\Users\kundu\OneDrive\Desktop\KMU-FED-2\data\processed\06_SA_dy\06_SA_dy_077.jpg,C:\Users\kundu\OneDrive\Desktop\KMU-FED-2\data\processed\05_SA_uj\05_SA_uj_053.jpg,Sadness,Sadness,6,5,1,cross_subject_pos
C:\Users\kundu\OneDrive\Desktop\KMU-FED-2\data\processed\05_AN_uj\05_AN_uj_047.jpg,C:\Users\kundu\OneDrive\Desktop\KMU-FED-2\data\processed\05_FE_uj\05_FE_uj_093.jpg,Anger,Fear,5,5,0,negative
C:\Users\kundu\OneDrive\Desktop\KMU-FED-2\data\processed\07_SU_sw\07_SU_sw_088.jpg,C:\Users\kundu\OneDrive\Desktop\KMU-FED-2\data\processed\06_DI_dy\06_DI_dy_069.jpg,Surprise,Disgust,7,6,0,negative
C:\Users\kundu\OneDrive\Desktop\KMU-FED-2\data\processed\05_AN_uj\05_AN_uj_044.jpg,C:\Users\kundu\OneDrive\Desktop\KMU-FED-2\data\processed\05_SA_uj\05_SA_uj_063.jpg,Anger,Sadness,5,5,0,negative
C:\Users\kundu\OneDrive\Desktop\KMU-FED-2\data\processed\03_FE_s02\03_FE_s02_053.jpg,C:\Users\kundu\OneDrive\Desktop\KMU-FED-2\data\processed\01_DI_mr\01_DI_mr_006.jpg,Fear,Disgust,3,1,0,negative
C:\Users\kundu\OneDrive\Desktop\KMU-FED-2\data\processed\05_FE_uj\05_FE_uj_090.jpg,C:\Users\kundu\OneDrive\Desktop\KMU-FED-2\data\processed\06_SA_dy\06_SA_dy_090.jpg,Fear,Sadness,5,6,0,negative
C:\Users\kundu\OneDrive\Desktop\KMU-FED-2\data\processed\07_SA_sw\07_SA_sw_075.jpg,C:\Users\kundu\OneDrive\Desktop\KMU-FED-2\data\processed\03_SA_s02\03_SA_s02_026.jpg,Sadness,Sadness,7,3,1,cross_subject_pos
C:\Users\kundu\OneDrive\Desktop\KMU-FED-2\data\processed\06_SA_dy\06_SA_dy_090.jpg,C:\Users\kundu\OneDrive\Desktop\KMU-FED-2\data\processed\09_SA_sj\09_SA_sj_114.jpg,Sadness,Sadness,6,9,1,cross_subject_pos
C:\Users\kundu\OneDrive\Desktop\KMU-FED-2\data\processed\09_AN_sj\09_AN_sj_129.jpg,C:\Users\kundu\OneDrive\Desktop\KMU-FED-2\data\processed\07_AN_sw\07_AN_sw_100.jpg,Anger,Anger,9,7,1,cross_subject_pos
C:\Users\kundu\OneDrive\Desktop\KMU-FED-2\data\processed\10_AN_ko\10_AN_ko_142.jpg,C:\Users\kundu\OneDrive\Desktop\KMU-FED-2\data\processed\07_AN_sw\07_AN_sw_099.jpg,Anger,Anger,10,7,1,cross_subject_pos
C:\Users\kundu\OneDrive\Desktop\KMU-FED-2\data\processed\10_HA_ko\10_HA_ko_175.jpg,C:\Users\kundu\OneDrive\Desktop\KMU-FED-2\data\processed\10_HA_ko\10_HA_ko_190.jpg,Happiness,Happiness,10,10,1,same_subject_pos
C:\Users\kundu\OneDrive\Desktop\KMU-FED-2\data\processed\07_HA_sw\07_HA_sw_114.jpg,C:\Users\kundu\OneDrive\Desktop\KMU-FED-2\data\processed\05_FE_uj\05_FE_uj_098.jpg,Happiness,Fear,7,5,0,negative
C:\Users\kundu\OneDrive\Desktop\KMU-FED-2\data\processed\07_SA_sw\07_SA_sw_084.jpg,C:\Users\kundu\OneDrive\Desktop\KMU-FED-2\data\processed\06_HA_dy\06_HA_dy_109.jpg,Sadness,Happiness,7,6,0,negative
C:\Users\kundu\OneDrive\Desktop\KMU-FED-2\data\processed\09_SA_sj\09_SA_sj_111.jpg,C:\Users\kundu\OneDrive\Desktop\KMU-FED-2\data\processed\03_AN_s02\03_AN_s02_036.jpg,Sadness,Anger,9,3,0,negative
C:\Users\kundu\OneDrive\Desktop\KMU-FED-2\data\processed\06_AN_dy\06_AN_dy_076.jpg,C:\Users\kundu\OneDrive\Desktop\KMU-FED-2\data\processed\06_AN_dy\06_AN_dy_066.jpg,Anger,Anger,6,6,1,same_subject_pos
C:\Users\kundu\OneDrive\Desktop\KMU-FED-2\data\processed\06_HA_dy\06_HA_dy_091.jpg,C:\Users\kundu\OneDrive\Desktop\KMU-FED-2\data\processed\12_HA_gu\12_HA_gu_173.jpg,Happiness,Happiness,6,12,1,cross_subject_pos
C:\Users\kundu\OneDrive\Desktop\KMU-FED-2\data\processed\06_SU_dy\06_SU_dy_093.jpg,C:\Users\kundu\OneDrive\Desktop\KMU-FED-2\data\processed\01_SA_mr\01_SA_mr_007.jpg,Surprise,Sadness,6,1,0,negative
C:\Users\kundu\OneDrive\Desktop\KMU-FED-2\data\processed\07_FE_sw\07_FE_sw_126.jpg,C:\Users\kundu\OneDrive\Desktop\KMU-FED-2\data\processed\10_FE_ko\10_FE_ko_170.jpg,Fear,Fear,7,10,1,cross_subject_pos
C:\Users\kundu\OneDrive\Desktop\KMU-FED-2\data\processed\10_DI_ko\10_DI_ko_096.jpg,C:\Users\kundu\OneDrive\Desktop\KMU-FED-2\data\processed\10_DI_ko\10_DI_ko_098.jpg,Disgust,Disgust,10,10,1,same_subject_pos
C:\Users\kundu\OneDrive\Desktop\KMU-FED-2\data\processed\09_SA_sj\09_SA_sj_119.jpg,C:\Users\kundu\OneDrive\Desktop\KMU-FED-2\data\processed\12_SA_gu\12_SA_gu_159.jpg,Sadness,Sadness,9,12,1,cross_subject_pos
C:\Users\kundu\OneDrive\Desktop\KMU-FED-2\data\processed\12_HA_gu\12_HA_gu_186.jpg,C:\Users\kundu\OneDrive\Desktop\KMU-FED-2\data\processed\01_DI_mr\01_DI_mr_013.jpg,Happiness,Disgust,12,1,0,negative
C:\Users\kundu\OneDrive\Desktop\KMU-FED-2\data\processed\03_FE_s02\03_FE_s02_054.jpg,C:\Users\kundu\OneDrive\Desktop\KMU-FED-2\data\processed\06_DI_dy\06_DI_dy_051.jpg,Fear,Disgust,3,6,0,negative
C:\Users\kundu\OneDrive\Desktop\KMU-FED-2\data\processed\03_SU_s02\03_SU_s02_042.jpg,C:\Users\kundu\OneDrive\Desktop\KMU-FED-2\data\processed\07_SU_sw\07_SU_sw_086.jpg,Surprise,Surprise,3,7,1,cross_subject_pos
C:\Users\kundu\OneDrive\Desktop\KMU-FED-2\data\processed\01_FE_mr\01_FE_mr_017.jpg,C:\Users\kundu\OneDrive\Desktop\KMU-FED-2\data\processed\07_FE_sw\07_FE_sw_136.jpg,Fear,Fear,1,7,1,cross_subject_pos
C:\Users\kundu\OneDrive\Desktop\KMU-FED-2\data\processed\01_SA_mr\01_SA_mr_002.jpg,C:\Users\kundu\OneDrive\Desktop\KMU-FED-2\data\processed\01_FE_mr\01_FE_mr_015.jpg,Sadness,Fear,1,1,0,negative
C:\Users\kundu\OneDrive\Desktop\KMU-FED-2\data\processed\05_AN_uj\05_AN_uj_041.jpg,C:\Users\kundu\OneDrive\Desktop\KMU-FED-2\data\processed\09_HA_sj\09_HA_sj_157.jpg,Anger,Happiness,5,9,0,negative
C:\Users\kundu\OneDrive\Desktop\KMU-FED-2\data\processed\06_SA_dy\06_SA_dy_084.jpg,C:\Users\kundu\OneDrive\Desktop\KMU-FED-2\data\processed\12_SA_gu\12_SA_gu_169.jpg,Sadness,Sadness,6,12,1,cross_subject_pos
C:\Users\kundu\OneDrive\Desktop\KMU-FED-2\data\processed\05_DI_uj\05_DI_uj_031.jpg,C:\Users\kundu\OneDrive\Desktop\KMU-FED-2\data\processed\01_DI_mr\01_DI_mr_007.jpg,Disgust,Disgust,5,1,1,cross_subject_pos
C:\Users\kundu\OneDrive\Desktop\KMU-FED-2\data\processed\07_FE_sw\07_FE_sw_134.jpg,C:\Users\kundu\OneDrive\Desktop\KMU-FED-2\data\processed\10_FE_ko\10_FE_ko_177.jpg,Fear,Fear,7,10,1,cross_subject_pos
C:\Users\kundu\OneDrive\Desktop\KMU-FED-2\data\processed\09_SU_sj\09_SU_sj_109.jpg,C:\Users\kundu\OneDrive\Desktop\KMU-FED-2\data\processed\06_FE_dy\06_FE_dy_109.jpg,Surprise,Fear,9,6,0,negative
C:\Users\kundu\OneDrive\Desktop\KMU-FED-2\data\processed\06_SU_dy\06_SU_dy_085.jpg,C:\Users\kundu\OneDrive\Desktop\KMU-FED-2\data\processed\06_DI_dy\06_DI_dy_058.jpg,Surprise,Disgust,6,6,0,negative
C:\Users\kundu\OneDrive\Desktop\KMU-FED-2\data\processed\03_SU_s02\03_SU_s02_053.jpg,C:\Users\kundu\OneDrive\Desktop\KMU-FED-2\data\processed\03_FE_s02\03_FE_s02_045.jpg,Surprise,Fear,3,3,0,negative
C:\Users\kundu\OneDrive\Desktop\KMU-FED-2\data\processed\05_AN_uj\05_AN_uj_055.jpg,C:\Users\kundu\OneDrive\Desktop\KMU-FED-2\data\processed\09_AN_sj\09_AN_sj_140.jpg,Anger,Anger,5,9,1,cross_subject_pos
C:\Users\kundu\OneDrive\Desktop\KMU-FED-2\data\processed\09_SU_sj\09_SU_sj_105.jpg,C:\Users\kundu\OneDrive\Desktop\KMU-FED-2\data\processed\06_HA_dy\06_HA_dy_104.jpg,Surprise,Happiness,9,6,0,negative
C:\Users\kundu\OneDrive\Desktop\KMU-FED-2\data\processed\05_SA_uj\05_SA_uj_066.jpg,C:\Users\kundu\OneDrive\Desktop\KMU-FED-2\data\processed\10_AN_ko\10_AN_ko_144.jpg,Sadness,Anger,5,10,0,negative
C:\Users\kundu\OneDrive\Desktop\KMU-FED-2\data\processed\01_AN_mr\01_AN_mr_016.jpg,C:\Users\kundu\OneDrive\Desktop\KMU-FED-2\data\processed\01_SU_mr\01_SU_mr_007.jpg,Anger,Surprise,1,1,0,negative
C:\Users\kundu\OneDrive\Desktop\KMU-FED-2\data\processed\05_FE_uj\05_FE_uj_093.jpg,C:\Users\kundu\OneDrive\Desktop\KMU-FED-2\data\processed\05_AN_uj\05_AN_uj_042.jpg,Fear,Anger,5,5,0,negative
C:\Users\kundu\OneDrive\Desktop\KMU-FED-2\data\processed\07_SA_sw\07_SA_sw_073.jpg,C:\Users\kundu\OneDrive\Desktop\KMU-FED-2\data\processed\06_DI_dy\06_DI_dy_061.jpg,Sadness,Disgust,7,6,0,negative
C:\Users\kundu\OneDrive\Desktop\KMU-FED-2\data\processed\01_SA_mr\01_SA_mr_002.jpg,C:\Users\kundu\OneDrive\Desktop\KMU-FED-2\data\processed\05_FE_uj\05_FE_uj_083.jpg,Sadness,Fear,1,5,0,negative
C:\Users\kundu\OneDrive\Desktop\KMU-FED-2\data\processed\03_SA_s02\03_SA_s02_039.jpg,C:\Users\kundu\OneDrive\Desktop\KMU-FED-2\data\processed\06_SA_dy\06_SA_dy_072.jpg,Sadness,Sadness,3,6,1,cross_subject_pos
C:\Users\kundu\OneDrive\Desktop\KMU-FED-2\data\processed\01_SA_mr\01_SA_mr_001.jpg,C:\Users\kundu\OneDrive\Desktop\KMU-FED-2\data\processed\09_AN_sj\09_AN_sj_122.jpg,Sadness,Anger,1,9,0,negative
C:\Users\kundu\OneDrive\Desktop\KMU-FED-2\data\processed\06_AN_dy\06_AN_dy_072.jpg,C:\Users\kundu\OneDrive\Desktop\KMU-FED-2\data\processed\12_AN_gu\12_AN_gu_178.jpg,Anger,Anger,6,12,1,cross_subject_pos
C:\Users\kundu\OneDrive\Desktop\KMU-FED-2\data\processed\12_AN_gu\12_AN_gu_181.jpg,C:\Users\kundu\OneDrive\Desktop\KMU-FED-2\data\processed\10_DI_ko\10_DI_ko_092.jpg,Anger,Disgust,12,10,0,negative
C:\Users\kundu\OneDrive\Desktop\KMU-FED-2\data\processed\10_FE_ko\10_FE_ko_170.jpg,C:\Users\kundu\OneDrive\Desktop\KMU-FED-2\data\processed\09_AN_sj\09_AN_sj_135.jpg,Fear,Anger,10,9,0,negative
C:\Users\kundu\OneDrive\Desktop\KMU-FED-2\data\processed\01_FE_mr\01_FE_mr_017.jpg,C:\Users\kundu\OneDrive\Desktop\KMU-FED-2\data\processed\10_FE_ko\10_FE_ko_163.jpg,Fear,Fear,1,10,1,cross_subject_pos
C:\Users\kundu\OneDrive\Desktop\KMU-FED-2\data\processed\07_AN_sw\07_AN_sw_093.jpg,C:\Users\kundu\OneDrive\Desktop\KMU-FED-2\data\processed\01_SU_mr\01_SU_mr_014.jpg,Anger,Surprise,7,1,0,negative
C:\Users\kundu\OneDrive\Desktop\KMU-FED-2\data\processed\03_SA_s02\03_SA_s02_031.jpg,C:\Users\kundu\OneDrive\Desktop\KMU-FED-2\data\processed\07_SU_sw\07_SU_sw_099.jpg,Sadness,Surprise,3,7,0,negative
C:\Users\kundu\OneDrive\Desktop\KMU-FED-2\data\processed\07_AN_sw\07_AN_sw_092.jpg,C:\Users\kundu\OneDrive\Desktop\KMU-FED-2\data\processed\07_SU_sw\07_SU_sw_084.jpg,Anger,Surprise,7,7,0,negative
C:\Users\kundu\OneDrive\Desktop\KMU-FED-2\data\processed\10_SU_ko\10_SU_ko_115.jpg,C:\Users\kundu\OneDrive\Desktop\KMU-FED-2\data\processed\05_SU_uj\05_SU_uj_075.jpg,Surprise,Surprise,10,5,1,cross_subject_pos
C:\Users\kundu\OneDrive\Desktop\KMU-FED-2\data\processed\01_DI_mr\01_DI_mr_008.jpg,C:\Users\kundu\OneDrive\Desktop\KMU-FED-2\data\processed\03_SA_s02\03_SA_s02_038.jpg,Disgust,Sadness,1,3,0,negative
C:\Users\kundu\OneDrive\Desktop\KMU-FED-2\data\processed\03_SU_s02\03_SU_s02_054.jpg,C:\Users\kundu\OneDrive\Desktop\KMU-FED-2\data\processed\07_SU_sw\07_SU_sw_089.jpg,Surprise,Surprise,3,7,1,cross_subject_pos
C:\Users\kundu\OneDrive\Desktop\KMU-FED-2\data\processed\06_DI_dy\06_DI_dy_061.jpg,C:\Users\kundu\OneDrive\Desktop\KMU-FED-2\data\processed\09_HA_sj\09_HA_sj_163.jpg,Disgust,Happiness,6,9,0,negative
C:\Users\kundu\OneDrive\Desktop\KMU-FED-2\data\processed\05_SU_uj\05_SU_uj_068.jpg,C:\Users\kundu\OneDrive\Desktop\KMU-FED-2\data\processed\12_AN_gu\12_AN_gu_182.jpg,Surprise,Anger,5,12,0,negative
C:\Users\kundu\OneDrive\Desktop\KMU-FED-2\data\processed\12_HA_gu\12_HA_gu_171.jpg,C:\Users\kundu\OneDrive\Desktop\KMU-FED-2\data\processed\09_AN_sj\09_AN_sj_131.jpg,Happiness,Anger,12,9,0,negative
C:\Users\kundu\OneDrive\Desktop\KMU-FED-2\data\processed\06_SA_dy\06_SA_dy_080.jpg,C:\Users\kundu\OneDrive\Desktop\KMU-FED-2\data\processed\03_SU_s02\03_SU_s02_057.jpg,Sadness,Surprise,6,3,0,negative
C:\Users\kundu\OneDrive\Desktop\KMU-FED-2\data\processed\09_FE_sj\09_FE_sj_159.jpg,C:\Users\kundu\OneDrive\Desktop\KMU-FED-2\data\processed\01_FE_mr\01_FE_mr_009.jpg,Fear,Fear,9,1,1,cross_subject_pos
C:\Users\kundu\OneDrive\Desktop\KMU-FED-2\data\processed\03_FE_s02\03_FE_s02_057.jpg,C:\Users\kundu\OneDrive\Desktop\KMU-FED-2\data\processed\07_AN_sw\07_AN_sw_099.jpg,Fear,Anger,3,7,0,negative
C:\Users\kundu\OneDrive\Desktop\KMU-FED-2\data\processed\01_SA_mr\01_SA_mr_005.jpg,C:\Users\kundu\OneDrive\Desktop\KMU-FED-2\data\processed\09_AN_sj\09_AN_sj_122.jpg,Sadness,Anger,1,9,0,negative
C:\Users\kundu\OneDrive\Desktop\KMU-FED-2\data\processed\07_SU_sw\07_SU_sw_097.jpg,C:\Users\kundu\OneDrive\Desktop\KMU-FED-2\data\processed\05_DI_uj\05_DI_uj_040.jpg,Surprise,Disgust,7,5,0,negative
C:\Users\kundu\OneDrive\Desktop\KMU-FED-2\data\processed\12_DI_gu\12_DI_gu_128.jpg,C:\Users\kundu\OneDrive\Desktop\KMU-FED-2\data\processed\06_DI_dy\06_DI_dy_053.jpg,Disgust,Disgust,12,6,1,cross_subject_pos
C:\Users\kundu\OneDrive\Desktop\KMU-FED-2\data\processed\05_DI_uj\05_DI_uj_038.jpg,C:\Users\kundu\OneDrive\Desktop\KMU-FED-2\data\processed\07_HA_sw\07_HA_sw_117.jpg,Disgust,Happiness,5,7,0,negative
C:\Users\kundu\OneDrive\Desktop\KMU-FED-2\data\processed\01_DI_mr\01_DI_mr_008.jpg,C:\Users\kundu\OneDrive\Desktop\KMU-FED-2\data\processed\01_DI_mr\01_DI_mr_018.jpg,Disgust,Disgust,1,1,1,same_subject_pos
C:\Users\kundu\OneDrive\Desktop\KMU-FED-2\data\processed\03_HA_s02\03_HA_s02_050.jpg,C:\Users\kundu\OneDrive\Desktop\KMU-FED-2\data\processed\10_HA_ko\10_HA_ko_175.jpg,Happiness,Happiness,3,10,1,cross_subject_pos
C:\Users\kundu\OneDrive\Desktop\KMU-FED-2\data\processed\10_AN_ko\10_AN_ko_147.jpg,C:\Users\kundu\OneDrive\Desktop\KMU-FED-2\data\processed\01_HA_mr\01_HA_mr_011.jpg,Anger,Happiness,10,1,0,negative
C:\Users\kundu\OneDrive\Desktop\KMU-FED-2\data\processed\03_FE_s02\03_FE_s02_053.jpg,C:\Users\kundu\OneDrive\Desktop\KMU-FED-2\data\processed\01_FE_mr\01_FE_mr_011.jpg,Fear,Fear,3,1,1,cross_subject_pos
C:\Users\kundu\OneDrive\Desktop\KMU-FED-2\data\processed\10_FE_ko\10_FE_ko_173.jpg,C:\Users\kundu\OneDrive\Desktop\KMU-FED-2\data\processed\09_FE_sj\09_FE_sj_153.jpg,Fear,Fear,10,9,1,cross_subject_pos
C:\Users\kundu\OneDrive\Desktop\KMU-FED-2\data\processed\10_DI_ko\10_DI_ko_093.jpg,C:\Users\kundu\OneDrive\Desktop\KMU-FED-2\data\processed\06_SA_dy\06_SA_dy_085.jpg,Disgust,Sadness,10,6,0,negative
C:\Users\kundu\OneDrive\Desktop\KMU-FED-2\data\processed\05_HA_uj\05_HA_uj_080.jpg,C:\Users\kundu\OneDrive\Desktop\KMU-FED-2\data\processed\12_DI_gu\12_DI_gu_127.jpg,Happiness,Disgust,5,12,0,negative
C:\Users\kundu\OneDrive\Desktop\KMU-FED-2\data\processed\01_FE_mr\01_FE_mr_004.jpg,C:\Users\kundu\OneDrive\Desktop\KMU-FED-2\data\processed\01_AN_mr\01_AN_mr_012.jpg,Fear,Anger,1,1,0,negative
C:\Users\kundu\OneDrive\Desktop\KMU-FED-2\data\processed\01_DI_mr\01_DI_mr_002.jpg,C:\Users\kundu\OneDrive\Desktop\KMU-FED-2\data\processed\06_AN_dy\06_AN_dy_080.jpg,Disgust,Anger,1,6,0,negative
C:\Users\kundu\OneDrive\Desktop\KMU-FED-2\data\processed\09_AN_sj\09_AN_sj_121.jpg,C:\Users\kundu\OneDrive\Desktop\KMU-FED-2\data\processed\09_AN_sj\09_AN_sj_135.jpg,Anger,Anger,9,9,1,same_subject_pos
C:\Users\kundu\OneDrive\Desktop\KMU-FED-2\data\processed\05_SU_uj\05_SU_uj_064.jpg,C:\Users\kundu\OneDrive\Desktop\KMU-FED-2\data\processed\05_FE_uj\05_FE_uj_091.jpg,Surprise,Fear,5,5,0,negative
C:\Users\kundu\OneDrive\Desktop\KMU-FED-2\data\processed\07_SU_sw\07_SU_sw_088.jpg,C:\Users\kundu\OneDrive\Desktop\KMU-FED-2\data\processed\05_SU_uj\05_SU_uj_068.jpg,Surprise,Surprise,7,5,1,cross_subject_pos
C:\Users\kundu\OneDrive\Desktop\KMU-FED-2\data\processed\01_DI_mr\01_DI_mr_003.jpg,C:\Users\kundu\OneDrive\Desktop\KMU-FED-2\data\processed\12_AN_gu\12_AN_gu_173.jpg,Disgust,Anger,1,12,0,negative
C:\Users\kundu\OneDrive\Desktop\KMU-FED-2\data\processed\01_SU_mr\01_SU_mr_016.jpg,C:\Users\kundu\OneDrive\Desktop\KMU-FED-2\data\processed\07_SU_sw\07_SU_sw_098.jpg,Surprise,Surprise,1,7,1,cross_subject_pos
C:\Users\kundu\OneDrive\Desktop\KMU-FED-2\data\processed\06_SA_dy\06_SA_dy_077.jpg,C:\Users\kundu\OneDrive\Desktop\KMU-FED-2\data\processed\07_SA_sw\07_SA_sw_072.jpg,Sadness,Sadness,6,7,1,cross_subject_pos
C:\Users\kundu\OneDrive\Desktop\KMU-FED-2\data\processed\05_DI_uj\05_DI_uj_033.jpg,C:\Users\kundu\OneDrive\Desktop\KMU-FED-2\data\processed\01_DI_mr\01_DI_mr_001.jpg,Disgust,Disgust,5,1,1,cross_subject_pos
C:\Users\kundu\OneDrive\Desktop\KMU-FED-2\data\processed\07_SU_sw\07_SU_sw_087.jpg,C:\Users\kundu\OneDrive\Desktop\KMU-FED-2\data\processed\06_SA_dy\06_SA_dy_085.jpg,Surprise,Sadness,7,6,0,negative
C:\Users\kundu\OneDrive\Desktop\KMU-FED-2\data\processed\01_SA_mr\01_SA_mr_005.jpg,C:\Users\kundu\OneDrive\Desktop\KMU-FED-2\data\processed\09_SU_sj\09_SU_sj_108.jpg,Sadness,Surprise,1,9,0,negative
C:\Users\kundu\OneDrive\Desktop\KMU-FED-2\data\processed\01_FE_mr\01_FE_mr_015.jpg,C:\Users\kundu\OneDrive\Desktop\KMU-FED-2\data\processed\03_AN_s02\03_AN_s02_036.jpg,Fear,Anger,1,3,0,negative
C:\Users\kundu\OneDrive\Desktop\KMU-FED-2\data\processed\12_DI_gu\12_DI_gu_129.jpg,C:\Users\kundu\OneDrive\Desktop\KMU-FED-2\data\processed\10_DI_ko\10_DI_ko_098.jpg,Disgust,Disgust,12,10,1,cross_subject_pos
C:\Users\kundu\OneDrive\Desktop\KMU-FED-2\data\processed\12_DI_gu\12_DI_gu_128.jpg,C:\Users\kundu\OneDrive\Desktop\KMU-FED-2\data\processed\06_DI_dy\06_DI_dy_052.jpg,Disgust,Disgust,12,6,1,cross_subject_pos
C:\Users\kundu\OneDrive\Desktop\KMU-FED-2\data\processed\06_SA_dy\06_SA_dy_074.jpg,C:\Users\kundu\OneDrive\Desktop\KMU-FED-2\data\processed\09_HA_sj\09_HA_sj_153.jpg,Sadness,Happiness,6,9,0,negative
C:\Users\kundu\OneDrive\Desktop\KMU-FED-2\data\processed\10_SU_ko\10_SU_ko_120.jpg,C:\Users\kundu\OneDrive\Desktop\KMU-FED-2\data\processed\01_SA_mr\01_SA_mr_014.jpg,Surprise,Sadness,10,1,0,negative
C:\Users\kundu\OneDrive\Desktop\KMU-FED-2\data\processed\05_SU_uj\05_SU_uj_066.jpg,C:\Users\kundu\OneDrive\Desktop\KMU-FED-2\data\processed\07_FE_sw\07_FE_sw_121.jpg,Surprise,Fear,5,7,0,negative
C:\Users\kundu\OneDrive\Desktop\KMU-FED-2\data\processed\05_SA_uj\05_SA_uj_059.jpg,C:\Users\kundu\OneDrive\Desktop\KMU-FED-2\data\processed\07_SA_sw\07_SA_sw_073.jpg,Sadness,Sadness,5,7,1,cross_subject_pos
C:\Users\kundu\OneDrive\Desktop\KMU-FED-2\data\processed\01_FE_mr\01_FE_mr_019.jpg,C:\Users\kundu\OneDrive\Desktop\KMU-FED-2\data\processed\05_SU_uj\05_SU_uj_068.jpg,Fear,Surprise,1,5,0,negative
C:\Users\kundu\OneDrive\Desktop\KMU-FED-2\data\processed\03_FE_s02\03_FE_s02_042.jpg,C:\Users\kundu\OneDrive\Desktop\KMU-FED-2\data\processed\06_SA_dy\06_SA_dy_073.jpg,Fear,Sadness,3,6,0,negative
C:\Users\kundu\OneDrive\Desktop\KMU-FED-2\data\processed\05_SU_uj\05_SU_uj_070.jpg,C:\Users\kundu\OneDrive\Desktop\KMU-FED-2\data\processed\05_SU_uj\05_SU_uj_068.jpg,Surprise,Surprise,5,5,1,same_subject_pos
C:\Users\kundu\OneDrive\Desktop\KMU-FED-2\data\processed\10_SU_ko\10_SU_ko_122.jpg,C:\Users\kundu\OneDrive\Desktop\KMU-FED-2\data\processed\05_DI_uj\05_DI_uj_032.jpg,Surprise,Disgust,10,5,0,negative
C:\Users\kundu\OneDrive\Desktop\KMU-FED-2\data\processed\07_FE_sw\07_FE_sw_136.jpg,C:\Users\kundu\OneDrive\Desktop\KMU-FED-2\data\processed\06_SU_dy\06_SU_dy_094.jpg,Fear,Surprise,7,6,0,negative
C:\Users\kundu\OneDrive\Desktop\KMU-FED-2\data\processed\03_HA_s02\03_HA_s02_045.jpg,C:\Users\kundu\OneDrive\Desktop\KMU-FED-2\data\processed\12_HA_gu\12_HA_gu_174.jpg,Happiness,Happiness,3,12,1,cross_subject_pos
C:\Users\kundu\OneDrive\Desktop\KMU-FED-2\data\processed\06_DI_dy\06_DI_dy_061.jpg,C:\Users\kundu\OneDrive\Desktop\KMU-FED-2\data\processed\03_HA_s02\03_HA_s02_050.jpg,Disgust,Happiness,6,3,0,negative
C:\Users\kundu\OneDrive\Desktop\KMU-FED-2\data\processed\05_DI_uj\05_DI_uj_040.jpg,C:\Users\kundu\OneDrive\Desktop\KMU-FED-2\data\processed\06_DI_dy\06_DI_dy_070.jpg,Disgust,Disgust,5,6,1,cross_subject_pos
C:\Users\kundu\OneDrive\Desktop\KMU-FED-2\data\processed\01_AN_mr\01_AN_mr_014.jpg,C:\Users\kundu\OneDrive\Desktop\KMU-FED-2\data\processed\01_DI_mr\01_DI_mr_019.jpg,Anger,Disgust,1,1,0,negative
C:\Users\kundu\OneDrive\Desktop\KMU-FED-2\data\processed\07_AN_sw\07_AN_sw_086.jpg,C:\Users\kundu\OneDrive\Desktop\KMU-FED-2\data\processed\07_AN_sw\07_AN_sw_094.jpg,Anger,Anger,7,7,1,same_subject_pos
C:\Users\kundu\OneDrive\Desktop\KMU-FED-2\data\processed\09_FE_sj\09_FE_sj_151.jpg,C:\Users\kundu\OneDrive\Desktop\KMU-FED-2\data\processed\05_FE_uj\05_FE_uj_091.jpg,Fear,Fear,9,5,1,cross_subject_pos
C:\Users\kundu\OneDrive\Desktop\KMU-FED-2\data\processed\09_FE_sj\09_FE_sj_157.jpg,C:\Users\kundu\OneDrive\Desktop\KMU-FED-2\data\processed\07_SU_sw\07_SU_sw_092.jpg,Fear,Surprise,9,7,0,negative
C:\Users\kundu\OneDrive\Desktop\KMU-FED-2\data\processed\07_AN_sw\07_AN_sw_090.jpg,C:\Users\kundu\OneDrive\Desktop\KMU-FED-2\data\processed\07_SA_sw\07_SA_sw_078.jpg,Anger,Sadness,7,7,0,negative
C:\Users\kundu\OneDrive\Desktop\KMU-FED-2\data\processed\01_SU_mr\01_SU_mr_003.jpg,C:\Users\kundu\OneDrive\Desktop\KMU-FED-2\data\processed\06_SA_dy\06_SA_dy_077.jpg,Surprise,Sadness,1,6,0,negative
C:\Users\kundu\OneDrive\Desktop\KMU-FED-2\data\processed\03_SU_s02\03_SU_s02_057.jpg,C:\Users\kundu\OneDrive\Desktop\KMU-FED-2\data\processed\01_AN_mr\01_AN_mr_005.jpg,Surprise,Anger,3,1,0,negative
C:\Users\kundu\OneDrive\Desktop\KMU-FED-2\data\processed\03_AN_s02\03_AN_s02_039.jpg,C:\Users\kundu\OneDrive\Desktop\KMU-FED-2\data\processed\01_AN_mr\01_AN_mr_020.jpg,Anger,Anger,3,1,1,cross_subject_pos
C:\Users\kundu\OneDrive\Desktop\KMU-FED-2\data\processed\06_AN_dy\06_AN_dy_077.jpg,C:\Users\kundu\OneDrive\Desktop\KMU-FED-2\data\processed\06_AN_dy\06_AN_dy_067.jpg,Anger,Anger,6,6,1,same_subject_pos
C:\Users\kundu\OneDrive\Desktop\KMU-FED-2\data\processed\09_SU_sj\09_SU_sj_109.jpg,C:\Users\kundu\OneDrive\Desktop\KMU-FED-2\data\processed\07_SU_sw\07_SU_sw_081.jpg,Surprise,Surprise,9,7,1,cross_subject_pos
C:\Users\kundu\OneDrive\Desktop\KMU-FED-2\data\processed\01_SU_mr\01_SU_mr_017.jpg,C:\Users\kundu\OneDrive\Desktop\KMU-FED-2\data\processed\03_SU_s02\03_SU_s02_051.jpg,Surprise,Surprise,1,3,1,cross_subject_pos
C:\Users\kundu\OneDrive\Desktop\KMU-FED-2\data\processed\10_SU_ko\10_SU_ko_119.jpg,C:\Users\kundu\OneDrive\Desktop\KMU-FED-2\data\processed\05_DI_uj\05_DI_uj_032.jpg,Surprise,Disgust,10,5,0,negative
C:\Users\kundu\OneDrive\Desktop\KMU-FED-2\data\processed\06_SA_dy\06_SA_dy_090.jpg,C:\Users\kundu\OneDrive\Desktop\KMU-FED-2\data\processed\07_SA_sw\07_SA_sw_081.jpg,Sadness,Sadness,6,7,1,cross_subject_pos
C:\Users\kundu\OneDrive\Desktop\KMU-FED-2\data\processed\07_FE_sw\07_FE_sw_126.jpg,C:\Users\kundu\OneDrive\Desktop\KMU-FED-2\data\processed\03_SA_s02\03_SA_s02_038.jpg,Fear,Sadness,7,3,0,negative
C:\Users\kundu\OneDrive\Desktop\KMU-FED-2\data\processed\01_DI_mr\01_DI_mr_008.jpg,C:\Users\kundu\OneDrive\Desktop\KMU-FED-2\data\processed\12_DI_gu\12_DI_gu_130.jpg,Disgust,Disgust,1,12,1,cross_subject_pos
C:\Users\kundu\OneDrive\Desktop\KMU-FED-2\data\processed\06_SU_dy\06_SU_dy_091.jpg,C:\Users\kundu\OneDrive\Desktop\KMU-FED-2\data\processed\10_FE_ko\10_FE_ko_165.jpg,Surprise,Fear,6,10,0,negative
C:\Users\kundu\OneDrive\Desktop\KMU-FED-2\data\processed\01_SA_mr\01_SA_mr_017.jpg,C:\Users\kundu\OneDrive\Desktop\KMU-FED-2\data\processed\10_HA_ko\10_HA_ko_182.jpg,Sadness,Happiness,1,10,0,negative
C:\Users\kundu\OneDrive\Desktop\KMU-FED-2\data\processed\01_FE_mr\01_FE_mr_007.jpg,C:\Users\kundu\OneDrive\Desktop\KMU-FED-2\data\processed\06_DI_dy\06_DI_dy_055.jpg,Fear,Disgust,1,6,0,negative
C:\Users\kundu\OneDrive\Desktop\KMU-FED-2\data\processed\12_HA_gu\12_HA_gu_181.jpg,C:\Users\kundu\OneDrive\Desktop\KMU-FED-2\data\processed\10_HA_ko\10_HA_ko_179.jpg,Happiness,Happiness,12,10,1,cross_subject_pos
C:\Users\kundu\OneDrive\Desktop\KMU-FED-2\data\processed\01_DI_mr\01_DI_mr_015.jpg,C:\Users\kundu\OneDrive\Desktop\KMU-FED-2\data\processed\06_DI_dy\06_DI_dy_063.jpg,Disgust,Disgust,1,6,1,cross_subject_pos
C:\Users\kundu\OneDrive\Desktop\KMU-FED-2\data\processed\07_FE_sw\07_FE_sw_133.jpg,C:\Users\kundu\OneDrive\Desktop\KMU-FED-2\data\processed\05_FE_uj\05_FE_uj_082.jpg,Fear,Fear,7,5,1,cross_subject_pos
C:\Users\kundu\OneDrive\Desktop\KMU-FED-2\data\processed\03_HA_s02\03_HA_s02_031.jpg,C:\Users\kundu\OneDrive\Desktop\KMU-FED-2\data\processed\07_SU_sw\07_SU_sw_087.jpg,Happiness,Surprise,3,7,0,negative
C:\Users\kundu\OneDrive\Desktop\KMU-FED-2\data\processed\06_HA_dy\06_HA_dy_103.jpg,C:\Users\kundu\OneDrive\Desktop\KMU-FED-2\data\processed\06_HA_dy\06_HA_dy_094.jpg,Happiness,Happiness,6,6,1,same_subject_pos
C:\Users\kundu\OneDrive\Desktop\KMU-FED-2\data\processed\03_AN_s02\03_AN_s02_039.jpg,C:\Users\kundu\OneDrive\Desktop\KMU-FED-2\data\processed\09_AN_sj\09_AN_sj_123.jpg,Anger,Anger,3,9,1,cross_subject_pos
C:\Users\kundu\OneDrive\Desktop\KMU-FED-2\data\processed\06_AN_dy\06_AN_dy_063.jpg,C:\Users\kundu\OneDrive\Desktop\KMU-FED-2\data\processed\03_FE_s02\03_FE_s02_052.jpg,Anger,Fear,6,3,0,negative
C:\Users\kundu\OneDrive\Desktop\KMU-FED-2\data\processed\01_SU_mr\01_SU_mr_018.jpg,C:\Users\kundu\OneDrive\Desktop\KMU-FED-2\data\processed\09_SU_sj\09_SU_sj_103.jpg,Surprise,Surprise,1,9,1,cross_subject_pos
C:\Users\kundu\OneDrive\Desktop\KMU-FED-2\data\processed\01_SA_mr\01_SA_mr_019.jpg,C:\Users\kundu\OneDrive\Desktop\KMU-FED-2\data\processed\07_HA_sw\07_HA_sw_113.jpg,Sadness,Happiness,1,7,0,negative
C:\Users\kundu\OneDrive\Desktop\KMU-FED-2\data\processed\05_SA_uj\05_SA_uj_062.jpg,C:\Users\kundu\OneDrive\Desktop\KMU-FED-2\data\processed\10_SU_ko\10_SU_ko_121.jpg,Sadness,Surprise,5,10,0,negative
C:\Users\kundu\OneDrive\Desktop\KMU-FED-2\data\processed\06_DI_dy\06_DI_dy_065.jpg,C:\Users\kundu\OneDrive\Desktop\KMU-FED-2\data\processed\05_FE_uj\05_FE_uj_086.jpg,Disgust,Fear,6,5,0,negative
C:\Users\kundu\OneDrive\Desktop\KMU-FED-2\data\processed\07_AN_sw\07_AN_sw_097.jpg,C:\Users\kundu\OneDrive\Desktop\KMU-FED-2\data\processed\10_SU_ko\10_SU_ko_116.jpg,Anger,Surprise,7,10,0,negative
C:\Users\kundu\OneDrive\Desktop\KMU-FED-2\data\processed\03_SA_s02\03_SA_s02_022.jpg,C:\Users\kundu\OneDrive\Desktop\KMU-FED-2\data\processed\07_AN_sw\07_AN_sw_094.jpg,Sadness,Anger,3,7,0,negative
C:\Users\kundu\OneDrive\Desktop\KMU-FED-2\data\processed\07_SA_sw\07_SA_sw_084.jpg,C:\Users\kundu\OneDrive\Desktop\KMU-FED-2\data\processed\03_SA_s02\03_SA_s02_024.jpg,Sadness,Sadness,7,3,1,cross_subject_pos
C:\Users\kundu\OneDrive\Desktop\KMU-FED-2\data\processed\10_HA_ko\10_HA_ko_186.jpg,C:\Users\kundu\OneDrive\Desktop\KMU-FED-2\data\processed\07_HA_sw\07_HA_sw_112.jpg,Happiness,Happiness,10,7,1,cross_subject_pos
C:\Users\kundu\OneDrive\Desktop\KMU-FED-2\data\processed\06_AN_dy\06_AN_dy_062.jpg,C:\Users\kundu\OneDrive\Desktop\KMU-FED-2\data\processed\01_AN_mr\01_AN_mr_011.jpg,Anger,Anger,6,1,1,cross_subject_pos
C:\Users\kundu\OneDrive\Desktop\KMU-FED-2\data\processed\10_HA_ko\10_HA_ko_174.jpg,C:\Users\kundu\OneDrive\Desktop\KMU-FED-2\data\processed\03_FE_s02\03_FE_s02_044.jpg,Happiness,Fear,10,3,0,negative
C:\Users\kundu\OneDrive\Desktop\KMU-FED-2\data\processed\12_SA_gu\12_SA_gu_167.jpg,C:\Users\kundu\OneDrive\Desktop\KMU-FED-2\data\processed\10_DI_ko\10_DI_ko_093.jpg,Sadness,Disgust,12,10,0,negative
C:\Users\kundu\OneDrive\Desktop\KMU-FED-2\data\processed\10_HA_ko\10_HA_ko_185.jpg,C:\Users\kundu\OneDrive\Desktop\KMU-FED-2\data\processed\06_DI_dy\06_DI_dy_052.jpg,Happiness,Disgust,10,6,0,negative
C:\Users\kundu\OneDrive\Desktop\KMU-FED-2\data\processed\01_SU_mr\01_SU_mr_003.jpg,C:\Users\kundu\OneDrive\Desktop\KMU-FED-2\data\processed\05_SU_uj\05_SU_uj_075.jpg,Surprise,Surprise,1,5,1,cross_subject_pos
C:\Users\kundu\OneDrive\Desktop\KMU-FED-2\data\processed\05_SA_uj\05_SA_uj_051.jpg,C:\Users\kundu\OneDrive\Desktop\KMU-FED-2\data\processed\06_FE_dy\06_FE_dy_109.jpg,Sadness,Fear,5,6,0,negative
C:\Users\kundu\OneDrive\Desktop\KMU-FED-2\data\processed\01_DI_mr\01_DI_mr_005.jpg,C:\Users\kundu\OneDrive\Desktop\KMU-FED-2\data\processed\09_AN_sj\09_AN_sj_122.jpg,Disgust,Anger,1,9,0,negative
C:\Users\kundu\OneDrive\Desktop\KMU-FED-2\data\processed\10_SU_ko\10_SU_ko_119.jpg,C:\Users\kundu\OneDrive\Desktop\KMU-FED-2\data\processed\05_FE_uj\05_FE_uj_096.jpg,Surprise,Fear,10,5,0,negative
C:\Users\kundu\OneDrive\Desktop\KMU-FED-2\data\processed\10_DI_ko\10_DI_ko_095.jpg,C:\Users\kundu\OneDrive\Desktop\KMU-FED-2\data\processed\01_HA_mr\01_HA_mr_006.jpg,Disgust,Happiness,10,1,0,negative
C:\Users\kundu\OneDrive\Desktop\KMU-FED-2\data\processed\09_AN_sj\09_AN_sj_132.jpg,C:\Users\kundu\OneDrive\Desktop\KMU-FED-2\data\processed\07_AN_sw\07_AN_sw_095.jpg,Anger,Anger,9,7,1,cross_subject_pos
C:\Users\kundu\OneDrive\Desktop\KMU-FED-2\data\processed\07_SA_sw\07_SA_sw_088.jpg,C:\Users\kundu\OneDrive\Desktop\KMU-FED-2\data\processed\05_SA_uj\05_SA_uj_069.jpg,Sadness,Sadness,7,5,1,cross_subject_pos
C:\Users\kundu\OneDrive\Desktop\KMU-FED-2\data\processed\07_AN_sw\07_AN_sw_097.jpg,C:\Users\kundu\OneDrive\Desktop\KMU-FED-2\data\processed\07_AN_sw\07_AN_sw_088.jpg,Anger,Anger,7,7,1,same_subject_pos
C:\Users\kundu\OneDrive\Desktop\KMU-FED-2\data\processed\01_SU_mr\01_SU_mr_016.jpg,C:\Users\kundu\OneDrive\Desktop\KMU-FED-2\data\processed\09_SU_sj\09_SU_sj_106.jpg,Surprise,Surprise,1,9,1,cross_subject_pos
C:\Users\kundu\OneDrive\Desktop\KMU-FED-2\data\processed\01_FE_mr\01_FE_mr_005.jpg,C:\Users\kundu\OneDrive\Desktop\KMU-FED-2\data\processed\03_FE_s02\03_FE_s02_056.jpg,Fear,Fear,1,3,1,cross_subject_pos
C:\Users\kundu\OneDrive\Desktop\KMU-FED-2\data\processed\01_SU_mr\01_SU_mr_009.jpg,C:\Users\kundu\OneDrive\Desktop\KMU-FED-2\data\processed\05_SA_uj\05_SA_uj_053.jpg,Surprise,Sadness,1,5,0,negative
C:\Users\kundu\OneDrive\Desktop\KMU-FED-2\data\processed\03_SA_s02\03_SA_s02_027.jpg,C:\Users\kundu\OneDrive\Desktop\KMU-FED-2\data\processed\03_SA_s02\03_SA_s02_032.jpg,Sadness,Sadness,3,3,1,same_subject_pos
C:\Users\kundu\OneDrive\Desktop\KMU-FED-2\data\processed\05_SA_uj\05_SA_uj_063.jpg,C:\Users\kundu\OneDrive\Desktop\KMU-FED-2\data\processed\01_DI_mr\01_DI_mr_018.jpg,Sadness,Disgust,5,1,0,negative
C:\Users\kundu\OneDrive\Desktop\KMU-FED-2\data\processed\07_SU_sw\07_SU_sw_084.jpg,C:\Users\kundu\OneDrive\Desktop\KMU-FED-2\data\processed\05_SU_uj\05_SU_uj_061.jpg,Surprise,Surprise,7,5,1,cross_subject_pos
C:\Users\kundu\OneDrive\Desktop\KMU-FED-2\data\processed\10_HA_ko\10_HA_ko_176.jpg,C:\Users\kundu\OneDrive\Desktop\KMU-FED-2\data\processed\12_HA_gu\12_HA_gu_185.jpg,Happiness,Happiness,10,12,1,cross_subject_pos
C:\Users\kundu\OneDrive\Desktop\KMU-FED-2\data\processed\09_AN_sj\09_AN_sj_138.jpg,C:\Users\kundu\OneDrive\Desktop\KMU-FED-2\data\processed\12_DI_gu\12_DI_gu_124.jpg,Anger,Disgust,9,12,0,negative
C:\Users\kundu\OneDrive\Desktop\KMU-FED-2\data\processed\09_SU_sj\09_SU_sj_101.jpg,C:\Users\kundu\OneDrive\Desktop\KMU-FED-2\data\processed\01_HA_mr\01_HA_mr_001.jpg,Surprise,Happiness,9,1,0,negative
C:\Users\kundu\OneDrive\Desktop\KMU-FED-2\data\processed\09_SA_sj\09_SA_sj_117.jpg,C:\Users\kundu\OneDrive\Desktop\KMU-FED-2\data\processed\12_SA_gu\12_SA_gu_162.jpg,Sadness,Sadness,9,12,1,cross_subject_pos
C:\Users\kundu\OneDrive\Desktop\KMU-FED-2\data\processed\07_SA_sw\07_SA_sw_081.jpg,C:\Users\kundu\OneDrive\Desktop\KMU-FED-2\data\processed\01_FE_mr\01_FE_mr_009.jpg,Sadness,Fear,7,1,0,negative
C:\Users\kundu\OneDrive\Desktop\KMU-FED-2\data\processed\12_SA_gu\12_SA_gu_152.jpg,C:\Users\kundu\OneDrive\Desktop\KMU-FED-2\data\processed\06_SA_dy\06_SA_dy_081.jpg,Sadness,Sadness,12,6,1,cross_subject_pos
C:\Users\kundu\OneDrive\Desktop\KMU-FED-2\data\processed\10_AN_ko\10_AN_ko_145.jpg,C:\Users\kundu\OneDrive\Desktop\KMU-FED-2\data\processed\03_SU_s02\03_SU_s02_059.jpg,Anger,Surprise,10,3,0,negative
C:\Users\kundu\OneDrive\Desktop\KMU-FED-2\data\processed\12_DI_gu\12_DI_gu_125.jpg,C:\Users\kundu\OneDrive\Desktop\KMU-FED-2\data\processed\06_SU_dy\06_SU_dy_085.jpg,Disgust,Surprise,12,6,0,negative
C:\Users\kundu\OneDrive\Desktop\KMU-FED-2\data\processed\10_SU_ko\10_SU_ko_118.jpg,C:\Users\kundu\OneDrive\Desktop\KMU-FED-2\data\processed\06_SA_dy\06_SA_dy_087.jpg,Surprise,Sadness,10,6,0,negative
C:\Users\kundu\OneDrive\Desktop\KMU-FED-2\data\processed\12_HA_gu\12_HA_gu_175.jpg,C:\Users\kundu\OneDrive\Desktop\KMU-FED-2\data\processed\03_HA_s02\03_HA_s02_043.jpg,Happiness,Happiness,12,3,1,cross_subject_pos
C:\Users\kundu\OneDrive\Desktop\KMU-FED-2\data\processed\07_HA_sw\07_HA_sw_116.jpg,C:\Users\kundu\OneDrive\Desktop\KMU-FED-2\data\processed\12_HA_gu\12_HA_gu_173.jpg,Happiness,Happiness,7,12,1,cross_subject_pos
C:\Users\kundu\OneDrive\Desktop\KMU-FED-2\data\processed\12_AN_gu\12_AN_gu_185.jpg,C:\Users\kundu\OneDrive\Desktop\KMU-FED-2\data\processed\01_FE_mr\01_FE_mr_006.jpg,Anger,Fear,12,1,0,negative
C:\Users\kundu\OneDrive\Desktop\KMU-FED-2\data\processed\03_SA_s02\03_SA_s02_037.jpg,C:\Users\kundu\OneDrive\Desktop\KMU-FED-2\data\processed\03_FE_s02\03_FE_s02_059.jpg,Sadness,Fear,3,3,0,negative
C:\Users\kundu\OneDrive\Desktop\KMU-FED-2\data\processed\01_FE_mr\01_FE_mr_003.jpg,C:\Users\kundu\OneDrive\Desktop\KMU-FED-2\data\processed\07_SU_sw\07_SU_sw_093.jpg,Fear,Surprise,1,7,0,negative
C:\Users\kundu\OneDrive\Desktop\KMU-FED-2\data\processed\09_HA_sj\09_HA_sj_151.jpg,C:\Users\kundu\OneDrive\Desktop\KMU-FED-2\data\processed\12_HA_gu\12_HA_gu_171.jpg,Happiness,Happiness,9,12,1,cross_subject_pos
C:\Users\kundu\OneDrive\Desktop\KMU-FED-2\data\processed\09_AN_sj\09_AN_sj_132.jpg,C:\Users\kundu\OneDrive\Desktop\KMU-FED-2\data\processed\01_FE_mr\01_FE_mr_019.jpg,Anger,Fear,9,1,0,negative
C:\Users\kundu\OneDrive\Desktop\KMU-FED-2\data\processed\05_FE_uj\05_FE_uj_089.jpg,C:\Users\kundu\OneDrive\Desktop\KMU-FED-2\data\processed\05_FE_uj\05_FE_uj_082.jpg,Fear,Fear,5,5,1,same_subject_pos
C:\Users\kundu\OneDrive\Desktop\KMU-FED-2\data\processed\01_SA_mr\01_SA_mr_005.jpg,C:\Users\kundu\OneDrive\Desktop\KMU-FED-2\data\processed\07_HA_sw\07_HA_sw_111.jpg,Sadness,Happiness,1,7,0,negative
C:\Users\kundu\OneDrive\Desktop\KMU-FED-2\data\processed\09_FE_sj\09_FE_sj_153.jpg,C:\Users\kundu\OneDrive\Desktop\KMU-FED-2\data\processed\03_FE_s02\03_FE_s02_043.jpg,Fear,Fear,9,3,1,cross_subject_pos
C:\Users\kundu\OneDrive\Desktop\KMU-FED-2\data\processed\03_HA_s02\03_HA_s02_047.jpg,C:\Users\kundu\OneDrive\Desktop\KMU-FED-2\data\processed\07_HA_sw\07_HA_sw_119.jpg,Happiness,Happiness,3,7,1,cross_subject_pos
C:\Users\kundu\OneDrive\Desktop\KMU-FED-2\data\processed\06_AN_dy\06_AN_dy_065.jpg,C:\Users\kundu\OneDrive\Desktop\KMU-FED-2\data\processed\12_AN_gu\12_AN_gu_173.jpg,Anger,Anger,6,12,1,cross_subject_pos
C:\Users\kundu\OneDrive\Desktop\KMU-FED-2\data\processed\12_AN_gu\12_AN_gu_183.jpg,C:\Users\kundu\OneDrive\Desktop\KMU-FED-2\data\processed\01_DI_mr\01_DI_mr_013.jpg,Anger,Disgust,12,1,0,negative
C:\Users\kundu\OneDrive\Desktop\KMU-FED-2\data\processed\12_HA_gu\12_HA_gu_180.jpg,C:\Users\kundu\OneDrive\Desktop\KMU-FED-2\data\processed\10_HA_ko\10_HA_ko_184.jpg,Happiness,Happiness,12,10,1,cross_subject_pos
C:\Users\kundu\OneDrive\Desktop\KMU-FED-2\data\processed\01_HA_mr\01_HA_mr_012.jpg,C:\Users\kundu\OneDrive\Desktop\KMU-FED-2\data\processed\01_SU_mr\01_SU_mr_009.jpg,Happiness,Surprise,1,1,0,negative
C:\Users\kundu\OneDrive\Desktop\KMU-FED-2\data\processed\05_DI_uj\05_DI_uj_036.jpg,C:\Users\kundu\OneDrive\Desktop\KMU-FED-2\data\processed\10_AN_ko\10_AN_ko_143.jpg,Disgust,Anger,5,10,0,negative
C:\Users\kundu\OneDrive\Desktop\KMU-FED-2\data\processed\10_DI_ko\10_DI_ko_097.jpg,C:\Users\kundu\OneDrive\Desktop\KMU-FED-2\data\processed\07_FE_sw\07_FE_sw_121.jpg,Disgust,Fear,10,7,0,negative
C:\Users\kundu\OneDrive\Desktop\KMU-FED-2\data\processed\01_DI_mr\01_DI_mr_007.jpg,C:\Users\kundu\OneDrive\Desktop\KMU-FED-2\data\processed\06_SA_dy\06_SA_dy_074.jpg,Disgust,Sadness,1,6,0,negative
C:\Users\kundu\OneDrive\Desktop\KMU-FED-2\data\processed\07_AN_sw\07_AN_sw_090.jpg,C:\Users\kundu\OneDrive\Desktop\KMU-FED-2\data\processed\01_SA_mr\01_SA_mr_006.jpg,Anger,Sadness,7,1,0,negative
C:\Users\kundu\OneDrive\Desktop\KMU-FED-2\data\processed\07_SU_sw\07_SU_sw_091.jpg,C:\Users\kundu\OneDrive\Desktop\KMU-FED-2\data\processed\05_SA_uj\05_SA_uj_066.jpg,Surprise,Sadness,7,5,0,negative
C:\Users\kundu\OneDrive\Desktop\KMU-FED-2\data\processed\07_AN_sw\07_AN_sw_094.jpg,C:\Users\kundu\OneDrive\Desktop\KMU-FED-2\data\processed\01_AN_mr\01_AN_mr_015.jpg,Anger,Anger,7,1,1,cross_subject_pos
C:\Users\kundu\OneDrive\Desktop\KMU-FED-2\data\processed\06_SU_dy\06_SU_dy_081.jpg,C:\Users\kundu\OneDrive\Desktop\KMU-FED-2\data\processed\07_SU_sw\07_SU_sw_082.jpg,Surprise,Surprise,6,7,1,cross_subject_pos
C:\Users\kundu\OneDrive\Desktop\KMU-FED-2\data\processed\06_FE_dy\06_FE_dy_111.jpg,C:\Users\kundu\OneDrive\Desktop\KMU-FED-2\data\processed\06_FE_dy\06_FE_dy_114.jpg,Fear,Fear,6,6,1,same_subject_pos
C:\Users\kundu\OneDrive\Desktop\KMU-FED-2\data\processed\09_SA_sj\09_SA_sj_116.jpg,C:\Users\kundu\OneDrive\Desktop\KMU-FED-2\data\processed\01_SA_mr\01_SA_mr_008.jpg,Sadness,Sadness,9,1,1,cross_subject_pos
C:\Users\kundu\OneDrive\Desktop\KMU-FED-2\data\processed\10_DI_ko\10_DI_ko_097.jpg,C:\Users\kundu\OneDrive\Desktop\KMU-FED-2\data\processed\12_DI_gu\12_DI_gu_128.jpg,Disgust,Disgust,10,12,1,cross_subject_pos
C:\Users\kundu\OneDrive\Desktop\KMU-FED-2\data\processed\10_DI_ko\10_DI_ko_099.jpg,C:\Users\kundu\OneDrive\Desktop\KMU-FED-2\data\processed\12_SA_gu\12_SA_gu_156.jpg,Disgust,Sadness,10,12,0,negative
C:\Users\kundu\OneDrive\Desktop\KMU-FED-2\data\processed\10_DI_ko\10_DI_ko_095.jpg,C:\Users\kundu\OneDrive\Desktop\KMU-FED-2\data\processed\01_DI_mr\01_DI_mr_014.jpg,Disgust,Disgust,10,1,1,cross_subject_pos
C:\Users\kundu\OneDrive\Desktop\KMU-FED-2\data\processed\01_HA_mr\01_HA_mr_011.jpg,C:\Users\kundu\OneDrive\Desktop\KMU-FED-2\data\processed\01_DI_mr\01_DI_mr_020.jpg,Happiness,Disgust,1,1,0,negative
C:\Users\kundu\OneDrive\Desktop\KMU-FED-2\data\processed\06_HA_dy\06_HA_dy_098.jpg,C:\Users\kundu\OneDrive\Desktop\KMU-FED-2\data\processed\03_AN_s02\03_AN_s02_034.jpg,Happiness,Anger,6,3,0,negative
C:\Users\kundu\OneDrive\Desktop\KMU-FED-2\data\processed\07_SA_sw\07_SA_sw_088.jpg,C:\Users\kundu\OneDrive\Desktop\KMU-FED-2\data\processed\07_SA_sw\07_SA_sw_072.jpg,Sadness,Sadness,7,7,1,same_subject_pos
C:\Users\kundu\OneDrive\Desktop\KMU-FED-2\data\processed\01_DI_mr\01_DI_mr_018.jpg,C:\Users\kundu\OneDrive\Desktop\KMU-FED-2\data\processed\10_SU_ko\10_SU_ko_113.jpg,Disgust,Surprise,1,10,0,negative
C:\Users\kundu\OneDrive\Desktop\KMU-FED-2\data\processed\07_SA_sw\07_SA_sw_073.jpg,C:\Users\kundu\OneDrive\Desktop\KMU-FED-2\data\processed\01_DI_mr\01_DI_mr_009.jpg,Sadness,Disgust,7,1,0,negative
C:\Users\kundu\OneDrive\Desktop\KMU-FED-2\data\processed\06_SU_dy\06_SU_dy_095.jpg,C:\Users\kundu\OneDrive\Desktop\KMU-FED-2\data\processed\10_SU_ko\10_SU_ko_126.jpg,Surprise,Surprise,6,10,1,cross_subject_pos
C:\Users\kundu\OneDrive\Desktop\KMU-FED-2\data\processed\05_FE_uj\05_FE_uj_091.jpg,C:\Users\kundu\OneDrive\Desktop\KMU-FED-2\data\processed\06_FE_dy\06_FE_dy_106.jpg,Fear,Fear,5,6,1,cross_subject_pos
C:\Users\kundu\OneDrive\Desktop\KMU-FED-2\data\processed\12_SA_gu\12_SA_gu_155.jpg,C:\Users\kundu\OneDrive\Desktop\KMU-FED-2\data\processed\03_HA_s02\03_HA_s02_032.jpg,Sadness,Happiness,12,3,0,negative
C:\Users\kundu\OneDrive\Desktop\KMU-FED-2\data\processed\01_HA_mr\01_HA_mr_018.jpg,C:\Users\kundu\OneDrive\Desktop\KMU-FED-2\data\processed\05_SU_uj\05_SU_uj_070.jpg,Happiness,Surprise,1,5,0,negative
C:\Users\kundu\OneDrive\Desktop\KMU-FED-2\data\processed\03_SU_s02\03_SU_s02_047.jpg,C:\Users\kundu\OneDrive\Desktop\KMU-FED-2\data\processed\05_AN_uj\05_AN_uj_053.jpg,Surprise,Anger,3,5,0,negative
C:\Users\kundu\OneDrive\Desktop\KMU-FED-2\data\processed\05_FE_uj\05_FE_uj_100.jpg,C:\Users\kundu\OneDrive\Desktop\KMU-FED-2\data\processed\09_SA_sj\09_SA_sj_112.jpg,Fear,Sadness,5,9,0,negative
C:\Users\kundu\OneDrive\Desktop\KMU-FED-2\data\processed\05_SU_uj\05_SU_uj_076.jpg,C:\Users\kundu\OneDrive\Desktop\KMU-FED-2\data\processed\05_AN_uj\05_AN_uj_041.jpg,Surprise,Anger,5,5,0,negative
C:\Users\kundu\OneDrive\Desktop\KMU-FED-2\data\processed\10_SU_ko\10_SU_ko_122.jpg,C:\Users\kundu\OneDrive\Desktop\KMU-FED-2\data\processed\05_SA_uj\05_SA_uj_064.jpg,Surprise,Sadness,10,5,0,negative
C:\Users\kundu\OneDrive\Desktop\KMU-FED-2\data\processed\12_DI_gu\12_DI_gu_121.jpg,C:\Users\kundu\OneDrive\Desktop\KMU-FED-2\data\processed\07_SA_sw\07_SA_sw_084.jpg,Disgust,Sadness,12,7,0,negative
C:\Users\kundu\OneDrive\Desktop\KMU-FED-2\data\processed\10_FE_ko\10_FE_ko_176.jpg,C:\Users\kundu\OneDrive\Desktop\KMU-FED-2\data\processed\01_SU_mr\01_SU_mr_015.jpg,Fear,Surprise,10,1,0,negative
C:\Users\kundu\OneDrive\Desktop\KMU-FED-2\data\processed\09_AN_sj\09_AN_sj_140.jpg,C:\Users\kundu\OneDrive\Desktop\KMU-FED-2\data\processed\05_AN_uj\05_AN_uj_045.jpg,Anger,Anger,9,5,1,cross_subject_pos
C:\Users\kundu\OneDrive\Desktop\KMU-FED-2\data\processed\10_HA_ko\10_HA_ko_185.jpg,C:\Users\kundu\OneDrive\Desktop\KMU-FED-2\data\processed\10_HA_ko\10_HA_ko_176.jpg,Happiness,Happiness,10,10,1,same_subject_pos
C:\Users\kundu\OneDrive\Desktop\KMU-FED-2\data\processed\12_HA_gu\12_HA_gu_184.jpg,C:\Users\kundu\OneDrive\Desktop\KMU-FED-2\data\processed\03_SU_s02\03_SU_s02_058.jpg,Happiness,Surprise,12,3,0,negative
C:\Users\kundu\OneDrive\Desktop\KMU-FED-2\data\processed\07_SA_sw\07_SA_sw_084.jpg,C:\Users\kundu\OneDrive\Desktop\KMU-FED-2\data\processed\05_FE_uj\05_FE_uj_091.jpg,Sadness,Fear,7,5,0,negative
C:\Users\kundu\OneDrive\Desktop\KMU-FED-2\data\processed\06_FE_dy\06_FE_dy_105.jpg,C:\Users\kundu\OneDrive\Desktop\KMU-FED-2\data\processed\06_FE_dy\06_FE_dy_103.jpg,Fear,Fear,6,6,1,same_subject_pos
C:\Users\kundu\OneDrive\Desktop\KMU-FED-2\data\processed\07_AN_sw\07_AN_sw_088.jpg,C:\Users\kundu\OneDrive\Desktop\KMU-FED-2\data\processed\12_AN_gu\12_AN_gu_177.jpg,Anger,Anger,7,12,1,cross_subject_pos
C:\Users\kundu\OneDrive\Desktop\KMU-FED-2\data\processed\01_DI_mr\01_DI_mr_010.jpg,C:\Users\kundu\OneDrive\Desktop\KMU-FED-2\data\processed\12_HA_gu\12_HA_gu_178.jpg,Disgust,Happiness,1,12,0,negative
C:\Users\kundu\OneDrive\Desktop\KMU-FED-2\data\processed\06_DI_dy\06_DI_dy_052.jpg,C:\Users\kundu\OneDrive\Desktop\KMU-FED-2\data\processed\07_AN_sw\07_AN_sw_090.jpg,Disgust,Anger,6,7,0,negative
C:\Users\kundu\OneDrive\Desktop\KMU-FED-2\data\processed\03_SA_s02\03_SA_s02_037.jpg,C:\Users\kundu\OneDrive\Desktop\KMU-FED-2\data\processed\01_FE_mr\01_FE_mr_002.jpg,Sadness,Fear,3,1,0,negative
C:\Users\kundu\OneDrive\Desktop\KMU-FED-2\data\processed\09_AN_sj\09_AN_sj_140.jpg,C:\Users\kundu\OneDrive\Desktop\KMU-FED-2\data\processed\03_AN_s02\03_AN_s02_033.jpg,Anger,Anger,9,3,1,cross_subject_pos
C:\Users\kundu\OneDrive\Desktop\KMU-FED-2\data\processed\01_DI_mr\01_DI_mr_014.jpg,C:\Users\kundu\OneDrive\Desktop\KMU-FED-2\data\processed\07_FE_sw\07_FE_sw_137.jpg,Disgust,Fear,1,7,0,negative
C:\Users\kundu\OneDrive\Desktop\KMU-FED-2\data\processed\12_HA_gu\12_HA_gu_183.jpg,C:\Users\kundu\OneDrive\Desktop\KMU-FED-2\data\processed\01_SU_mr\01_SU_mr_004.jpg,Happiness,Surprise,12,1,0,negative
C:\Users\kundu\OneDrive\Desktop\KMU-FED-2\data\processed\05_SA_uj\05_SA_uj_055.jpg,C:\Users\kundu\OneDrive\Desktop\KMU-FED-2\data\processed\06_SA_dy\06_SA_dy_087.jpg,Sadness,Sadness,5,6,1,cross_subject_pos
C:\Users\kundu\OneDrive\Desktop\KMU-FED-2\data\processed\12_SA_gu\12_SA_gu_157.jpg,C:\Users\kundu\OneDrive\Desktop\KMU-FED-2\data\processed\01_DI_mr\01_DI_mr_012.jpg,Sadness,Disgust,12,1,0,negative
C:\Users\kundu\OneDrive\Desktop\KMU-FED-2\data\processed\10_DI_ko\10_DI_ko_092.jpg,C:\Users\kundu\OneDrive\Desktop\KMU-FED-2\data\processed\06_DI_dy\06_DI_dy_059.jpg,Disgust,Disgust,10,6,1,cross_subject_pos
C:\Users\kundu\OneDrive\Desktop\KMU-FED-2\data\processed\01_DI_mr\01_DI_mr_005.jpg,C:\Users\kundu\OneDrive\Desktop\KMU-FED-2\data\processed\10_DI_ko\10_DI_ko_099.jpg,Disgust,Disgust,1,10,1,cross_subject_pos
C:\Users\kundu\OneDrive\Desktop\KMU-FED-2\data\processed\03_HA_s02\03_HA_s02_031.jpg,C:\Users\kundu\OneDrive\Desktop\KMU-FED-2\data\processed\09_HA_sj\09_HA_sj_154.jpg,Happiness,Happiness,3,9,1,cross_subject_pos
C:\Users\kundu\OneDrive\Desktop\KMU-FED-2\data\processed\12_DI_gu\12_DI_gu_121.jpg,C:\Users\kundu\OneDrive\Desktop\KMU-FED-2\data\processed\10_SU_ko\10_SU_ko_114.jpg,Disgust,Surprise,12,10,0,negative
C:\Users\kundu\OneDrive\Desktop\KMU-FED-2\data\processed\10_DI_ko\10_DI_ko_097.jpg,C:\Users\kundu\OneDrive\Desktop\KMU-FED-2\data\processed\12_DI_gu\12_DI_gu_130.jpg,Disgust,Disgust,10,12,1,cross_subject_pos
C:\Users\kundu\OneDrive\Desktop\KMU-FED-2\data\processed\03_HA_s02\03_HA_s02_036.jpg,C:\Users\kundu\OneDrive\Desktop\KMU-FED-2\data\processed\12_HA_gu\12_HA_gu_174.jpg,Happiness,Happiness,3,12,1,cross_subject_pos
C:\Users\kundu\OneDrive\Desktop\KMU-FED-2\data\processed\10_FE_ko\10_FE_ko_180.jpg,C:\Users\kundu\OneDrive\Desktop\KMU-FED-2\data\processed\05_DI_uj\05_DI_uj_033.jpg,Fear,Disgust,10,5,0,negative
C:\Users\kundu\OneDrive\Desktop\KMU-FED-2\data\processed\05_HA_uj\05_HA_uj_071.jpg,C:\Users\kundu\OneDrive\Desktop\KMU-FED-2\data\processed\07_SU_sw\07_SU_sw_088.jpg,Happiness,Surprise,5,7,0,negative
C:\Users\kundu\OneDrive\Desktop\KMU-FED-2\data\processed\09_SA_sj\09_SA_sj_119.jpg,C:\Users\kundu\OneDrive\Desktop\KMU-FED-2\data\processed\07_SA_sw\07_SA_sw_090.jpg,Sadness,Sadness,9,7,1,cross_subject_pos
C:\Users\kundu\OneDrive\Desktop\KMU-FED-2\data\processed\05_DI_uj\05_DI_uj_039.jpg,C:\Users\kundu\OneDrive\Desktop\KMU-FED-2\data\processed\01_DI_mr\01_DI_mr_018.jpg,Disgust,Disgust,5,1,1,cross_subject_pos
C:\Users\kundu\OneDrive\Desktop\KMU-FED-2\data\processed\05_HA_uj\05_HA_uj_075.jpg,C:\Users\kundu\OneDrive\Desktop\KMU-FED-2\data\processed\05_HA_uj\05_HA_uj_073.jpg,Happiness,Happiness,5,5,1,same_subject_pos
C:\Users\kundu\OneDrive\Desktop\KMU-FED-2\data\processed\12_HA_gu\12_HA_gu_188.jpg,C:\Users\kundu\OneDrive\Desktop\KMU-FED-2\data\processed\05_HA_uj\05_HA_uj_079.jpg,Happiness,Happiness,12,5,1,cross_subject_pos
C:\Users\kundu\OneDrive\Desktop\KMU-FED-2\data\processed\07_SU_sw\07_SU_sw_088.jpg,C:\Users\kundu\OneDrive\Desktop\KMU-FED-2\data\processed\10_SU_ko\10_SU_ko_122.jpg,Surprise,Surprise,7,10,1,cross_subject_pos
C:\Users\kundu\OneDrive\Desktop\KMU-FED-2\data\processed\05_SA_uj\05_SA_uj_068.jpg,C:\Users\kundu\OneDrive\Desktop\KMU-FED-2\data\processed\01_AN_mr\01_AN_mr_013.jpg,Sadness,Anger,5,1,0,negative
C:\Users\kundu\OneDrive\Desktop\KMU-FED-2\data\processed\10_DI_ko\10_DI_ko_093.jpg,C:\Users\kundu\OneDrive\Desktop\KMU-FED-2\data\processed\12_DI_gu\12_DI_gu_123.jpg,Disgust,Disgust,10,12,1,cross_subject_pos
C:\Users\kundu\OneDrive\Desktop\KMU-FED-2\data\processed\09_AN_sj\09_AN_sj_123.jpg,C:\Users\kundu\OneDrive\Desktop\KMU-FED-2\data\processed\12_SA_gu\12_SA_gu_164.jpg,Anger,Sadness,9,12,0,negative
C:\Users\kundu\OneDrive\Desktop\KMU-FED-2\data\processed\09_SU_sj\09_SU_sj_101.jpg,C:\Users\kundu\OneDrive\Desktop\KMU-FED-2\data\processed\07_SU_sw\07_SU_sw_100.jpg,Surprise,Surprise,9,7,1,cross_subject_pos
C:\Users\kundu\OneDrive\Desktop\KMU-FED-2\data\processed\10_DI_ko\10_DI_ko_092.jpg,C:\Users\kundu\OneDrive\Desktop\KMU-FED-2\data\processed\01_DI_mr\01_DI_mr_008.jpg,Disgust,Disgust,10,1,1,cross_subject_pos
C:\Users\kundu\OneDrive\Desktop\KMU-FED-2\data\processed\01_HA_mr\01_HA_mr_002.jpg,C:\Users\kundu\OneDrive\Desktop\KMU-FED-2\data\processed\06_DI_dy\06_DI_dy_067.jpg,Happiness,Disgust,1,6,0,negative
C:\Users\kundu\OneDrive\Desktop\KMU-FED-2\data\processed\05_SU_uj\05_SU_uj_064.jpg,C:\Users\kundu\OneDrive\Desktop\KMU-FED-2\data\processed\10_SU_ko\10_SU_ko_112.jpg,Surprise,Surprise,5,10,1,cross_subject_pos
C:\Users\kundu\OneDrive\Desktop\KMU-FED-2\data\processed\01_AN_mr\01_AN_mr_001.jpg,C:\Users\kundu\OneDrive\Desktop\KMU-FED-2\data\processed\01_AN_mr\01_AN_mr_013.jpg,Anger,Anger,1,1,1,same_subject_pos
C:\Users\kundu\OneDrive\Desktop\KMU-FED-2\data\processed\09_HA_sj\09_HA_sj_164.jpg,C:\Users\kundu\OneDrive\Desktop\KMU-FED-2\data\processed\10_SU_ko\10_SU_ko_118.jpg,Happiness,Surprise,9,10,0,negative
C:\Users\kundu\OneDrive\Desktop\KMU-FED-2\data\processed\05_HA_uj\05_HA_uj_072.jpg,C:\Users\kundu\OneDrive\Desktop\KMU-FED-2\data\processed\06_SA_dy\06_SA_dy_088.jpg,Happiness,Sadness,5,6,0,negative
C:\Users\kundu\OneDrive\Desktop\KMU-FED-2\data\processed\10_DI_ko\10_DI_ko_099.jpg,C:\Users\kundu\OneDrive\Desktop\KMU-FED-2\data\processed\01_FE_mr\01_FE_mr_013.jpg,Disgust,Fear,10,1,0,negative
C:\Users\kundu\OneDrive\Desktop\KMU-FED-2\data\processed\10_FE_ko\10_FE_ko_180.jpg,C:\Users\kundu\OneDrive\Desktop\KMU-FED-2\data\processed\12_DI_gu\12_DI_gu_125.jpg,Fear,Disgust,10,12,0,negative
C:\Users\kundu\OneDrive\Desktop\KMU-FED-2\data\processed\07_FE_sw\07_FE_sw_138.jpg,C:\Users\kundu\OneDrive\Desktop\KMU-FED-2\data\processed\01_DI_mr\01_DI_mr_006.jpg,Fear,Disgust,7,1,0,negative
C:\Users\kundu\OneDrive\Desktop\KMU-FED-2\data\processed\05_FE_uj\05_FE_uj_088.jpg,C:\Users\kundu\OneDrive\Desktop\KMU-FED-2\data\processed\06_FE_dy\06_FE_dy_119.jpg,Fear,Fear,5,6,1,cross_subject_pos
C:\Users\kundu\OneDrive\Desktop\KMU-FED-2\data\processed\05_FE_uj\05_FE_uj_083.jpg,C:\Users\kundu\OneDrive\Desktop\KMU-FED-2\data\processed\05_HA_uj\05_HA_uj_072.jpg,Fear,Happiness,5,5,0,negative
C:\Users\kundu\OneDrive\Desktop\KMU-FED-2\data\processed\06_DI_dy\06_DI_dy_059.jpg,C:\Users\kundu\OneDrive\Desktop\KMU-FED-2\data\processed\06_DI_dy\06_DI_dy_057.jpg,Disgust,Disgust,6,6,1,same_subject_pos
C:\Users\kundu\OneDrive\Desktop\KMU-FED-2\data\processed\03_SU_s02\03_SU_s02_046.jpg,C:\Users\kundu\OneDrive\Desktop\KMU-FED-2\data\processed\06_SU_dy\06_SU_dy_092.jpg,Surprise,Surprise,3,6,1,cross_subject_pos
C:\Users\kundu\OneDrive\Desktop\KMU-FED-2\data\processed\10_SU_ko\10_SU_ko_123.jpg,C:\Users\kundu\OneDrive\Desktop\KMU-FED-2\data\processed\07_SU_sw\07_SU_sw_084.jpg,Surprise,Surprise,10,7,1,cross_subject_pos
C:\Users\kundu\OneDrive\Desktop\KMU-FED-2\data\processed\07_SA_sw\07_SA_sw_073.jpg,C:\Users\kundu\OneDrive\Desktop\KMU-FED-2\data\processed\05_FE_uj\05_FE_uj_093.jpg,Sadness,Fear,7,5,0,negative
C:\Users\kundu\OneDrive\Desktop\KMU-FED-2\data\processed\03_SU_s02\03_SU_s02_043.jpg,C:\Users\kundu\OneDrive\Desktop\KMU-FED-2\data\processed\01_SU_mr\01_SU_mr_016.jpg,Surprise,Surprise,3,1,1,cross_subject_pos
C:\Users\kundu\OneDrive\Desktop\KMU-FED-2\data\processed\09_AN_sj\09_AN_sj_136.jpg,C:\Users\kundu\OneDrive\Desktop\KMU-FED-2\data\processed\07_AN_sw\07_AN_sw_095.jpg,Anger,Anger,9,7,1,cross_subject_pos
C:\Users\kundu\OneDrive\Desktop\KMU-FED-2\data\processed\07_SA_sw\07_SA_sw_087.jpg,C:\Users\kundu\OneDrive\Desktop\KMU-FED-2\data\processed\07_SA_sw\07_SA_sw_075.jpg,Sadness,Sadness,7,7,1,same_subject_pos
C:\Users\kundu\OneDrive\Desktop\KMU-FED-2\data\processed\05_DI_uj\05_DI_uj_037.jpg,C:\Users\kundu\OneDrive\Desktop\KMU-FED-2\data\processed\12_AN_gu\12_AN_gu_183.jpg,Disgust,Anger,5,12,0,negative
C:\Users\kundu\OneDrive\Desktop\KMU-FED-2\data\processed\10_SU_ko\10_SU_ko_126.jpg,C:\Users\kundu\OneDrive\Desktop\KMU-FED-2\data\processed\07_SU_sw\07_SU_sw_094.jpg,Surprise,Surprise,10,7,1,cross_subject_pos
C:\Users\kundu\OneDrive\Desktop\KMU-FED-2\data\processed\01_HA_mr\01_HA_mr_006.jpg,C:\Users\kundu\OneDrive\Desktop\KMU-FED-2\data\processed\05_SU_uj\05_SU_uj_063.jpg,Happiness,Surprise,1,5,0,negative
C:\Users\kundu\OneDrive\Desktop\KMU-FED-2\data\processed\10_SU_ko\10_SU_ko_115.jpg,C:\Users\kundu\OneDrive\Desktop\KMU-FED-2\data\processed\07_SA_sw\07_SA_sw_090.jpg,Surprise,Sadness,10,7,0,negative
C:\Users\kundu\OneDrive\Desktop\KMU-FED-2\data\processed\06_DI_dy\06_DI_dy_057.jpg,C:\Users\kundu\OneDrive\Desktop\KMU-FED-2\data\processed\12_AN_gu\12_AN_gu_190.jpg,Disgust,Anger,6,12,0,negative
C:\Users\kundu\OneDrive\Desktop\KMU-FED-2\data\processed\09_AN_sj\09_AN_sj_139.jpg,C:\Users\kundu\OneDrive\Desktop\KMU-FED-2\data\processed\10_SU_ko\10_SU_ko_124.jpg,Anger,Surprise,9,10,0,negative
C:\Users\kundu\OneDrive\Desktop\KMU-FED-2\data\processed\05_DI_uj\05_DI_uj_037.jpg,C:\Users\kundu\OneDrive\Desktop\KMU-FED-2\data\processed\06_SA_dy\06_SA_dy_083.jpg,Disgust,Sadness,5,6,0,negative
C:\Users\kundu\OneDrive\Desktop\KMU-FED-2\data\processed\03_SU_s02\03_SU_s02_050.jpg,C:\Users\kundu\OneDrive\Desktop\KMU-FED-2\data\processed\01_SU_mr\01_SU_mr_009.jpg,Surprise,Surprise,3,1,1,cross_subject_pos
C:\Users\kundu\OneDrive\Desktop\KMU-FED-2\data\processed\10_AN_ko\10_AN_ko_143.jpg,C:\Users\kundu\OneDrive\Desktop\KMU-FED-2\data\processed\10_AN_ko\10_AN_ko_146.jpg,Anger,Anger,10,10,1,same_subject_pos
C:\Users\kundu\OneDrive\Desktop\KMU-FED-2\data\processed\12_SA_gu\12_SA_gu_168.jpg,C:\Users\kundu\OneDrive\Desktop\KMU-FED-2\data\processed\12_SA_gu\12_SA_gu_154.jpg,Sadness,Sadness,12,12,1,same_subject_pos
C:\Users\kundu\OneDrive\Desktop\KMU-FED-2\data\processed\05_FE_uj\05_FE_uj_094.jpg,C:\Users\kundu\OneDrive\Desktop\KMU-FED-2\data\processed\10_DI_ko\10_DI_ko_092.jpg,Fear,Disgust,5,10,0,negative
C:\Users\kundu\OneDrive\Desktop\KMU-FED-2\data\processed\09_FE_sj\09_FE_sj_158.jpg,C:\Users\kundu\OneDrive\Desktop\KMU-FED-2\data\processed\10_AN_ko\10_AN_ko_148.jpg,Fear,Anger,9,10,0,negative
C:\Users\kundu\OneDrive\Desktop\KMU-FED-2\data\processed\03_SU_s02\03_SU_s02_059.jpg,C:\Users\kundu\OneDrive\Desktop\KMU-FED-2\data\processed\07_SA_sw\07_SA_sw_071.jpg,Surprise,Sadness,3,7,0,negative
C:\Users\kundu\OneDrive\Desktop\KMU-FED-2\data\processed\01_FE_mr\01_FE_mr_016.jpg,C:\Users\kundu\OneDrive\Desktop\KMU-FED-2\data\processed\01_FE_mr\01_FE_mr_007.jpg,Fear,Fear,1,1,1,same_subject_pos
C:\Users\kundu\OneDrive\Desktop\KMU-FED-2\data\processed\01_SA_mr\01_SA_mr_013.jpg,C:\Users\kundu\OneDrive\Desktop\KMU-FED-2\data\processed\03_HA_s02\03_HA_s02_044.jpg,Sadness,Happiness,1,3,0,negative
C:\Users\kundu\OneDrive\Desktop\KMU-FED-2\data\processed\12_HA_gu\12_HA_gu_183.jpg,C:\Users\kundu\OneDrive\Desktop\KMU-FED-2\data\processed\12_SA_gu\12_SA_gu_164.jpg,Happiness,Sadness,12,12,0,negative
C:\Users\kundu\OneDrive\Desktop\KMU-FED-2\data\processed\09_FE_sj\09_FE_sj_159.jpg,C:\Users\kundu\OneDrive\Desktop\KMU-FED-2\data\processed\03_FE_s02\03_FE_s02_042.jpg,Fear,Fear,9,3,1,cross_subject_pos
C:\Users\kundu\OneDrive\Desktop\KMU-FED-2\data\processed\06_DI_dy\06_DI_dy_055.jpg,C:\Users\kundu\OneDrive\Desktop\KMU-FED-2\data\processed\10_DI_ko\10_DI_ko_093.jpg,Disgust,Disgust,6,10,1,cross_subject_pos
C:\Users\kundu\OneDrive\Desktop\KMU-FED-2\data\processed\10_HA_ko\10_HA_ko_171.jpg,C:\Users\kundu\OneDrive\Desktop\KMU-FED-2\data\processed\09_HA_sj\09_HA_sj_157.jpg,Happiness,Happiness,10,9,1,cross_subject_pos
C:\Users\kundu\OneDrive\Desktop\KMU-FED-2\data\processed\03_FE_s02\03_FE_s02_056.jpg,C:\Users\kundu\OneDrive\Desktop\KMU-FED-2\data\processed\10_FE_ko\10_FE_ko_161.jpg,Fear,Fear,3,10,1,cross_subject_pos
C:\Users\kundu\OneDrive\Desktop\KMU-FED-2\data\processed\12_DI_gu\12_DI_gu_122.jpg,C:\Users\kundu\OneDrive\Desktop\KMU-FED-2\data\processed\07_FE_sw\07_FE_sw_134.jpg,Disgust,Fear,12,7,0,negative
C:\Users\kundu\OneDrive\Desktop\KMU-FED-2\data\processed\06_AN_dy\06_AN_dy_065.jpg,C:\Users\kundu\OneDrive\Desktop\KMU-FED-2\data\processed\06_AN_dy\06_AN_dy_063.jpg,Anger,Anger,6,6,1,same_subject_pos
C:\Users\kundu\OneDrive\Desktop\KMU-FED-2\data\processed\06_DI_dy\06_DI_dy_066.jpg,C:\Users\kundu\OneDrive\Desktop\KMU-FED-2\data\processed\05_DI_uj\05_DI_uj_038.jpg,Disgust,Disgust,6,5,1,cross_subject_pos
C:\Users\kundu\OneDrive\Desktop\KMU-FED-2\data\processed\05_DI_uj\05_DI_uj_031.jpg,C:\Users\kundu\OneDrive\Desktop\KMU-FED-2\data\processed\12_DI_gu\12_DI_gu_123.jpg,Disgust,Disgust,5,12,1,cross_subject_pos
C:\Users\kundu\OneDrive\Desktop\KMU-FED-2\data\processed\03_FE_s02\03_FE_s02_046.jpg,C:\Users\kundu\OneDrive\Desktop\KMU-FED-2\data\processed\05_FE_uj\05_FE_uj_090.jpg,Fear,Fear,3,5,1,cross_subject_pos
C:\Users\kundu\OneDrive\Desktop\KMU-FED-2\data\processed\01_SU_mr\01_SU_mr_015.jpg,C:\Users\kundu\OneDrive\Desktop\KMU-FED-2\data\processed\01_SA_mr\01_SA_mr_002.jpg,Surprise,Sadness,1,1,0,negative
C:\Users\kundu\OneDrive\Desktop\KMU-FED-2\data\processed\01_HA_mr\01_HA_mr_002.jpg,C:\Users\kundu\OneDrive\Desktop\KMU-FED-2\data\processed\03_HA_s02\03_HA_s02_031.jpg,Happiness,Happiness,1,3,1,cross_subject_pos
C:\Users\kundu\OneDrive\Desktop\KMU-FED-2\data\processed\12_AN_gu\12_AN_gu_182.jpg,C:\Users\kundu\OneDrive\Desktop\KMU-FED-2\data\processed\07_SU_sw\07_SU_sw_086.jpg,Anger,Surprise,12,7,0,negative
C:\Users\kundu\OneDrive\Desktop\KMU-FED-2\data\processed\06_DI_dy\06_DI_dy_056.jpg,C:\Users\kundu\OneDrive\Desktop\KMU-FED-2\data\processed\12_DI_gu\12_DI_gu_123.jpg,Disgust,Disgust,6,12,1,cross_subject_pos
C:\Users\kundu\OneDrive\Desktop\KMU-FED-2\data\processed\07_SA_sw\07_SA_sw_081.jpg,C:\Users\kundu\OneDrive\Desktop\KMU-FED-2\data\processed\07_HA_sw\07_HA_sw_119.jpg,Sadness,Happiness,7,7,0,negative
C:\Users\kundu\OneDrive\Desktop\KMU-FED-2\data\processed\10_SU_ko\10_SU_ko_119.jpg,C:\Users\kundu\OneDrive\Desktop\KMU-FED-2\data\processed\07_FE_sw\07_FE_sw_126.jpg,Surprise,Fear,10,7,0,negative
C:\Users\kundu\OneDrive\Desktop\KMU-FED-2\data\processed\09_HA_sj\09_HA_sj_156.jpg,C:\Users\kundu\OneDrive\Desktop\KMU-FED-2\data\processed\01_SA_mr\01_SA_mr_012.jpg,Happiness,Sadness,9,1,0,negative
C:\Users\kundu\OneDrive\Desktop\KMU-FED-2\data\processed\03_SU_s02\03_SU_s02_043.jpg,C:\Users\kundu\OneDrive\Desktop\KMU-FED-2\data\processed\01_SA_mr\01_SA_mr_009.jpg,Surprise,Sadness,3,1,0,negative
C:\Users\kundu\OneDrive\Desktop\KMU-FED-2\data\processed\06_SU_dy\06_SU_dy_098.jpg,C:\Users\kundu\OneDrive\Desktop\KMU-FED-2\data\processed\07_SU_sw\07_SU_sw_082.jpg,Surprise,Surprise,6,7,1,cross_subject_pos
C:\Users\kundu\OneDrive\Desktop\KMU-FED-2\data\processed\06_SU_dy\06_SU_dy_093.jpg,C:\Users\kundu\OneDrive\Desktop\KMU-FED-2\data\processed\12_SA_gu\12_SA_gu_158.jpg,Surprise,Sadness,6,12,0,negative
C:\Users\kundu\OneDrive\Desktop\KMU-FED-2\data\processed\06_SU_dy\06_SU_dy_098.jpg,C:\Users\kundu\OneDrive\Desktop\KMU-FED-2\data\processed\01_AN_mr\01_AN_mr_005.jpg,Surprise,Anger,6,1,0,negative
C:\Users\kundu\OneDrive\Desktop\KMU-FED-2\data\processed\07_SA_sw\07_SA_sw_076.jpg,C:\Users\kundu\OneDrive\Desktop\KMU-FED-2\data\processed\03_SA_s02\03_SA_s02_035.jpg,Sadness,Sadness,7,3,1,cross_subject_pos
C:\Users\kundu\OneDrive\Desktop\KMU-FED-2\data\processed\10_DI_ko\10_DI_ko_093.jpg,C:\Users\kundu\OneDrive\Desktop\KMU-FED-2\data\processed\07_SU_sw\07_SU_sw_088.jpg,Disgust,Surprise,10,7,0,negative
C:\Users\kundu\OneDrive\Desktop\KMU-FED-2\data\processed\01_FE_mr\01_FE_mr_020.jpg,C:\Users\kundu\OneDrive\Desktop\KMU-FED-2\data\processed\01_AN_mr\01_AN_mr_013.jpg,Fear,Anger,1,1,0,negative
C:\Users\kundu\OneDrive\Desktop\KMU-FED-2\data\processed\09_FE_sj\09_FE_sj_156.jpg,C:\Users\kundu\OneDrive\Desktop\KMU-FED-2\data\processed\07_FE_sw\07_FE_sw_125.jpg,Fear,Fear,9,7,1,cross_subject_pos
C:\Users\kundu\OneDrive\Desktop\KMU-FED-2\data\processed\09_SA_sj\09_SA_sj_112.jpg,C:\Users\kundu\OneDrive\Desktop\KMU-FED-2\data\processed\07_SA_sw\07_SA_sw_075.jpg,Sadness,Sadness,9,7,1,cross_subject_pos
C:\Users\kundu\OneDrive\Desktop\KMU-FED-2\data\processed\07_SU_sw\07_SU_sw_096.jpg,C:\Users\kundu\OneDrive\Desktop\KMU-FED-2\data\processed\01_SU_mr\01_SU_mr_011.jpg,Surprise,Surprise,7,1,1,cross_subject_pos
C:\Users\kundu\OneDrive\Desktop\KMU-FED-2\data\processed\06_SA_dy\06_SA_dy_089.jpg,C:\Users\kundu\OneDrive\Desktop\KMU-FED-2\data\processed\05_AN_uj\05_AN_uj_054.jpg,Sadness,Anger,6,5,0,negative
C:\Users\kundu\OneDrive\Desktop\KMU-FED-2\data\processed\03_SA_s02\03_SA_s02_030.jpg,C:\Users\kundu\OneDrive\Desktop\KMU-FED-2\data\processed\07_SA_sw\07_SA_sw_080.jpg,Sadness,Sadness,3,7,1,cross_subject_pos
C:\Users\kundu\OneDrive\Desktop\KMU-FED-2\data\processed\07_AN_sw\07_AN_sw_090.jpg,C:\Users\kundu\OneDrive\Desktop\KMU-FED-2\data\processed\09_AN_sj\09_AN_sj_127.jpg,Anger,Anger,7,9,1,cross_subject_pos
C:\Users\kundu\OneDrive\Desktop\KMU-FED-2\data\processed\03_SA_s02\03_SA_s02_030.jpg,C:\Users\kundu\OneDrive\Desktop\KMU-FED-2\data\processed\05_SA_uj\05_SA_uj_052.jpg,Sadness,Sadness,3,5,1,cross_subject_pos
C:\Users\kundu\OneDrive\Desktop\KMU-FED-2\data\processed\10_HA_ko\10_HA_ko_174.jpg,C:\Users\kundu\OneDrive\Desktop\KMU-FED-2\data\processed\07_SA_sw\07_SA_sw_089.jpg,Happiness,Sadness,10,7,0,negative
C:\Users\kundu\OneDrive\Desktop\KMU-FED-2\data\processed\07_SU_sw\07_SU_sw_098.jpg,C:\Users\kundu\OneDrive\Desktop\KMU-FED-2\data\processed\03_SU_s02\03_SU_s02_057.jpg,Surprise,Surprise,7,3,1,cross_subject_pos
C:\Users\kundu\OneDrive\Desktop\KMU-FED-2\data\processed\06_SA_dy\06_SA_dy_073.jpg,C:\Users\kundu\OneDrive\Desktop\KMU-FED-2\data\processed\07_AN_sw\07_AN_sw_082.jpg,Sadness,Anger,6,7,0,negative
C:\Users\kundu\OneDrive\Desktop\KMU-FED-2\data\processed\03_SU_s02\03_SU_s02_050.jpg,C:\Users\kundu\OneDrive\Desktop\KMU-FED-2\data\processed\06_SU_dy\06_SU_dy_091.jpg,Surprise,Surprise,3,6,1,cross_subject_pos
C:\Users\kundu\OneDrive\Desktop\KMU-FED-2\data\processed\03_HA_s02\03_HA_s02_039.jpg,C:\Users\kundu\OneDrive\Desktop\KMU-FED-2\data\processed\07_HA_sw\07_HA_sw_111.jpg,Happiness,Happiness,3,7,1,cross_subject_pos
C:\Users\kundu\OneDrive\Desktop\KMU-FED-2\data\processed\05_AN_uj\05_AN_uj_045.jpg,C:\Users\kundu\OneDrive\Desktop\KMU-FED-2\data\processed\06_AN_dy\06_AN_dy_078.jpg,Anger,Anger,5,6,1,cross_subject_pos
C:\Users\kundu\OneDrive\Desktop\KMU-FED-2\data\processed\01_AN_mr\01_AN_mr_010.jpg,C:\Users\kundu\OneDrive\Desktop\KMU-FED-2\data\processed\07_SA_sw\07_SA_sw_089.jpg,Anger,Sadness,1,7,0,negative
C:\Users\kundu\OneDrive\Desktop\KMU-FED-2\data\processed\07_AN_sw\07_AN_sw_088.jpg,C:\Users\kundu\OneDrive\Desktop\KMU-FED-2\data\processed\06_SA_dy\06_SA_dy_077.jpg,Anger,Sadness,7,6,0,negative
C:\Users\kundu\OneDrive\Desktop\KMU-FED-2\data\processed\03_HA_s02\03_HA_s02_046.jpg,C:\Users\kundu\OneDrive\Desktop\KMU-FED-2\data\processed\07_AN_sw\07_AN_sw_082.jpg,Happiness,Anger,3,7,0,negative
C:\Users\kundu\OneDrive\Desktop\KMU-FED-2\data\processed\03_FE_s02\03_FE_s02_046.jpg,C:\Users\kundu\OneDrive\Desktop\KMU-FED-2\data\processed\03_FE_s02\03_FE_s02_058.jpg,Fear,Fear,3,3,1,same_subject_pos
C:\Users\kundu\OneDrive\Desktop\KMU-FED-2\data\processed\05_SA_uj\05_SA_uj_057.jpg,C:\Users\kundu\OneDrive\Desktop\KMU-FED-2\data\processed\05_HA_uj\05_HA_uj_080.jpg,Sadness,Happiness,5,5,0,negative
C:\Users\kundu\OneDrive\Desktop\KMU-FED-2\data\processed\01_HA_mr\01_HA_mr_006.jpg,C:\Users\kundu\OneDrive\Desktop\KMU-FED-2\data\processed\10_SU_ko\10_SU_ko_121.jpg,Happiness,Surprise,1,10,0,negative
C:\Users\kundu\OneDrive\Desktop\KMU-FED-2\data\processed\06_HA_dy\06_HA_dy_100.jpg,C:\Users\kundu\OneDrive\Desktop\KMU-FED-2\data\processed\05_AN_uj\05_AN_uj_051.jpg,Happiness,Anger,6,5,0,negative
C:\Users\kundu\OneDrive\Desktop\KMU-FED-2\data\processed\12_DI_gu\12_DI_gu_121.jpg,C:\Users\kundu\OneDrive\Desktop\KMU-FED-2\data\processed\05_DI_uj\05_DI_uj_032.jpg,Disgust,Disgust,12,5,1,cross_subject_pos
C:\Users\kundu\OneDrive\Desktop\KMU-FED-2\data\processed\10_DI_ko\10_DI_ko_095.jpg,C:\Users\kundu\OneDrive\Desktop\KMU-FED-2\data\processed\01_DI_mr\01_DI_mr_015.jpg,Disgust,Disgust,10,1,1,cross_subject_pos
C:\Users\kundu\OneDrive\Desktop\KMU-FED-2\data\processed\06_DI_dy\06_DI_dy_054.jpg,C:\Users\kundu\OneDrive\Desktop\KMU-FED-2\data\processed\01_FE_mr\01_FE_mr_007.jpg,Disgust,Fear,6,1,0,negative
C:\Users\kundu\OneDrive\Desktop\KMU-FED-2\data\processed\10_DI_ko\10_DI_ko_097.jpg,C:\Users\kundu\OneDrive\Desktop\KMU-FED-2\data\processed\10_DI_ko\10_DI_ko_094.jpg,Disgust,Disgust,10,10,1,same_subject_pos
C:\Users\kundu\OneDrive\Desktop\KMU-FED-2\data\processed\10_FE_ko\10_FE_ko_174.jpg,C:\Users\kundu\OneDrive\Desktop\KMU-FED-2\data\processed\06_FE_dy\06_FE_dy_112.jpg,Fear,Fear,10,6,1,cross_subject_pos
C:\Users\kundu\OneDrive\Desktop\KMU-FED-2\data\processed\01_SA_mr\01_SA_mr_011.jpg,C:\Users\kundu\OneDrive\Desktop\KMU-FED-2\data\processed\12_SA_gu\12_SA_gu_156.jpg,Sadness,Sadness,1,12,1,cross_subject_pos
C:\Users\kundu\OneDrive\Desktop\KMU-FED-2\data\processed\03_HA_s02\03_HA_s02_038.jpg,C:\Users\kundu\OneDrive\Desktop\KMU-FED-2\data\processed\01_FE_mr\01_FE_mr_020.jpg,Happiness,Fear,3,1,0,negative
C:\Users\kundu\OneDrive\Desktop\KMU-FED-2\data\processed\05_DI_uj\05_DI_uj_031.jpg,C:\Users\kundu\OneDrive\Desktop\KMU-FED-2\data\processed\12_DI_gu\12_DI_gu_124.jpg,Disgust,Disgust,5,12,1,cross_subject_pos
C:\Users\kundu\OneDrive\Desktop\KMU-FED-2\data\processed\06_SU_dy\06_SU_dy_098.jpg,C:\Users\kundu\OneDrive\Desktop\KMU-FED-2\data\processed\01_SU_mr\01_SU_mr_002.jpg,Surprise,Surprise,6,1,1,cross_subject_pos
C:\Users\kundu\OneDrive\Desktop\KMU-FED-2\data\processed\06_AN_dy\06_AN_dy_078.jpg,C:\Users\kundu\OneDrive\Desktop\KMU-FED-2\data\processed\10_HA_ko\10_HA_ko_186.jpg,Anger,Happiness,6,10,0,negative
C:\Users\kundu\OneDrive\Desktop\KMU-FED-2\data\processed\06_SA_dy\06_SA_dy_073.jpg,C:\Users\kundu\OneDrive\Desktop\KMU-FED-2\data\processed\03_SA_s02\03_SA_s02_027.jpg,Sadness,Sadness,6,3,1,cross_subject_pos
C:\Users\kundu\OneDrive\Desktop\KMU-FED-2\data\processed\12_AN_gu\12_AN_gu_176.jpg,C:\Users\kundu\OneDrive\Desktop\KMU-FED-2\data\processed\01_DI_mr\01_DI_mr_011.jpg,Anger,Disgust,12,1,0,negative
C:\Users\kundu\OneDrive\Desktop\KMU-FED-2\data\processed\10_FE_ko\10_FE_ko_178.jpg,C:\Users\kundu\OneDrive\Desktop\KMU-FED-2\data\processed\07_FE_sw\07_FE_sw_124.jpg,Fear,Fear,10,7,1,cross_subject_pos
C:\Users\kundu\OneDrive\Desktop\KMU-FED-2\data\processed\05_SU_uj\05_SU_uj_067.jpg,C:\Users\kundu\OneDrive\Desktop\KMU-FED-2\data\processed\05_SU_uj\05_SU_uj_070.jpg,Surprise,Surprise,5,5,1,same_subject_pos
C:\Users\kundu\OneDrive\Desktop\KMU-FED-2\data\processed\12_AN_gu\12_AN_gu_176.jpg,C:\Users\kundu\OneDrive\Desktop\KMU-FED-2\data\processed\01_DI_mr\01_DI_mr_003.jpg,Anger,Disgust,12,1,0,negative
C:\Users\kundu\OneDrive\Desktop\KMU-FED-2\data\processed\12_SA_gu\12_SA_gu_155.jpg,C:\Users\kundu\OneDrive\Desktop\KMU-FED-2\data\processed\05_SA_uj\05_SA_uj_051.jpg,Sadness,Sadness,12,5,1,cross_subject_pos
C:\Users\kundu\OneDrive\Desktop\KMU-FED-2\data\processed\10_SU_ko\10_SU_ko_112.jpg,C:\Users\kundu\OneDrive\Desktop\KMU-FED-2\data\processed\10_SU_ko\10_SU_ko_123.jpg,Surprise,Surprise,10,10,1,same_subject_pos
C:\Users\kundu\OneDrive\Desktop\KMU-FED-2\data\processed\05_SA_uj\05_SA_uj_053.jpg,C:\Users\kundu\OneDrive\Desktop\KMU-FED-2\data\processed\12_SA_gu\12_SA_gu_153.jpg,Sadness,Sadness,5,12,1,cross_subject_pos
C:\Users\kundu\OneDrive\Desktop\KMU-FED-2\data\processed\12_SA_gu\12_SA_gu_156.jpg,C:\Users\kundu\OneDrive\Desktop\KMU-FED-2\data\processed\01_HA_mr\01_HA_mr_011.jpg,Sadness,Happiness,12,1,0,negative
C:\Users\kundu\OneDrive\Desktop\KMU-FED-2\data\processed\01_FE_mr\01_FE_mr_003.jpg,C:\Users\kundu\OneDrive\Desktop\KMU-FED-2\data\processed\06_FE_dy\06_FE_dy_105.jpg,Fear,Fear,1,6,1,cross_subject_pos
C:\Users\kundu\OneDrive\Desktop\KMU-FED-2\data\processed\05_SA_uj\05_SA_uj_057.jpg,C:\Users\kundu\OneDrive\Desktop\KMU-FED-2\data\processed\09_HA_sj\09_HA_sj_156.jpg,Sadness,Happiness,5,9,0,negative
C:\Users\kundu\OneDrive\Desktop\KMU-FED-2\data\processed\09_AN_sj\09_AN_sj_138.jpg,C:\Users\kundu\OneDrive\Desktop\KMU-FED-2\data\processed\06_AN_dy\06_AN_dy_068.jpg,Anger,Anger,9,6,1,cross_subject_pos
C:\Users\kundu\OneDrive\Desktop\KMU-FED-2\data\processed\01_DI_mr\01_DI_mr_008.jpg,C:\Users\kundu\OneDrive\Desktop\KMU-FED-2\data\processed\10_DI_ko\10_DI_ko_098.jpg,Disgust,Disgust,1,10,1,cross_subject_pos
C:\Users\kundu\OneDrive\Desktop\KMU-FED-2\data\processed\03_SU_s02\03_SU_s02_050.jpg,C:\Users\kundu\OneDrive\Desktop\KMU-FED-2\data\processed\06_SU_dy\06_SU_dy_095.jpg,Surprise,Surprise,3,6,1,cross_subject_pos
C:\Users\kundu\OneDrive\Desktop\KMU-FED-2\data\processed\03_FE_s02\03_FE_s02_056.jpg,C:\Users\kundu\OneDrive\Desktop\KMU-FED-2\data\processed\10_FE_ko\10_FE_ko_163.jpg,Fear,Fear,3,10,1,cross_subject_pos
C:\Users\kundu\OneDrive\Desktop\KMU-FED-2\data\processed\05_HA_uj\05_HA_uj_090.jpg,C:\Users\kundu\OneDrive\Desktop\KMU-FED-2\data\processed\07_HA_sw\07_HA_sw_112.jpg,Happiness,Happiness,5,7,1,cross_subject_pos
C:\Users\kundu\OneDrive\Desktop\KMU-FED-2\data\processed\10_SU_ko\10_SU_ko_112.jpg,C:\Users\kundu\OneDrive\Desktop\KMU-FED-2\data\processed\06_FE_dy\06_FE_dy_101.jpg,Surprise,Fear,10,6,0,negative
C:\Users\kundu\OneDrive\Desktop\KMU-FED-2\data\processed\10_SU_ko\10_SU_ko_112.jpg,C:\Users\kundu\OneDrive\Desktop\KMU-FED-2\data\processed\01_SU_mr\01_SU_mr_008.jpg,Surprise,Surprise,10,1,1,cross_subject_pos
C:\Users\kundu\OneDrive\Desktop\KMU-FED-2\data\processed\07_FE_sw\07_FE_sw_125.jpg,C:\Users\kundu\OneDrive\Desktop\KMU-FED-2\data\processed\03_FE_s02\03_FE_s02_057.jpg,Fear,Fear,7,3,1,cross_subject_pos
C:\Users\kundu\OneDrive\Desktop\KMU-FED-2\data\processed\12_DI_gu\12_DI_gu_124.jpg,C:\Users\kundu\OneDrive\Desktop\KMU-FED-2\data\processed\10_DI_ko\10_DI_ko_091.jpg,Disgust,Disgust,12,10,1,cross_subject_pos
C:\Users\kundu\OneDrive\Desktop\KMU-FED-2\data\processed\07_AN_sw\07_AN_sw_093.jpg,C:\Users\kundu\OneDrive\Desktop\KMU-FED-2\data\processed\12_AN_gu\12_AN_gu_176.jpg,Anger,Anger,7,12,1,cross_subject_pos
C:\Users\kundu\OneDrive\Desktop\KMU-FED-2\data\processed\07_AN_sw\07_AN_sw_086.jpg,C:\Users\kundu\OneDrive\Desktop\KMU-FED-2\data\processed\06_AN_dy\06_AN_dy_062.jpg,Anger,Anger,7,6,1,cross_subject_pos
C:\Users\kundu\OneDrive\Desktop\KMU-FED-2\data\processed\05_AN_uj\05_AN_uj_050.jpg,C:\Users\kundu\OneDrive\Desktop\KMU-FED-2\data\processed\12_AN_gu\12_AN_gu_178.jpg,Anger,Anger,5,12,1,cross_subject_pos
C:\Users\kundu\OneDrive\Desktop\KMU-FED-2\data\processed\01_DI_mr\01_DI_mr_015.jpg,C:\Users\kundu\OneDrive\Desktop\KMU-FED-2\data\processed\06_SA_dy\06_SA_dy_089.jpg,Disgust,Sadness,1,6,0,negative
C:\Users\kundu\OneDrive\Desktop\KMU-FED-2\data\processed\12_SA_gu\12_SA_gu_153.jpg,C:\Users\kundu\OneDrive\Desktop\KMU-FED-2\data\processed\07_FE_sw\07_FE_sw_126.jpg,Sadness,Fear,12,7,0,negative
C:\Users\kundu\OneDrive\Desktop\KMU-FED-2\data\processed\07_SA_sw\07_SA_sw_084.jpg,C:\Users\kundu\OneDrive\Desktop\KMU-FED-2\data\processed\01_SU_mr\01_SU_mr_005.jpg,Sadness,Surprise,7,1,0,negative
C:\Users\kundu\OneDrive\Desktop\KMU-FED-2\data\processed\05_AN_uj\05_AN_uj_047.jpg,C:\Users\kundu\OneDrive\Desktop\KMU-FED-2\data\processed\07_AN_sw\07_AN_sw_082.jpg,Anger,Anger,5,7,1,cross_subject_pos
C:\Users\kundu\OneDrive\Desktop\KMU-FED-2\data\processed\01_HA_mr\01_HA_mr_014.jpg,C:\Users\kundu\OneDrive\Desktop\KMU-FED-2\data\processed\09_HA_sj\09_HA_sj_160.jpg,Happiness,Happiness,1,9,1,cross_subject_pos
C:\Users\kundu\OneDrive\Desktop\KMU-FED-2\data\processed\03_FE_s02\03_FE_s02_047.jpg,C:\Users\kundu\OneDrive\Desktop\KMU-FED-2\data\processed\10_FE_ko\10_FE_ko_179.jpg,Fear,Fear,3,10,1,cross_subject_pos
C:\Users\kundu\OneDrive\Desktop\KMU-FED-2\data\processed\03_FE_s02\03_FE_s02_054.jpg,C:\Users\kundu\OneDrive\Desktop\KMU-FED-2\data\processed\07_FE_sw\07_FE_sw_124.jpg,Fear,Fear,3,7,1,cross_subject_pos
C:\Users\kundu\OneDrive\Desktop\KMU-FED-2\data\processed\06_SA_dy\06_SA_dy_079.jpg,C:\Users\kundu\OneDrive\Desktop\KMU-FED-2\data\processed\03_SA_s02\03_SA_s02_022.jpg,Sadness,Sadness,6,3,1,cross_subject_pos
C:\Users\kundu\OneDrive\Desktop\KMU-FED-2\data\processed\06_HA_dy\06_HA_dy_093.jpg,C:\Users\kundu\OneDrive\Desktop\KMU-FED-2\data\processed\06_SU_dy\06_SU_dy_096.jpg,Happiness,Surprise,6,6,0,negative
C:\Users\kundu\OneDrive\Desktop\KMU-FED-2\data\processed\01_FE_mr\01_FE_mr_006.jpg,C:\Users\kundu\OneDrive\Desktop\KMU-FED-2\data\processed\10_FE_ko\10_FE_ko_173.jpg,Fear,Fear,1,10,1,cross_subject_pos
C:\Users\kundu\OneDrive\Desktop\KMU-FED-2\data\processed\05_DI_uj\05_DI_uj_032.jpg,C:\Users\kundu\OneDrive\Desktop\KMU-FED-2\data\processed\06_DI_dy\06_DI_dy_058.jpg,Disgust,Disgust,5,6,1,cross_subject_pos
C:\Users\kundu\OneDrive\Desktop\KMU-FED-2\data\processed\06_AN_dy\06_AN_dy_063.jpg,C:\Users\kundu\OneDrive\Desktop\KMU-FED-2\data\processed\07_FE_sw\07_FE_sw_137.jpg,Anger,Fear,6,7,0,negative
C:\Users\kundu\OneDrive\Desktop\KMU-FED-2\data\processed\09_SA_sj\09_SA_sj_119.jpg,C:\Users\kundu\OneDrive\Desktop\KMU-FED-2\data\processed\10_AN_ko\10_AN_ko_150.jpg,Sadness,Anger,9,10,0,negative
C:\Users\kundu\OneDrive\Desktop\KMU-FED-2\data\processed\06_SU_dy\06_SU_dy_081.jpg,C:\Users\kundu\OneDrive\Desktop\KMU-FED-2\data\processed\01_SU_mr\01_SU_mr_011.jpg,Surprise,Surprise,6,1,1,cross_subject_pos
C:\Users\kundu\OneDrive\Desktop\KMU-FED-2\data\processed\03_HA_s02\03_HA_s02_036.jpg,C:\Users\kundu\OneDrive\Desktop\KMU-FED-2\data\processed\10_HA_ko\10_HA_ko_181.jpg,Happiness,Happiness,3,10,1,cross_subject_pos
C:\Users\kundu\OneDrive\Desktop\KMU-FED-2\data\processed\10_DI_ko\10_DI_ko_098.jpg,C:\Users\kundu\OneDrive\Desktop\KMU-FED-2\data\processed\06_DI_dy\06_DI_dy_055.jpg,Disgust,Disgust,10,6,1,cross_subject_pos
C:\Users\kundu\OneDrive\Desktop\KMU-FED-2\data\processed\01_DI_mr\01_DI_mr_009.jpg,C:\Users\kundu\OneDrive\Desktop\KMU-FED-2\data\processed\01_DI_mr\01_DI_mr_005.jpg,Disgust,Disgust,1,1,1,same_subject_pos
C:\Users\kundu\OneDrive\Desktop\KMU-FED-2\data\processed\03_HA_s02\03_HA_s02_040.jpg,C:\Users\kundu\OneDrive\Desktop\KMU-FED-2\data\processed\05_AN_uj\05_AN_uj_044.jpg,Happiness,Anger,3,5,0,negative
C:\Users\kundu\OneDrive\Desktop\KMU-FED-2\data\processed\10_SU_ko\10_SU_ko_122.jpg,C:\Users\kundu\OneDrive\Desktop\KMU-FED-2\data\processed\07_SU_sw\07_SU_sw_099.jpg,Surprise,Surprise,10,7,1,cross_subject_pos
C:\Users\kundu\OneDrive\Desktop\KMU-FED-2\data\processed\09_AN_sj\09_AN_sj_121.jpg,C:\Users\kundu\OneDrive\Desktop\KMU-FED-2\data\processed\12_AN_gu\12_AN_gu_190.jpg,Anger,Anger,9,12,1,cross_subject_pos
C:\Users\kundu\OneDrive\Desktop\KMU-FED-2\data\processed\07_AN_sw\07_AN_sw_096.jpg,C:\Users\kundu\OneDrive\Desktop\KMU-FED-2\data\processed\06_AN_dy\06_AN_dy_073.jpg,Anger,Anger,7,6,1,cross_subject_pos
C:\Users\kundu\OneDrive\Desktop\KMU-FED-2\data\processed\07_HA_sw\07_HA_sw_121.jpg,C:\Users\kundu\OneDrive\Desktop\KMU-FED-2\data\processed\10_DI_ko\10_DI_ko_091.jpg,Happiness,Disgust,7,10,0,negative
C:\Users\kundu\OneDrive\Desktop\KMU-FED-2\data\processed\09_HA_sj\09_HA_sj_165.jpg,C:\Users\kundu\OneDrive\Desktop\KMU-FED-2\data\processed\10_SU_ko\10_SU_ko_116.jpg,Happiness,Surprise,9,10,0,negative
C:\Users\kundu\OneDrive\Desktop\KMU-FED-2\data\processed\06_FE_dy\06_FE_dy_114.jpg,C:\Users\kundu\OneDrive\Desktop\KMU-FED-2\data\processed\06_SU_dy\06_SU_dy_084.jpg,Fear,Surprise,6,6,0,negative
C:\Users\kundu\OneDrive\Desktop\KMU-FED-2\data\processed\06_AN_dy\06_AN_dy_067.jpg,C:\Users\kundu\OneDrive\Desktop\KMU-FED-2\data\processed\05_AN_uj\05_AN_uj_048.jpg,Anger,Anger,6,5,1,cross_subject_pos
C:\Users\kundu\OneDrive\Desktop\KMU-FED-2\data\processed\06_DI_dy\06_DI_dy_059.jpg,C:\Users\kundu\OneDrive\Desktop\KMU-FED-2\data\processed\01_DI_mr\01_DI_mr_011.jpg,Disgust,Disgust,6,1,1,cross_subject_pos
C:\Users\kundu\OneDrive\Desktop\KMU-FED-2\data\processed\09_SA_sj\09_SA_sj_111.jpg,C:\Users\kundu\OneDrive\Desktop\KMU-FED-2\data\processed\03_SA_s02\03_SA_s02_021.jpg,Sadness,Sadness,9,3,1,cross_subject_pos
C:\Users\kundu\OneDrive\Desktop\KMU-FED-2\data\processed\12_AN_gu\12_AN_gu_187.jpg,C:\Users\kundu\OneDrive\Desktop\KMU-FED-2\data\processed\05_AN_uj\05_AN_uj_043.jpg,Anger,Anger,12,5,1,cross_subject_pos
C:\Users\kundu\OneDrive\Desktop\KMU-FED-2\data\processed\01_FE_mr\01_FE_mr_014.jpg,C:\Users\kundu\OneDrive\Desktop\KMU-FED-2\data\processed\01_FE_mr\01_FE_mr_012.jpg,Fear,Fear,1,1,1,same_subject_pos
C:\Users\kundu\OneDrive\Desktop\KMU-FED-2\data\processed\07_HA_sw\07_HA_sw_122.jpg,C:\Users\kundu\OneDrive\Desktop\KMU-FED-2\data\processed\12_HA_gu\12_HA_gu_189.jpg,Happiness,Happiness,7,12,1,cross_subject_pos
C:\Users\kundu\OneDrive\Desktop\KMU-FED-2\data\processed\03_SU_s02\03_SU_s02_058.jpg,C:\Users\kundu\OneDrive\Desktop\KMU-FED-2\data\processed\06_SU_dy\06_SU_dy_096.jpg,Surprise,Surprise,3,6,1,cross_subject_pos
C:\Users\kundu\OneDrive\Desktop\KMU-FED-2\data\processed\06_SA_dy\06_SA_dy_084.jpg,C:\Users\kundu\OneDrive\Desktop\KMU-FED-2\data\processed\01_DI_mr\01_DI_mr_019.jpg,Sadness,Disgust,6,1,0,negative
C:\Users\kundu\OneDrive\Desktop\KMU-FED-2\data\processed\09_SU_sj\09_SU_sj_106.jpg,C:\Users\kundu\OneDrive\Desktop\KMU-FED-2\data\processed\01_SU_mr\01_SU_mr_020.jpg,Surprise,Surprise,9,1,1,cross_subject_pos
C:\Users\kundu\OneDrive\Desktop\KMU-FED-2\data\processed\06_DI_dy\06_DI_dy_068.jpg,C:\Users\kundu\OneDrive\Desktop\KMU-FED-2\data\processed\01_SU_mr\01_SU_mr_020.jpg,Disgust,Surprise,6,1,0,negative
C:\Users\kundu\OneDrive\Desktop\KMU-FED-2\data\processed\12_DI_gu\12_DI_gu_128.jpg,C:\Users\kundu\OneDrive\Desktop\KMU-FED-2\data\processed\10_DI_ko\10_DI_ko_095.jpg,Disgust,Disgust,12,10,1,cross_subject_pos
C:\Users\kundu\OneDrive\Desktop\KMU-FED-2\data\processed\05_FE_uj\05_FE_uj_097.jpg,C:\Users\kundu\OneDrive\Desktop\KMU-FED-2\data\processed\01_HA_mr\01_HA_mr_006.jpg,Fear,Happiness,5,1,0,negative
C:\Users\kundu\OneDrive\Desktop\KMU-FED-2\data\processed\10_HA_ko\10_HA_ko_187.jpg,C:\Users\kundu\OneDrive\Desktop\KMU-FED-2\data\processed\03_HA_s02\03_HA_s02_046.jpg,Happiness,Happiness,10,3,1,cross_subject_pos
C:\Users\kundu\OneDrive\Desktop\KMU-FED-2\data\processed\09_FE_sj\09_FE_sj_157.jpg,C:\Users\kundu\OneDrive\Desktop\KMU-FED-2\data\processed\01_HA_mr\01_HA_mr_004.jpg,Fear,Happiness,9,1,0,negative
C:\Users\kundu\OneDrive\Desktop\KMU-FED-2\data\processed\05_SA_uj\05_SA_uj_060.jpg,C:\Users\kundu\OneDrive\Desktop\KMU-FED-2\data\processed\07_SA_sw\07_SA_sw_083.jpg,Sadness,Sadness,5,7,1,cross_subject_pos
C:\Users\kundu\OneDrive\Desktop\KMU-FED-2\data\processed\07_HA_sw\07_HA_sw_128.jpg,C:\Users\kundu\OneDrive\Desktop\KMU-FED-2\data\processed\09_HA_sj\09_HA_sj_163.jpg,Happiness,Happiness,7,9,1,cross_subject_pos
C:\Users\kundu\OneDrive\Desktop\KMU-FED-2\data\processed\10_FE_ko\10_FE_ko_171.jpg,C:\Users\kundu\OneDrive\Desktop\KMU-FED-2\data\processed\09_FE_sj\09_FE_sj_156.jpg,Fear,Fear,10,9,1,cross_subject_pos
C:\Users\kundu\OneDrive\Desktop\KMU-FED-2\data\processed\05_DI_uj\05_DI_uj_038.jpg,C:\Users\kundu\OneDrive\Desktop\KMU-FED-2\data\processed\05_DI_uj\05_DI_uj_039.jpg,Disgust,Disgust,5,5,1,same_subject_pos
C:\Users\kundu\OneDrive\Desktop\KMU-FED-2\data\processed\03_AN_s02\03_AN_s02_035.jpg,C:\Users\kundu\OneDrive\Desktop\KMU-FED-2\data\processed\07_SA_sw\07_SA_sw_083.jpg,Anger,Sadness,3,7,0,negative
C:\Users\kundu\OneDrive\Desktop\KMU-FED-2\data\processed\06_SU_dy\06_SU_dy_093.jpg,C:\Users\kundu\OneDrive\Desktop\KMU-FED-2\data\processed\05_SA_uj\05_SA_uj_059.jpg,Surprise,Sadness,6,5,0,negative
C:\Users\kundu\OneDrive\Desktop\KMU-FED-2\data\processed\05_SA_uj\05_SA_uj_067.jpg,C:\Users\kundu\OneDrive\Desktop\KMU-FED-2\data\processed\01_SA_mr\01_SA_mr_012.jpg,Sadness,Sadness,5,1,1,cross_subject_pos
C:\Users\kundu\OneDrive\Desktop\KMU-FED-2\data\processed\05_DI_uj\05_DI_uj_037.jpg,C:\Users\kundu\OneDrive\Desktop\KMU-FED-2\data\processed\09_AN_sj\09_AN_sj_123.jpg,Disgust,Anger,5,9,0,negative
C:\Users\kundu\OneDrive\Desktop\KMU-FED-2\data\processed\12_AN_gu\12_AN_gu_190.jpg,C:\Users\kundu\OneDrive\Desktop\KMU-FED-2\data\processed\03_SA_s02\03_SA_s02_036.jpg,Anger,Sadness,12,3,0,negative
C:\Users\kundu\OneDrive\Desktop\KMU-FED-2\data\processed\12_HA_gu\12_HA_gu_173.jpg,C:\Users\kundu\OneDrive\Desktop\KMU-FED-2\data\processed\06_AN_dy\06_AN_dy_080.jpg,Happiness,Anger,12,6,0,negative
C:\Users\kundu\OneDrive\Desktop\KMU-FED-2\data\processed\07_SA_sw\07_SA_sw_078.jpg,C:\Users\kundu\OneDrive\Desktop\KMU-FED-2\data\processed\12_AN_gu\12_AN_gu_187.jpg,Sadness,Anger,7,12,0,negative
C:\Users\kundu\OneDrive\Desktop\KMU-FED-2\data\processed\05_FE_uj\05_FE_uj_086.jpg,C:\Users\kundu\OneDrive\Desktop\KMU-FED-2\data\processed\05_FE_uj\05_FE_uj_088.jpg,Fear,Fear,5,5,1,same_subject_pos
C:\Users\kundu\OneDrive\Desktop\KMU-FED-2\data\processed\01_SA_mr\01_SA_mr_003.jpg,C:\Users\kundu\OneDrive\Desktop\KMU-FED-2\data\processed\05_AN_uj\05_AN_uj_051.jpg,Sadness,Anger,1,5,0,negative
C:\Users\kundu\OneDrive\Desktop\KMU-FED-2\data\processed\05_FE_uj\05_FE_uj_081.jpg,C:\Users\kundu\OneDrive\Desktop\KMU-FED-2\data\processed\10_AN_ko\10_AN_ko_149.jpg,Fear,Anger,5,10,0,negative
C:\Users\kundu\OneDrive\Desktop\KMU-FED-2\data\processed\09_HA_sj\09_HA_sj_162.jpg,C:\Users\kundu\OneDrive\Desktop\KMU-FED-2\data\processed\10_SU_ko\10_SU_ko_119.jpg,Happiness,Surprise,9,10,0,negative
C:\Users\kundu\OneDrive\Desktop\KMU-FED-2\data\processed\03_SU_s02\03_SU_s02_044.jpg,C:\Users\kundu\OneDrive\Desktop\KMU-FED-2\data\processed\10_SU_ko\10_SU_ko_114.jpg,Surprise,Surprise,3,10,1,cross_subject_pos
C:\Users\kundu\OneDrive\Desktop\KMU-FED-2\data\processed\06_AN_dy\06_AN_dy_075.jpg,C:\Users\kundu\OneDrive\Desktop\KMU-FED-2\data\processed\01_FE_mr\01_FE_mr_017.jpg,Anger,Fear,6,1,0,negative
C:\Users\kundu\OneDrive\Desktop\KMU-FED-2\data\processed\10_SU_ko\10_SU_ko_118.jpg,C:\Users\kundu\OneDrive\Desktop\KMU-FED-2\data\processed\06_SU_dy\06_SU_dy_083.jpg,Surprise,Surprise,10,6,1,cross_subject_pos
C:\Users\kundu\OneDrive\Desktop\KMU-FED-2\data\processed\06_HA_dy\06_HA_dy_102.jpg,C:\Users\kundu\OneDrive\Desktop\KMU-FED-2\data\processed\07_SA_sw\07_SA_sw_075.jpg,Happiness,Sadness,6,7,0,negative
C:\Users\kundu\OneDrive\Desktop\KMU-FED-2\data\processed\12_AN_gu\12_AN_gu_171.jpg,C:\Users\kundu\OneDrive\Desktop\KMU-FED-2\data\processed\09_AN_sj\09_AN_sj_124.jpg,Anger,Anger,12,9,1,cross_subject_pos
C:\Users\kundu\OneDrive\Desktop\KMU-FED-2\data\processed\01_SA_mr\01_SA_mr_017.jpg,C:\Users\kundu\OneDrive\Desktop\KMU-FED-2\data\processed\03_HA_s02\03_HA_s02_041.jpg,Sadness,Happiness,1,3,0,negative
C:\Users\kundu\OneDrive\Desktop\KMU-FED-2\data\processed\01_DI_mr\01_DI_mr_015.jpg,C:\Users\kundu\OneDrive\Desktop\KMU-FED-2\data\processed\06_HA_dy\06_HA_dy_110.jpg,Disgust,Happiness,1,6,0,negative
C:\Users\kundu\OneDrive\Desktop\KMU-FED-2\data\processed\09_HA_sj\09_HA_sj_159.jpg,C:\Users\kundu\OneDrive\Desktop\KMU-FED-2\data\processed\07_SA_sw\07_SA_sw_072.jpg,Happiness,Sadness,9,7,0,negative
C:\Users\kundu\OneDrive\Desktop\KMU-FED-2\data\processed\12_AN_gu\12_AN_gu_184.jpg,C:\Users\kundu\OneDrive\Desktop\KMU-FED-2\data\processed\12_DI_gu\12_DI_gu_125.jpg,Anger,Disgust,12,12,0,negative
C:\Users\kundu\OneDrive\Desktop\KMU-FED-2\data\processed\07_AN_sw\07_AN_sw_098.jpg,C:\Users\kundu\OneDrive\Desktop\KMU-FED-2\data\processed\03_AN_s02\03_AN_s02_032.jpg,Anger,Anger,7,3,1,cross_subject_pos
C:\Users\kundu\OneDrive\Desktop\KMU-FED-2\data\processed\06_HA_dy\06_HA_dy_104.jpg,C:\Users\kundu\OneDrive\Desktop\KMU-FED-2\data\processed\10_HA_ko\10_HA_ko_181.jpg,Happiness,Happiness,6,10,1,cross_subject_pos
C:\Users\kundu\OneDrive\Desktop\KMU-FED-2\data\processed\07_SA_sw\07_SA_sw_075.jpg,C:\Users\kundu\OneDrive\Desktop\KMU-FED-2\data\processed\07_SA_sw\07_SA_sw_081.jpg,Sadness,Sadness,7,7,1,same_subject_pos
C:\Users\kundu\OneDrive\Desktop\KMU-FED-2\data\processed\09_HA_sj\09_HA_sj_157.jpg,C:\Users\kundu\OneDrive\Desktop\KMU-FED-2\data\processed\07_AN_sw\07_AN_sw_083.jpg,Happiness,Anger,9,7,0,negative
C:\Users\kundu\OneDrive\Desktop\KMU-FED-2\data\processed\05_AN_uj\05_AN_uj_060.jpg,C:\Users\kundu\OneDrive\Desktop\KMU-FED-2\data\processed\05_FE_uj\05_FE_uj_082.jpg,Anger,Fear,5,5,0,negative
C:\Users\kundu\OneDrive\Desktop\KMU-FED-2\data\processed\12_AN_gu\12_AN_gu_178.jpg,C:\Users\kundu\OneDrive\Desktop\KMU-FED-2\data\processed\03_SU_s02\03_SU_s02_046.jpg,Anger,Surprise,12,3,0,negative
C:\Users\kundu\OneDrive\Desktop\KMU-FED-2\data\processed\07_SA_sw\07_SA_sw_088.jpg,C:\Users\kundu\OneDrive\Desktop\KMU-FED-2\data\processed\07_SA_sw\07_SA_sw_077.jpg,Sadness,Sadness,7,7,1,same_subject_pos
C:\Users\kundu\OneDrive\Desktop\KMU-FED-2\data\processed\09_AN_sj\09_AN_sj_135.jpg,C:\Users\kundu\OneDrive\Desktop\KMU-FED-2\data\processed\07_SA_sw\07_SA_sw_090.jpg,Anger,Sadness,9,7,0,negative
C:\Users\kundu\OneDrive\Desktop\KMU-FED-2\data\processed\12_AN_gu\12_AN_gu_174.jpg,C:\Users\kundu\OneDrive\Desktop\KMU-FED-2\data\processed\07_SA_sw\07_SA_sw_085.jpg,Anger,Sadness,12,7,0,negative
C:\Users\kundu\OneDrive\Desktop\KMU-FED-2\data\processed\07_FE_sw\07_FE_sw_123.jpg,C:\Users\kundu\OneDrive\Desktop\KMU-FED-2\data\processed\01_FE_mr\01_FE_mr_010.jpg,Fear,Fear,7,1,1,cross_subject_pos
C:\Users\kundu\OneDrive\Desktop\KMU-FED-2\data\processed\12_SA_gu\12_SA_gu_153.jpg,C:\Users\kundu\OneDrive\Desktop\KMU-FED-2\data\processed\01_DI_mr\01_DI_mr_018.jpg,Sadness,Disgust,12,1,0,negative
C:\Users\kundu\OneDrive\Desktop\KMU-FED-2\data\processed\01_FE_mr\01_FE_mr_019.jpg,C:\Users\kundu\OneDrive\Desktop\KMU-FED-2\data\processed\01_AN_mr\01_AN_mr_009.jpg,Fear,Anger,1,1,0,negative
C:\Users\kundu\OneDrive\Desktop\KMU-FED-2\data\processed\09_FE_sj\09_FE_sj_153.jpg,C:\Users\kundu\OneDrive\Desktop\KMU-FED-2\data\processed\03_SA_s02\03_SA_s02_026.jpg,Fear,Sadness,9,3,0,negative
C:\Users\kundu\OneDrive\Desktop\KMU-FED-2\data\processed\12_AN_gu\12_AN_gu_180.jpg,C:\Users\kundu\OneDrive\Desktop\KMU-FED-2\data\processed\01_DI_mr\01_DI_mr_007.jpg,Anger,Disgust,12,1,0,negative
C:\Users\kundu\OneDrive\Desktop\KMU-FED-2\data\processed\06_DI_dy\06_DI_dy_067.jpg,C:\Users\kundu\OneDrive\Desktop\KMU-FED-2\data\processed\07_SU_sw\07_SU_sw_088.jpg,Disgust,Surprise,6,7,0,negative
C:\Users\kundu\OneDrive\Desktop\KMU-FED-2\data\processed\09_AN_sj\09_AN_sj_129.jpg,C:\Users\kundu\OneDrive\Desktop\KMU-FED-2\data\processed\09_AN_sj\09_AN_sj_128.jpg,Anger,Anger,9,9,1,same_subject_pos
C:\Users\kundu\OneDrive\Desktop\KMU-FED-2\data\processed\07_AN_sw\07_AN_sw_092.jpg,C:\Users\kundu\OneDrive\Desktop\KMU-FED-2\data\processed\07_SA_sw\07_SA_sw_088.jpg,Anger,Sadness,7,7,0,negative
C:\Users\kundu\OneDrive\Desktop\KMU-FED-2\data\processed\06_DI_dy\06_DI_dy_053.jpg,C:\Users\kundu\OneDrive\Desktop\KMU-FED-2\data\processed\01_DI_mr\01_DI_mr_014.jpg,Disgust,Disgust,6,1,1,cross_subject_pos
C:\Users\kundu\OneDrive\Desktop\KMU-FED-2\data\processed\09_HA_sj\09_HA_sj_158.jpg,C:\Users\kundu\OneDrive\Desktop\KMU-FED-2\data\processed\07_SA_sw\07_SA_sw_073.jpg,Happiness,Sadness,9,7,0,negative
C:\Users\kundu\OneDrive\Desktop\KMU-FED-2\data\processed\10_HA_ko\10_HA_ko_182.jpg,C:\Users\kundu\OneDrive\Desktop\KMU-FED-2\data\processed\06_DI_dy\06_DI_dy_069.jpg,Happiness,Disgust,10,6,0,negative
C:\Users\kundu\OneDrive\Desktop\KMU-FED-2\data\processed\12_SA_gu\12_SA_gu_154.jpg,C:\Users\kundu\OneDrive\Desktop\KMU-FED-2\data\processed\05_AN_uj\05_AN_uj_042.jpg,Sadness,Anger,12,5,0,negative
C:\Users\kundu\OneDrive\Desktop\KMU-FED-2\data\processed\01_AN_mr\01_AN_mr_017.jpg,C:\Users\kundu\OneDrive\Desktop\KMU-FED-2\data\processed\12_AN_gu\12_AN_gu_172.jpg,Anger,Anger,1,12,1,cross_subject_pos
C:\Users\kundu\OneDrive\Desktop\KMU-FED-2\data\processed\06_DI_dy\06_DI_dy_065.jpg,C:\Users\kundu\OneDrive\Desktop\KMU-FED-2\data\processed\01_SA_mr\01_SA_mr_014.jpg,Disgust,Sadness,6,1,0,negative
C:\Users\kundu\OneDrive\Desktop\KMU-FED-2\data\processed\07_AN_sw\07_AN_sw_094.jpg,C:\Users\kundu\OneDrive\Desktop\KMU-FED-2\data\processed\09_SA_sj\09_SA_sj_114.jpg,Anger,Sadness,7,9,0,negative
C:\Users\kundu\OneDrive\Desktop\KMU-FED-2\data\processed\01_SU_mr\01_SU_mr_015.jpg,C:\Users\kundu\OneDrive\Desktop\KMU-FED-2\data\processed\06_DI_dy\06_DI_dy_051.jpg,Surprise,Disgust,1,6,0,negative
C:\Users\kundu\OneDrive\Desktop\KMU-FED-2\data\processed\03_FE_s02\03_FE_s02_045.jpg,C:\Users\kundu\OneDrive\Desktop\KMU-FED-2\data\processed\03_SA_s02\03_SA_s02_028.jpg,Fear,Sadness,3,3,0,negative
C:\Users\kundu\OneDrive\Desktop\KMU-FED-2\data\processed\05_SA_uj\05_SA_uj_069.jpg,C:\Users\kundu\OneDrive\Desktop\KMU-FED-2\data\processed\01_DI_mr\01_DI_mr_013.jpg,Sadness,Disgust,5,1,0,negative
C:\Users\kundu\OneDrive\Desktop\KMU-FED-2\data\processed\06_DI_dy\06_DI_dy_053.jpg,C:\Users\kundu\OneDrive\Desktop\KMU-FED-2\data\processed\09_SU_sj\09_SU_sj_106.jpg,Disgust,Surprise,6,9,0,negative
C:\Users\kundu\OneDrive\Desktop\KMU-FED-2\data\processed\06_SU_dy\06_SU_dy_091.jpg,C:\Users\kundu\OneDrive\Desktop\KMU-FED-2\data\processed\06_HA_dy\06_HA_dy_106.jpg,Surprise,Happiness,6,6,0,negative
C:\Users\kundu\OneDrive\Desktop\KMU-FED-2\data\processed\05_SA_uj\05_SA_uj_051.jpg,C:\Users\kundu\OneDrive\Desktop\KMU-FED-2\data\processed\01_SA_mr\01_SA_mr_008.jpg,Sadness,Sadness,5,1,1,cross_subject_pos
C:\Users\kundu\OneDrive\Desktop\KMU-FED-2\data\processed\12_DI_gu\12_DI_gu_121.jpg,C:\Users\kundu\OneDrive\Desktop\KMU-FED-2\data\processed\01_DI_mr\01_DI_mr_015.jpg,Disgust,Disgust,12,1,1,cross_subject_pos
C:\Users\kundu\OneDrive\Desktop\KMU-FED-2\data\processed\01_DI_mr\01_DI_mr_001.jpg,C:\Users\kundu\OneDrive\Desktop\KMU-FED-2\data\processed\10_DI_ko\10_DI_ko_093.jpg,Disgust,Disgust,1,10,1,cross_subject_pos
C:\Users\kundu\OneDrive\Desktop\KMU-FED-2\data\processed\06_HA_dy\06_HA_dy_105.jpg,C:\Users\kundu\OneDrive\Desktop\KMU-FED-2\data\processed\05_FE_uj\05_FE_uj_087.jpg,Happiness,Fear,6,5,0,negative
C:\Users\kundu\OneDrive\Desktop\KMU-FED-2\data\processed\03_SA_s02\03_SA_s02_028.jpg,C:\Users\kundu\OneDrive\Desktop\KMU-FED-2\data\processed\12_AN_gu\12_AN_gu_186.jpg,Sadness,Anger,3,12,0,negative
C:\Users\kundu\OneDrive\Desktop\KMU-FED-2\data\processed\09_HA_sj\09_HA_sj_159.jpg,C:\Users\kundu\OneDrive\Desktop\KMU-FED-2\data\processed\01_DI_mr\01_DI_mr_009.jpg,Happiness,Disgust,9,1,0,negative
C:\Users\kundu\OneDrive\Desktop\KMU-FED-2\data\processed\03_HA_s02\03_HA_s02_036.jpg,C:\Users\kundu\OneDrive\Desktop\KMU-FED-2\data\processed\07_SA_sw\07_SA_sw_074.jpg,Happiness,Sadness,3,7,0,negative
C:\Users\kundu\OneDrive\Desktop\KMU-FED-2\data\processed\01_FE_mr\01_FE_mr_004.jpg,C:\Users\kundu\OneDrive\Desktop\KMU-FED-2\data\processed\06_DI_dy\06_DI_dy_054.jpg,Fear,Disgust,1,6,0,negative
C:\Users\kundu\OneDrive\Desktop\KMU-FED-2\data\processed\06_HA_dy\06_HA_dy_098.jpg,C:\Users\kundu\OneDrive\Desktop\KMU-FED-2\data\processed\07_SU_sw\07_SU_sw_091.jpg,Happiness,Surprise,6,7,0,negative
C:\Users\kundu\OneDrive\Desktop\KMU-FED-2\data\processed\10_AN_ko\10_AN_ko_147.jpg,C:\Users\kundu\OneDrive\Desktop\KMU-FED-2\data\processed\03_AN_s02\03_AN_s02_034.jpg,Anger,Anger,10,3,1,cross_subject_pos
C:\Users\kundu\OneDrive\Desktop\KMU-FED-2\data\processed\07_HA_sw\07_HA_sw_116.jpg,C:\Users\kundu\OneDrive\Desktop\KMU-FED-2\data\processed\06_HA_dy\06_HA_dy_109.jpg,Happiness,Happiness,7,6,1,cross_subject_pos
C:\Users\kundu\OneDrive\Desktop\KMU-FED-2\data\processed\10_DI_ko\10_DI_ko_096.jpg,C:\Users\kundu\OneDrive\Desktop\KMU-FED-2\data\processed\06_SU_dy\06_SU_dy_085.jpg,Disgust,Surprise,10,6,0,negative
C:\Users\kundu\OneDrive\Desktop\KMU-FED-2\data\processed\05_SU_uj\05_SU_uj_075.jpg,C:\Users\kundu\OneDrive\Desktop\KMU-FED-2\data\processed\06_SU_dy\06_SU_dy_094.jpg,Surprise,Surprise,5,6,1,cross_subject_pos
C:\Users\kundu\OneDrive\Desktop\KMU-FED-2\data\processed\10_SU_ko\10_SU_ko_111.jpg,C:\Users\kundu\OneDrive\Desktop\KMU-FED-2\data\processed\01_HA_mr\01_HA_mr_006.jpg,Surprise,Happiness,10,1,0,negative
C:\Users\kundu\OneDrive\Desktop\KMU-FED-2\data\processed\06_AN_dy\06_AN_dy_070.jpg,C:\Users\kundu\OneDrive\Desktop\KMU-FED-2\data\processed\01_HA_mr\01_HA_mr_005.jpg,Anger,Happiness,6,1,0,negative
C:\Users\kundu\OneDrive\Desktop\KMU-FED-2\data\processed\01_HA_mr\01_HA_mr_005.jpg,C:\Users\kundu\OneDrive\Desktop\KMU-FED-2\data\processed\06_DI_dy\06_DI_dy_065.jpg,Happiness,Disgust,1,6,0,negative
C:\Users\kundu\OneDrive\Desktop\KMU-FED-2\data\processed\03_AN_s02\03_AN_s02_031.jpg,C:\Users\kundu\OneDrive\Desktop\KMU-FED-2\data\processed\07_SU_sw\07_SU_sw_097.jpg,Anger,Surprise,3,7,0,negative
C:\Users\kundu\OneDrive\Desktop\KMU-FED-2\data\processed\03_SU_s02\03_SU_s02_051.jpg,C:\Users\kundu\OneDrive\Desktop\KMU-FED-2\data\processed\01_SU_mr\01_SU_mr_007.jpg,Surprise,Surprise,3,1,1,cross_subject_pos
C:\Users\kundu\OneDrive\Desktop\KMU-FED-2\data\processed\03_FE_s02\03_FE_s02_050.jpg,C:\Users\kundu\OneDrive\Desktop\KMU-FED-2\data\processed\01_SA_mr\01_SA_mr_002.jpg,Fear,Sadness,3,1,0,negative
C:\Users\kundu\OneDrive\Desktop\KMU-FED-2\data\processed\07_SA_sw\07_SA_sw_083.jpg,C:\Users\kundu\OneDrive\Desktop\KMU-FED-2\data\processed\01_SA_mr\01_SA_mr_018.jpg,Sadness,Sadness,7,1,1,cross_subject_pos
C:\Users\kundu\OneDrive\Desktop\KMU-FED-2\data\processed\09_FE_sj\09_FE_sj_160.jpg,C:\Users\kundu\OneDrive\Desktop\KMU-FED-2\data\processed\05_SA_uj\05_SA_uj_069.jpg,Fear,Sadness,9,5,0,negative
C:\Users\kundu\OneDrive\Desktop\KMU-FED-2\data\processed\10_AN_ko\10_AN_ko_150.jpg,C:\Users\kundu\OneDrive\Desktop\KMU-FED-2\data\processed\01_AN_mr\01_AN_mr_020.jpg,Anger,Anger,10,1,1,cross_subject_pos
C:\Users\kundu\OneDrive\Desktop\KMU-FED-2\data\processed\01_SA_mr\01_SA_mr_010.jpg,C:\Users\kundu\OneDrive\Desktop\KMU-FED-2\data\processed\07_SA_sw\07_SA_sw_085.jpg,Sadness,Sadness,1,7,1,cross_subject_pos
C:\Users\kundu\OneDrive\Desktop\KMU-FED-2\data\processed\12_HA_gu\12_HA_gu_186.jpg,C:\Users\kundu\OneDrive\Desktop\KMU-FED-2\data\processed\01_FE_mr\01_FE_mr_007.jpg,Happiness,Fear,12,1,0,negative
C:\Users\kundu\OneDrive\Desktop\KMU-FED-2\data\processed\03_FE_s02\03_FE_s02_053.jpg,C:\Users\kundu\OneDrive\Desktop\KMU-FED-2\data\processed\09_AN_sj\09_AN_sj_131.jpg,Fear,Anger,3,9,0,negative
C:\Users\kundu\OneDrive\Desktop\KMU-FED-2\data\processed\06_HA_dy\06_HA_dy_098.jpg,C:\Users\kundu\OneDrive\Desktop\KMU-FED-2\data\processed\12_HA_gu\12_HA_gu_179.jpg,Happiness,Happiness,6,12,1,cross_subject_pos
C:\Users\kundu\OneDrive\Desktop\KMU-FED-2\data\processed\12_SA_gu\12_SA_gu_160.jpg,C:\Users\kundu\OneDrive\Desktop\KMU-FED-2\data\processed\01_FE_mr\01_FE_mr_017.jpg,Sadness,Fear,12,1,0,negative
C:\Users\kundu\OneDrive\Desktop\KMU-FED-2\data\processed\12_AN_gu\12_AN_gu_180.jpg,C:\Users\kundu\OneDrive\Desktop\KMU-FED-2\data\processed\01_HA_mr\01_HA_mr_009.jpg,Anger,Happiness,12,1,0,negative
C:\Users\kundu\OneDrive\Desktop\KMU-FED-2\data\processed\06_DI_dy\06_DI_dy_059.jpg,C:\Users\kundu\OneDrive\Desktop\KMU-FED-2\data\processed\10_DI_ko\10_DI_ko_092.jpg,Disgust,Disgust,6,10,1,cross_subject_pos
C:\Users\kundu\OneDrive\Desktop\KMU-FED-2\data\processed\03_FE_s02\03_FE_s02_051.jpg,C:\Users\kundu\OneDrive\Desktop\KMU-FED-2\data\processed\01_FE_mr\01_FE_mr_013.jpg,Fear,Fear,3,1,1,cross_subject_pos
C:\Users\kundu\OneDrive\Desktop\KMU-FED-2\data\processed\06_FE_dy\06_FE_dy_112.jpg,C:\Users\kundu\OneDrive\Desktop\KMU-FED-2\data\processed\06_SA_dy\06_SA_dy_076.jpg,Fear,Sadness,6,6,0,negative
C:\Users\kundu\OneDrive\Desktop\KMU-FED-2\data\processed\09_AN_sj\09_AN_sj_140.jpg,C:\Users\kundu\OneDrive\Desktop\KMU-FED-2\data\processed\06_AN_dy\06_AN_dy_062.jpg,Anger,Anger,9,6,1,cross_subject_pos
C:\Users\kundu\OneDrive\Desktop\KMU-FED-2\data\processed\12_AN_gu\12_AN_gu_185.jpg,C:\Users\kundu\OneDrive\Desktop\KMU-FED-2\data\processed\05_FE_uj\05_FE_uj_092.jpg,Anger,Fear,12,5,0,negative
C:\Users\kundu\OneDrive\Desktop\KMU-FED-2\data\processed\06_AN_dy\06_AN_dy_061.jpg,C:\Users\kundu\OneDrive\Desktop\KMU-FED-2\data\processed\10_AN_ko\10_AN_ko_146.jpg,Anger,Anger,6,10,1,cross_subject_pos
C:\Users\kundu\OneDrive\Desktop\KMU-FED-2\data\processed\05_AN_uj\05_AN_uj_057.jpg,C:\Users\kundu\OneDrive\Desktop\KMU-FED-2\data\processed\10_DI_ko\10_DI_ko_092.jpg,Anger,Disgust,5,10,0,negative
C:\Users\kundu\OneDrive\Desktop\KMU-FED-2\data\processed\03_HA_s02\03_HA_s02_046.jpg,C:\Users\kundu\OneDrive\Desktop\KMU-FED-2\data\processed\09_HA_sj\09_HA_sj_166.jpg,Happiness,Happiness,3,9,1,cross_subject_pos
C:\Users\kundu\OneDrive\Desktop\KMU-FED-2\data\processed\07_HA_sw\07_HA_sw_119.jpg,C:\Users\kundu\OneDrive\Desktop\KMU-FED-2\data\processed\09_HA_sj\09_HA_sj_163.jpg,Happiness,Happiness,7,9,1,cross_subject_pos
C:\Users\kundu\OneDrive\Desktop\KMU-FED-2\data\processed\06_FE_dy\06_FE_dy_114.jpg,C:\Users\kundu\OneDrive\Desktop\KMU-FED-2\data\processed\09_AN_sj\09_AN_sj_133.jpg,Fear,Anger,6,9,0,negative
C:\Users\kundu\OneDrive\Desktop\KMU-FED-2\data\processed\05_SA_uj\05_SA_uj_066.jpg,C:\Users\kundu\OneDrive\Desktop\KMU-FED-2\data\processed\12_SA_gu\12_SA_gu_151.jpg,Sadness,Sadness,5,12,1,cross_subject_pos
C:\Users\kundu\OneDrive\Desktop\KMU-FED-2\data\processed\10_HA_ko\10_HA_ko_172.jpg,C:\Users\kundu\OneDrive\Desktop\KMU-FED-2\data\processed\07_FE_sw\07_FE_sw_136.jpg,Happiness,Fear,10,7,0,negative
C:\Users\kundu\OneDrive\Desktop\KMU-FED-2\data\processed\06_DI_dy\06_DI_dy_069.jpg,C:\Users\kundu\OneDrive\Desktop\KMU-FED-2\data\processed\12_HA_gu\12_HA_gu_187.jpg,Disgust,Happiness,6,12,0,negative
C:\Users\kundu\OneDrive\Desktop\KMU-FED-2\data\processed\01_AN_mr\01_AN_mr_019.jpg,C:\Users\kundu\OneDrive\Desktop\KMU-FED-2\data\processed\12_AN_gu\12_AN_gu_171.jpg,Anger,Anger,1,12,1,cross_subject_pos
C:\Users\kundu\OneDrive\Desktop\KMU-FED-2\data\processed\01_HA_mr\01_HA_mr_014.jpg,C:\Users\kundu\OneDrive\Desktop\KMU-FED-2\data\processed\03_HA_s02\03_HA_s02_036.jpg,Happiness,Happiness,1,3,1,cross_subject_pos
C:\Users\kundu\OneDrive\Desktop\KMU-FED-2\data\processed\03_FE_s02\03_FE_s02_043.jpg,C:\Users\kundu\OneDrive\Desktop\KMU-FED-2\data\processed\01_DI_mr\01_DI_mr_006.jpg,Fear,Disgust,3,1,0,negative
C:\Users\kundu\OneDrive\Desktop\KMU-FED-2\data\processed\01_AN_mr\01_AN_mr_010.jpg,C:\Users\kundu\OneDrive\Desktop\KMU-FED-2\data\processed\05_FE_uj\05_FE_uj_089.jpg,Anger,Fear,1,5,0,negative
C:\Users\kundu\OneDrive\Desktop\KMU-FED-2\data\processed\05_DI_uj\05_DI_uj_033.jpg,C:\Users\kundu\OneDrive\Desktop\KMU-FED-2\data\processed\10_DI_ko\10_DI_ko_093.jpg,Disgust,Disgust,5,10,1,cross_subject_pos
C:\Users\kundu\OneDrive\Desktop\KMU-FED-2\data\processed\10_DI_ko\10_DI_ko_097.jpg,C:\Users\kundu\OneDrive\Desktop\KMU-FED-2\data\processed\12_AN_gu\12_AN_gu_180.jpg,Disgust,Anger,10,12,0,negative
C:\Users\kundu\OneDrive\Desktop\KMU-FED-2\data\processed\03_FE_s02\03_FE_s02_046.jpg,C:\Users\kundu\OneDrive\Desktop\KMU-FED-2\data\processed\05_SA_uj\05_SA_uj_055.jpg,Fear,Sadness,3,5,0,negative
C:\Users\kundu\OneDrive\Desktop\KMU-FED-2\data\processed\10_FE_ko\10_FE_ko_176.jpg,C:\Users\kundu\OneDrive\Desktop\KMU-FED-2\data\processed\09_FE_sj\09_FE_sj_160.jpg,Fear,Fear,10,9,1,cross_subject_pos
C:\Users\kundu\OneDrive\Desktop\KMU-FED-2\data\processed\01_SA_mr\01_SA_mr_017.jpg,C:\Users\kundu\OneDrive\Desktop\KMU-FED-2\data\processed\10_FE_ko\10_FE_ko_174.jpg,Sadness,Fear,1,10,0,negative
C:\Users\kundu\OneDrive\Desktop\KMU-FED-2\data\processed\01_FE_mr\01_FE_mr_017.jpg,C:\Users\kundu\OneDrive\Desktop\KMU-FED-2\data\processed\03_HA_s02\03_HA_s02_033.jpg,Fear,Happiness,1,3,0,negative
C:\Users\kundu\OneDrive\Desktop\KMU-FED-2\data\processed\10_SU_ko\10_SU_ko_123.jpg,C:\Users\kundu\OneDrive\Desktop\KMU-FED-2\data\processed\01_SU_mr\01_SU_mr_018.jpg,Surprise,Surprise,10,1,1,cross_subject_pos
C:\Users\kundu\OneDrive\Desktop\KMU-FED-2\data\processed\07_FE_sw\07_FE_sw_134.jpg,C:\Users\kundu\OneDrive\Desktop\KMU-FED-2\data\processed\09_SU_sj\09_SU_sj_109.jpg,Fear,Surprise,7,9,0,negative
C:\Users\kundu\OneDrive\Desktop\KMU-FED-2\data\processed\03_SU_s02\03_SU_s02_058.jpg,C:\Users\kundu\OneDrive\Desktop\KMU-FED-2\data\processed\06_SU_dy\06_SU_dy_094.jpg,Surprise,Surprise,3,6,1,cross_subject_pos
C:\Users\kundu\OneDrive\Desktop\KMU-FED-2\data\processed\12_SA_gu\12_SA_gu_170.jpg,C:\Users\kundu\OneDrive\Desktop\KMU-FED-2\data\processed\09_SA_sj\09_SA_sj_117.jpg,Sadness,Sadness,12,9,1,cross_subject_pos
C:\Users\kundu\OneDrive\Desktop\KMU-FED-2\data\processed\01_DI_mr\01_DI_mr_017.jpg,C:\Users\kundu\OneDrive\Desktop\KMU-FED-2\data\processed\12_AN_gu\12_AN_gu_188.jpg,Disgust,Anger,1,12,0,negative
C:\Users\kundu\OneDrive\Desktop\KMU-FED-2\data\processed\09_AN_sj\09_AN_sj_126.jpg,C:\Users\kundu\OneDrive\Desktop\KMU-FED-2\data\processed\12_DI_gu\12_DI_gu_124.jpg,Anger,Disgust,9,12,0,negative
C:\Users\kundu\OneDrive\Desktop\KMU-FED-2\data\processed\07_HA_sw\07_HA_sw_124.jpg,C:\Users\kundu\OneDrive\Desktop\KMU-FED-2\data\processed\09_HA_sj\09_HA_sj_169.jpg,Happiness,Happiness,7,9,1,cross_subject_pos
C:\Users\kundu\OneDrive\Desktop\KMU-FED-2\data\processed\07_SU_sw\07_SU_sw_098.jpg,C:\Users\kundu\OneDrive\Desktop\KMU-FED-2\data\processed\12_SA_gu\12_SA_gu_161.jpg,Surprise,Sadness,7,12,0,negative
C:\Users\kundu\OneDrive\Desktop\KMU-FED-2\data\processed\06_HA_dy\06_HA_dy_106.jpg,C:\Users\kundu\OneDrive\Desktop\KMU-FED-2\data\processed\01_DI_mr\01_DI_mr_010.jpg,Happiness,Disgust,6,1,0,negative
C:\Users\kundu\OneDrive\Desktop\KMU-FED-2\data\processed\07_FE_sw\07_FE_sw_140.jpg,C:\Users\kundu\OneDrive\Desktop\KMU-FED-2\data\processed\05_HA_uj\05_HA_uj_087.jpg,Fear,Happiness,7,5,0,negative
C:\Users\kundu\OneDrive\Desktop\KMU-FED-2\data\processed\12_SA_gu\12_SA_gu_161.jpg,C:\Users\kundu\OneDrive\Desktop\KMU-FED-2\data\processed\12_AN_gu\12_AN_gu_187.jpg,Sadness,Anger,12,12,0,negative
C:\Users\kundu\OneDrive\Desktop\KMU-FED-2\data\processed\06_DI_dy\06_DI_dy_064.jpg,C:\Users\kundu\OneDrive\Desktop\KMU-FED-2\data\processed\05_DI_uj\05_DI_uj_037.jpg,Disgust,Disgust,6,5,1,cross_subject_pos
C:\Users\kundu\OneDrive\Desktop\KMU-FED-2\data\processed\07_AN_sw\07_AN_sw_093.jpg,C:\Users\kundu\OneDrive\Desktop\KMU-FED-2\data\processed\03_FE_s02\03_FE_s02_043.jpg,Anger,Fear,7,3,0,negative
C:\Users\kundu\OneDrive\Desktop\KMU-FED-2\data\processed\05_FE_uj\05_FE_uj_091.jpg,C:\Users\kundu\OneDrive\Desktop\KMU-FED-2\data\processed\05_FE_uj\05_FE_uj_100.jpg,Fear,Fear,5,5,1,same_subject_pos
C:\Users\kundu\OneDrive\Desktop\KMU-FED-2\data\processed\12_SA_gu\12_SA_gu_167.jpg,C:\Users\kundu\OneDrive\Desktop\KMU-FED-2\data\processed\03_SA_s02\03_SA_s02_024.jpg,Sadness,Sadness,12,3,1,cross_subject_pos
C:\Users\kundu\OneDrive\Desktop\KMU-FED-2\data\processed\05_AN_uj\05_AN_uj_051.jpg,C:\Users\kundu\OneDrive\Desktop\KMU-FED-2\data\processed\07_AN_sw\07_AN_sw_088.jpg,Anger,Anger,5,7,1,cross_subject_pos
C:\Users\kundu\OneDrive\Desktop\KMU-FED-2\data\processed\01_AN_mr\01_AN_mr_008.jpg,C:\Users\kundu\OneDrive\Desktop\KMU-FED-2\data\processed\07_AN_sw\07_AN_sw_096.jpg,Anger,Anger,1,7,1,cross_subject_pos
C:\Users\kundu\OneDrive\Desktop\KMU-FED-2\data\processed\12_DI_gu\12_DI_gu_121.jpg,C:\Users\kundu\OneDrive\Desktop\KMU-FED-2\data\processed\06_AN_dy\06_AN_dy_077.jpg,Disgust,Anger,12,6,0,negative
C:\Users\kundu\OneDrive\Desktop\KMU-FED-2\data\processed\01_SA_mr\01_SA_mr_013.jpg,C:\Users\kundu\OneDrive\Desktop\KMU-FED-2\data\processed\03_AN_s02\03_AN_s02_038.jpg,Sadness,Anger,1,3,0,negative
C:\Users\kundu\OneDrive\Desktop\KMU-FED-2\data\processed\07_SA_sw\07_SA_sw_083.jpg,C:\Users\kundu\OneDrive\Desktop\KMU-FED-2\data\processed\01_SA_mr\01_SA_mr_005.jpg,Sadness,Sadness,7,1,1,cross_subject_pos
C:\Users\kundu\OneDrive\Desktop\KMU-FED-2\data\processed\03_HA_s02\03_HA_s02_036.jpg,C:\Users\kundu\OneDrive\Desktop\KMU-FED-2\data\processed\06_HA_dy\06_HA_dy_097.jpg,Happiness,Happiness,3,6,1,cross_subject_pos
C:\Users\kundu\OneDrive\Desktop\KMU-FED-2\data\processed\12_SA_gu\12_SA_gu_159.jpg,C:\Users\kundu\OneDrive\Desktop\KMU-FED-2\data\processed\01_AN_mr\01_AN_mr_007.jpg,Sadness,Anger,12,1,0,negative
C:\Users\kundu\OneDrive\Desktop\KMU-FED-2\data\processed\01_FE_mr\01_FE_mr_006.jpg,C:\Users\kundu\OneDrive\Desktop\KMU-FED-2\data\processed\07_FE_sw\07_FE_sw_131.jpg,Fear,Fear,1,7,1,cross_subject_pos
C:\Users\kundu\OneDrive\Desktop\KMU-FED-2\data\processed\12_SA_gu\12_SA_gu_167.jpg,C:\Users\kundu\OneDrive\Desktop\KMU-FED-2\data\processed\03_SA_s02\03_SA_s02_035.jpg,Sadness,Sadness,12,3,1,cross_subject_pos
C:\Users\kundu\OneDrive\Desktop\KMU-FED-2\data\processed\06_AN_dy\06_AN_dy_074.jpg,C:\Users\kundu\OneDrive\Desktop\KMU-FED-2\data\processed\06_AN_dy\06_AN_dy_072.jpg,Anger,Anger,6,6,1,same_subject_pos
C:\Users\kundu\OneDrive\Desktop\KMU-FED-2\data\processed\01_FE_mr\01_FE_mr_015.jpg,C:\Users\kundu\OneDrive\Desktop\KMU-FED-2\data\processed\05_FE_uj\05_FE_uj_092.jpg,Fear,Fear,1,5,1,cross_subject_pos
C:\Users\kundu\OneDrive\Desktop\KMU-FED-2\data\processed\06_SU_dy\06_SU_dy_099.jpg,C:\Users\kundu\OneDrive\Desktop\KMU-FED-2\data\processed\07_SU_sw\07_SU_sw_092.jpg,Surprise,Surprise,6,7,1,cross_subject_pos
C:\Users\kundu\OneDrive\Desktop\KMU-FED-2\data\processed\05_DI_uj\05_DI_uj_035.jpg,C:\Users\kundu\OneDrive\Desktop\KMU-FED-2\data\processed\10_SU_ko\10_SU_ko_121.jpg,Disgust,Surprise,5,10,0,negative
C:\Users\kundu\OneDrive\Desktop\KMU-FED-2\data\processed\10_FE_ko\10_FE_ko_174.jpg,C:\Users\kundu\OneDrive\Desktop\KMU-FED-2\data\processed\03_FE_s02\03_FE_s02_060.jpg,Fear,Fear,10,3,1,cross_subject_pos
C:\Users\kundu\OneDrive\Desktop\KMU-FED-2\data\processed\12_SA_gu\12_SA_gu_162.jpg,C:\Users\kundu\OneDrive\Desktop\KMU-FED-2\data\processed\01_SA_mr\01_SA_mr_015.jpg,Sadness,Sadness,12,1,1,cross_subject_pos
C:\Users\kundu\OneDrive\Desktop\KMU-FED-2\data\processed\01_DI_mr\01_DI_mr_008.jpg,C:\Users\kundu\OneDrive\Desktop\KMU-FED-2\data\processed\06_DI_dy\06_DI_dy_052.jpg,Disgust,Disgust,1,6,1,cross_subject_pos
C:\Users\kundu\OneDrive\Desktop\KMU-FED-2\data\processed\07_FE_sw\07_FE_sw_140.jpg,C:\Users\kundu\OneDrive\Desktop\KMU-FED-2\data\processed\09_FE_sj\09_FE_sj_159.jpg,Fear,Fear,7,9,1,cross_subject_pos
C:\Users\kundu\OneDrive\Desktop\KMU-FED-2\data\processed\07_SA_sw\07_SA_sw_087.jpg,C:\Users\kundu\OneDrive\Desktop\KMU-FED-2\data\processed\10_FE_ko\10_FE_ko_179.jpg,Sadness,Fear,7,10,0,negative
C:\Users\kundu\OneDrive\Desktop\KMU-FED-2\data\processed\12_DI_gu\12_DI_gu_124.jpg,C:\Users\kundu\OneDrive\Desktop\KMU-FED-2\data\processed\01_DI_mr\01_DI_mr_004.jpg,Disgust,Disgust,12,1,1,cross_subject_pos
C:\Users\kundu\OneDrive\Desktop\KMU-FED-2\data\processed\03_SA_s02\03_SA_s02_023.jpg,C:\Users\kundu\OneDrive\Desktop\KMU-FED-2\data\processed\06_AN_dy\06_AN_dy_073.jpg,Sadness,Anger,3,6,0,negative
C:\Users\kundu\OneDrive\Desktop\KMU-FED-2\data\processed\05_HA_uj\05_HA_uj_078.jpg,C:\Users\kundu\OneDrive\Desktop\KMU-FED-2\data\processed\12_HA_gu\12_HA_gu_178.jpg,Happiness,Happiness,5,12,1,cross_subject_pos
C:\Users\kundu\OneDrive\Desktop\KMU-FED-2\data\processed\10_SU_ko\10_SU_ko_123.jpg,C:\Users\kundu\OneDrive\Desktop\KMU-FED-2\data\processed\03_SU_s02\03_SU_s02_059.jpg,Surprise,Surprise,10,3,1,cross_subject_pos
C:\Users\kundu\OneDrive\Desktop\KMU-FED-2\data\processed\05_SU_uj\05_SU_uj_066.jpg,C:\Users\kundu\OneDrive\Desktop\KMU-FED-2\data\processed\03_SU_s02\03_SU_s02_060.jpg,Surprise,Surprise,5,3,1,cross_subject_pos
C:\Users\kundu\OneDrive\Desktop\KMU-FED-2\data\processed\03_SA_s02\03_SA_s02_038.jpg,C:\Users\kundu\OneDrive\Desktop\KMU-FED-2\data\processed\01_SU_mr\01_SU_mr_019.jpg,Sadness,Surprise,3,1,0,negative
C:\Users\kundu\OneDrive\Desktop\KMU-FED-2\data\processed\10_FE_ko\10_FE_ko_163.jpg,C:\Users\kundu\OneDrive\Desktop\KMU-FED-2\data\processed\03_FE_s02\03_FE_s02_059.jpg,Fear,Fear,10,3,1,cross_subject_pos
C:\Users\kundu\OneDrive\Desktop\KMU-FED-2\data\processed\06_FE_dy\06_FE_dy_118.jpg,C:\Users\kundu\OneDrive\Desktop\KMU-FED-2\data\processed\01_DI_mr\01_DI_mr_010.jpg,Fear,Disgust,6,1,0,negative
C:\Users\kundu\OneDrive\Desktop\KMU-FED-2\data\processed\09_FE_sj\09_FE_sj_156.jpg,C:\Users\kundu\OneDrive\Desktop\KMU-FED-2\data\processed\12_SA_gu\12_SA_gu_154.jpg,Fear,Sadness,9,12,0,negative
C:\Users\kundu\OneDrive\Desktop\KMU-FED-2\data\processed\03_SA_s02\03_SA_s02_026.jpg,C:\Users\kundu\OneDrive\Desktop\KMU-FED-2\data\processed\06_SA_dy\06_SA_dy_084.jpg,Sadness,Sadness,3,6,1,cross_subject_pos
C:\Users\kundu\OneDrive\Desktop\KMU-FED-2\data\processed\12_AN_gu\12_AN_gu_183.jpg,C:\Users\kundu\OneDrive\Desktop\KMU-FED-2\data\processed\05_AN_uj\05_AN_uj_050.jpg,Anger,Anger,12,5,1,cross_subject_pos
C:\Users\kundu\OneDrive\Desktop\KMU-FED-2\data\processed\10_FE_ko\10_FE_ko_178.jpg,C:\Users\kundu\OneDrive\Desktop\KMU-FED-2\data\processed\03_SA_s02\03_SA_s02_026.jpg,Fear,Sadness,10,3,0,negative
C:\Users\kundu\OneDrive\Desktop\KMU-FED-2\data\processed\03_SA_s02\03_SA_s02_030.jpg,C:\Users\kundu\OneDrive\Desktop\KMU-FED-2\data\processed\05_SA_uj\05_SA_uj_069.jpg,Sadness,Sadness,3,5,1,cross_subject_pos
C:\Users\kundu\OneDrive\Desktop\KMU-FED-2\data\processed\03_SA_s02\03_SA_s02_039.jpg,C:\Users\kundu\OneDrive\Desktop\KMU-FED-2\data\processed\07_SA_sw\07_SA_sw_079.jpg,Sadness,Sadness,3,7,1,cross_subject_pos
C:\Users\kundu\OneDrive\Desktop\KMU-FED-2\data\processed\03_SA_s02\03_SA_s02_024.jpg,C:\Users\kundu\OneDrive\Desktop\KMU-FED-2\data\processed\10_DI_ko\10_DI_ko_100.jpg,Sadness,Disgust,3,10,0,negative
C:\Users\kundu\OneDrive\Desktop\KMU-FED-2\data\processed\12_HA_gu\12_HA_gu_183.jpg,C:\Users\kundu\OneDrive\Desktop\KMU-FED-2\data\processed\12_HA_gu\12_HA_gu_181.jpg,Happiness,Happiness,12,12,1,same_subject_pos
C:\Users\kundu\OneDrive\Desktop\KMU-FED-2\data\processed\07_HA_sw\07_HA_sw_130.jpg,C:\Users\kundu\OneDrive\Desktop\KMU-FED-2\data\processed\10_HA_ko\10_HA_ko_189.jpg,Happiness,Happiness,7,10,1,cross_subject_pos
C:\Users\kundu\OneDrive\Desktop\KMU-FED-2\data\processed\06_DI_dy\06_DI_dy_066.jpg,C:\Users\kundu\OneDrive\Desktop\KMU-FED-2\data\processed\05_HA_uj\05_HA_uj_076.jpg,Disgust,Happiness,6,5,0,negative
C:\Users\kundu\OneDrive\Desktop\KMU-FED-2\data\processed\01_DI_mr\01_DI_mr_017.jpg,C:\Users\kundu\OneDrive\Desktop\KMU-FED-2\data\processed\12_DI_gu\12_DI_gu_130.jpg,Disgust,Disgust,1,12,1,cross_subject_pos
C:\Users\kundu\OneDrive\Desktop\KMU-FED-2\data\processed\10_HA_ko\10_HA_ko_174.jpg,C:\Users\kundu\OneDrive\Desktop\KMU-FED-2\data\processed\01_HA_mr\01_HA_mr_010.jpg,Happiness,Happiness,10,1,1,cross_subject_pos
C:\Users\kundu\OneDrive\Desktop\KMU-FED-2\data\processed\03_FE_s02\03_FE_s02_053.jpg,C:\Users\kundu\OneDrive\Desktop\KMU-FED-2\data\processed\03_FE_s02\03_FE_s02_050.jpg,Fear,Fear,3,3,1,same_subject_pos
C:\Users\kundu\OneDrive\Desktop\KMU-FED-2\data\processed\03_AN_s02\03_AN_s02_031.jpg,C:\Users\kundu\OneDrive\Desktop\KMU-FED-2\data\processed\09_FE_sj\09_FE_sj_156.jpg,Anger,Fear,3,9,0,negative
C:\Users\kundu\OneDrive\Desktop\KMU-FED-2\data\processed\12_HA_gu\12_HA_gu_183.jpg,C:\Users\kundu\OneDrive\Desktop\KMU-FED-2\data\processed\07_AN_sw\07_AN_sw_082.jpg,Happiness,Anger,12,7,0,negative
C:\Users\kundu\OneDrive\Desktop\KMU-FED-2\data\processed\03_SA_s02\03_SA_s02_028.jpg,C:\Users\kundu\OneDrive\Desktop\KMU-FED-2\data\processed\07_SA_sw\07_SA_sw_072.jpg,Sadness,Sadness,3,7,1,cross_subject_pos
C:\Users\kundu\OneDrive\Desktop\KMU-FED-2\data\processed\03_HA_s02\03_HA_s02_039.jpg,C:\Users\kundu\OneDrive\Desktop\KMU-FED-2\data\processed\10_SU_ko\10_SU_ko_124.jpg,Happiness,Surprise,3,10,0,negative
C:\Users\kundu\OneDrive\Desktop\KMU-FED-2\data\processed\12_HA_gu\12_HA_gu_186.jpg,C:\Users\kundu\OneDrive\Desktop\KMU-FED-2\data\processed\12_AN_gu\12_AN_gu_176.jpg,Happiness,Anger,12,12,0,negative
C:\Users\kundu\OneDrive\Desktop\KMU-FED-2\data\processed\10_AN_ko\10_AN_ko_149.jpg,C:\Users\kundu\OneDrive\Desktop\KMU-FED-2\data\processed\07_SA_sw\07_SA_sw_074.jpg,Anger,Sadness,10,7,0,negative
C:\Users\kundu\OneDrive\Desktop\KMU-FED-2\data\processed\01_DI_mr\01_DI_mr_018.jpg,C:\Users\kundu\OneDrive\Desktop\KMU-FED-2\data\processed\12_DI_gu\12_DI_gu_122.jpg,Disgust,Disgust,1,12,1,cross_subject_pos
C:\Users\kundu\OneDrive\Desktop\KMU-FED-2\data\processed\07_SA_sw\07_SA_sw_085.jpg,C:\Users\kundu\OneDrive\Desktop\KMU-FED-2\data\processed\01_AN_mr\01_AN_mr_020.jpg,Sadness,Anger,7,1,0,negative
C:\Users\kundu\OneDrive\Desktop\KMU-FED-2\data\processed\01_SA_mr\01_SA_mr_017.jpg,C:\Users\kundu\OneDrive\Desktop\KMU-FED-2\data\processed\03_HA_s02\03_HA_s02_037.jpg,Sadness,Happiness,1,3,0,negative
C:\Users\kundu\OneDrive\Desktop\KMU-FED-2\data\processed\05_FE_uj\05_FE_uj_092.jpg,C:\Users\kundu\OneDrive\Desktop\KMU-FED-2\data\processed\05_SA_uj\05_SA_uj_068.jpg,Fear,Sadness,5,5,0,negative
C:\Users\kundu\OneDrive\Desktop\KMU-FED-2\data\processed\05_HA_uj\05_HA_uj_077.jpg,C:\Users\kundu\OneDrive\Desktop\KMU-FED-2\data\processed\01_FE_mr\01_FE_mr_016.jpg,Happiness,Fear,5,1,0,negative
C:\Users\kundu\OneDrive\Desktop\KMU-FED-2\data\processed\05_HA_uj\05_HA_uj_073.jpg,C:\Users\kundu\OneDrive\Desktop\KMU-FED-2\data\processed\03_HA_s02\03_HA_s02_032.jpg,Happiness,Happiness,5,3,1,cross_subject_pos
C:\Users\kundu\OneDrive\Desktop\KMU-FED-2\data\processed\10_HA_ko\10_HA_ko_177.jpg,C:\Users\kundu\OneDrive\Desktop\KMU-FED-2\data\processed\10_SU_ko\10_SU_ko_112.jpg,Happiness,Surprise,10,10,0,negative
C:\Users\kundu\OneDrive\Desktop\KMU-FED-2\data\processed\07_HA_sw\07_HA_sw_121.jpg,C:\Users\kundu\OneDrive\Desktop\KMU-FED-2\data\processed\10_AN_ko\10_AN_ko_141.jpg,Happiness,Anger,7,10,0,negative
C:\Users\kundu\OneDrive\Desktop\KMU-FED-2\data\processed\05_SU_uj\05_SU_uj_078.jpg,C:\Users\kundu\OneDrive\Desktop\KMU-FED-2\data\processed\03_SU_s02\03_SU_s02_043.jpg,Surprise,Surprise,5,3,1,cross_subject_pos
C:\Users\kundu\OneDrive\Desktop\KMU-FED-2\data\processed\05_SA_uj\05_SA_uj_066.jpg,C:\Users\kundu\OneDrive\Desktop\KMU-FED-2\data\processed\06_SA_dy\06_SA_dy_074.jpg,Sadness,Sadness,5,6,1,cross_subject_pos
C:\Users\kundu\OneDrive\Desktop\KMU-FED-2\data\processed\12_HA_gu\12_HA_gu_175.jpg,C:\Users\kundu\OneDrive\Desktop\KMU-FED-2\data\processed\07_HA_sw\07_HA_sw_119.jpg,Happiness,Happiness,12,7,1,cross_subject_pos
C:\Users\kundu\OneDrive\Desktop\KMU-FED-2\data\processed\03_HA_s02\03_HA_s02_044.jpg,C:\Users\kundu\OneDrive\Desktop\KMU-FED-2\data\processed\12_SA_gu\12_SA_gu_162.jpg,Happiness,Sadness,3,12,0,negative
C:\Users\kundu\OneDrive\Desktop\KMU-FED-2\data\processed\07_SU_sw\07_SU_sw_085.jpg,C:\Users\kundu\OneDrive\Desktop\KMU-FED-2\data\processed\06_SU_dy\06_SU_dy_093.jpg,Surprise,Surprise,7,6,1,cross_subject_pos
C:\Users\kundu\OneDrive\Desktop\KMU-FED-2\data\processed\10_AN_ko\10_AN_ko_145.jpg,C:\Users\kundu\OneDrive\Desktop\KMU-FED-2\data\processed\01_DI_mr\01_DI_mr_009.jpg,Anger,Disgust,10,1,0,negative
C:\Users\kundu\OneDrive\Desktop\KMU-FED-2\data\processed\10_DI_ko\10_DI_ko_094.jpg,C:\Users\kundu\OneDrive\Desktop\KMU-FED-2\data\processed\09_AN_sj\09_AN_sj_125.jpg,Disgust,Anger,10,9,0,negative
C:\Users\kundu\OneDrive\Desktop\KMU-FED-2\data\processed\03_SU_s02\03_SU_s02_043.jpg,C:\Users\kundu\OneDrive\Desktop\KMU-FED-2\data\processed\10_SU_ko\10_SU_ko_112.jpg,Surprise,Surprise,3,10,1,cross_subject_pos
C:\Users\kundu\OneDrive\Desktop\KMU-FED-2\data\processed\07_SA_sw\07_SA_sw_081.jpg,C:\Users\kundu\OneDrive\Desktop\KMU-FED-2\data\processed\01_SA_mr\01_SA_mr_019.jpg,Sadness,Sadness,7,1,1,cross_subject_pos
C:\Users\kundu\OneDrive\Desktop\KMU-FED-2\data\processed\12_HA_gu\12_HA_gu_189.jpg,C:\Users\kundu\OneDrive\Desktop\KMU-FED-2\data\processed\01_DI_mr\01_DI_mr_006.jpg,Happiness,Disgust,12,1,0,negative
C:\Users\kundu\OneDrive\Desktop\KMU-FED-2\data\processed\06_HA_dy\06_HA_dy_101.jpg,C:\Users\kundu\OneDrive\Desktop\KMU-FED-2\data\processed\06_HA_dy\06_HA_dy_091.jpg,Happiness,Happiness,6,6,1,same_subject_pos
C:\Users\kundu\OneDrive\Desktop\KMU-FED-2\data\processed\07_SA_sw\07_SA_sw_072.jpg,C:\Users\kundu\OneDrive\Desktop\KMU-FED-2\data\processed\05_SA_uj\05_SA_uj_067.jpg,Sadness,Sadness,7,5,1,cross_subject_pos
C:\Users\kundu\OneDrive\Desktop\KMU-FED-2\data\processed\06_SU_dy\06_SU_dy_084.jpg,C:\Users\kundu\OneDrive\Desktop\KMU-FED-2\data\processed\05_SU_uj\05_SU_uj_068.jpg,Surprise,Surprise,6,5,1,cross_subject_pos
C:\Users\kundu\OneDrive\Desktop\KMU-FED-2\data\processed\03_SA_s02\03_SA_s02_028.jpg,C:\Users\kundu\OneDrive\Desktop\KMU-FED-2\data\processed\12_SA_gu\12_SA_gu_156.jpg,Sadness,Sadness,3,12,1,cross_subject_pos
C:\Users\kundu\OneDrive\Desktop\KMU-FED-2\data\processed\07_FE_sw\07_FE_sw_136.jpg,C:\Users\kundu\OneDrive\Desktop\KMU-FED-2\data\processed\06_DI_dy\06_DI_dy_065.jpg,Fear,Disgust,7,6,0,negative
C:\Users\kundu\OneDrive\Desktop\KMU-FED-2\data\processed\06_SU_dy\06_SU_dy_097.jpg,C:\Users\kundu\OneDrive\Desktop\KMU-FED-2\data\processed\09_HA_sj\09_HA_sj_166.jpg,Surprise,Happiness,6,9,0,negative
C:\Users\kundu\OneDrive\Desktop\KMU-FED-2\data\processed\12_AN_gu\12_AN_gu_180.jpg,C:\Users\kundu\OneDrive\Desktop\KMU-FED-2\data\processed\06_AN_dy\06_AN_dy_065.jpg,Anger,Anger,12,6,1,cross_subject_pos
C:\Users\kundu\OneDrive\Desktop\KMU-FED-2\data\processed\03_AN_s02\03_AN_s02_034.jpg,C:\Users\kundu\OneDrive\Desktop\KMU-FED-2\data\processed\01_SU_mr\01_SU_mr_008.jpg,Anger,Surprise,3,1,0,negative
C:\Users\kundu\OneDrive\Desktop\KMU-FED-2\data\processed\03_SU_s02\03_SU_s02_041.jpg,C:\Users\kundu\OneDrive\Desktop\KMU-FED-2\data\processed\06_DI_dy\06_DI_dy_051.jpg,Surprise,Disgust,3,6,0,negative
C:\Users\kundu\OneDrive\Desktop\KMU-FED-2\data\processed\03_SU_s02\03_SU_s02_053.jpg,C:\Users\kundu\OneDrive\Desktop\KMU-FED-2\data\processed\06_DI_dy\06_DI_dy_051.jpg,Surprise,Disgust,3,6,0,negative
C:\Users\kundu\OneDrive\Desktop\KMU-FED-2\data\processed\06_AN_dy\06_AN_dy_066.jpg,C:\Users\kundu\OneDrive\Desktop\KMU-FED-2\data\processed\07_AN_sw\07_AN_sw_094.jpg,Anger,Anger,6,7,1,cross_subject_pos
C:\Users\kundu\OneDrive\Desktop\KMU-FED-2\data\processed\06_SU_dy\06_SU_dy_094.jpg,C:\Users\kundu\OneDrive\Desktop\KMU-FED-2\data\processed\10_DI_ko\10_DI_ko_093.jpg,Surprise,Disgust,6,10,0,negative
C:\Users\kundu\OneDrive\Desktop\KMU-FED-2\data\processed\12_DI_gu\12_DI_gu_127.jpg,C:\Users\kundu\OneDrive\Desktop\KMU-FED-2\data\processed\06_DI_dy\06_DI_dy_067.jpg,Disgust,Disgust,12,6,1,cross_subject_pos
C:\Users\kundu\OneDrive\Desktop\KMU-FED-2\data\processed\07_AN_sw\07_AN_sw_089.jpg,C:\Users\kundu\OneDrive\Desktop\KMU-FED-2\data\processed\09_HA_sj\09_HA_sj_152.jpg,Anger,Happiness,7,9,0,negative
C:\Users\kundu\OneDrive\Desktop\KMU-FED-2\data\processed\05_SA_uj\05_SA_uj_051.jpg,C:\Users\kundu\OneDrive\Desktop\KMU-FED-2\data\processed\01_SA_mr\01_SA_mr_015.jpg,Sadness,Sadness,5,1,1,cross_subject_pos
C:\Users\kundu\OneDrive\Desktop\KMU-FED-2\data\processed\03_FE_s02\03_FE_s02_047.jpg,C:\Users\kundu\OneDrive\Desktop\KMU-FED-2\data\processed\07_AN_sw\07_AN_sw_083.jpg,Fear,Anger,3,7,0,negative
C:\Users\kundu\OneDrive\Desktop\KMU-FED-2\data\processed\01_DI_mr\01_DI_mr_019.jpg,C:\Users\kundu\OneDrive\Desktop\KMU-FED-2\data\processed\10_DI_ko\10_DI_ko_091.jpg,Disgust,Disgust,1,10,1,cross_subject_pos
C:\Users\kundu\OneDrive\Desktop\KMU-FED-2\data\processed\05_HA_uj\05_HA_uj_074.jpg,C:\Users\kundu\OneDrive\Desktop\KMU-FED-2\data\processed\09_SU_sj\09_SU_sj_108.jpg,Happiness,Surprise,5,9,0,negative
C:\Users\kundu\OneDrive\Desktop\KMU-FED-2\data\processed\07_SA_sw\07_SA_sw_079.jpg,C:\Users\kundu\OneDrive\Desktop\KMU-FED-2\data\processed\01_SA_mr\01_SA_mr_014.jpg,Sadness,Sadness,7,1,1,cross_subject_pos
C:\Users\kundu\OneDrive\Desktop\KMU-FED-2\data\processed\12_SA_gu\12_SA_gu_158.jpg,C:\Users\kundu\OneDrive\Desktop\KMU-FED-2\data\processed\07_SA_sw\07_SA_sw_083.jpg,Sadness,Sadness,12,7,1,cross_subject_pos
C:\Users\kundu\OneDrive\Desktop\KMU-FED-2\data\processed\01_HA_mr\01_HA_mr_005.jpg,C:\Users\kundu\OneDrive\Desktop\KMU-FED-2\data\processed\12_HA_gu\12_HA_gu_179.jpg,Happiness,Happiness,1,12,1,cross_subject_pos
C:\Users\kundu\OneDrive\Desktop\KMU-FED-2\data\processed\06_SA_dy\06_SA_dy_086.jpg,C:\Users\kundu\OneDrive\Desktop\KMU-FED-2\data\processed\09_AN_sj\09_AN_sj_140.jpg,Sadness,Anger,6,9,0,negative
C:\Users\kundu\OneDrive\Desktop\KMU-FED-2\data\processed\12_DI_gu\12_DI_gu_124.jpg,C:\Users\kundu\OneDrive\Desktop\KMU-FED-2\data\processed\06_DI_dy\06_DI_dy_065.jpg,Disgust,Disgust,12,6,1,cross_subject_pos
C:\Users\kundu\OneDrive\Desktop\KMU-FED-2\data\processed\09_SU_sj\09_SU_sj_102.jpg,C:\Users\kundu\OneDrive\Desktop\KMU-FED-2\data\processed\06_DI_dy\06_DI_dy_070.jpg,Surprise,Disgust,9,6,0,negative
C:\Users\kundu\OneDrive\Desktop\KMU-FED-2\data\processed\10_HA_ko\10_HA_ko_171.jpg,C:\Users\kundu\OneDrive\Desktop\KMU-FED-2\data\processed\09_HA_sj\09_HA_sj_166.jpg,Happiness,Happiness,10,9,1,cross_subject_pos
C:\Users\kundu\OneDrive\Desktop\KMU-FED-2\data\processed\05_FE_uj\05_FE_uj_085.jpg,C:\Users\kundu\OneDrive\Desktop\KMU-FED-2\data\processed\01_HA_mr\01_HA_mr_015.jpg,Fear,Happiness,5,1,0,negative
C:\Users\kundu\OneDrive\Desktop\KMU-FED-2\data\processed\07_SU_sw\07_SU_sw_094.jpg,C:\Users\kundu\OneDrive\Desktop\KMU-FED-2\data\processed\10_SU_ko\10_SU_ko_123.jpg,Surprise,Surprise,7,10,1,cross_subject_pos
C:\Users\kundu\OneDrive\Desktop\KMU-FED-2\data\processed\12_DI_gu\12_DI_gu_124.jpg,C:\Users\kundu\OneDrive\Desktop\KMU-FED-2\data\processed\06_AN_dy\06_AN_dy_064.jpg,Disgust,Anger,12,6,0,negative
C:\Users\kundu\OneDrive\Desktop\KMU-FED-2\data\processed\07_AN_sw\07_AN_sw_100.jpg,C:\Users\kundu\OneDrive\Desktop\KMU-FED-2\data\processed\09_AN_sj\09_AN_sj_125.jpg,Anger,Anger,7,9,1,cross_subject_pos
C:\Users\kundu\OneDrive\Desktop\KMU-FED-2\data\processed\03_SU_s02\03_SU_s02_056.jpg,C:\Users\kundu\OneDrive\Desktop\KMU-FED-2\data\processed\03_SU_s02\03_SU_s02_052.jpg,Surprise,Surprise,3,3,1,same_subject_pos
C:\Users\kundu\OneDrive\Desktop\KMU-FED-2\data\processed\09_FE_sj\09_FE_sj_151.jpg,C:\Users\kundu\OneDrive\Desktop\KMU-FED-2\data\processed\09_HA_sj\09_HA_sj_164.jpg,Fear,Happiness,9,9,0,negative
C:\Users\kundu\OneDrive\Desktop\KMU-FED-2\data\processed\10_DI_ko\10_DI_ko_093.jpg,C:\Users\kundu\OneDrive\Desktop\KMU-FED-2\data\processed\03_FE_s02\03_FE_s02_058.jpg,Disgust,Fear,10,3,0,negative
C:\Users\kundu\OneDrive\Desktop\KMU-FED-2\data\processed\06_SA_dy\06_SA_dy_082.jpg,C:\Users\kundu\OneDrive\Desktop\KMU-FED-2\data\processed\03_SA_s02\03_SA_s02_031.jpg,Sadness,Sadness,6,3,1,cross_subject_pos
C:\Users\kundu\OneDrive\Desktop\KMU-FED-2\data\processed\05_AN_uj\05_AN_uj_052.jpg,C:\Users\kundu\OneDrive\Desktop\KMU-FED-2\data\processed\05_SU_uj\05_SU_uj_064.jpg,Anger,Surprise,5,5,0,negative
C:\Users\kundu\OneDrive\Desktop\KMU-FED-2\data\processed\01_HA_mr\01_HA_mr_020.jpg,C:\Users\kundu\OneDrive\Desktop\KMU-FED-2\data\processed\09_HA_sj\09_HA_sj_151.jpg,Happiness,Happiness,1,9,1,cross_subject_pos
C:\Users\kundu\OneDrive\Desktop\KMU-FED-2\data\processed\06_DI_dy\06_DI_dy_054.jpg,C:\Users\kundu\OneDrive\Desktop\KMU-FED-2\data\processed\09_HA_sj\09_HA_sj_153.jpg,Disgust,Happiness,6,9,0,negative
C:\Users\kundu\OneDrive\Desktop\KMU-FED-2\data\processed\06_SU_dy\06_SU_dy_091.jpg,C:\Users\kundu\OneDrive\Desktop\KMU-FED-2\data\processed\03_SU_s02\03_SU_s02_055.jpg,Surprise,Surprise,6,3,1,cross_subject_pos
C:\Users\kundu\OneDrive\Desktop\KMU-FED-2\data\processed\12_DI_gu\12_DI_gu_121.jpg,C:\Users\kundu\OneDrive\Desktop\KMU-FED-2\data\processed\12_AN_gu\12_AN_gu_175.jpg,Disgust,Anger,12,12,0,negative
C:\Users\kundu\OneDrive\Desktop\KMU-FED-2\data\processed\10_HA_ko\10_HA_ko_172.jpg,C:\Users\kundu\OneDrive\Desktop\KMU-FED-2\data\processed\06_HA_dy\06_HA_dy_093.jpg,Happiness,Happiness,10,6,1,cross_subject_pos
C:\Users\kundu\OneDrive\Desktop\KMU-FED-2\data\processed\01_AN_mr\01_AN_mr_005.jpg,C:\Users\kundu\OneDrive\Desktop\KMU-FED-2\data\processed\12_AN_gu\12_AN_gu_186.jpg,Anger,Anger,1,12,1,cross_subject_pos
C:\Users\kundu\OneDrive\Desktop\KMU-FED-2\data\processed\07_FE_sw\07_FE_sw_125.jpg,C:\Users\kundu\OneDrive\Desktop\KMU-FED-2\data\processed\01_FE_mr\01_FE_mr_020.jpg,Fear,Fear,7,1,1,cross_subject_pos
C:\Users\kundu\OneDrive\Desktop\KMU-FED-2\data\processed\07_SU_sw\07_SU_sw_086.jpg,C:\Users\kundu\OneDrive\Desktop\KMU-FED-2\data\processed\10_SU_ko\10_SU_ko_115.jpg,Surprise,Surprise,7,10,1,cross_subject_pos
C:\Users\kundu\OneDrive\Desktop\KMU-FED-2\data\processed\06_HA_dy\06_HA_dy_097.jpg,C:\Users\kundu\OneDrive\Desktop\KMU-FED-2\data\processed\09_HA_sj\09_HA_sj_164.jpg,Happiness,Happiness,6,9,1,cross_subject_pos
C:\Users\kundu\OneDrive\Desktop\KMU-FED-2\data\processed\05_AN_uj\05_AN_uj_051.jpg,C:\Users\kundu\OneDrive\Desktop\KMU-FED-2\data\processed\09_AN_sj\09_AN_sj_135.jpg,Anger,Anger,5,9,1,cross_subject_pos
C:\Users\kundu\OneDrive\Desktop\KMU-FED-2\data\processed\09_FE_sj\09_FE_sj_156.jpg,C:\Users\kundu\OneDrive\Desktop\KMU-FED-2\data\processed\07_HA_sw\07_HA_sw_130.jpg,Fear,Happiness,9,7,0,negative
C:\Users\kundu\OneDrive\Desktop\KMU-FED-2\data\processed\10_DI_ko\10_DI_ko_094.jpg,C:\Users\kundu\OneDrive\Desktop\KMU-FED-2\data\processed\12_DI_gu\12_DI_gu_128.jpg,Disgust,Disgust,10,12,1,cross_subject_pos
C:\Users\kundu\OneDrive\Desktop\KMU-FED-2\data\processed\12_DI_gu\12_DI_gu_128.jpg,C:\Users\kundu\OneDrive\Desktop\KMU-FED-2\data\processed\05_AN_uj\05_AN_uj_050.jpg,Disgust,Anger,12,5,0,negative
C:\Users\kundu\OneDrive\Desktop\KMU-FED-2\data\processed\12_AN_gu\12_AN_gu_188.jpg,C:\Users\kundu\OneDrive\Desktop\KMU-FED-2\data\processed\05_AN_uj\05_AN_uj_050.jpg,Anger,Anger,12,5,1,cross_subject_pos
C:\Users\kundu\OneDrive\Desktop\KMU-FED-2\data\processed\07_FE_sw\07_FE_sw_122.jpg,C:\Users\kundu\OneDrive\Desktop\KMU-FED-2\data\processed\07_HA_sw\07_HA_sw_130.jpg,Fear,Happiness,7,7,0,negative
C:\Users\kundu\OneDrive\Desktop\KMU-FED-2\data\processed\06_SU_dy\06_SU_dy_091.jpg,C:\Users\kundu\OneDrive\Desktop\KMU-FED-2\data\processed\09_SU_sj\09_SU_sj_108.jpg,Surprise,Surprise,6,9,1,cross_subject_pos
C:\Users\kundu\OneDrive\Desktop\KMU-FED-2\data\processed\05_SU_uj\05_SU_uj_076.jpg,C:\Users\kundu\OneDrive\Desktop\KMU-FED-2\data\processed\03_SU_s02\03_SU_s02_055.jpg,Surprise,Surprise,5,3,1,cross_subject_pos
C:\Users\kundu\OneDrive\Desktop\KMU-FED-2\data\processed\12_SA_gu\12_SA_gu_167.jpg,C:\Users\kundu\OneDrive\Desktop\KMU-FED-2\data\processed\01_SA_mr\01_SA_mr_013.jpg,Sadness,Sadness,12,1,1,cross_subject_pos
C:\Users\kundu\OneDrive\Desktop\KMU-FED-2\data\processed\05_FE_uj\05_FE_uj_082.jpg,C:\Users\kundu\OneDrive\Desktop\KMU-FED-2\data\processed\01_AN_mr\01_AN_mr_015.jpg,Fear,Anger,5,1,0,negative
C:\Users\kundu\OneDrive\Desktop\KMU-FED-2\data\processed\01_AN_mr\01_AN_mr_015.jpg,C:\Users\kundu\OneDrive\Desktop\KMU-FED-2\data\processed\07_HA_sw\07_HA_sw_116.jpg,Anger,Happiness,1,7,0,negative
C:\Users\kundu\OneDrive\Desktop\KMU-FED-2\data\processed\05_FE_uj\05_FE_uj_095.jpg,C:\Users\kundu\OneDrive\Desktop\KMU-FED-2\data\processed\05_FE_uj\05_FE_uj_081.jpg,Fear,Fear,5,5,1,same_subject_pos
C:\Users\kundu\OneDrive\Desktop\KMU-FED-2\data\processed\01_SU_mr\01_SU_mr_014.jpg,C:\Users\kundu\OneDrive\Desktop\KMU-FED-2\data\processed\03_HA_s02\03_HA_s02_047.jpg,Surprise,Happiness,1,3,0,negative
C:\Users\kundu\OneDrive\Desktop\KMU-FED-2\data\processed\09_HA_sj\09_HA_sj_167.jpg,C:\Users\kundu\OneDrive\Desktop\KMU-FED-2\data\processed\10_HA_ko\10_HA_ko_184.jpg,Happiness,Happiness,9,10,1,cross_subject_pos
C:\Users\kundu\OneDrive\Desktop\KMU-FED-2\data\processed\12_SA_gu\12_SA_gu_166.jpg,C:\Users\kundu\OneDrive\Desktop\KMU-FED-2\data\processed\12_HA_gu\12_HA_gu_174.jpg,Sadness,Happiness,12,12,0,negative
C:\Users\kundu\OneDrive\Desktop\KMU-FED-2\data\processed\10_SU_ko\10_SU_ko_111.jpg,C:\Users\kundu\OneDrive\Desktop\KMU-FED-2\data\processed\07_SU_sw\07_SU_sw_082.jpg,Surprise,Surprise,10,7,1,cross_subject_pos
C:\Users\kundu\OneDrive\Desktop\KMU-FED-2\data\processed\09_SU_sj\09_SU_sj_105.jpg,C:\Users\kundu\OneDrive\Desktop\KMU-FED-2\data\processed\10_SU_ko\10_SU_ko_126.jpg,Surprise,Surprise,9,10,1,cross_subject_pos
C:\Users\kundu\OneDrive\Desktop\KMU-FED-2\data\processed\07_AN_sw\07_AN_sw_097.jpg,C:\Users\kundu\OneDrive\Desktop\KMU-FED-2\data\processed\01_SA_mr\01_SA_mr_016.jpg,Anger,Sadness,7,1,0,negative
C:\Users\kundu\OneDrive\Desktop\KMU-FED-2\data\processed\05_AN_uj\05_AN_uj_044.jpg,C:\Users\kundu\OneDrive\Desktop\KMU-FED-2\data\processed\10_AN_ko\10_AN_ko_142.jpg,Anger,Anger,5,10,1,cross_subject_pos
C:\Users\kundu\OneDrive\Desktop\KMU-FED-2\data\processed\05_HA_uj\05_HA_uj_072.jpg,C:\Users\kundu\OneDrive\Desktop\KMU-FED-2\data\processed\01_HA_mr\01_HA_mr_020.jpg,Happiness,Happiness,5,1,1,cross_subject_pos
C:\Users\kundu\OneDrive\Desktop\KMU-FED-2\data\processed\01_FE_mr\01_FE_mr_015.jpg,C:\Users\kundu\OneDrive\Desktop\KMU-FED-2\data\processed\05_DI_uj\05_DI_uj_034.jpg,Fear,Disgust,1,5,0,negative
C:\Users\kundu\OneDrive\Desktop\KMU-FED-2\data\processed\05_AN_uj\05_AN_uj_046.jpg,C:\Users\kundu\OneDrive\Desktop\KMU-FED-2\data\processed\05_AN_uj\05_AN_uj_042.jpg,Anger,Anger,5,5,1,same_subject_pos
C:\Users\kundu\OneDrive\Desktop\KMU-FED-2\data\processed\06_FE_dy\06_FE_dy_118.jpg,C:\Users\kundu\OneDrive\Desktop\KMU-FED-2\data\processed\07_SU_sw\07_SU_sw_093.jpg,Fear,Surprise,6,7,0,negative
C:\Users\kundu\OneDrive\Desktop\KMU-FED-2\data\processed\03_FE_s02\03_FE_s02_055.jpg,C:\Users\kundu\OneDrive\Desktop\KMU-FED-2\data\processed\09_FE_sj\09_FE_sj_152.jpg,Fear,Fear,3,9,1,cross_subject_pos
C:\Users\kundu\OneDrive\Desktop\KMU-FED-2\data\processed\09_AN_sj\09_AN_sj_122.jpg,C:\Users\kundu\OneDrive\Desktop\KMU-FED-2\data\processed\01_SU_mr\01_SU_mr_004.jpg,Anger,Surprise,9,1,0,negative
C:\Users\kundu\OneDrive\Desktop\KMU-FED-2\data\processed\03_SU_s02\03_SU_s02_056.jpg,C:\Users\kundu\OneDrive\Desktop\KMU-FED-2\data\processed\01_DI_mr\01_DI_mr_007.jpg,Surprise,Disgust,3,1,0,negative
C:\Users\kundu\OneDrive\Desktop\KMU-FED-2\data\processed\03_SU_s02\03_SU_s02_052.jpg,C:\Users\kundu\OneDrive\Desktop\KMU-FED-2\data\processed\03_SU_s02\03_SU_s02_060.jpg,Surprise,Surprise,3,3,1,same_subject_pos
C:\Users\kundu\OneDrive\Desktop\KMU-FED-2\data\processed\06_SU_dy\06_SU_dy_092.jpg,C:\Users\kundu\OneDrive\Desktop\KMU-FED-2\data\processed\06_HA_dy\06_HA_dy_092.jpg,Surprise,Happiness,6,6,0,negative
C:\Users\kundu\OneDrive\Desktop\KMU-FED-2\data\processed\03_FE_s02\03_FE_s02_042.jpg,C:\Users\kundu\OneDrive\Desktop\KMU-FED-2\data\processed\03_FE_s02\03_FE_s02_041.jpg,Fear,Fear,3,3,1,same_subject_pos
C:\Users\kundu\OneDrive\Desktop\KMU-FED-2\data\processed\12_SA_gu\12_SA_gu_154.jpg,C:\Users\kundu\OneDrive\Desktop\KMU-FED-2\data\processed\07_SU_sw\07_SU_sw_100.jpg,Sadness,Surprise,12,7,0,negative
C:\Users\kundu\OneDrive\Desktop\KMU-FED-2\data\processed\07_AN_sw\07_AN_sw_088.jpg,C:\Users\kundu\OneDrive\Desktop\KMU-FED-2\data\processed\07_SU_sw\07_SU_sw_096.jpg,Anger,Surprise,7,7,0,negative
C:\Users\kundu\OneDrive\Desktop\KMU-FED-2\data\processed\01_DI_mr\01_DI_mr_016.jpg,C:\Users\kundu\OneDrive\Desktop\KMU-FED-2\data\processed\05_FE_uj\05_FE_uj_091.jpg,Disgust,Fear,1,5,0,negative
C:\Users\kundu\OneDrive\Desktop\KMU-FED-2\data\processed\05_FE_uj\05_FE_uj_086.jpg,C:\Users\kundu\OneDrive\Desktop\KMU-FED-2\data\processed\09_HA_sj\09_HA_sj_160.jpg,Fear,Happiness,5,9,0,negative
C:\Users\kundu\OneDrive\Desktop\KMU-FED-2\data\processed\12_HA_gu\12_HA_gu_173.jpg,C:\Users\kundu\OneDrive\Desktop\KMU-FED-2\data\processed\07_SA_sw\07_SA_sw_078.jpg,Happiness,Sadness,12,7,0,negative
C:\Users\kundu\OneDrive\Desktop\KMU-FED-2\data\processed\12_DI_gu\12_DI_gu_128.jpg,C:\Users\kundu\OneDrive\Desktop\KMU-FED-2\data\processed\07_SU_sw\07_SU_sw_095.jpg,Disgust,Surprise,12,7,0,negative
C:\Users\kundu\OneDrive\Desktop\KMU-FED-2\data\processed\03_SA_s02\03_SA_s02_021.jpg,C:\Users\kundu\OneDrive\Desktop\KMU-FED-2\data\processed\05_SA_uj\05_SA_uj_058.jpg,Sadness,Sadness,3,5,1,cross_subject_pos
C:\Users\kundu\OneDrive\Desktop\KMU-FED-2\data\processed\05_SA_uj\05_SA_uj_060.jpg,C:\Users\kundu\OneDrive\Desktop\KMU-FED-2\data\processed\07_SA_sw\07_SA_sw_080.jpg,Sadness,Sadness,5,7,1,cross_subject_pos
C:\Users\kundu\OneDrive\Desktop\KMU-FED-2\data\processed\03_FE_s02\03_FE_s02_045.jpg,C:\Users\kundu\OneDrive\Desktop\KMU-FED-2\data\processed\01_FE_mr\01_FE_mr_020.jpg,Fear,Fear,3,1,1,cross_subject_pos
C:\Users\kundu\OneDrive\Desktop\KMU-FED-2\data\processed\01_FE_mr\01_FE_mr_014.jpg,C:\Users\kundu\OneDrive\Desktop\KMU-FED-2\data\processed\06_FE_dy\06_FE_dy_115.jpg,Fear,Fear,1,6,1,cross_subject_pos
C:\Users\kundu\OneDrive\Desktop\KMU-FED-2\data\processed\05_SA_uj\05_SA_uj_064.jpg,C:\Users\kundu\OneDrive\Desktop\KMU-FED-2\data\processed\01_SU_mr\01_SU_mr_007.jpg,Sadness,Surprise,5,1,0,negative
C:\Users\kundu\OneDrive\Desktop\KMU-FED-2\data\processed\06_SA_dy\06_SA_dy_071.jpg,C:\Users\kundu\OneDrive\Desktop\KMU-FED-2\data\processed\12_SA_gu\12_SA_gu_162.jpg,Sadness,Sadness,6,12,1,cross_subject_pos
C:\Users\kundu\OneDrive\Desktop\KMU-FED-2\data\processed\09_SU_sj\09_SU_sj_105.jpg,C:\Users\kundu\OneDrive\Desktop\KMU-FED-2\data\processed\06_AN_dy\06_AN_dy_064.jpg,Surprise,Anger,9,6,0,negative
C:\Users\kundu\OneDrive\Desktop\KMU-FED-2\data\processed\01_DI_mr\01_DI_mr_004.jpg,C:\Users\kundu\OneDrive\Desktop\KMU-FED-2\data\processed\10_DI_ko\10_DI_ko_092.jpg,Disgust,Disgust,1,10,1,cross_subject_pos
C:\Users\kundu\OneDrive\Desktop\KMU-FED-2\data\processed\10_SU_ko\10_SU_ko_121.jpg,C:\Users\kundu\OneDrive\Desktop\KMU-FED-2\data\processed\05_FE_uj\05_FE_uj_099.jpg,Surprise,Fear,10,5,0,negative
C:\Users\kundu\OneDrive\Desktop\KMU-FED-2\data\processed\09_SU_sj\09_SU_sj_109.jpg,C:\Users\kundu\OneDrive\Desktop\KMU-FED-2\data\processed\10_SU_ko\10_SU_ko_122.jpg,Surprise,Surprise,9,10,1,cross_subject_pos
C:\Users\kundu\OneDrive\Desktop\KMU-FED-2\data\processed\12_DI_gu\12_DI_gu_125.jpg,C:\Users\kundu\OneDrive\Desktop\KMU-FED-2\data\processed\10_DI_ko\10_DI_ko_099.jpg,Disgust,Disgust,12,10,1,cross_subject_pos
C:\Users\kundu\OneDrive\Desktop\KMU-FED-2\data\processed\05_SA_uj\05_SA_uj_053.jpg,C:\Users\kundu\OneDrive\Desktop\KMU-FED-2\data\processed\07_SA_sw\07_SA_sw_085.jpg,Sadness,Sadness,5,7,1,cross_subject_pos
C:\Users\kundu\OneDrive\Desktop\KMU-FED-2\data\processed\01_DI_mr\01_DI_mr_013.jpg,C:\Users\kundu\OneDrive\Desktop\KMU-FED-2\data\processed\01_AN_mr\01_AN_mr_014.jpg,Disgust,Anger,1,1,0,negative
C:\Users\kundu\OneDrive\Desktop\KMU-FED-2\data\processed\05_DI_uj\05_DI_uj_036.jpg,C:\Users\kundu\OneDrive\Desktop\KMU-FED-2\data\processed\07_FE_sw\07_FE_sw_127.jpg,Disgust,Fear,5,7,0,negative
C:\Users\kundu\OneDrive\Desktop\KMU-FED-2\data\processed\05_FE_uj\05_FE_uj_100.jpg,C:\Users\kundu\OneDrive\Desktop\KMU-FED-2\data\processed\09_FE_sj\09_FE_sj_153.jpg,Fear,Fear,5,9,1,cross_subject_pos
C:\Users\kundu\OneDrive\Desktop\KMU-FED-2\data\processed\12_SA_gu\12_SA_gu_164.jpg,C:\Users\kundu\OneDrive\Desktop\KMU-FED-2\data\processed\10_HA_ko\10_HA_ko_190.jpg,Sadness,Happiness,12,10,0,negative
C:\Users\kundu\OneDrive\Desktop\KMU-FED-2\data\processed\03_HA_s02\03_HA_s02_050.jpg,C:\Users\kundu\OneDrive\Desktop\KMU-FED-2\data\processed\09_HA_sj\09_HA_sj_165.jpg,Happiness,Happiness,3,9,1,cross_subject_pos
C:\Users\kundu\OneDrive\Desktop\KMU-FED-2\data\processed\05_FE_uj\05_FE_uj_093.jpg,C:\Users\kundu\OneDrive\Desktop\KMU-FED-2\data\processed\06_FE_dy\06_FE_dy_113.jpg,Fear,Fear,5,6,1,cross_subject_pos
C:\Users\kundu\OneDrive\Desktop\KMU-FED-2\data\processed\03_HA_s02\03_HA_s02_049.jpg,C:\Users\kundu\OneDrive\Desktop\KMU-FED-2\data\processed\07_HA_sw\07_HA_sw_115.jpg,Happiness,Happiness,3,7,1,cross_subject_pos
C:\Users\kundu\OneDrive\Desktop\KMU-FED-2\data\processed\06_HA_dy\06_HA_dy_097.jpg,C:\Users\kundu\OneDrive\Desktop\KMU-FED-2\data\processed\07_HA_sw\07_HA_sw_130.jpg,Happiness,Happiness,6,7,1,cross_subject_pos
C:\Users\kundu\OneDrive\Desktop\KMU-FED-2\data\processed\06_DI_dy\06_DI_dy_063.jpg,C:\Users\kundu\OneDrive\Desktop\KMU-FED-2\data\processed\05_DI_uj\05_DI_uj_032.jpg,Disgust,Disgust,6,5,1,cross_subject_pos
C:\Users\kundu\OneDrive\Desktop\KMU-FED-2\data\processed\06_DI_dy\06_DI_dy_054.jpg,C:\Users\kundu\OneDrive\Desktop\KMU-FED-2\data\processed\09_AN_sj\09_AN_sj_125.jpg,Disgust,Anger,6,9,0,negative
C:\Users\kundu\OneDrive\Desktop\KMU-FED-2\data\processed\07_FE_sw\07_FE_sw_123.jpg,C:\Users\kundu\OneDrive\Desktop\KMU-FED-2\data\processed\01_HA_mr\01_HA_mr_016.jpg,Fear,Happiness,7,1,0,negative
C:\Users\kundu\OneDrive\Desktop\KMU-FED-2\data\processed\07_SA_sw\07_SA_sw_073.jpg,C:\Users\kundu\OneDrive\Desktop\KMU-FED-2\data\processed\12_SA_gu\12_SA_gu_160.jpg,Sadness,Sadness,7,12,1,cross_subject_pos
C:\Users\kundu\OneDrive\Desktop\KMU-FED-2\data\processed\06_DI_dy\06_DI_dy_066.jpg,C:\Users\kundu\OneDrive\Desktop\KMU-FED-2\data\processed\05_DI_uj\05_DI_uj_032.jpg,Disgust,Disgust,6,5,1,cross_subject_pos
C:\Users\kundu\OneDrive\Desktop\KMU-FED-2\data\processed\06_HA_dy\06_HA_dy_095.jpg,C:\Users\kundu\OneDrive\Desktop\KMU-FED-2\data\processed\05_HA_uj\05_HA_uj_076.jpg,Happiness,Happiness,6,5,1,cross_subject_pos
C:\Users\kundu\OneDrive\Desktop\KMU-FED-2\data\processed\06_SU_dy\06_SU_dy_082.jpg,C:\Users\kundu\OneDrive\Desktop\KMU-FED-2\data\processed\06_SA_dy\06_SA_dy_090.jpg,Surprise,Sadness,6,6,0,negative
C:\Users\kundu\OneDrive\Desktop\KMU-FED-2\data\processed\07_SA_sw\07_SA_sw_072.jpg,C:\Users\kundu\OneDrive\Desktop\KMU-FED-2\data\processed\12_SA_gu\12_SA_gu_154.jpg,Sadness,Sadness,7,12,1,cross_subject_pos
C:\Users\kundu\OneDrive\Desktop\KMU-FED-2\data\processed\07_SU_sw\07_SU_sw_082.jpg,C:\Users\kundu\OneDrive\Desktop\KMU-FED-2\data\processed\06_DI_dy\06_DI_dy_068.jpg,Surprise,Disgust,7,6,0,negative
C:\Users\kundu\OneDrive\Desktop\KMU-FED-2\data\processed\01_AN_mr\01_AN_mr_016.jpg,C:\Users\kundu\OneDrive\Desktop\KMU-FED-2\data\processed\06_AN_dy\06_AN_dy_067.jpg,Anger,Anger,1,6,1,cross_subject_pos
C:\Users\kundu\OneDrive\Desktop\KMU-FED-2\data\processed\07_HA_sw\07_HA_sw_115.jpg,C:\Users\kundu\OneDrive\Desktop\KMU-FED-2\data\processed\06_DI_dy\06_DI_dy_070.jpg,Happiness,Disgust,7,6,0,negative
C:\Users\kundu\OneDrive\Desktop\KMU-FED-2\data\processed\01_DI_mr\01_DI_mr_013.jpg,C:\Users\kundu\OneDrive\Desktop\KMU-FED-2\data\processed\01_DI_mr\01_DI_mr_004.jpg,Disgust,Disgust,1,1,1,same_subject_pos
C:\Users\kundu\OneDrive\Desktop\KMU-FED-2\data\processed\07_AN_sw\07_AN_sw_091.jpg,C:\Users\kundu\OneDrive\Desktop\KMU-FED-2\data\processed\01_AN_mr\01_AN_mr_015.jpg,Anger,Anger,7,1,1,cross_subject_pos
C:\Users\kundu\OneDrive\Desktop\KMU-FED-2\data\processed\10_DI_ko\10_DI_ko_096.jpg,C:\Users\kundu\OneDrive\Desktop\KMU-FED-2\data\processed\03_HA_s02\03_HA_s02_040.jpg,Disgust,Happiness,10,3,0,negative
C:\Users\kundu\OneDrive\Desktop\KMU-FED-2\data\processed\06_SU_dy\06_SU_dy_085.jpg,C:\Users\kundu\OneDrive\Desktop\KMU-FED-2\data\processed\03_SU_s02\03_SU_s02_055.jpg,Surprise,Surprise,6,3,1,cross_subject_pos
C:\Users\kundu\OneDrive\Desktop\KMU-FED-2\data\processed\10_FE_ko\10_FE_ko_179.jpg,C:\Users\kundu\OneDrive\Desktop\KMU-FED-2\data\processed\05_DI_uj\05_DI_uj_033.jpg,Fear,Disgust,10,5,0,negative
C:\Users\kundu\OneDrive\Desktop\KMU-FED-2\data\processed\03_SU_s02\03_SU_s02_059.jpg,C:\Users\kundu\OneDrive\Desktop\KMU-FED-2\data\processed\10_SU_ko\10_SU_ko_118.jpg,Surprise,Surprise,3,10,1,cross_subject_pos
C:\Users\kundu\OneDrive\Desktop\KMU-FED-2\data\processed\07_HA_sw\07_HA_sw_122.jpg,C:\Users\kundu\OneDrive\Desktop\KMU-FED-2\data\processed\03_SA_s02\03_SA_s02_040.jpg,Happiness,Sadness,7,3,0,negative
C:\Users\kundu\OneDrive\Desktop\KMU-FED-2\data\processed\07_SU_sw\07_SU_sw_097.jpg,C:\Users\kundu\OneDrive\Desktop\KMU-FED-2\data\processed\07_SU_sw\07_SU_sw_086.jpg,Surprise,Surprise,7,7,1,same_subject_pos
C:\Users\kundu\OneDrive\Desktop\KMU-FED-2\data\processed\07_SA_sw\07_SA_sw_086.jpg,C:\Users\kundu\OneDrive\Desktop\KMU-FED-2\data\processed\10_HA_ko\10_HA_ko_187.jpg,Sadness,Happiness,7,10,0,negative
C:\Users\kundu\OneDrive\Desktop\KMU-FED-2\data\processed\01_SU_mr\01_SU_mr_011.jpg,C:\Users\kundu\OneDrive\Desktop\KMU-FED-2\data\processed\03_SU_s02\03_SU_s02_055.jpg,Surprise,Surprise,1,3,1,cross_subject_pos
C:\Users\kundu\OneDrive\Desktop\KMU-FED-2\data\processed\05_DI_uj\05_DI_uj_033.jpg,C:\Users\kundu\OneDrive\Desktop\KMU-FED-2\data\processed\06_DI_dy\06_DI_dy_051.jpg,Disgust,Disgust,5,6,1,cross_subject_pos
C:\Users\kundu\OneDrive\Desktop\KMU-FED-2\data\processed\03_SU_s02\03_SU_s02_045.jpg,C:\Users\kundu\OneDrive\Desktop\KMU-FED-2\data\processed\05_SU_uj\05_SU_uj_076.jpg,Surprise,Surprise,3,5,1,cross_subject_pos
C:\Users\kundu\OneDrive\Desktop\KMU-FED-2\data\processed\07_SA_sw\07_SA_sw_074.jpg,C:\Users\kundu\OneDrive\Desktop\KMU-FED-2\data\processed\06_SA_dy\06_SA_dy_081.jpg,Sadness,Sadness,7,6,1,cross_subject_pos
C:\Users\kundu\OneDrive\Desktop\KMU-FED-2\data\processed\09_HA_sj\09_HA_sj_157.jpg,C:\Users\kundu\OneDrive\Desktop\KMU-FED-2\data\processed\01_SU_mr\01_SU_mr_001.jpg,Happiness,Surprise,9,1,0,negative
C:\Users\kundu\OneDrive\Desktop\KMU-FED-2\data\processed\12_AN_gu\12_AN_gu_180.jpg,C:\Users\kundu\OneDrive\Desktop\KMU-FED-2\data\processed\05_AN_uj\05_AN_uj_045.jpg,Anger,Anger,12,5,1,cross_subject_pos
C:\Users\kundu\OneDrive\Desktop\KMU-FED-2\data\processed\03_HA_s02\03_HA_s02_037.jpg,C:\Users\kundu\OneDrive\Desktop\KMU-FED-2\data\processed\01_FE_mr\01_FE_mr_005.jpg,Happiness,Fear,3,1,0,negative
C:\Users\kundu\OneDrive\Desktop\KMU-FED-2\data\processed\03_AN_s02\03_AN_s02_034.jpg,C:\Users\kundu\OneDrive\Desktop\KMU-FED-2\data\processed\10_AN_ko\10_AN_ko_148.jpg,Anger,Anger,3,10,1,cross_subject_pos
C:\Users\kundu\OneDrive\Desktop\KMU-FED-2\data\processed\01_AN_mr\01_AN_mr_018.jpg,C:\Users\kundu\OneDrive\Desktop\KMU-FED-2\data\processed\07_SU_sw\07_SU_sw_086.jpg,Anger,Surprise,1,7,0,negative
C:\Users\kundu\OneDrive\Desktop\KMU-FED-2\data\processed\09_SU_sj\09_SU_sj_102.jpg,C:\Users\kundu\OneDrive\Desktop\KMU-FED-2\data\processed\06_SU_dy\06_SU_dy_093.jpg,Surprise,Surprise,9,6,1,cross_subject_pos
C:\Users\kundu\OneDrive\Desktop\KMU-FED-2\data\processed\03_FE_s02\03_FE_s02_054.jpg,C:\Users\kundu\OneDrive\Desktop\KMU-FED-2\data\processed\09_FE_sj\09_FE_sj_159.jpg,Fear,Fear,3,9,1,cross_subject_pos
C:\Users\kundu\OneDrive\Desktop\KMU-FED-2\data\processed\07_AN_sw\07_AN_sw_091.jpg,C:\Users\kundu\OneDrive\Desktop\KMU-FED-2\data\processed\07_SU_sw\07_SU_sw_088.jpg,Anger,Surprise,7,7,0,negative
C:\Users\kundu\OneDrive\Desktop\KMU-FED-2\data\processed\09_SA_sj\09_SA_sj_110.jpg,C:\Users\kundu\OneDrive\Desktop\KMU-FED-2\data\processed\10_FE_ko\10_FE_ko_161.jpg,Sadness,Fear,9,10,0,negative
C:\Users\kundu\OneDrive\Desktop\KMU-FED-2\data\processed\07_SU_sw\07_SU_sw_084.jpg,C:\Users\kundu\OneDrive\Desktop\KMU-FED-2\data\processed\01_SU_mr\01_SU_mr_002.jpg,Surprise,Surprise,7,1,1,cross_subject_pos
C:\Users\kundu\OneDrive\Desktop\KMU-FED-2\data\processed\09_HA_sj\09_HA_sj_168.jpg,C:\Users\kundu\OneDrive\Desktop\KMU-FED-2\data\processed\01_AN_mr\01_AN_mr_017.jpg,Happiness,Anger,9,1,0,negative
C:\Users\kundu\OneDrive\Desktop\KMU-FED-2\data\processed\10_FE_ko\10_FE_ko_163.jpg,C:\Users\kundu\OneDrive\Desktop\KMU-FED-2\data\processed\01_FE_mr\01_FE_mr_019.jpg,Fear,Fear,10,1,1,cross_subject_pos
C:\Users\kundu\OneDrive\Desktop\KMU-FED-2\data\processed\09_SA_sj\09_SA_sj_115.jpg,C:\Users\kundu\OneDrive\Desktop\KMU-FED-2\data\processed\01_DI_mr\01_DI_mr_003.jpg,Sadness,Disgust,9,1,0,negative
C:\Users\kundu\OneDrive\Desktop\KMU-FED-2\data\processed\12_SA_gu\12_SA_gu_164.jpg,C:\Users\kundu\OneDrive\Desktop\KMU-FED-2\data\processed\01_SA_mr\01_SA_mr_008.jpg,Sadness,Sadness,12,1,1,cross_subject_pos
C:\Users\kundu\OneDrive\Desktop\KMU-FED-2\data\processed\01_AN_mr\01_AN_mr_011.jpg,C:\Users\kundu\OneDrive\Desktop\KMU-FED-2\data\processed\10_AN_ko\10_AN_ko_149.jpg,Anger,Anger,1,10,1,cross_subject_pos
C:\Users\kundu\OneDrive\Desktop\KMU-FED-2\data\processed\10_FE_ko\10_FE_ko_172.jpg,C:\Users\kundu\OneDrive\Desktop\KMU-FED-2\data\processed\03_FE_s02\03_FE_s02_047.jpg,Fear,Fear,10,3,1,cross_subject_pos
C:\Users\kundu\OneDrive\Desktop\KMU-FED-2\data\processed\06_SA_dy\06_SA_dy_077.jpg,C:\Users\kundu\OneDrive\Desktop\KMU-FED-2\data\processed\03_HA_s02\03_HA_s02_049.jpg,Sadness,Happiness,6,3,0,negative
C:\Users\kundu\OneDrive\Desktop\KMU-FED-2\data\processed\07_HA_sw\07_HA_sw_119.jpg,C:\Users\kundu\OneDrive\Desktop\KMU-FED-2\data\processed\01_HA_mr\01_HA_mr_019.jpg,Happiness,Happiness,7,1,1,cross_subject_pos
C:\Users\kundu\OneDrive\Desktop\KMU-FED-2\data\processed\05_AN_uj\05_AN_uj_048.jpg,C:\Users\kundu\OneDrive\Desktop\KMU-FED-2\data\processed\06_HA_dy\06_HA_dy_094.jpg,Anger,Happiness,5,6,0,negative
C:\Users\kundu\OneDrive\Desktop\KMU-FED-2\data\processed\06_DI_dy\06_DI_dy_061.jpg,C:\Users\kundu\OneDrive\Desktop\KMU-FED-2\data\processed\06_DI_dy\06_DI_dy_051.jpg,Disgust,Disgust,6,6,1,same_subject_pos
C:\Users\kundu\OneDrive\Desktop\KMU-FED-2\data\processed\01_SU_mr\01_SU_mr_007.jpg,C:\Users\kundu\OneDrive\Desktop\KMU-FED-2\data\processed\09_SU_sj\09_SU_sj_108.jpg,Surprise,Surprise,1,9,1,cross_subject_pos
C:\Users\kundu\OneDrive\Desktop\KMU-FED-2\data\processed\06_HA_dy\06_HA_dy_106.jpg,C:\Users\kundu\OneDrive\Desktop\KMU-FED-2\data\processed\07_HA_sw\07_HA_sw_128.jpg,Happiness,Happiness,6,7,1,cross_subject_pos
C:\Users\kundu\OneDrive\Desktop\KMU-FED-2\data\processed\01_AN_mr\01_AN_mr_018.jpg,C:\Users\kundu\OneDrive\Desktop\KMU-FED-2\data\processed\06_AN_dy\06_AN_dy_071.jpg,Anger,Anger,1,6,1,cross_subject_pos
C:\Users\kundu\OneDrive\Desktop\KMU-FED-2\data\processed\01_HA_mr\01_HA_mr_011.jpg,C:\Users\kundu\OneDrive\Desktop\KMU-FED-2\data\processed\07_SA_sw\07_SA_sw_084.jpg,Happiness,Sadness,1,7,0,negative
C:\Users\kundu\OneDrive\Desktop\KMU-FED-2\data\processed\06_SA_dy\06_SA_dy_085.jpg,C:\Users\kundu\OneDrive\Desktop\KMU-FED-2\data\processed\05_SA_uj\05_SA_uj_070.jpg,Sadness,Sadness,6,5,1,cross_subject_pos
C:\Users\kundu\OneDrive\Desktop\KMU-FED-2\data\processed\01_FE_mr\01_FE_mr_011.jpg,C:\Users\kundu\OneDrive\Desktop\KMU-FED-2\data\processed\03_FE_s02\03_FE_s02_060.jpg,Fear,Fear,1,3,1,cross_subject_pos
C:\Users\kundu\OneDrive\Desktop\KMU-FED-2\data\processed\01_SU_mr\01_SU_mr_018.jpg,C:\Users\kundu\OneDrive\Desktop\KMU-FED-2\data\processed\01_DI_mr\01_DI_mr_002.jpg,Surprise,Disgust,1,1,0,negative
C:\Users\kundu\OneDrive\Desktop\KMU-FED-2\data\processed\03_HA_s02\03_HA_s02_033.jpg,C:\Users\kundu\OneDrive\Desktop\KMU-FED-2\data\processed\09_AN_sj\09_AN_sj_140.jpg,Happiness,Anger,3,9,0,negative
C:\Users\kundu\OneDrive\Desktop\KMU-FED-2\data\processed\01_SU_mr\01_SU_mr_004.jpg,C:\Users\kundu\OneDrive\Desktop\KMU-FED-2\data\processed\07_SA_sw\07_SA_sw_078.jpg,Surprise,Sadness,1,7,0,negative
C:\Users\kundu\OneDrive\Desktop\KMU-FED-2\data\processed\06_SU_dy\06_SU_dy_082.jpg,C:\Users\kundu\OneDrive\Desktop\KMU-FED-2\data\processed\12_SA_gu\12_SA_gu_152.jpg,Surprise,Sadness,6,12,0,negative
C:\Users\kundu\OneDrive\Desktop\KMU-FED-2\data\processed\01_FE_mr\01_FE_mr_003.jpg,C:\Users\kundu\OneDrive\Desktop\KMU-FED-2\data\processed\06_FE_dy\06_FE_dy_116.jpg,Fear,Fear,1,6,1,cross_subject_pos
C:\Users\kundu\OneDrive\Desktop\KMU-FED-2\data\processed\12_DI_gu\12_DI_gu_121.jpg,C:\Users\kundu\OneDrive\Desktop\KMU-FED-2\data\processed\06_SU_dy\06_SU_dy_085.jpg,Disgust,Surprise,12,6,0,negative
C:\Users\kundu\OneDrive\Desktop\KMU-FED-2\data\processed\05_HA_uj\05_HA_uj_072.jpg,C:\Users\kundu\OneDrive\Desktop\KMU-FED-2\data\processed\12_DI_gu\12_DI_gu_129.jpg,Happiness,Disgust,5,12,0,negative
C:\Users\kundu\OneDrive\Desktop\KMU-FED-2\data\processed\05_FE_uj\05_FE_uj_083.jpg,C:\Users\kundu\OneDrive\Desktop\KMU-FED-2\data\processed\05_FE_uj\05_FE_uj_081.jpg,Fear,Fear,5,5,1,same_subject_pos
C:\Users\kundu\OneDrive\Desktop\KMU-FED-2\data\processed\06_DI_dy\06_DI_dy_053.jpg,C:\Users\kundu\OneDrive\Desktop\KMU-FED-2\data\processed\06_DI_dy\06_DI_dy_058.jpg,Disgust,Disgust,6,6,1,same_subject_pos
C:\Users\kundu\OneDrive\Desktop\KMU-FED-2\data\processed\05_HA_uj\05_HA_uj_075.jpg,C:\Users\kundu\OneDrive\Desktop\KMU-FED-2\data\processed\01_DI_mr\01_DI_mr_005.jpg,Happiness,Disgust,5,1,0,negative
C:\Users\kundu\OneDrive\Desktop\KMU-FED-2\data\processed\03_HA_s02\03_HA_s02_031.jpg,C:\Users\kundu\OneDrive\Desktop\KMU-FED-2\data\processed\09_HA_sj\09_HA_sj_154.jpg,Happiness,Happiness,3,9,1,cross_subject_pos
C:\Users\kundu\OneDrive\Desktop\KMU-FED-2\data\processed\01_DI_mr\01_DI_mr_013.jpg,C:\Users\kundu\OneDrive\Desktop\KMU-FED-2\data\processed\01_DI_mr\01_DI_mr_011.jpg,Disgust,Disgust,1,1,1,same_subject_pos
C:\Users\kundu\OneDrive\Desktop\KMU-FED-2\data\processed\12_SA_gu\12_SA_gu_157.jpg,C:\Users\kundu\OneDrive\Desktop\KMU-FED-2\data\processed\12_DI_gu\12_DI_gu_126.jpg,Sadness,Disgust,12,12,0,negative
C:\Users\kundu\OneDrive\Desktop\KMU-FED-2\data\processed\12_DI_gu\12_DI_gu_129.jpg,C:\Users\kundu\OneDrive\Desktop\KMU-FED-2\data\processed\01_DI_mr\01_DI_mr_004.jpg,Disgust,Disgust,12,1,1,cross_subject_pos
C:\Users\kundu\OneDrive\Desktop\KMU-FED-2\data\processed\03_HA_s02\03_HA_s02_037.jpg,C:\Users\kundu\OneDrive\Desktop\KMU-FED-2\data\processed\09_AN_sj\09_AN_sj_134.jpg,Happiness,Anger,3,9,0,negative
C:\Users\kundu\OneDrive\Desktop\KMU-FED-2\data\processed\07_SA_sw\07_SA_sw_071.jpg,C:\Users\kundu\OneDrive\Desktop\KMU-FED-2\data\processed\06_SA_dy\06_SA_dy_077.jpg,Sadness,Sadness,7,6,1,cross_subject_pos
C:\Users\kundu\OneDrive\Desktop\KMU-FED-2\data\processed\06_DI_dy\06_DI_dy_052.jpg,C:\Users\kundu\OneDrive\Desktop\KMU-FED-2\data\processed\01_DI_mr\01_DI_mr_009.jpg,Disgust,Disgust,6,1,1,cross_subject_pos
C:\Users\kundu\OneDrive\Desktop\KMU-FED-2\data\processed\12_AN_gu\12_AN_gu_187.jpg,C:\Users\kundu\OneDrive\Desktop\KMU-FED-2\data\processed\06_DI_dy\06_DI_dy_070.jpg,Anger,Disgust,12,6,0,negative
C:\Users\kundu\OneDrive\Desktop\KMU-FED-2\data\processed\03_HA_s02\03_HA_s02_037.jpg,C:\Users\kundu\OneDrive\Desktop\KMU-FED-2\data\processed\09_SU_sj\09_SU_sj_105.jpg,Happiness,Surprise,3,9,0,negative
C:\Users\kundu\OneDrive\Desktop\KMU-FED-2\data\processed\03_HA_s02\03_HA_s02_050.jpg,C:\Users\kundu\OneDrive\Desktop\KMU-FED-2\data\processed\03_FE_s02\03_FE_s02_059.jpg,Happiness,Fear,3,3,0,negative
C:\Users\kundu\OneDrive\Desktop\KMU-FED-2\data\processed\12_HA_gu\12_HA_gu_180.jpg,C:\Users\kundu\OneDrive\Desktop\KMU-FED-2\data\processed\07_HA_sw\07_HA_sw_113.jpg,Happiness,Happiness,12,7,1,cross_subject_pos
C:\Users\kundu\OneDrive\Desktop\KMU-FED-2\data\processed\06_AN_dy\06_AN_dy_065.jpg,C:\Users\kundu\OneDrive\Desktop\KMU-FED-2\data\processed\10_DI_ko\10_DI_ko_095.jpg,Anger,Disgust,6,10,0,negative
C:\Users\kundu\OneDrive\Desktop\KMU-FED-2\data\processed\07_AN_sw\07_AN_sw_098.jpg,C:\Users\kundu\OneDrive\Desktop\KMU-FED-2\data\processed\05_AN_uj\05_AN_uj_054.jpg,Anger,Anger,7,5,1,cross_subject_pos
C:\Users\kundu\OneDrive\Desktop\KMU-FED-2\data\processed\07_FE_sw\07_FE_sw_123.jpg,C:\Users\kundu\OneDrive\Desktop\KMU-FED-2\data\processed\01_FE_mr\01_FE_mr_011.jpg,Fear,Fear,7,1,1,cross_subject_pos
C:\Users\kundu\OneDrive\Desktop\KMU-FED-2\data\processed\07_HA_sw\07_HA_sw_118.jpg,C:\Users\kundu\OneDrive\Desktop\KMU-FED-2\data\processed\06_DI_dy\06_DI_dy_070.jpg,Happiness,Disgust,7,6,0,negative
C:\Users\kundu\OneDrive\Desktop\KMU-FED-2\data\processed\09_HA_sj\09_HA_sj_158.jpg,C:\Users\kundu\OneDrive\Desktop\KMU-FED-2\data\processed\01_HA_mr\01_HA_mr_010.jpg,Happiness,Happiness,9,1,1,cross_subject_pos
C:\Users\kundu\OneDrive\Desktop\KMU-FED-2\data\processed\07_AN_sw\07_AN_sw_093.jpg,C:\Users\kundu\OneDrive\Desktop\KMU-FED-2\data\processed\10_HA_ko\10_HA_ko_189.jpg,Anger,Happiness,7,10,0,negative
C:\Users\kundu\OneDrive\Desktop\KMU-FED-2\data\processed\05_SA_uj\05_SA_uj_057.jpg,C:\Users\kundu\OneDrive\Desktop\KMU-FED-2\data\processed\09_AN_sj\09_AN_sj_137.jpg,Sadness,Anger,5,9,0,negative
C:\Users\kundu\OneDrive\Desktop\KMU-FED-2\data\processed\01_HA_mr\01_HA_mr_001.jpg,C:\Users\kundu\OneDrive\Desktop\KMU-FED-2\data\processed\10_DI_ko\10_DI_ko_092.jpg,Happiness,Disgust,1,10,0,negative
C:\Users\kundu\OneDrive\Desktop\KMU-FED-2\data\processed\06_AN_dy\06_AN_dy_072.jpg,C:\Users\kundu\OneDrive\Desktop\KMU-FED-2\data\processed\05_AN_uj\05_AN_uj_051.jpg,Anger,Anger,6,5,1,cross_subject_pos
C:\Users\kundu\OneDrive\Desktop\KMU-FED-2\data\processed\01_SU_mr\01_SU_mr_006.jpg,C:\Users\kundu\OneDrive\Desktop\KMU-FED-2\data\processed\05_SU_uj\05_SU_uj_076.jpg,Surprise,Surprise,1,5,1,cross_subject_pos
C:\Users\kundu\OneDrive\Desktop\KMU-FED-2\data\processed\09_FE_sj\09_FE_sj_158.jpg,C:\Users\kundu\OneDrive\Desktop\KMU-FED-2\data\processed\05_AN_uj\05_AN_uj_048.jpg,Fear,Anger,9,5,0,negative
C:\Users\kundu\OneDrive\Desktop\KMU-FED-2\data\processed\05_SU_uj\05_SU_uj_062.jpg,C:\Users\kundu\OneDrive\Desktop\KMU-FED-2\data\processed\10_SU_ko\10_SU_ko_121.jpg,Surprise,Surprise,5,10,1,cross_subject_pos
C:\Users\kundu\OneDrive\Desktop\KMU-FED-2\data\processed\07_FE_sw\07_FE_sw_130.jpg,C:\Users\kundu\OneDrive\Desktop\KMU-FED-2\data\processed\05_SA_uj\05_SA_uj_067.jpg,Fear,Sadness,7,5,0,negative
C:\Users\kundu\OneDrive\Desktop\KMU-FED-2\data\processed\07_SA_sw\07_SA_sw_074.jpg,C:\Users\kundu\OneDrive\Desktop\KMU-FED-2\data\processed\07_SA_sw\07_SA_sw_088.jpg,Sadness,Sadness,7,7,1,same_subject_pos
C:\Users\kundu\OneDrive\Desktop\KMU-FED-2\data\processed\07_SA_sw\07_SA_sw_076.jpg,C:\Users\kundu\OneDrive\Desktop\KMU-FED-2\data\processed\07_SU_sw\07_SU_sw_089.jpg,Sadness,Surprise,7,7,0,negative
C:\Users\kundu\OneDrive\Desktop\KMU-FED-2\data\processed\01_AN_mr\01_AN_mr_016.jpg,C:\Users\kundu\OneDrive\Desktop\KMU-FED-2\data\processed\09_AN_sj\09_AN_sj_132.jpg,Anger,Anger,1,9,1,cross_subject_pos
C:\Users\kundu\OneDrive\Desktop\KMU-FED-2\data\processed\01_FE_mr\01_FE_mr_014.jpg,C:\Users\kundu\OneDrive\Desktop\KMU-FED-2\data\processed\01_FE_mr\01_FE_mr_012.jpg,Fear,Fear,1,1,1,same_subject_pos
C:\Users\kundu\OneDrive\Desktop\KMU-FED-2\data\processed\06_DI_dy\06_DI_dy_070.jpg,C:\Users\kundu\OneDrive\Desktop\KMU-FED-2\data\processed\06_DI_dy\06_DI_dy_061.jpg,Disgust,Disgust,6,6,1,same_subject_pos
C:\Users\kundu\OneDrive\Desktop\KMU-FED-2\data\processed\12_SA_gu\12_SA_gu_158.jpg,C:\Users\kundu\OneDrive\Desktop\KMU-FED-2\data\processed\10_HA_ko\10_HA_ko_177.jpg,Sadness,Happiness,12,10,0,negative
C:\Users\kundu\OneDrive\Desktop\KMU-FED-2\data\processed\01_DI_mr\01_DI_mr_019.jpg,C:\Users\kundu\OneDrive\Desktop\KMU-FED-2\data\processed\10_DI_ko\10_DI_ko_092.jpg,Disgust,Disgust,1,10,1,cross_subject_pos
C:\Users\kundu\OneDrive\Desktop\KMU-FED-2\data\processed\09_HA_sj\09_HA_sj_160.jpg,C:\Users\kundu\OneDrive\Desktop\KMU-FED-2\data\processed\01_SU_mr\01_SU_mr_001.jpg,Happiness,Surprise,9,1,0,negative
C:\Users\kundu\OneDrive\Desktop\KMU-FED-2\data\processed\09_HA_sj\09_HA_sj_163.jpg,C:\Users\kundu\OneDrive\Desktop\KMU-FED-2\data\processed\05_HA_uj\05_HA_uj_079.jpg,Happiness,Happiness,9,5,1,cross_subject_pos
C:\Users\kundu\OneDrive\Desktop\KMU-FED-2\data\processed\10_AN_ko\10_AN_ko_146.jpg,C:\Users\kundu\OneDrive\Desktop\KMU-FED-2\data\processed\07_SU_sw\07_SU_sw_092.jpg,Anger,Surprise,10,7,0,negative
C:\Users\kundu\OneDrive\Desktop\KMU-FED-2\data\processed\07_FE_sw\07_FE_sw_129.jpg,C:\Users\kundu\OneDrive\Desktop\KMU-FED-2\data\processed\01_FE_mr\01_FE_mr_019.jpg,Fear,Fear,7,1,1,cross_subject_pos
C:\Users\kundu\OneDrive\Desktop\KMU-FED-2\data\processed\03_HA_s02\03_HA_s02_045.jpg,C:\Users\kundu\OneDrive\Desktop\KMU-FED-2\data\processed\06_HA_dy\06_HA_dy_106.jpg,Happiness,Happiness,3,6,1,cross_subject_pos
C:\Users\kundu\OneDrive\Desktop\KMU-FED-2\data\processed\09_HA_sj\09_HA_sj_161.jpg,C:\Users\kundu\OneDrive\Desktop\KMU-FED-2\data\processed\05_FE_uj\05_FE_uj_082.jpg,Happiness,Fear,9,5,0,negative
C:\Users\kundu\OneDrive\Desktop\KMU-FED-2\data\processed\05_FE_uj\05_FE_uj_097.jpg,C:\Users\kundu\OneDrive\Desktop\KMU-FED-2\data\processed\07_FE_sw\07_FE_sw_138.jpg,Fear,Fear,5,7,1,cross_subject_pos
C:\Users\kundu\OneDrive\Desktop\KMU-FED-2\data\processed\09_SU_sj\09_SU_sj_109.jpg,C:\Users\kundu\OneDrive\Desktop\KMU-FED-2\data\processed\03_SU_s02\03_SU_s02_059.jpg,Surprise,Surprise,9,3,1,cross_subject_pos
C:\Users\kundu\OneDrive\Desktop\KMU-FED-2\data\processed\07_SU_sw\07_SU_sw_087.jpg,C:\Users\kundu\OneDrive\Desktop\KMU-FED-2\data\processed\01_SU_mr\01_SU_mr_007.jpg,Surprise,Surprise,7,1,1,cross_subject_pos
C:\Users\kundu\OneDrive\Desktop\KMU-FED-2\data\processed\07_AN_sw\07_AN_sw_100.jpg,C:\Users\kundu\OneDrive\Desktop\KMU-FED-2\data\processed\06_HA_dy\06_HA_dy_095.jpg,Anger,Happiness,7,6,0,negative
C:\Users\kundu\OneDrive\Desktop\KMU-FED-2\data\processed\06_AN_dy\06_AN_dy_074.jpg,C:\Users\kundu\OneDrive\Desktop\KMU-FED-2\data\processed\05_AN_uj\05_AN_uj_060.jpg,Anger,Anger,6,5,1,cross_subject_pos
C:\Users\kundu\OneDrive\Desktop\KMU-FED-2\data\processed\06_SU_dy\06_SU_dy_096.jpg,C:\Users\kundu\OneDrive\Desktop\KMU-FED-2\data\processed\09_AN_sj\09_AN_sj_124.jpg,Surprise,Anger,6,9,0,negative
C:\Users\kundu\OneDrive\Desktop\KMU-FED-2\data\processed\05_FE_uj\05_FE_uj_082.jpg,C:\Users\kundu\OneDrive\Desktop\KMU-FED-2\data\processed\06_DI_dy\06_DI_dy_065.jpg,Fear,Disgust,5,6,0,negative
C:\Users\kundu\OneDrive\Desktop\KMU-FED-2\data\processed\12_DI_gu\12_DI_gu_123.jpg,C:\Users\kundu\OneDrive\Desktop\KMU-FED-2\data\processed\06_DI_dy\06_DI_dy_057.jpg,Disgust,Disgust,12,6,1,cross_subject_pos
C:\Users\kundu\OneDrive\Desktop\KMU-FED-2\data\processed\12_HA_gu\12_HA_gu_187.jpg,C:\Users\kundu\OneDrive\Desktop\KMU-FED-2\data\processed\03_SU_s02\03_SU_s02_041.jpg,Happiness,Surprise,12,3,0,negative
C:\Users\kundu\OneDrive\Desktop\KMU-FED-2\data\processed\06_AN_dy\06_AN_dy_061.jpg,C:\Users\kundu\OneDrive\Desktop\KMU-FED-2\data\processed\06_HA_dy\06_HA_dy_106.jpg,Anger,Happiness,6,6,0,negative
C:\Users\kundu\OneDrive\Desktop\KMU-FED-2\data\processed\06_DI_dy\06_DI_dy_056.jpg,C:\Users\kundu\OneDrive\Desktop\KMU-FED-2\data\processed\05_DI_uj\05_DI_uj_035.jpg,Disgust,Disgust,6,5,1,cross_subject_pos
C:\Users\kundu\OneDrive\Desktop\KMU-FED-2\data\processed\10_AN_ko\10_AN_ko_142.jpg,C:\Users\kundu\OneDrive\Desktop\KMU-FED-2\data\processed\03_AN_s02\03_AN_s02_040.jpg,Anger,Anger,10,3,1,cross_subject_pos
C:\Users\kundu\OneDrive\Desktop\KMU-FED-2\data\processed\12_DI_gu\12_DI_gu_123.jpg,C:\Users\kundu\OneDrive\Desktop\KMU-FED-2\data\processed\05_FE_uj\05_FE_uj_098.jpg,Disgust,Fear,12,5,0,negative
C:\Users\kundu\OneDrive\Desktop\KMU-FED-2\data\processed\06_FE_dy\06_FE_dy_110.jpg,C:\Users\kundu\OneDrive\Desktop\KMU-FED-2\data\processed\05_FE_uj\05_FE_uj_086.jpg,Fear,Fear,6,5,1,cross_subject_pos
C:\Users\kundu\OneDrive\Desktop\KMU-FED-2\data\processed\03_SA_s02\03_SA_s02_024.jpg,C:\Users\kundu\OneDrive\Desktop\KMU-FED-2\data\processed\07_SA_sw\07_SA_sw_074.jpg,Sadness,Sadness,3,7,1,cross_subject_pos
C:\Users\kundu\OneDrive\Desktop\KMU-FED-2\data\processed\07_FE_sw\07_FE_sw_136.jpg,C:\Users\kundu\OneDrive\Desktop\KMU-FED-2\data\processed\09_FE_sj\09_FE_sj_157.jpg,Fear,Fear,7,9,1,cross_subject_pos
C:\Users\kundu\OneDrive\Desktop\KMU-FED-2\data\processed\12_HA_gu\12_HA_gu_187.jpg,C:\Users\kundu\OneDrive\Desktop\KMU-FED-2\data\processed\10_HA_ko\10_HA_ko_180.jpg,Happiness,Happiness,12,10,1,cross_subject_pos
C:\Users\kundu\OneDrive\Desktop\KMU-FED-2\data\processed\12_AN_gu\12_AN_gu_174.jpg,C:\Users\kundu\OneDrive\Desktop\KMU-FED-2\data\processed\01_DI_mr\01_DI_mr_020.jpg,Anger,Disgust,12,1,0,negative
C:\Users\kundu\OneDrive\Desktop\KMU-FED-2\data\processed\06_DI_dy\06_DI_dy_065.jpg,C:\Users\kundu\OneDrive\Desktop\KMU-FED-2\data\processed\06_FE_dy\06_FE_dy_118.jpg,Disgust,Fear,6,6,0,negative
C:\Users\kundu\OneDrive\Desktop\KMU-FED-2\data\processed\10_SU_ko\10_SU_ko_124.jpg,C:\Users\kundu\OneDrive\Desktop\KMU-FED-2\data\processed\06_SU_dy\06_SU_dy_098.jpg,Surprise,Surprise,10,6,1,cross_subject_pos
C:\Users\kundu\OneDrive\Desktop\KMU-FED-2\data\processed\05_HA_uj\05_HA_uj_087.jpg,C:\Users\kundu\OneDrive\Desktop\KMU-FED-2\data\processed\01_HA_mr\01_HA_mr_020.jpg,Happiness,Happiness,5,1,1,cross_subject_pos
C:\Users\kundu\OneDrive\Desktop\KMU-FED-2\data\processed\03_FE_s02\03_FE_s02_050.jpg,C:\Users\kundu\OneDrive\Desktop\KMU-FED-2\data\processed\05_FE_uj\05_FE_uj_089.jpg,Fear,Fear,3,5,1,cross_subject_pos
C:\Users\kundu\OneDrive\Desktop\KMU-FED-2\data\processed\06_SA_dy\06_SA_dy_077.jpg,C:\Users\kundu\OneDrive\Desktop\KMU-FED-2\data\processed\10_HA_ko\10_HA_ko_180.jpg,Sadness,Happiness,6,10,0,negative
C:\Users\kundu\OneDrive\Desktop\KMU-FED-2\data\processed\03_SA_s02\03_SA_s02_036.jpg,C:\Users\kundu\OneDrive\Desktop\KMU-FED-2\data\processed\05_HA_uj\05_HA_uj_090.jpg,Sadness,Happiness,3,5,0,negative
C:\Users\kundu\OneDrive\Desktop\KMU-FED-2\data\processed\01_DI_mr\01_DI_mr_016.jpg,C:\Users\kundu\OneDrive\Desktop\KMU-FED-2\data\processed\01_DI_mr\01_DI_mr_018.jpg,Disgust,Disgust,1,1,1,same_subject_pos
C:\Users\kundu\OneDrive\Desktop\KMU-FED-2\data\processed\05_SA_uj\05_SA_uj_064.jpg,C:\Users\kundu\OneDrive\Desktop\KMU-FED-2\data\processed\05_SA_uj\05_SA_uj_066.jpg,Sadness,Sadness,5,5,1,same_subject_pos
C:\Users\kundu\OneDrive\Desktop\KMU-FED-2\data\processed\01_HA_mr\01_HA_mr_017.jpg,C:\Users\kundu\OneDrive\Desktop\KMU-FED-2\data\processed\07_FE_sw\07_FE_sw_122.jpg,Happiness,Fear,1,7,0,negative
C:\Users\kundu\OneDrive\Desktop\KMU-FED-2\data\processed\09_FE_sj\09_FE_sj_157.jpg,C:\Users\kundu\OneDrive\Desktop\KMU-FED-2\data\processed\03_FE_s02\03_FE_s02_042.jpg,Fear,Fear,9,3,1,cross_subject_pos
C:\Users\kundu\OneDrive\Desktop\KMU-FED-2\data\processed\06_SU_dy\06_SU_dy_094.jpg,C:\Users\kundu\OneDrive\Desktop\KMU-FED-2\data\processed\01_DI_mr\01_DI_mr_020.jpg,Surprise,Disgust,6,1,0,negative
C:\Users\kundu\OneDrive\Desktop\KMU-FED-2\data\processed\06_DI_dy\06_DI_dy_063.jpg,C:\Users\kundu\OneDrive\Desktop\KMU-FED-2\data\processed\06_DI_dy\06_DI_dy_059.jpg,Disgust,Disgust,6,6,1,same_subject_pos
C:\Users\kundu\OneDrive\Desktop\KMU-FED-2\data\processed\12_DI_gu\12_DI_gu_122.jpg,C:\Users\kundu\OneDrive\Desktop\KMU-FED-2\data\processed\05_FE_uj\05_FE_uj_100.jpg,Disgust,Fear,12,5,0,negative
C:\Users\kundu\OneDrive\Desktop\KMU-FED-2\data\processed\10_FE_ko\10_FE_ko_171.jpg,C:\Users\kundu\OneDrive\Desktop\KMU-FED-2\data\processed\05_FE_uj\05_FE_uj_094.jpg,Fear,Fear,10,5,1,cross_subject_pos
C:\Users\kundu\OneDrive\Desktop\KMU-FED-2\data\processed\05_DI_uj\05_DI_uj_035.jpg,C:\Users\kundu\OneDrive\Desktop\KMU-FED-2\data\processed\01_AN_mr\01_AN_mr_007.jpg,Disgust,Anger,5,1,0,negative
C:\Users\kundu\OneDrive\Desktop\KMU-FED-2\data\processed\09_FE_sj\09_FE_sj_151.jpg,C:\Users\kundu\OneDrive\Desktop\KMU-FED-2\data\processed\05_FE_uj\05_FE_uj_098.jpg,Fear,Fear,9,5,1,cross_subject_pos
C:\Users\kundu\OneDrive\Desktop\KMU-FED-2\data\processed\05_HA_uj\05_HA_uj_079.jpg,C:\Users\kundu\OneDrive\Desktop\KMU-FED-2\data\processed\01_FE_mr\01_FE_mr_001.jpg,Happiness,Fear,5,1,0,negative
C:\Users\kundu\OneDrive\Desktop\KMU-FED-2\data\processed\07_AN_sw\07_AN_sw_093.jpg,C:\Users\kundu\OneDrive\Desktop\KMU-FED-2\data\processed\05_FE_uj\05_FE_uj_088.jpg,Anger,Fear,7,5,0,negative
C:\Users\kundu\OneDrive\Desktop\KMU-FED-2\data\processed\06_DI_dy\06_DI_dy_052.jpg,C:\Users\kundu\OneDrive\Desktop\KMU-FED-2\data\processed\10_SU_ko\10_SU_ko_118.jpg,Disgust,Surprise,6,10,0,negative
C:\Users\kundu\OneDrive\Desktop\KMU-FED-2\data\processed\09_HA_sj\09_HA_sj_159.jpg,C:\Users\kundu\OneDrive\Desktop\KMU-FED-2\data\processed\12_SA_gu\12_SA_gu_163.jpg,Happiness,Sadness,9,12,0,negative
C:\Users\kundu\OneDrive\Desktop\KMU-FED-2\data\processed\01_DI_mr\01_DI_mr_019.jpg,C:\Users\kundu\OneDrive\Desktop\KMU-FED-2\data\processed\01_DI_mr\01_DI_mr_015.jpg,Disgust,Disgust,1,1,1,same_subject_pos
C:\Users\kundu\OneDrive\Desktop\KMU-FED-2\data\processed\12_HA_gu\12_HA_gu_182.jpg,C:\Users\kundu\OneDrive\Desktop\KMU-FED-2\data\processed\12_HA_gu\12_HA_gu_175.jpg,Happiness,Happiness,12,12,1,same_subject_pos
C:\Users\kundu\OneDrive\Desktop\KMU-FED-2\data\processed\06_DI_dy\06_DI_dy_059.jpg,C:\Users\kundu\OneDrive\Desktop\KMU-FED-2\data\processed\01_DI_mr\01_DI_mr_004.jpg,Disgust,Disgust,6,1,1,cross_subject_pos
C:\Users\kundu\OneDrive\Desktop\KMU-FED-2\data\processed\03_SU_s02\03_SU_s02_049.jpg,C:\Users\kundu\OneDrive\Desktop\KMU-FED-2\data\processed\10_SU_ko\10_SU_ko_117.jpg,Surprise,Surprise,3,10,1,cross_subject_pos
C:\Users\kundu\OneDrive\Desktop\KMU-FED-2\data\processed\10_FE_ko\10_FE_ko_177.jpg,C:\Users\kundu\OneDrive\Desktop\KMU-FED-2\data\processed\09_HA_sj\09_HA_sj_165.jpg,Fear,Happiness,10,9,0,negative
C:\Users\kundu\OneDrive\Desktop\KMU-FED-2\data\processed\01_SA_mr\01_SA_mr_006.jpg,C:\Users\kundu\OneDrive\Desktop\KMU-FED-2\data\processed\01_SA_mr\01_SA_mr_003.jpg,Sadness,Sadness,1,1,1,same_subject_pos
C:\Users\kundu\OneDrive\Desktop\KMU-FED-2\data\processed\06_DI_dy\06_DI_dy_065.jpg,C:\Users\kundu\OneDrive\Desktop\KMU-FED-2\data\processed\09_FE_sj\09_FE_sj_154.jpg,Disgust,Fear,6,9,0,negative
C:\Users\kundu\OneDrive\Desktop\KMU-FED-2\data\processed\05_DI_uj\05_DI_uj_033.jpg,C:\Users\kundu\OneDrive\Desktop\KMU-FED-2\data\processed\03_SA_s02\03_SA_s02_033.jpg,Disgust,Sadness,5,3,0,negative
C:\Users\kundu\OneDrive\Desktop\KMU-FED-2\data\processed\12_DI_gu\12_DI_gu_124.jpg,C:\Users\kundu\OneDrive\Desktop\KMU-FED-2\data\processed\03_SA_s02\03_SA_s02_040.jpg,Disgust,Sadness,12,3,0,negative
C:\Users\kundu\OneDrive\Desktop\KMU-FED-2\data\processed\09_SU_sj\09_SU_sj_103.jpg,C:\Users\kundu\OneDrive\Desktop\KMU-FED-2\data\processed\01_SU_mr\01_SU_mr_011.jpg,Surprise,Surprise,9,1,1,cross_subject_pos
C:\Users\kundu\OneDrive\Desktop\KMU-FED-2\data\processed\03_SU_s02\03_SU_s02_057.jpg,C:\Users\kundu\OneDrive\Desktop\KMU-FED-2\data\processed\07_SU_sw\07_SU_sw_100.jpg,Surprise,Surprise,3,7,1,cross_subject_pos
C:\Users\kundu\OneDrive\Desktop\KMU-FED-2\data\processed\12_AN_gu\12_AN_gu_184.jpg,C:\Users\kundu\OneDrive\Desktop\KMU-FED-2\data\processed\10_SU_ko\10_SU_ko_115.jpg,Anger,Surprise,12,10,0,negative
C:\Users\kundu\OneDrive\Desktop\KMU-FED-2\data\processed\10_AN_ko\10_AN_ko_148.jpg,C:\Users\kundu\OneDrive\Desktop\KMU-FED-2\data\processed\03_AN_s02\03_AN_s02_036.jpg,Anger,Anger,10,3,1,cross_subject_pos
C:\Users\kundu\OneDrive\Desktop\KMU-FED-2\data\processed\06_DI_dy\06_DI_dy_051.jpg,C:\Users\kundu\OneDrive\Desktop\KMU-FED-2\data\processed\12_SA_gu\12_SA_gu_170.jpg,Disgust,Sadness,6,12,0,negative
C:\Users\kundu\OneDrive\Desktop\KMU-FED-2\data\processed\05_SA_uj\05_SA_uj_065.jpg,C:\Users\kundu\OneDrive\Desktop\KMU-FED-2\data\processed\01_FE_mr\01_FE_mr_020.jpg,Sadness,Fear,5,1,0,negative
C:\Users\kundu\OneDrive\Desktop\KMU-FED-2\data\processed\03_SA_s02\03_SA_s02_040.jpg,C:\Users\kundu\OneDrive\Desktop\KMU-FED-2\data\processed\07_FE_sw\07_FE_sw_140.jpg,Sadness,Fear,3,7,0,negative
C:\Users\kundu\OneDrive\Desktop\KMU-FED-2\data\processed\12_DI_gu\12_DI_gu_125.jpg,C:\Users\kundu\OneDrive\Desktop\KMU-FED-2\data\processed\05_AN_uj\05_AN_uj_054.jpg,Disgust,Anger,12,5,0,negative
C:\Users\kundu\OneDrive\Desktop\KMU-FED-2\data\processed\01_SU_mr\01_SU_mr_015.jpg,C:\Users\kundu\OneDrive\Desktop\KMU-FED-2\data\processed\01_FE_mr\01_FE_mr_013.jpg,Surprise,Fear,1,1,0,negative
C:\Users\kundu\OneDrive\Desktop\KMU-FED-2\data\processed\06_HA_dy\06_HA_dy_095.jpg,C:\Users\kundu\OneDrive\Desktop\KMU-FED-2\data\processed\10_DI_ko\10_DI_ko_093.jpg,Happiness,Disgust,6,10,0,negative
C:\Users\kundu\OneDrive\Desktop\KMU-FED-2\data\processed\12_SA_gu\12_SA_gu_168.jpg,C:\Users\kundu\OneDrive\Desktop\KMU-FED-2\data\processed\06_AN_dy\06_AN_dy_071.jpg,Sadness,Anger,12,6,0,negative
C:\Users\kundu\OneDrive\Desktop\KMU-FED-2\data\processed\05_DI_uj\05_DI_uj_033.jpg,C:\Users\kundu\OneDrive\Desktop\KMU-FED-2\data\processed\10_DI_ko\10_DI_ko_092.jpg,Disgust,Disgust,5,10,1,cross_subject_pos
C:\Users\kundu\OneDrive\Desktop\KMU-FED-2\data\processed\03_HA_s02\03_HA_s02_050.jpg,C:\Users\kundu\OneDrive\Desktop\KMU-FED-2\data\processed\01_HA_mr\01_HA_mr_020.jpg,Happiness,Happiness,3,1,1,cross_subject_pos
C:\Users\kundu\OneDrive\Desktop\KMU-FED-2\data\processed\10_DI_ko\10_DI_ko_099.jpg,C:\Users\kundu\OneDrive\Desktop\KMU-FED-2\data\processed\06_DI_dy\06_DI_dy_053.jpg,Disgust,Disgust,10,6,1,cross_subject_pos
C:\Users\kundu\OneDrive\Desktop\KMU-FED-2\data\processed\10_SU_ko\10_SU_ko_113.jpg,C:\Users\kundu\OneDrive\Desktop\KMU-FED-2\data\processed\03_SU_s02\03_SU_s02_042.jpg,Surprise,Surprise,10,3,1,cross_subject_pos
C:\Users\kundu\OneDrive\Desktop\KMU-FED-2\data\processed\06_AN_dy\06_AN_dy_074.jpg,C:\Users\kundu\OneDrive\Desktop\KMU-FED-2\data\processed\05_AN_uj\05_AN_uj_042.jpg,Anger,Anger,6,5,1,cross_subject_pos
C:\Users\kundu\OneDrive\Desktop\KMU-FED-2\data\processed\06_AN_dy\06_AN_dy_071.jpg,C:\Users\kundu\OneDrive\Desktop\KMU-FED-2\data\processed\05_AN_uj\05_AN_uj_053.jpg,Anger,Anger,6,5,1,cross_subject_pos
C:\Users\kundu\OneDrive\Desktop\KMU-FED-2\data\processed\09_SU_sj\09_SU_sj_109.jpg,C:\Users\kundu\OneDrive\Desktop\KMU-FED-2\data\processed\05_SA_uj\05_SA_uj_068.jpg,Surprise,Sadness,9,5,0,negative
C:\Users\kundu\OneDrive\Desktop\KMU-FED-2\data\processed\10_DI_ko\10_DI_ko_099.jpg,C:\Users\kundu\OneDrive\Desktop\KMU-FED-2\data\processed\07_FE_sw\07_FE_sw_128.jpg,Disgust,Fear,10,7,0,negative
C:\Users\kundu\OneDrive\Desktop\KMU-FED-2\data\processed\09_AN_sj\09_AN_sj_125.jpg,C:\Users\kundu\OneDrive\Desktop\KMU-FED-2\data\processed\06_AN_dy\06_AN_dy_066.jpg,Anger,Anger,9,6,1,cross_subject_pos
C:\Users\kundu\OneDrive\Desktop\KMU-FED-2\data\processed\06_DI_dy\06_DI_dy_061.jpg,C:\Users\kundu\OneDrive\Desktop\KMU-FED-2\data\processed\06_FE_dy\06_FE_dy_114.jpg,Disgust,Fear,6,6,0,negative
C:\Users\kundu\OneDrive\Desktop\KMU-FED-2\data\processed\12_AN_gu\12_AN_gu_180.jpg,C:\Users\kundu\OneDrive\Desktop\KMU-FED-2\data\processed\09_FE_sj\09_FE_sj_153.jpg,Anger,Fear,12,9,0,negative
C:\Users\kundu\OneDrive\Desktop\KMU-FED-2\data\processed\10_SU_ko\10_SU_ko_122.jpg,C:\Users\kundu\OneDrive\Desktop\KMU-FED-2\data\processed\03_SU_s02\03_SU_s02_060.jpg,Surprise,Surprise,10,3,1,cross_subject_pos
C:\Users\kundu\OneDrive\Desktop\KMU-FED-2\data\processed\09_SA_sj\09_SA_sj_111.jpg,C:\Users\kundu\OneDrive\Desktop\KMU-FED-2\data\processed\03_SA_s02\03_SA_s02_027.jpg,Sadness,Sadness,9,3,1,cross_subject_pos
C:\Users\kundu\OneDrive\Desktop\KMU-FED-2\data\processed\12_HA_gu\12_HA_gu_190.jpg,C:\Users\kundu\OneDrive\Desktop\KMU-FED-2\data\processed\12_HA_gu\12_HA_gu_185.jpg,Happiness,Happiness,12,12,1,same_subject_pos
C:\Users\kundu\OneDrive\Desktop\KMU-FED-2\data\processed\03_FE_s02\03_FE_s02_048.jpg,C:\Users\kundu\OneDrive\Desktop\KMU-FED-2\data\processed\06_DI_dy\06_DI_dy_061.jpg,Fear,Disgust,3,6,0,negative
C:\Users\kundu\OneDrive\Desktop\KMU-FED-2\data\processed\05_DI_uj\05_DI_uj_037.jpg,C:\Users\kundu\OneDrive\Desktop\KMU-FED-2\data\processed\10_FE_ko\10_FE_ko_161.jpg,Disgust,Fear,5,10,0,negative
C:\Users\kundu\OneDrive\Desktop\KMU-FED-2\data\processed\09_FE_sj\09_FE_sj_151.jpg,C:\Users\kundu\OneDrive\Desktop\KMU-FED-2\data\processed\05_DI_uj\05_DI_uj_039.jpg,Fear,Disgust,9,5,0,negative
C:\Users\kundu\OneDrive\Desktop\KMU-FED-2\data\processed\05_DI_uj\05_DI_uj_038.jpg,C:\Users\kundu\OneDrive\Desktop\KMU-FED-2\data\processed\10_HA_ko\10_HA_ko_173.jpg,Disgust,Happiness,5,10,0,negative
C:\Users\kundu\OneDrive\Desktop\KMU-FED-2\data\processed\10_DI_ko\10_DI_ko_099.jpg,C:\Users\kundu\OneDrive\Desktop\KMU-FED-2\data\processed\06_DI_dy\06_DI_dy_062.jpg,Disgust,Disgust,10,6,1,cross_subject_pos
C:\Users\kundu\OneDrive\Desktop\KMU-FED-2\data\processed\07_HA_sw\07_HA_sw_123.jpg,C:\Users\kundu\OneDrive\Desktop\KMU-FED-2\data\processed\09_HA_sj\09_HA_sj_154.jpg,Happiness,Happiness,7,9,1,cross_subject_pos
C:\Users\kundu\OneDrive\Desktop\KMU-FED-2\data\processed\01_SU_mr\01_SU_mr_010.jpg,C:\Users\kundu\OneDrive\Desktop\KMU-FED-2\data\processed\01_SU_mr\01_SU_mr_011.jpg,Surprise,Surprise,1,1,1,same_subject_pos
C:\Users\kundu\OneDrive\Desktop\KMU-FED-2\data\processed\06_FE_dy\06_FE_dy_120.jpg,C:\Users\kundu\OneDrive\Desktop\KMU-FED-2\data\processed\07_SA_sw\07_SA_sw_088.jpg,Fear,Sadness,6,7,0,negative
C:\Users\kundu\OneDrive\Desktop\KMU-FED-2\data\processed\10_SU_ko\10_SU_ko_111.jpg,C:\Users\kundu\OneDrive\Desktop\KMU-FED-2\data\processed\10_SU_ko\10_SU_ko_118.jpg,Surprise,Surprise,10,10,1,same_subject_pos
C:\Users\kundu\OneDrive\Desktop\KMU-FED-2\data\processed\06_FE_dy\06_FE_dy_108.jpg,C:\Users\kundu\OneDrive\Desktop\KMU-FED-2\data\processed\06_DI_dy\06_DI_dy_059.jpg,Fear,Disgust,6,6,0,negative
C:\Users\kundu\OneDrive\Desktop\KMU-FED-2\data\processed\03_AN_s02\03_AN_s02_038.jpg,C:\Users\kundu\OneDrive\Desktop\KMU-FED-2\data\processed\05_AN_uj\05_AN_uj_050.jpg,Anger,Anger,3,5,1,cross_subject_pos
C:\Users\kundu\OneDrive\Desktop\KMU-FED-2\data\processed\09_SU_sj\09_SU_sj_105.jpg,C:\Users\kundu\OneDrive\Desktop\KMU-FED-2\data\processed\05_HA_uj\05_HA_uj_079.jpg,Surprise,Happiness,9,5,0,negative
C:\Users\kundu\OneDrive\Desktop\KMU-FED-2\data\processed\05_HA_uj\05_HA_uj_090.jpg,C:\Users\kundu\OneDrive\Desktop\KMU-FED-2\data\processed\05_DI_uj\05_DI_uj_037.jpg,Happiness,Disgust,5,5,0,negative
C:\Users\kundu\OneDrive\Desktop\KMU-FED-2\data\processed\06_DI_dy\06_DI_dy_053.jpg,C:\Users\kundu\OneDrive\Desktop\KMU-FED-2\data\processed\05_DI_uj\05_DI_uj_037.jpg,Disgust,Disgust,6,5,1,cross_subject_pos
C:\Users\kundu\OneDrive\Desktop\KMU-FED-2\data\processed\10_FE_ko\10_FE_ko_177.jpg,C:\Users\kundu\OneDrive\Desktop\KMU-FED-2\data\processed\07_HA_sw\07_HA_sw_129.jpg,Fear,Happiness,10,7,0,negative
C:\Users\kundu\OneDrive\Desktop\KMU-FED-2\data\processed\10_DI_ko\10_DI_ko_092.jpg,C:\Users\kundu\OneDrive\Desktop\KMU-FED-2\data\processed\05_DI_uj\05_DI_uj_034.jpg,Disgust,Disgust,10,5,1,cross_subject_pos
C:\Users\kundu\OneDrive\Desktop\KMU-FED-2\data\processed\05_DI_uj\05_DI_uj_038.jpg,C:\Users\kundu\OneDrive\Desktop\KMU-FED-2\data\processed\06_DI_dy\06_DI_dy_054.jpg,Disgust,Disgust,5,6,1,cross_subject_pos
C:\Users\kundu\OneDrive\Desktop\KMU-FED-2\data\processed\05_FE_uj\05_FE_uj_099.jpg,C:\Users\kundu\OneDrive\Desktop\KMU-FED-2\data\processed\09_FE_sj\09_FE_sj_159.jpg,Fear,Fear,5,9,1,cross_subject_pos
C:\Users\kundu\OneDrive\Desktop\KMU-FED-2\data\processed\06_DI_dy\06_DI_dy_058.jpg,C:\Users\kundu\OneDrive\Desktop\KMU-FED-2\data\processed\12_HA_gu\12_HA_gu_182.jpg,Disgust,Happiness,6,12,0,negative
C:\Users\kundu\OneDrive\Desktop\KMU-FED-2\data\processed\01_SU_mr\01_SU_mr_019.jpg,C:\Users\kundu\OneDrive\Desktop\KMU-FED-2\data\processed\03_SU_s02\03_SU_s02_058.jpg,Surprise,Surprise,1,3,1,cross_subject_pos
C:\Users\kundu\OneDrive\Desktop\KMU-FED-2\data\processed\01_DI_mr\01_DI_mr_017.jpg,C:\Users\kundu\OneDrive\Desktop\KMU-FED-2\data\processed\06_DI_dy\06_DI_dy_064.jpg,Disgust,Disgust,1,6,1,cross_subject_pos
C:\Users\kundu\OneDrive\Desktop\KMU-FED-2\data\processed\06_SA_dy\06_SA_dy_084.jpg,C:\Users\kundu\OneDrive\Desktop\KMU-FED-2\data\processed\12_SA_gu\12_SA_gu_153.jpg,Sadness,Sadness,6,12,1,cross_subject_pos
C:\Users\kundu\OneDrive\Desktop\KMU-FED-2\data\processed\07_SU_sw\07_SU_sw_089.jpg,C:\Users\kundu\OneDrive\Desktop\KMU-FED-2\data\processed\01_HA_mr\01_HA_mr_002.jpg,Surprise,Happiness,7,1,0,negative
C:\Users\kundu\OneDrive\Desktop\KMU-FED-2\data\processed\10_FE_ko\10_FE_ko_172.jpg,C:\Users\kundu\OneDrive\Desktop\KMU-FED-2\data\processed\03_FE_s02\03_FE_s02_057.jpg,Fear,Fear,10,3,1,cross_subject_pos
C:\Users\kundu\OneDrive\Desktop\KMU-FED-2\data\processed\01_AN_mr\01_AN_mr_018.jpg,C:\Users\kundu\OneDrive\Desktop\KMU-FED-2\data\processed\05_FE_uj\05_FE_uj_089.jpg,Anger,Fear,1,5,0,negative
C:\Users\kundu\OneDrive\Desktop\KMU-FED-2\data\processed\06_DI_dy\06_DI_dy_069.jpg,C:\Users\kundu\OneDrive\Desktop\KMU-FED-2\data\processed\06_HA_dy\06_HA_dy_095.jpg,Disgust,Happiness,6,6,0,negative
C:\Users\kundu\OneDrive\Desktop\KMU-FED-2\data\processed\07_HA_sw\07_HA_sw_128.jpg,C:\Users\kundu\OneDrive\Desktop\KMU-FED-2\data\processed\10_HA_ko\10_HA_ko_180.jpg,Happiness,Happiness,7,10,1,cross_subject_pos
C:\Users\kundu\OneDrive\Desktop\KMU-FED-2\data\processed\12_SA_gu\12_SA_gu_166.jpg,C:\Users\kundu\OneDrive\Desktop\KMU-FED-2\data\processed\06_SA_dy\06_SA_dy_087.jpg,Sadness,Sadness,12,6,1,cross_subject_pos
C:\Users\kundu\OneDrive\Desktop\KMU-FED-2\data\processed\01_AN_mr\01_AN_mr_002.jpg,C:\Users\kundu\OneDrive\Desktop\KMU-FED-2\data\processed\07_SA_sw\07_SA_sw_087.jpg,Anger,Sadness,1,7,0,negative
C:\Users\kundu\OneDrive\Desktop\KMU-FED-2\data\processed\01_DI_mr\01_DI_mr_017.jpg,C:\Users\kundu\OneDrive\Desktop\KMU-FED-2\data\processed\05_AN_uj\05_AN_uj_052.jpg,Disgust,Anger,1,5,0,negative
C:\Users\kundu\OneDrive\Desktop\KMU-FED-2\data\processed\06_FE_dy\06_FE_dy_117.jpg,C:\Users\kundu\OneDrive\Desktop\KMU-FED-2\data\processed\03_FE_s02\03_FE_s02_049.jpg,Fear,Fear,6,3,1,cross_subject_pos
C:\Users\kundu\OneDrive\Desktop\KMU-FED-2\data\processed\03_FE_s02\03_FE_s02_042.jpg,C:\Users\kundu\OneDrive\Desktop\KMU-FED-2\data\processed\09_HA_sj\09_HA_sj_167.jpg,Fear,Happiness,3,9,0,negative
C:\Users\kundu\OneDrive\Desktop\KMU-FED-2\data\processed\07_SA_sw\07_SA_sw_080.jpg,C:\Users\kundu\OneDrive\Desktop\KMU-FED-2\data\processed\06_SA_dy\06_SA_dy_082.jpg,Sadness,Sadness,7,6,1,cross_subject_pos
C:\Users\kundu\OneDrive\Desktop\KMU-FED-2\data\processed\01_DI_mr\01_DI_mr_011.jpg,C:\Users\kundu\OneDrive\Desktop\KMU-FED-2\data\processed\12_DI_gu\12_DI_gu_124.jpg,Disgust,Disgust,1,12,1,cross_subject_pos
C:\Users\kundu\OneDrive\Desktop\KMU-FED-2\data\processed\03_FE_s02\03_FE_s02_044.jpg,C:\Users\kundu\OneDrive\Desktop\KMU-FED-2\data\processed\09_HA_sj\09_HA_sj_165.jpg,Fear,Happiness,3,9,0,negative
C:\Users\kundu\OneDrive\Desktop\KMU-FED-2\data\processed\09_SU_sj\09_SU_sj_102.jpg,C:\Users\kundu\OneDrive\Desktop\KMU-FED-2\data\processed\06_SU_dy\06_SU_dy_093.jpg,Surprise,Surprise,9,6,1,cross_subject_pos
C:\Users\kundu\OneDrive\Desktop\KMU-FED-2\data\processed\07_FE_sw\07_FE_sw_133.jpg,C:\Users\kundu\OneDrive\Desktop\KMU-FED-2\data\processed\06_DI_dy\06_DI_dy_064.jpg,Fear,Disgust,7,6,0,negative
C:\Users\kundu\OneDrive\Desktop\KMU-FED-2\data\processed\05_SA_uj\05_SA_uj_069.jpg,C:\Users\kundu\OneDrive\Desktop\KMU-FED-2\data\processed\05_SA_uj\05_SA_uj_067.jpg,Sadness,Sadness,5,5,1,same_subject_pos
C:\Users\kundu\OneDrive\Desktop\KMU-FED-2\data\processed\06_DI_dy\06_DI_dy_068.jpg,C:\Users\kundu\OneDrive\Desktop\KMU-FED-2\data\processed\01_AN_mr\01_AN_mr_010.jpg,Disgust,Anger,6,1,0,negative
C:\Users\kundu\OneDrive\Desktop\KMU-FED-2\data\processed\12_AN_gu\12_AN_gu_186.jpg,C:\Users\kundu\OneDrive\Desktop\KMU-FED-2\data\processed\01_AN_mr\01_AN_mr_003.jpg,Anger,Anger,12,1,1,cross_subject_pos
C:\Users\kundu\OneDrive\Desktop\KMU-FED-2\data\processed\06_AN_dy\06_AN_dy_063.jpg,C:\Users\kundu\OneDrive\Desktop\KMU-FED-2\data\processed\06_AN_dy\06_AN_dy_079.jpg,Anger,Anger,6,6,1,same_subject_pos
C:\Users\kundu\OneDrive\Desktop\KMU-FED-2\data\processed\05_AN_uj\05_AN_uj_042.jpg,C:\Users\kundu\OneDrive\Desktop\KMU-FED-2\data\processed\07_SU_sw\07_SU_sw_088.jpg,Anger,Surprise,5,7,0,negative
C:\Users\kundu\OneDrive\Desktop\KMU-FED-2\data\processed\06_AN_dy\06_AN_dy_061.jpg,C:\Users\kundu\OneDrive\Desktop\KMU-FED-2\data\processed\05_DI_uj\05_DI_uj_032.jpg,Anger,Disgust,6,5,0,negative
C:\Users\kundu\OneDrive\Desktop\KMU-FED-2\data\processed\12_SA_gu\12_SA_gu_167.jpg,C:\Users\kundu\OneDrive\Desktop\KMU-FED-2\data\processed\10_FE_ko\10_FE_ko_165.jpg,Sadness,Fear,12,10,0,negative
C:\Users\kundu\OneDrive\Desktop\KMU-FED-2\data\processed\07_FE_sw\07_FE_sw_128.jpg,C:\Users\kundu\OneDrive\Desktop\KMU-FED-2\data\processed\09_SA_sj\09_SA_sj_118.jpg,Fear,Sadness,7,9,0,negative
C:\Users\kundu\OneDrive\Desktop\KMU-FED-2\data\processed\03_SA_s02\03_SA_s02_035.jpg,C:\Users\kundu\OneDrive\Desktop\KMU-FED-2\data\processed\07_SA_sw\07_SA_sw_090.jpg,Sadness,Sadness,3,7,1,cross_subject_pos
C:\Users\kundu\OneDrive\Desktop\KMU-FED-2\data\processed\01_FE_mr\01_FE_mr_004.jpg,C:\Users\kundu\OneDrive\Desktop\KMU-FED-2\data\processed\01_DI_mr\01_DI_mr_011.jpg,Fear,Disgust,1,1,0,negative
C:\Users\kundu\OneDrive\Desktop\KMU-FED-2\data\processed\05_FE_uj\05_FE_uj_081.jpg,C:\Users\kundu\OneDrive\Desktop\KMU-FED-2\data\processed\12_AN_gu\12_AN_gu_190.jpg,Fear,Anger,5,12,0,negative
C:\Users\kundu\OneDrive\Desktop\KMU-FED-2\data\processed\03_FE_s02\03_FE_s02_057.jpg,C:\Users\kundu\OneDrive\Desktop\KMU-FED-2\data\processed\05_AN_uj\05_AN_uj_042.jpg,Fear,Anger,3,5,0,negative
C:\Users\kundu\OneDrive\Desktop\KMU-FED-2\data\processed\06_SU_dy\06_SU_dy_083.jpg,C:\Users\kundu\OneDrive\Desktop\KMU-FED-2\data\processed\07_SU_sw\07_SU_sw_081.jpg,Surprise,Surprise,6,7,1,cross_subject_pos
C:\Users\kundu\OneDrive\Desktop\KMU-FED-2\data\processed\12_AN_gu\12_AN_gu_187.jpg,C:\Users\kundu\OneDrive\Desktop\KMU-FED-2\data\processed\09_AN_sj\09_AN_sj_136.jpg,Anger,Anger,12,9,1,cross_subject_pos
C:\Users\kundu\OneDrive\Desktop\KMU-FED-2\data\processed\06_SU_dy\06_SU_dy_097.jpg,C:\Users\kundu\OneDrive\Desktop\KMU-FED-2\data\processed\03_SU_s02\03_SU_s02_059.jpg,Surprise,Surprise,6,3,1,cross_subject_pos
C:\Users\kundu\OneDrive\Desktop\KMU-FED-2\data\processed\07_SA_sw\07_SA_sw_082.jpg,C:\Users\kundu\OneDrive\Desktop\KMU-FED-2\data\processed\10_AN_ko\10_AN_ko_146.jpg,Sadness,Anger,7,10,0,negative
C:\Users\kundu\OneDrive\Desktop\KMU-FED-2\data\processed\12_SA_gu\12_SA_gu_164.jpg,C:\Users\kundu\OneDrive\Desktop\KMU-FED-2\data\processed\09_AN_sj\09_AN_sj_126.jpg,Sadness,Anger,12,9,0,negative
C:\Users\kundu\OneDrive\Desktop\KMU-FED-2\data\processed\01_DI_mr\01_DI_mr_010.jpg,C:\Users\kundu\OneDrive\Desktop\KMU-FED-2\data\processed\06_DI_dy\06_DI_dy_058.jpg,Disgust,Disgust,1,6,1,cross_subject_pos
C:\Users\kundu\OneDrive\Desktop\KMU-FED-2\data\processed\01_SA_mr\01_SA_mr_016.jpg,C:\Users\kundu\OneDrive\Desktop\KMU-FED-2\data\processed\01_SA_mr\01_SA_mr_018.jpg,Sadness,Sadness,1,1,1,same_subject_pos
C:\Users\kundu\OneDrive\Desktop\KMU-FED-2\data\processed\09_AN_sj\09_AN_sj_134.jpg,C:\Users\kundu\OneDrive\Desktop\KMU-FED-2\data\processed\06_SU_dy\06_SU_dy_094.jpg,Anger,Surprise,9,6,0,negative
C:\Users\kundu\OneDrive\Desktop\KMU-FED-2\data\processed\05_HA_uj\05_HA_uj_077.jpg,C:\Users\kundu\OneDrive\Desktop\KMU-FED-2\data\processed\12_HA_gu\12_HA_gu_180.jpg,Happiness,Happiness,5,12,1,cross_subject_pos
C:\Users\kundu\OneDrive\Desktop\KMU-FED-2\data\processed\06_SA_dy\06_SA_dy_086.jpg,C:\Users\kundu\OneDrive\Desktop\KMU-FED-2\data\processed\07_SA_sw\07_SA_sw_083.jpg,Sadness,Sadness,6,7,1,cross_subject_pos
C:\Users\kundu\OneDrive\Desktop\KMU-FED-2\data\processed\06_DI_dy\06_DI_dy_068.jpg,C:\Users\kundu\OneDrive\Desktop\KMU-FED-2\data\processed\03_SU_s02\03_SU_s02_051.jpg,Disgust,Surprise,6,3,0,negative
C:\Users\kundu\OneDrive\Desktop\KMU-FED-2\data\processed\01_AN_mr\01_AN_mr_004.jpg,C:\Users\kundu\OneDrive\Desktop\KMU-FED-2\data\processed\06_HA_dy\06_HA_dy_108.jpg,Anger,Happiness,1,6,0,negative
C:\Users\kundu\OneDrive\Desktop\KMU-FED-2\data\processed\12_AN_gu\12_AN_gu_180.jpg,C:\Users\kundu\OneDrive\Desktop\KMU-FED-2\data\processed\12_AN_gu\12_AN_gu_189.jpg,Anger,Anger,12,12,1,same_subject_pos
C:\Users\kundu\OneDrive\Desktop\KMU-FED-2\data\processed\06_SU_dy\06_SU_dy_082.jpg,C:\Users\kundu\OneDrive\Desktop\KMU-FED-2\data\processed\12_DI_gu\12_DI_gu_129.jpg,Surprise,Disgust,6,12,0,negative
C:\Users\kundu\OneDrive\Desktop\KMU-FED-2\data\processed\09_SA_sj\09_SA_sj_115.jpg,C:\Users\kundu\OneDrive\Desktop\KMU-FED-2\data\processed\05_SA_uj\05_SA_uj_057.jpg,Sadness,Sadness,9,5,1,cross_subject_pos
C:\Users\kundu\OneDrive\Desktop\KMU-FED-2\data\processed\01_DI_mr\01_DI_mr_009.jpg,C:\Users\kundu\OneDrive\Desktop\KMU-FED-2\data\processed\12_SA_gu\12_SA_gu_170.jpg,Disgust,Sadness,1,12,0,negative
C:\Users\kundu\OneDrive\Desktop\KMU-FED-2\data\processed\01_SU_mr\01_SU_mr_020.jpg,C:\Users\kundu\OneDrive\Desktop\KMU-FED-2\data\processed\07_HA_sw\07_HA_sw_122.jpg,Surprise,Happiness,1,7,0,negative
C:\Users\kundu\OneDrive\Desktop\KMU-FED-2\data\processed\01_DI_mr\01_DI_mr_004.jpg,C:\Users\kundu\OneDrive\Desktop\KMU-FED-2\data\processed\06_DI_dy\06_DI_dy_061.jpg,Disgust,Disgust,1,6,1,cross_subject_pos
C:\Users\kundu\OneDrive\Desktop\KMU-FED-2\data\processed\01_SA_mr\01_SA_mr_016.jpg,C:\Users\kundu\OneDrive\Desktop\KMU-FED-2\data\processed\07_SA_sw\07_SA_sw_090.jpg,Sadness,Sadness,1,7,1,cross_subject_pos
C:\Users\kundu\OneDrive\Desktop\KMU-FED-2\data\processed\07_SU_sw\07_SU_sw_090.jpg,C:\Users\kundu\OneDrive\Desktop\KMU-FED-2\data\processed\07_AN_sw\07_AN_sw_096.jpg,Surprise,Anger,7,7,0,negative
C:\Users\kundu\OneDrive\Desktop\KMU-FED-2\data\processed\10_FE_ko\10_FE_ko_176.jpg,C:\Users\kundu\OneDrive\Desktop\KMU-FED-2\data\processed\01_FE_mr\01_FE_mr_014.jpg,Fear,Fear,10,1,1,cross_subject_pos
C:\Users\kundu\OneDrive\Desktop\KMU-FED-2\data\processed\10_SU_ko\10_SU_ko_117.jpg,C:\Users\kundu\OneDrive\Desktop\KMU-FED-2\data\processed\12_AN_gu\12_AN_gu_184.jpg,Surprise,Anger,10,12,0,negative
C:\Users\kundu\OneDrive\Desktop\KMU-FED-2\data\processed\06_SA_dy\06_SA_dy_072.jpg,C:\Users\kundu\OneDrive\Desktop\KMU-FED-2\data\processed\07_SA_sw\07_SA_sw_090.jpg,Sadness,Sadness,6,7,1,cross_subject_pos
C:\Users\kundu\OneDrive\Desktop\KMU-FED-2\data\processed\09_SU_sj\09_SU_sj_109.jpg,C:\Users\kundu\OneDrive\Desktop\KMU-FED-2\data\processed\09_AN_sj\09_AN_sj_122.jpg,Surprise,Anger,9,9,0,negative
C:\Users\kundu\OneDrive\Desktop\KMU-FED-2\data\processed\01_FE_mr\01_FE_mr_018.jpg,C:\Users\kundu\OneDrive\Desktop\KMU-FED-2\data\processed\03_HA_s02\03_HA_s02_042.jpg,Fear,Happiness,1,3,0,negative
C:\Users\kundu\OneDrive\Desktop\KMU-FED-2\data\processed\05_AN_uj\05_AN_uj_050.jpg,C:\Users\kundu\OneDrive\Desktop\KMU-FED-2\data\processed\03_SU_s02\03_SU_s02_054.jpg,Anger,Surprise,5,3,0,negative
C:\Users\kundu\OneDrive\Desktop\KMU-FED-2\data\processed\01_DI_mr\01_DI_mr_011.jpg,C:\Users\kundu\OneDrive\Desktop\KMU-FED-2\data\processed\06_SU_dy\06_SU_dy_081.jpg,Disgust,Surprise,1,6,0,negative
C:\Users\kundu\OneDrive\Desktop\KMU-FED-2\data\processed\05_FE_uj\05_FE_uj_088.jpg,C:\Users\kundu\OneDrive\Desktop\KMU-FED-2\data\processed\09_FE_sj\09_FE_sj_156.jpg,Fear,Fear,5,9,1,cross_subject_pos
C:\Users\kundu\OneDrive\Desktop\KMU-FED-2\data\processed\05_SA_uj\05_SA_uj_059.jpg,C:\Users\kundu\OneDrive\Desktop\KMU-FED-2\data\processed\10_HA_ko\10_HA_ko_180.jpg,Sadness,Happiness,5,10,0,negative
C:\Users\kundu\OneDrive\Desktop\KMU-FED-2\data\processed\10_SU_ko\10_SU_ko_121.jpg,C:\Users\kundu\OneDrive\Desktop\KMU-FED-2\data\processed\06_SU_dy\06_SU_dy_091.jpg,Surprise,Surprise,10,6,1,cross_subject_pos
C:\Users\kundu\OneDrive\Desktop\KMU-FED-2\data\processed\06_HA_dy\06_HA_dy_105.jpg,C:\Users\kundu\OneDrive\Desktop\KMU-FED-2\data\processed\06_HA_dy\06_HA_dy_102.jpg,Happiness,Happiness,6,6,1,same_subject_pos
C:\Users\kundu\OneDrive\Desktop\KMU-FED-2\data\processed\01_DI_mr\01_DI_mr_003.jpg,C:\Users\kundu\OneDrive\Desktop\KMU-FED-2\data\processed\06_DI_dy\06_DI_dy_055.jpg,Disgust,Disgust,1,6,1,cross_subject_pos
C:\Users\kundu\OneDrive\Desktop\KMU-FED-2\data\processed\10_SU_ko\10_SU_ko_113.jpg,C:\Users\kundu\OneDrive\Desktop\KMU-FED-2\data\processed\06_SU_dy\06_SU_dy_100.jpg,Surprise,Surprise,10,6,1,cross_subject_pos
C:\Users\kundu\OneDrive\Desktop\KMU-FED-2\data\processed\12_SA_gu\12_SA_gu_158.jpg,C:\Users\kundu\OneDrive\Desktop\KMU-FED-2\data\processed\01_SA_mr\01_SA_mr_004.jpg,Sadness,Sadness,12,1,1,cross_subject_pos
C:\Users\kundu\OneDrive\Desktop\KMU-FED-2\data\processed\07_SA_sw\07_SA_sw_076.jpg,C:\Users\kundu\OneDrive\Desktop\KMU-FED-2\data\processed\01_DI_mr\01_DI_mr_009.jpg,Sadness,Disgust,7,1,0,negative
C:\Users\kundu\OneDrive\Desktop\KMU-FED-2\data\processed\01_SA_mr\01_SA_mr_012.jpg,C:\Users\kundu\OneDrive\Desktop\KMU-FED-2\data\processed\05_AN_uj\05_AN_uj_044.jpg,Sadness,Anger,1,5,0,negative
C:\Users\kundu\OneDrive\Desktop\KMU-FED-2\data\processed\09_AN_sj\09_AN_sj_129.jpg,C:\Users\kundu\OneDrive\Desktop\KMU-FED-2\data\processed\05_SU_uj\05_SU_uj_067.jpg,Anger,Surprise,9,5,0,negative
C:\Users\kundu\OneDrive\Desktop\KMU-FED-2\data\processed\07_SU_sw\07_SU_sw_092.jpg,C:\Users\kundu\OneDrive\Desktop\KMU-FED-2\data\processed\06_SA_dy\06_SA_dy_081.jpg,Surprise,Sadness,7,6,0,negative
C:\Users\kundu\OneDrive\Desktop\KMU-FED-2\data\processed\03_FE_s02\03_FE_s02_049.jpg,C:\Users\kundu\OneDrive\Desktop\KMU-FED-2\data\processed\07_SU_sw\07_SU_sw_088.jpg,Fear,Surprise,3,7,0,negative
C:\Users\kundu\OneDrive\Desktop\KMU-FED-2\data\processed\05_SA_uj\05_SA_uj_059.jpg,C:\Users\kundu\OneDrive\Desktop\KMU-FED-2\data\processed\10_SU_ko\10_SU_ko_120.jpg,Sadness,Surprise,5,10,0,negative
C:\Users\kundu\OneDrive\Desktop\KMU-FED-2\data\processed\10_HA_ko\10_HA_ko_189.jpg,C:\Users\kundu\OneDrive\Desktop\KMU-FED-2\data\processed\09_HA_sj\09_HA_sj_160.jpg,Happiness,Happiness,10,9,1,cross_subject_pos
C:\Users\kundu\OneDrive\Desktop\KMU-FED-2\data\processed\06_AN_dy\06_AN_dy_068.jpg,C:\Users\kundu\OneDrive\Desktop\KMU-FED-2\data\processed\01_DI_mr\01_DI_mr_017.jpg,Anger,Disgust,6,1,0,negative
C:\Users\kundu\OneDrive\Desktop\KMU-FED-2\data\processed\07_HA_sw\07_HA_sw_122.jpg,C:\Users\kundu\OneDrive\Desktop\KMU-FED-2\data\processed\07_HA_sw\07_HA_sw_120.jpg,Happiness,Happiness,7,7,1,same_subject_pos
C:\Users\kundu\OneDrive\Desktop\KMU-FED-2\data\processed\07_AN_sw\07_AN_sw_093.jpg,C:\Users\kundu\OneDrive\Desktop\KMU-FED-2\data\processed\09_FE_sj\09_FE_sj_153.jpg,Anger,Fear,7,9,0,negative
C:\Users\kundu\OneDrive\Desktop\KMU-FED-2\data\processed\03_SA_s02\03_SA_s02_028.jpg,C:\Users\kundu\OneDrive\Desktop\KMU-FED-2\data\processed\07_SA_sw\07_SA_sw_076.jpg,Sadness,Sadness,3,7,1,cross_subject_pos
C:\Users\kundu\OneDrive\Desktop\KMU-FED-2\data\processed\06_SU_dy\06_SU_dy_097.jpg,C:\Users\kundu\OneDrive\Desktop\KMU-FED-2\data\processed\03_SU_s02\03_SU_s02_049.jpg,Surprise,Surprise,6,3,1,cross_subject_pos
C:\Users\kundu\OneDrive\Desktop\KMU-FED-2\data\processed\01_AN_mr\01_AN_mr_016.jpg,C:\Users\kundu\OneDrive\Desktop\KMU-FED-2\data\processed\05_FE_uj\05_FE_uj_089.jpg,Anger,Fear,1,5,0,negative
C:\Users\kundu\OneDrive\Desktop\KMU-FED-2\data\processed\07_AN_sw\07_AN_sw_084.jpg,C:\Users\kundu\OneDrive\Desktop\KMU-FED-2\data\processed\06_AN_dy\06_AN_dy_071.jpg,Anger,Anger,7,6,1,cross_subject_pos
C:\Users\kundu\OneDrive\Desktop\KMU-FED-2\data\processed\03_SA_s02\03_SA_s02_025.jpg,C:\Users\kundu\OneDrive\Desktop\KMU-FED-2\data\processed\12_AN_gu\12_AN_gu_187.jpg,Sadness,Anger,3,12,0,negative
C:\Users\kundu\OneDrive\Desktop\KMU-FED-2\data\processed\07_FE_sw\07_FE_sw_133.jpg,C:\Users\kundu\OneDrive\Desktop\KMU-FED-2\data\processed\06_FE_dy\06_FE_dy_116.jpg,Fear,Fear,7,6,1,cross_subject_pos
C:\Users\kundu\OneDrive\Desktop\KMU-FED-2\data\processed\07_SA_sw\07_SA_sw_089.jpg,C:\Users\kundu\OneDrive\Desktop\KMU-FED-2\data\processed\06_SA_dy\06_SA_dy_083.jpg,Sadness,Sadness,7,6,1,cross_subject_pos
C:\Users\kundu\OneDrive\Desktop\KMU-FED-2\data\processed\07_SU_sw\07_SU_sw_096.jpg,C:\Users\kundu\OneDrive\Desktop\KMU-FED-2\data\processed\07_SU_sw\07_SU_sw_100.jpg,Surprise,Surprise,7,7,1,same_subject_pos
C:\Users\kundu\OneDrive\Desktop\KMU-FED-2\data\processed\10_DI_ko\10_DI_ko_098.jpg,C:\Users\kundu\OneDrive\Desktop\KMU-FED-2\data\processed\09_FE_sj\09_FE_sj_157.jpg,Disgust,Fear,10,9,0,negative
C:\Users\kundu\OneDrive\Desktop\KMU-FED-2\data\processed\10_DI_ko\10_DI_ko_096.jpg,C:\Users\kundu\OneDrive\Desktop\KMU-FED-2\data\processed\10_DI_ko\10_DI_ko_092.jpg,Disgust,Disgust,10,10,1,same_subject_pos
C:\Users\kundu\OneDrive\Desktop\KMU-FED-2\data\processed\10_FE_ko\10_FE_ko_165.jpg,C:\Users\kundu\OneDrive\Desktop\KMU-FED-2\data\processed\12_DI_gu\12_DI_gu_129.jpg,Fear,Disgust,10,12,0,negative
C:\Users\kundu\OneDrive\Desktop\KMU-FED-2\data\processed\07_AN_sw\07_AN_sw_096.jpg,C:\Users\kundu\OneDrive\Desktop\KMU-FED-2\data\processed\05_AN_uj\05_AN_uj_048.jpg,Anger,Anger,7,5,1,cross_subject_pos
C:\Users\kundu\OneDrive\Desktop\KMU-FED-2\data\processed\05_SU_uj\05_SU_uj_062.jpg,C:\Users\kundu\OneDrive\Desktop\KMU-FED-2\data\processed\10_SU_ko\10_SU_ko_117.jpg,Surprise,Surprise,5,10,1,cross_subject_pos
C:\Users\kundu\OneDrive\Desktop\KMU-FED-2\data\processed\01_DI_mr\01_DI_mr_020.jpg,C:\Users\kundu\OneDrive\Desktop\KMU-FED-2\data\processed\03_FE_s02\03_FE_s02_041.jpg,Disgust,Fear,1,3,0,negative
C:\Users\kundu\OneDrive\Desktop\KMU-FED-2\data\processed\09_HA_sj\09_HA_sj_154.jpg,C:\Users\kundu\OneDrive\Desktop\KMU-FED-2\data\processed\10_HA_ko\10_HA_ko_171.jpg,Happiness,Happiness,9,10,1,cross_subject_pos
C:\Users\kundu\OneDrive\Desktop\KMU-FED-2\data\processed\09_HA_sj\09_HA_sj_167.jpg,C:\Users\kundu\OneDrive\Desktop\KMU-FED-2\data\processed\09_HA_sj\09_HA_sj_161.jpg,Happiness,Happiness,9,9,1,same_subject_pos
C:\Users\kundu\OneDrive\Desktop\KMU-FED-2\data\processed\05_AN_uj\05_AN_uj_050.jpg,C:\Users\kundu\OneDrive\Desktop\KMU-FED-2\data\processed\06_AN_dy\06_AN_dy_072.jpg,Anger,Anger,5,6,1,cross_subject_pos
C:\Users\kundu\OneDrive\Desktop\KMU-FED-2\data\processed\06_SU_dy\06_SU_dy_081.jpg,C:\Users\kundu\OneDrive\Desktop\KMU-FED-2\data\processed\10_SU_ko\10_SU_ko_112.jpg,Surprise,Surprise,6,10,1,cross_subject_pos
C:\Users\kundu\OneDrive\Desktop\KMU-FED-2\data\processed\05_DI_uj\05_DI_uj_036.jpg,C:\Users\kundu\OneDrive\Desktop\KMU-FED-2\data\processed\03_AN_s02\03_AN_s02_038.jpg,Disgust,Anger,5,3,0,negative
C:\Users\kundu\OneDrive\Desktop\KMU-FED-2\data\processed\06_SU_dy\06_SU_dy_091.jpg,C:\Users\kundu\OneDrive\Desktop\KMU-FED-2\data\processed\01_SU_mr\01_SU_mr_013.jpg,Surprise,Surprise,6,1,1,cross_subject_pos
C:\Users\kundu\OneDrive\Desktop\KMU-FED-2\data\processed\01_DI_mr\01_DI_mr_011.jpg,C:\Users\kundu\OneDrive\Desktop\KMU-FED-2\data\processed\06_DI_dy\06_DI_dy_060.jpg,Disgust,Disgust,1,6,1,cross_subject_pos
C:\Users\kundu\OneDrive\Desktop\KMU-FED-2\data\processed\06_SU_dy\06_SU_dy_083.jpg,C:\Users\kundu\OneDrive\Desktop\KMU-FED-2\data\processed\01_SU_mr\01_SU_mr_010.jpg,Surprise,Surprise,6,1,1,cross_subject_pos
C:\Users\kundu\OneDrive\Desktop\KMU-FED-2\data\processed\03_SU_s02\03_SU_s02_055.jpg,C:\Users\kundu\OneDrive\Desktop\KMU-FED-2\data\processed\12_DI_gu\12_DI_gu_122.jpg,Surprise,Disgust,3,12,0,negative
C:\Users\kundu\OneDrive\Desktop\KMU-FED-2\data\processed\07_FE_sw\07_FE_sw_131.jpg,C:\Users\kundu\OneDrive\Desktop\KMU-FED-2\data\processed\10_FE_ko\10_FE_ko_175.jpg,Fear,Fear,7,10,1,cross_subject_pos
C:\Users\kundu\OneDrive\Desktop\KMU-FED-2\data\processed\10_FE_ko\10_FE_ko_179.jpg,C:\Users\kundu\OneDrive\Desktop\KMU-FED-2\data\processed\05_FE_uj\05_FE_uj_092.jpg,Fear,Fear,10,5,1,cross_subject_pos
C:\Users\kundu\OneDrive\Desktop\KMU-FED-2\data\processed\10_DI_ko\10_DI_ko_095.jpg,C:\Users\kundu\OneDrive\Desktop\KMU-FED-2\data\processed\06_DI_dy\06_DI_dy_064.jpg,Disgust,Disgust,10,6,1,cross_subject_pos
C:\Users\kundu\OneDrive\Desktop\KMU-FED-2\data\processed\10_HA_ko\10_HA_ko_178.jpg,C:\Users\kundu\OneDrive\Desktop\KMU-FED-2\data\processed\12_HA_gu\12_HA_gu_172.jpg,Happiness,Happiness,10,12,1,cross_subject_pos
C:\Users\kundu\OneDrive\Desktop\KMU-FED-2\data\processed\06_FE_dy\06_FE_dy_107.jpg,C:\Users\kundu\OneDrive\Desktop\KMU-FED-2\data\processed\05_AN_uj\05_AN_uj_048.jpg,Fear,Anger,6,5,0,negative
C:\Users\kundu\OneDrive\Desktop\KMU-FED-2\data\processed\01_DI_mr\01_DI_mr_002.jpg,C:\Users\kundu\OneDrive\Desktop\KMU-FED-2\data\processed\09_AN_sj\09_AN_sj_135.jpg,Disgust,Anger,1,9,0,negative
C:\Users\kundu\OneDrive\Desktop\KMU-FED-2\data\processed\03_FE_s02\03_FE_s02_057.jpg,C:\Users\kundu\OneDrive\Desktop\KMU-FED-2\data\processed\06_FE_dy\06_FE_dy_118.jpg,Fear,Fear,3,6,1,cross_subject_pos
C:\Users\kundu\OneDrive\Desktop\KMU-FED-2\data\processed\01_DI_mr\01_DI_mr_006.jpg,C:\Users\kundu\OneDrive\Desktop\KMU-FED-2\data\processed\03_HA_s02\03_HA_s02_032.jpg,Disgust,Happiness,1,3,0,negative
C:\Users\kundu\OneDrive\Desktop\KMU-FED-2\data\processed\03_SU_s02\03_SU_s02_047.jpg,C:\Users\kundu\OneDrive\Desktop\KMU-FED-2\data\processed\07_SU_sw\07_SU_sw_099.jpg,Surprise,Surprise,3,7,1,cross_subject_pos
C:\Users\kundu\OneDrive\Desktop\KMU-FED-2\data\processed\10_HA_ko\10_HA_ko_185.jpg,C:\Users\kundu\OneDrive\Desktop\KMU-FED-2\data\processed\01_HA_mr\01_HA_mr_019.jpg,Happiness,Happiness,10,1,1,cross_subject_pos
C:\Users\kundu\OneDrive\Desktop\KMU-FED-2\data\processed\07_SA_sw\07_SA_sw_088.jpg,C:\Users\kundu\OneDrive\Desktop\KMU-FED-2\data\processed\07_SA_sw\07_SA_sw_075.jpg,Sadness,Sadness,7,7,1,same_subject_pos
C:\Users\kundu\OneDrive\Desktop\KMU-FED-2\data\processed\06_SU_dy\06_SU_dy_097.jpg,C:\Users\kundu\OneDrive\Desktop\KMU-FED-2\data\processed\06_AN_dy\06_AN_dy_064.jpg,Surprise,Anger,6,6,0,negative
C:\Users\kundu\OneDrive\Desktop\KMU-FED-2\data\processed\03_AN_s02\03_AN_s02_035.jpg,C:\Users\kundu\OneDrive\Desktop\KMU-FED-2\data\processed\06_AN_dy\06_AN_dy_071.jpg,Anger,Anger,3,6,1,cross_subject_pos
C:\Users\kundu\OneDrive\Desktop\KMU-FED-2\data\processed\06_HA_dy\06_HA_dy_102.jpg,C:\Users\kundu\OneDrive\Desktop\KMU-FED-2\data\processed\06_HA_dy\06_HA_dy_107.jpg,Happiness,Happiness,6,6,1,same_subject_pos
C:\Users\kundu\OneDrive\Desktop\KMU-FED-2\data\processed\05_SU_uj\05_SU_uj_064.jpg,C:\Users\kundu\OneDrive\Desktop\KMU-FED-2\data\processed\03_FE_s02\03_FE_s02_047.jpg,Surprise,Fear,5,3,0,negative
C:\Users\kundu\OneDrive\Desktop\KMU-FED-2\data\processed\10_FE_ko\10_FE_ko_161.jpg,C:\Users\kundu\OneDrive\Desktop\KMU-FED-2\data\processed\07_FE_sw\07_FE_sw_132.jpg,Fear,Fear,10,7,1,cross_subject_pos
C:\Users\kundu\OneDrive\Desktop\KMU-FED-2\data\processed\09_FE_sj\09_FE_sj_160.jpg,C:\Users\kundu\OneDrive\Desktop\KMU-FED-2\data\processed\07_FE_sw\07_FE_sw_127.jpg,Fear,Fear,9,7,1,cross_subject_pos
C:\Users\kundu\OneDrive\Desktop\KMU-FED-2\data\processed\05_SU_uj\05_SU_uj_067.jpg,C:\Users\kundu\OneDrive\Desktop\KMU-FED-2\data\processed\12_AN_gu\12_AN_gu_187.jpg,Surprise,Anger,5,12,0,negative
C:\Users\kundu\OneDrive\Desktop\KMU-FED-2\data\processed\10_DI_ko\10_DI_ko_091.jpg,C:\Users\kundu\OneDrive\Desktop\KMU-FED-2\data\processed\10_AN_ko\10_AN_ko_145.jpg,Disgust,Anger,10,10,0,negative
C:\Users\kundu\OneDrive\Desktop\KMU-FED-2\data\processed\12_DI_gu\12_DI_gu_129.jpg,C:\Users\kundu\OneDrive\Desktop\KMU-FED-2\data\processed\06_DI_dy\06_DI_dy_057.jpg,Disgust,Disgust,12,6,1,cross_subject_pos
C:\Users\kundu\OneDrive\Desktop\KMU-FED-2\data\processed\07_SA_sw\07_SA_sw_072.jpg,C:\Users\kundu\OneDrive\Desktop\KMU-FED-2\data\processed\07_SA_sw\07_SA_sw_082.jpg,Sadness,Sadness,7,7,1,same_subject_pos
C:\Users\kundu\OneDrive\Desktop\KMU-FED-2\data\processed\05_AN_uj\05_AN_uj_044.jpg,C:\Users\kundu\OneDrive\Desktop\KMU-FED-2\data\processed\07_SA_sw\07_SA_sw_087.jpg,Anger,Sadness,5,7,0,negative
C:\Users\kundu\OneDrive\Desktop\KMU-FED-2\data\processed\05_DI_uj\05_DI_uj_035.jpg,C:\Users\kundu\OneDrive\Desktop\KMU-FED-2\data\processed\03_SU_s02\03_SU_s02_045.jpg,Disgust,Surprise,5,3,0,negative
C:\Users\kundu\OneDrive\Desktop\KMU-FED-2\data\processed\05_AN_uj\05_AN_uj_053.jpg,C:\Users\kundu\OneDrive\Desktop\KMU-FED-2\data\processed\10_AN_ko\10_AN_ko_146.jpg,Anger,Anger,5,10,1,cross_subject_pos
C:\Users\kundu\OneDrive\Desktop\KMU-FED-2\data\processed\07_SU_sw\07_SU_sw_084.jpg,C:\Users\kundu\OneDrive\Desktop\KMU-FED-2\data\processed\06_SU_dy\06_SU_dy_083.jpg,Surprise,Surprise,7,6,1,cross_subject_pos
C:\Users\kundu\OneDrive\Desktop\KMU-FED-2\data\processed\10_FE_ko\10_FE_ko_174.jpg,C:\Users\kundu\OneDrive\Desktop\KMU-FED-2\data\processed\03_FE_s02\03_FE_s02_052.jpg,Fear,Fear,10,3,1,cross_subject_pos
C:\Users\kundu\OneDrive\Desktop\KMU-FED-2\data\processed\03_SA_s02\03_SA_s02_030.jpg,C:\Users\kundu\OneDrive\Desktop\KMU-FED-2\data\processed\07_SA_sw\07_SA_sw_079.jpg,Sadness,Sadness,3,7,1,cross_subject_pos
C:\Users\kundu\OneDrive\Desktop\KMU-FED-2\data\processed\05_DI_uj\05_DI_uj_039.jpg,C:\Users\kundu\OneDrive\Desktop\KMU-FED-2\data\processed\01_DI_mr\01_DI_mr_009.jpg,Disgust,Disgust,5,1,1,cross_subject_pos
C:\Users\kundu\OneDrive\Desktop\KMU-FED-2\data\processed\09_HA_sj\09_HA_sj_164.jpg,C:\Users\kundu\OneDrive\Desktop\KMU-FED-2\data\processed\01_HA_mr\01_HA_mr_014.jpg,Happiness,Happiness,9,1,1,cross_subject_pos
C:\Users\kundu\OneDrive\Desktop\KMU-FED-2\data\processed\01_DI_mr\01_DI_mr_005.jpg,C:\Users\kundu\OneDrive\Desktop\KMU-FED-2\data\processed\06_DI_dy\06_DI_dy_052.jpg,Disgust,Disgust,1,6,1,cross_subject_pos
C:\Users\kundu\OneDrive\Desktop\KMU-FED-2\data\processed\01_FE_mr\01_FE_mr_006.jpg,C:\Users\kundu\OneDrive\Desktop\KMU-FED-2\data\processed\01_FE_mr\01_FE_mr_001.jpg,Fear,Fear,1,1,1,same_subject_pos
C:\Users\kundu\OneDrive\Desktop\KMU-FED-2\data\processed\01_AN_mr\01_AN_mr_014.jpg,C:\Users\kundu\OneDrive\Desktop\KMU-FED-2\data\processed\03_SU_s02\03_SU_s02_043.jpg,Anger,Surprise,1,3,0,negative
C:\Users\kundu\OneDrive\Desktop\KMU-FED-2\data\processed\05_AN_uj\05_AN_uj_051.jpg,C:\Users\kundu\OneDrive\Desktop\KMU-FED-2\data\processed\12_DI_gu\12_DI_gu_124.jpg,Anger,Disgust,5,12,0,negative
C:\Users\kundu\OneDrive\Desktop\KMU-FED-2\data\processed\07_FE_sw\07_FE_sw_140.jpg,C:\Users\kundu\OneDrive\Desktop\KMU-FED-2\data\processed\09_FE_sj\09_FE_sj_153.jpg,Fear,Fear,7,9,1,cross_subject_pos
C:\Users\kundu\OneDrive\Desktop\KMU-FED-2\data\processed\09_SU_sj\09_SU_sj_104.jpg,C:\Users\kundu\OneDrive\Desktop\KMU-FED-2\data\processed\07_SU_sw\07_SU_sw_093.jpg,Surprise,Surprise,9,7,1,cross_subject_pos
C:\Users\kundu\OneDrive\Desktop\KMU-FED-2\data\processed\01_FE_mr\01_FE_mr_020.jpg,C:\Users\kundu\OneDrive\Desktop\KMU-FED-2\data\processed\06_DI_dy\06_DI_dy_069.jpg,Fear,Disgust,1,6,0,negative
C:\Users\kundu\OneDrive\Desktop\KMU-FED-2\data\processed\06_DI_dy\06_DI_dy_055.jpg,C:\Users\kundu\OneDrive\Desktop\KMU-FED-2\data\processed\10_DI_ko\10_DI_ko_096.jpg,Disgust,Disgust,6,10,1,cross_subject_pos
C:\Users\kundu\OneDrive\Desktop\KMU-FED-2\data\processed\07_SA_sw\07_SA_sw_078.jpg,C:\Users\kundu\OneDrive\Desktop\KMU-FED-2\data\processed\10_FE_ko\10_FE_ko_178.jpg,Sadness,Fear,7,10,0,negative
C:\Users\kundu\OneDrive\Desktop\KMU-FED-2\data\processed\03_FE_s02\03_FE_s02_043.jpg,C:\Users\kundu\OneDrive\Desktop\KMU-FED-2\data\processed\01_HA_mr\01_HA_mr_020.jpg,Fear,Happiness,3,1,0,negative
C:\Users\kundu\OneDrive\Desktop\KMU-FED-2\data\processed\09_HA_sj\09_HA_sj_168.jpg,C:\Users\kundu\OneDrive\Desktop\KMU-FED-2\data\processed\07_AN_sw\07_AN_sw_082.jpg,Happiness,Anger,9,7,0,negative
C:\Users\kundu\OneDrive\Desktop\KMU-FED-2\data\processed\10_FE_ko\10_FE_ko_163.jpg,C:\Users\kundu\OneDrive\Desktop\KMU-FED-2\data\processed\03_HA_s02\03_HA_s02_045.jpg,Fear,Happiness,10,3,0,negative
C:\Users\kundu\OneDrive\Desktop\KMU-FED-2\data\processed\06_FE_dy\06_FE_dy_110.jpg,C:\Users\kundu\OneDrive\Desktop\KMU-FED-2\data\processed\05_SA_uj\05_SA_uj_064.jpg,Fear,Sadness,6,5,0,negative
C:\Users\kundu\OneDrive\Desktop\KMU-FED-2\data\processed\07_HA_sw\07_HA_sw_124.jpg,C:\Users\kundu\OneDrive\Desktop\KMU-FED-2\data\processed\06_AN_dy\06_AN_dy_075.jpg,Happiness,Anger,7,6,0,negative
C:\Users\kundu\OneDrive\Desktop\KMU-FED-2\data\processed\01_DI_mr\01_DI_mr_017.jpg,C:\Users\kundu\OneDrive\Desktop\KMU-FED-2\data\processed\12_DI_gu\12_DI_gu_130.jpg,Disgust,Disgust,1,12,1,cross_subject_pos
C:\Users\kundu\OneDrive\Desktop\KMU-FED-2\data\processed\01_FE_mr\01_FE_mr_015.jpg,C:\Users\kundu\OneDrive\Desktop\KMU-FED-2\data\processed\10_FE_ko\10_FE_ko_179.jpg,Fear,Fear,1,10,1,cross_subject_pos
C:\Users\kundu\OneDrive\Desktop\KMU-FED-2\data\processed\12_SA_gu\12_SA_gu_151.jpg,C:\Users\kundu\OneDrive\Desktop\KMU-FED-2\data\processed\09_SU_sj\09_SU_sj_108.jpg,Sadness,Surprise,12,9,0,negative
C:\Users\kundu\OneDrive\Desktop\KMU-FED-2\data\processed\05_FE_uj\05_FE_uj_095.jpg,C:\Users\kundu\OneDrive\Desktop\KMU-FED-2\data\processed\06_AN_dy\06_AN_dy_072.jpg,Fear,Anger,5,6,0,negative
C:\Users\kundu\OneDrive\Desktop\KMU-FED-2\data\processed\01_FE_mr\01_FE_mr_006.jpg,C:\Users\kundu\OneDrive\Desktop\KMU-FED-2\data\processed\03_FE_s02\03_FE_s02_057.jpg,Fear,Fear,1,3,1,cross_subject_pos
C:\Users\kundu\OneDrive\Desktop\KMU-FED-2\data\processed\07_FE_sw\07_FE_sw_133.jpg,C:\Users\kundu\OneDrive\Desktop\KMU-FED-2\data\processed\09_FE_sj\09_FE_sj_160.jpg,Fear,Fear,7,9,1,cross_subject_pos
C:\Users\kundu\OneDrive\Desktop\KMU-FED-2\data\processed\06_DI_dy\06_DI_dy_057.jpg,C:\Users\kundu\OneDrive\Desktop\KMU-FED-2\data\processed\07_SA_sw\07_SA_sw_086.jpg,Disgust,Sadness,6,7,0,negative
C:\Users\kundu\OneDrive\Desktop\KMU-FED-2\data\processed\03_SU_s02\03_SU_s02_055.jpg,C:\Users\kundu\OneDrive\Desktop\KMU-FED-2\data\processed\05_SU_uj\05_SU_uj_078.jpg,Surprise,Surprise,3,5,1,cross_subject_pos
C:\Users\kundu\OneDrive\Desktop\KMU-FED-2\data\processed\10_FE_ko\10_FE_ko_163.jpg,C:\Users\kundu\OneDrive\Desktop\KMU-FED-2\data\processed\03_HA_s02\03_HA_s02_036.jpg,Fear,Happiness,10,3,0,negative
C:\Users\kundu\OneDrive\Desktop\KMU-FED-2\data\processed\12_HA_gu\12_HA_gu_190.jpg,C:\Users\kundu\OneDrive\Desktop\KMU-FED-2\data\processed\03_HA_s02\03_HA_s02_047.jpg,Happiness,Happiness,12,3,1,cross_subject_pos
C:\Users\kundu\OneDrive\Desktop\KMU-FED-2\data\processed\03_FE_s02\03_FE_s02_057.jpg,C:\Users\kundu\OneDrive\Desktop\KMU-FED-2\data\processed\07_FE_sw\07_FE_sw_123.jpg,Fear,Fear,3,7,1,cross_subject_pos
C:\Users\kundu\OneDrive\Desktop\KMU-FED-2\data\processed\09_AN_sj\09_AN_sj_139.jpg,C:\Users\kundu\OneDrive\Desktop\KMU-FED-2\data\processed\09_SA_sj\09_SA_sj_115.jpg,Anger,Sadness,9,9,0,negative
C:\Users\kundu\OneDrive\Desktop\KMU-FED-2\data\processed\07_FE_sw\07_FE_sw_125.jpg,C:\Users\kundu\OneDrive\Desktop\KMU-FED-2\data\processed\01_SA_mr\01_SA_mr_002.jpg,Fear,Sadness,7,1,0,negative
C:\Users\kundu\OneDrive\Desktop\KMU-FED-2\data\processed\03_SU_s02\03_SU_s02_046.jpg,C:\Users\kundu\OneDrive\Desktop\KMU-FED-2\data\processed\06_SA_dy\06_SA_dy_074.jpg,Surprise,Sadness,3,6,0,negative
C:\Users\kundu\OneDrive\Desktop\KMU-FED-2\data\processed\07_SA_sw\07_SA_sw_089.jpg,C:\Users\kundu\OneDrive\Desktop\KMU-FED-2\data\processed\01_SU_mr\01_SU_mr_015.jpg,Sadness,Surprise,7,1,0,negative
C:\Users\kundu\OneDrive\Desktop\KMU-FED-2\data\processed\07_HA_sw\07_HA_sw_111.jpg,C:\Users\kundu\OneDrive\Desktop\KMU-FED-2\data\processed\09_HA_sj\09_HA_sj_156.jpg,Happiness,Happiness,7,9,1,cross_subject_pos
C:\Users\kundu\OneDrive\Desktop\KMU-FED-2\data\processed\12_AN_gu\12_AN_gu_179.jpg,C:\Users\kundu\OneDrive\Desktop\KMU-FED-2\data\processed\03_HA_s02\03_HA_s02_050.jpg,Anger,Happiness,12,3,0,negative
C:\Users\kundu\OneDrive\Desktop\KMU-FED-2\data\processed\03_SU_s02\03_SU_s02_054.jpg,C:\Users\kundu\OneDrive\Desktop\KMU-FED-2\data\processed\03_SA_s02\03_SA_s02_028.jpg,Surprise,Sadness,3,3,0,negative
C:\Users\kundu\OneDrive\Desktop\KMU-FED-2\data\processed\06_HA_dy\06_HA_dy_106.jpg,C:\Users\kundu\OneDrive\Desktop\KMU-FED-2\data\processed\06_HA_dy\06_HA_dy_096.jpg,Happiness,Happiness,6,6,1,same_subject_pos
C:\Users\kundu\OneDrive\Desktop\KMU-FED-2\data\processed\03_SU_s02\03_SU_s02_043.jpg,C:\Users\kundu\OneDrive\Desktop\KMU-FED-2\data\processed\10_SU_ko\10_SU_ko_113.jpg,Surprise,Surprise,3,10,1,cross_subject_pos
C:\Users\kundu\OneDrive\Desktop\KMU-FED-2\data\processed\05_FE_uj\05_FE_uj_097.jpg,C:\Users\kundu\OneDrive\Desktop\KMU-FED-2\data\processed\03_SA_s02\03_SA_s02_035.jpg,Fear,Sadness,5,3,0,negative
C:\Users\kundu\OneDrive\Desktop\KMU-FED-2\data\processed\05_AN_uj\05_AN_uj_046.jpg,C:\Users\kundu\OneDrive\Desktop\KMU-FED-2\data\processed\01_AN_mr\01_AN_mr_003.jpg,Anger,Anger,5,1,1,cross_subject_pos
C:\Users\kundu\OneDrive\Desktop\KMU-FED-2\data\processed\06_HA_dy\06_HA_dy_107.jpg,C:\Users\kundu\OneDrive\Desktop\KMU-FED-2\data\processed\07_HA_sw\07_HA_sw_121.jpg,Happiness,Happiness,6,7,1,cross_subject_pos
C:\Users\kundu\OneDrive\Desktop\KMU-FED-2\data\processed\06_SU_dy\06_SU_dy_085.jpg,C:\Users\kundu\OneDrive\Desktop\KMU-FED-2\data\processed\09_AN_sj\09_AN_sj_130.jpg,Surprise,Anger,6,9,0,negative
C:\Users\kundu\OneDrive\Desktop\KMU-FED-2\data\processed\05_AN_uj\05_AN_uj_047.jpg,C:\Users\kundu\OneDrive\Desktop\KMU-FED-2\data\processed\09_SU_sj\09_SU_sj_103.jpg,Anger,Surprise,5,9,0,negative
C:\Users\kundu\OneDrive\Desktop\KMU-FED-2\data\processed\06_SU_dy\06_SU_dy_083.jpg,C:\Users\kundu\OneDrive\Desktop\KMU-FED-2\data\processed\10_AN_ko\10_AN_ko_148.jpg,Surprise,Anger,6,10,0,negative
C:\Users\kundu\OneDrive\Desktop\KMU-FED-2\data\processed\01_SU_mr\01_SU_mr_016.jpg,C:\Users\kundu\OneDrive\Desktop\KMU-FED-2\data\processed\06_DI_dy\06_DI_dy_059.jpg,Surprise,Disgust,1,6,0,negative
C:\Users\kundu\OneDrive\Desktop\KMU-FED-2\data\processed\06_HA_dy\06_HA_dy_103.jpg,C:\Users\kundu\OneDrive\Desktop\KMU-FED-2\data\processed\06_SA_dy\06_SA_dy_077.jpg,Happiness,Sadness,6,6,0,negative
C:\Users\kundu\OneDrive\Desktop\KMU-FED-2\data\processed\01_SU_mr\01_SU_mr_013.jpg,C:\Users\kundu\OneDrive\Desktop\KMU-FED-2\data\processed\10_SU_ko\10_SU_ko_117.jpg,Surprise,Surprise,1,10,1,cross_subject_pos
C:\Users\kundu\OneDrive\Desktop\KMU-FED-2\data\processed\12_DI_gu\12_DI_gu_121.jpg,C:\Users\kundu\OneDrive\Desktop\KMU-FED-2\data\processed\12_SA_gu\12_SA_gu_159.jpg,Disgust,Sadness,12,12,0,negative
C:\Users\kundu\OneDrive\Desktop\KMU-FED-2\data\processed\06_HA_dy\06_HA_dy_100.jpg,C:\Users\kundu\OneDrive\Desktop\KMU-FED-2\data\processed\06_HA_dy\06_HA_dy_094.jpg,Happiness,Happiness,6,6,1,same_subject_pos
C:\Users\kundu\OneDrive\Desktop\KMU-FED-2\data\processed\06_SA_dy\06_SA_dy_083.jpg,C:\Users\kundu\OneDrive\Desktop\KMU-FED-2\data\processed\05_DI_uj\05_DI_uj_035.jpg,Sadness,Disgust,6,5,0,negative
C:\Users\kundu\OneDrive\Desktop\KMU-FED-2\data\processed\07_FE_sw\07_FE_sw_129.jpg,C:\Users\kundu\OneDrive\Desktop\KMU-FED-2\data\processed\12_AN_gu\12_AN_gu_173.jpg,Fear,Anger,7,12,0,negative
C:\Users\kundu\OneDrive\Desktop\KMU-FED-2\data\processed\10_SU_ko\10_SU_ko_126.jpg,C:\Users\kundu\OneDrive\Desktop\KMU-FED-2\data\processed\10_SU_ko\10_SU_ko_114.jpg,Surprise,Surprise,10,10,1,same_subject_pos
C:\Users\kundu\OneDrive\Desktop\KMU-FED-2\data\processed\06_SA_dy\06_SA_dy_085.jpg,C:\Users\kundu\OneDrive\Desktop\KMU-FED-2\data\processed\05_DI_uj\05_DI_uj_035.jpg,Sadness,Disgust,6,5,0,negative
C:\Users\kundu\OneDrive\Desktop\KMU-FED-2\data\processed\03_SU_s02\03_SU_s02_056.jpg,C:\Users\kundu\OneDrive\Desktop\KMU-FED-2\data\processed\07_SU_sw\07_SU_sw_099.jpg,Surprise,Surprise,3,7,1,cross_subject_pos
C:\Users\kundu\OneDrive\Desktop\KMU-FED-2\data\processed\03_FE_s02\03_FE_s02_051.jpg,C:\Users\kundu\OneDrive\Desktop\KMU-FED-2\data\processed\01_FE_mr\01_FE_mr_008.jpg,Fear,Fear,3,1,1,cross_subject_pos
C:\Users\kundu\OneDrive\Desktop\KMU-FED-2\data\processed\03_SU_s02\03_SU_s02_044.jpg,C:\Users\kundu\OneDrive\Desktop\KMU-FED-2\data\processed\09_HA_sj\09_HA_sj_153.jpg,Surprise,Happiness,3,9,0,negative
C:\Users\kundu\OneDrive\Desktop\KMU-FED-2\data\processed\01_SA_mr\01_SA_mr_005.jpg,C:\Users\kundu\OneDrive\Desktop\KMU-FED-2\data\processed\03_SU_s02\03_SU_s02_047.jpg,Sadness,Surprise,1,3,0,negative
C:\Users\kundu\OneDrive\Desktop\KMU-FED-2\data\processed\12_AN_gu\12_AN_gu_174.jpg,C:\Users\kundu\OneDrive\Desktop\KMU-FED-2\data\processed\03_HA_s02\03_HA_s02_042.jpg,Anger,Happiness,12,3,0,negative
C:\Users\kundu\OneDrive\Desktop\KMU-FED-2\data\processed\01_SA_mr\01_SA_mr_012.jpg,C:\Users\kundu\OneDrive\Desktop\KMU-FED-2\data\processed\12_AN_gu\12_AN_gu_182.jpg,Sadness,Anger,1,12,0,negative
C:\Users\kundu\OneDrive\Desktop\KMU-FED-2\data\processed\03_AN_s02\03_AN_s02_036.jpg,C:\Users\kundu\OneDrive\Desktop\KMU-FED-2\data\processed\05_AN_uj\05_AN_uj_046.jpg,Anger,Anger,3,5,1,cross_subject_pos
C:\Users\kundu\OneDrive\Desktop\KMU-FED-2\data\processed\06_HA_dy\06_HA_dy_110.jpg,C:\Users\kundu\OneDrive\Desktop\KMU-FED-2\data\processed\01_HA_mr\01_HA_mr_002.jpg,Happiness,Happiness,6,1,1,cross_subject_pos
C:\Users\kundu\OneDrive\Desktop\KMU-FED-2\data\processed\07_AN_sw\07_AN_sw_098.jpg,C:\Users\kundu\OneDrive\Desktop\KMU-FED-2\data\processed\09_AN_sj\09_AN_sj_132.jpg,Anger,Anger,7,9,1,cross_subject_pos
C:\Users\kundu\OneDrive\Desktop\KMU-FED-2\data\processed\10_FE_ko\10_FE_ko_174.jpg,C:\Users\kundu\OneDrive\Desktop\KMU-FED-2\data\processed\07_FE_sw\07_FE_sw_131.jpg,Fear,Fear,10,7,1,cross_subject_pos
C:\Users\kundu\OneDrive\Desktop\KMU-FED-2\data\processed\06_FE_dy\06_FE_dy_106.jpg,C:\Users\kundu\OneDrive\Desktop\KMU-FED-2\data\processed\12_SA_gu\12_SA_gu_157.jpg,Fear,Sadness,6,12,0,negative
C:\Users\kundu\OneDrive\Desktop\KMU-FED-2\data\processed\03_FE_s02\03_FE_s02_049.jpg,C:\Users\kundu\OneDrive\Desktop\KMU-FED-2\data\processed\12_AN_gu\12_AN_gu_175.jpg,Fear,Anger,3,12,0,negative
C:\Users\kundu\OneDrive\Desktop\KMU-FED-2\data\processed\03_SA_s02\03_SA_s02_024.jpg,C:\Users\kundu\OneDrive\Desktop\KMU-FED-2\data\processed\07_SA_sw\07_SA_sw_077.jpg,Sadness,Sadness,3,7,1,cross_subject_pos
C:\Users\kundu\OneDrive\Desktop\KMU-FED-2\data\processed\03_HA_s02\03_HA_s02_049.jpg,C:\Users\kundu\OneDrive\Desktop\KMU-FED-2\data\processed\01_AN_mr\01_AN_mr_015.jpg,Happiness,Anger,3,1,0,negative
C:\Users\kundu\OneDrive\Desktop\KMU-FED-2\data\processed\06_DI_dy\06_DI_dy_063.jpg,C:\Users\kundu\OneDrive\Desktop\KMU-FED-2\data\processed\05_FE_uj\05_FE_uj_087.jpg,Disgust,Fear,6,5,0,negative
C:\Users\kundu\OneDrive\Desktop\KMU-FED-2\data\processed\10_FE_ko\10_FE_ko_174.jpg,C:\Users\kundu\OneDrive\Desktop\KMU-FED-2\data\processed\01_FE_mr\01_FE_mr_004.jpg,Fear,Fear,10,1,1,cross_subject_pos
C:\Users\kundu\OneDrive\Desktop\KMU-FED-2\data\processed\03_SU_s02\03_SU_s02_051.jpg,C:\Users\kundu\OneDrive\Desktop\KMU-FED-2\data\processed\07_SU_sw\07_SU_sw_084.jpg,Surprise,Surprise,3,7,1,cross_subject_pos
C:\Users\kundu\OneDrive\Desktop\KMU-FED-2\data\processed\01_FE_mr\01_FE_mr_010.jpg,C:\Users\kundu\OneDrive\Desktop\KMU-FED-2\data\processed\05_SA_uj\05_SA_uj_069.jpg,Fear,Sadness,1,5,0,negative
C:\Users\kundu\OneDrive\Desktop\KMU-FED-2\data\processed\01_SA_mr\01_SA_mr_011.jpg,C:\Users\kundu\OneDrive\Desktop\KMU-FED-2\data\processed\01_SA_mr\01_SA_mr_019.jpg,Sadness,Sadness,1,1,1,same_subject_pos
C:\Users\kundu\OneDrive\Desktop\KMU-FED-2\data\processed\01_DI_mr\01_DI_mr_019.jpg,C:\Users\kundu\OneDrive\Desktop\KMU-FED-2\data\processed\12_SA_gu\12_SA_gu_164.jpg,Disgust,Sadness,1,12,0,negative
C:\Users\kundu\OneDrive\Desktop\KMU-FED-2\data\processed\10_FE_ko\10_FE_ko_174.jpg,C:\Users\kundu\OneDrive\Desktop\KMU-FED-2\data\processed\06_FE_dy\06_FE_dy_119.jpg,Fear,Fear,10,6,1,cross_subject_pos
C:\Users\kundu\OneDrive\Desktop\KMU-FED-2\data\processed\05_SA_uj\05_SA_uj_062.jpg,C:\Users\kundu\OneDrive\Desktop\KMU-FED-2\data\processed\06_FE_dy\06_FE_dy_105.jpg,Sadness,Fear,5,6,0,negative
C:\Users\kundu\OneDrive\Desktop\KMU-FED-2\data\processed\01_DI_mr\01_DI_mr_007.jpg,C:\Users\kundu\OneDrive\Desktop\KMU-FED-2\data\processed\05_SU_uj\05_SU_uj_078.jpg,Disgust,Surprise,1,5,0,negative
C:\Users\kundu\OneDrive\Desktop\KMU-FED-2\data\processed\03_SU_s02\03_SU_s02_043.jpg,C:\Users\kundu\OneDrive\Desktop\KMU-FED-2\data\processed\01_FE_mr\01_FE_mr_002.jpg,Surprise,Fear,3,1,0,negative
C:\Users\kundu\OneDrive\Desktop\KMU-FED-2\data\processed\03_HA_s02\03_HA_s02_047.jpg,C:\Users\kundu\OneDrive\Desktop\KMU-FED-2\data\processed\05_AN_uj\05_AN_uj_047.jpg,Happiness,Anger,3,5,0,negative
C:\Users\kundu\OneDrive\Desktop\KMU-FED-2\data\processed\03_SU_s02\03_SU_s02_052.jpg,C:\Users\kundu\OneDrive\Desktop\KMU-FED-2\data\processed\06_DI_dy\06_DI_dy_051.jpg,Surprise,Disgust,3,6,0,negative
C:\Users\kundu\OneDrive\Desktop\KMU-FED-2\data\processed\10_DI_ko\10_DI_ko_098.jpg,C:\Users\kundu\OneDrive\Desktop\KMU-FED-2\data\processed\06_DI_dy\06_DI_dy_060.jpg,Disgust,Disgust,10,6,1,cross_subject_pos
C:\Users\kundu\OneDrive\Desktop\KMU-FED-2\data\processed\06_SU_dy\06_SU_dy_081.jpg,C:\Users\kundu\OneDrive\Desktop\KMU-FED-2\data\processed\07_SU_sw\07_SU_sw_087.jpg,Surprise,Surprise,6,7,1,cross_subject_pos
C:\Users\kundu\OneDrive\Desktop\KMU-FED-2\data\processed\05_AN_uj\05_AN_uj_044.jpg,C:\Users\kundu\OneDrive\Desktop\KMU-FED-2\data\processed\03_AN_s02\03_AN_s02_033.jpg,Anger,Anger,5,3,1,cross_subject_pos
C:\Users\kundu\OneDrive\Desktop\KMU-FED-2\data\processed\01_DI_mr\01_DI_mr_002.jpg,C:\Users\kundu\OneDrive\Desktop\KMU-FED-2\data\processed\03_SU_s02\03_SU_s02_059.jpg,Disgust,Surprise,1,3,0,negative
C:\Users\kundu\OneDrive\Desktop\KMU-FED-2\data\processed\03_SA_s02\03_SA_s02_026.jpg,C:\Users\kundu\OneDrive\Desktop\KMU-FED-2\data\processed\06_AN_dy\06_AN_dy_076.jpg,Sadness,Anger,3,6,0,negative
C:\Users\kundu\OneDrive\Desktop\KMU-FED-2\data\processed\07_HA_sw\07_HA_sw_114.jpg,C:\Users\kundu\OneDrive\Desktop\KMU-FED-2\data\processed\07_HA_sw\07_HA_sw_125.jpg,Happiness,Happiness,7,7,1,same_subject_pos
C:\Users\kundu\OneDrive\Desktop\KMU-FED-2\data\processed\03_SU_s02\03_SU_s02_044.jpg,C:\Users\kundu\OneDrive\Desktop\KMU-FED-2\data\processed\09_AN_sj\09_AN_sj_121.jpg,Surprise,Anger,3,9,0,negative
C:\Users\kundu\OneDrive\Desktop\KMU-FED-2\data\processed\12_AN_gu\12_AN_gu_181.jpg,C:\Users\kundu\OneDrive\Desktop\KMU-FED-2\data\processed\05_SA_uj\05_SA_uj_070.jpg,Anger,Sadness,12,5,0,negative
C:\Users\kundu\OneDrive\Desktop\KMU-FED-2\data\processed\03_AN_s02\03_AN_s02_037.jpg,C:\Users\kundu\OneDrive\Desktop\KMU-FED-2\data\processed\10_SU_ko\10_SU_ko_116.jpg,Anger,Surprise,3,10,0,negative
C:\Users\kundu\OneDrive\Desktop\KMU-FED-2\data\processed\12_HA_gu\12_HA_gu_182.jpg,C:\Users\kundu\OneDrive\Desktop\KMU-FED-2\data\processed\07_HA_sw\07_HA_sw_128.jpg,Happiness,Happiness,12,7,1,cross_subject_pos
C:\Users\kundu\OneDrive\Desktop\KMU-FED-2\data\processed\09_SA_sj\09_SA_sj_115.jpg,C:\Users\kundu\OneDrive\Desktop\KMU-FED-2\data\processed\05_SA_uj\05_SA_uj_069.jpg,Sadness,Sadness,9,5,1,cross_subject_pos
C:\Users\kundu\OneDrive\Desktop\KMU-FED-2\data\processed\03_SA_s02\03_SA_s02_024.jpg,C:\Users\kundu\OneDrive\Desktop\KMU-FED-2\data\processed\09_HA_sj\09_HA_sj_167.jpg,Sadness,Happiness,3,9,0,negative
C:\Users\kundu\OneDrive\Desktop\KMU-FED-2\data\processed\01_AN_mr\01_AN_mr_012.jpg,C:\Users\kundu\OneDrive\Desktop\KMU-FED-2\data\processed\01_SU_mr\01_SU_mr_002.jpg,Anger,Surprise,1,1,0,negative
C:\Users\kundu\OneDrive\Desktop\KMU-FED-2\data\processed\01_SU_mr\01_SU_mr_010.jpg,C:\Users\kundu\OneDrive\Desktop\KMU-FED-2\data\processed\03_SU_s02\03_SU_s02_051.jpg,Surprise,Surprise,1,3,1,cross_subject_pos
C:\Users\kundu\OneDrive\Desktop\KMU-FED-2\data\processed\05_SA_uj\05_SA_uj_067.jpg,C:\Users\kundu\OneDrive\Desktop\KMU-FED-2\data\processed\12_SA_gu\12_SA_gu_165.jpg,Sadness,Sadness,5,12,1,cross_subject_pos
C:\Users\kundu\OneDrive\Desktop\KMU-FED-2\data\processed\03_FE_s02\03_FE_s02_044.jpg,C:\Users\kundu\OneDrive\Desktop\KMU-FED-2\data\processed\10_DI_ko\10_DI_ko_095.jpg,Fear,Disgust,3,10,0,negative
C:\Users\kundu\OneDrive\Desktop\KMU-FED-2\data\processed\03_AN_s02\03_AN_s02_039.jpg,C:\Users\kundu\OneDrive\Desktop\KMU-FED-2\data\processed\12_HA_gu\12_HA_gu_173.jpg,Anger,Happiness,3,12,0,negative
C:\Users\kundu\OneDrive\Desktop\KMU-FED-2\data\processed\06_DI_dy\06_DI_dy_058.jpg,C:\Users\kundu\OneDrive\Desktop\KMU-FED-2\data\processed\10_AN_ko\10_AN_ko_144.jpg,Disgust,Anger,6,10,0,negative
C:\Users\kundu\OneDrive\Desktop\KMU-FED-2\data\processed\10_DI_ko\10_DI_ko_099.jpg,C:\Users\kundu\OneDrive\Desktop\KMU-FED-2\data\processed\09_HA_sj\09_HA_sj_167.jpg,Disgust,Happiness,10,9,0,negative
C:\Users\kundu\OneDrive\Desktop\KMU-FED-2\data\processed\09_HA_sj\09_HA_sj_169.jpg,C:\Users\kundu\OneDrive\Desktop\KMU-FED-2\data\processed\05_DI_uj\05_DI_uj_037.jpg,Happiness,Disgust,9,5,0,negative
C:\Users\kundu\OneDrive\Desktop\KMU-FED-2\data\processed\06_DI_dy\06_DI_dy_052.jpg,C:\Users\kundu\OneDrive\Desktop\KMU-FED-2\data\processed\06_FE_dy\06_FE_dy_107.jpg,Disgust,Fear,6,6,0,negative
C:\Users\kundu\OneDrive\Desktop\KMU-FED-2\data\processed\01_HA_mr\01_HA_mr_018.jpg,C:\Users\kundu\OneDrive\Desktop\KMU-FED-2\data\processed\07_HA_sw\07_HA_sw_123.jpg,Happiness,Happiness,1,7,1,cross_subject_pos
C:\Users\kundu\OneDrive\Desktop\KMU-FED-2\data\processed\01_HA_mr\01_HA_mr_006.jpg,C:\Users\kundu\OneDrive\Desktop\KMU-FED-2\data\processed\06_AN_dy\06_AN_dy_064.jpg,Happiness,Anger,1,6,0,negative
C:\Users\kundu\OneDrive\Desktop\KMU-FED-2\data\processed\01_DI_mr\01_DI_mr_004.jpg,C:\Users\kundu\OneDrive\Desktop\KMU-FED-2\data\processed\05_FE_uj\05_FE_uj_084.jpg,Disgust,Fear,1,5,0,negative
C:\Users\kundu\OneDrive\Desktop\KMU-FED-2\data\processed\05_SU_uj\05_SU_uj_062.jpg,C:\Users\kundu\OneDrive\Desktop\KMU-FED-2\data\processed\01_AN_mr\01_AN_mr_019.jpg,Surprise,Anger,5,1,0,negative
C:\Users\kundu\OneDrive\Desktop\KMU-FED-2\data\processed\12_HA_gu\12_HA_gu_190.jpg,C:\Users\kundu\OneDrive\Desktop\KMU-FED-2\data\processed\07_HA_sw\07_HA_sw_117.jpg,Happiness,Happiness,12,7,1,cross_subject_pos
C:\Users\kundu\OneDrive\Desktop\KMU-FED-2\data\processed\07_SA_sw\07_SA_sw_083.jpg,C:\Users\kundu\OneDrive\Desktop\KMU-FED-2\data\processed\10_FE_ko\10_FE_ko_178.jpg,Sadness,Fear,7,10,0,negative
C:\Users\kundu\OneDrive\Desktop\KMU-FED-2\data\processed\07_SA_sw\07_SA_sw_086.jpg,C:\Users\kundu\OneDrive\Desktop\KMU-FED-2\data\processed\05_FE_uj\05_FE_uj_093.jpg,Sadness,Fear,7,5,0,negative
C:\Users\kundu\OneDrive\Desktop\KMU-FED-2\data\processed\06_SA_dy\06_SA_dy_072.jpg,C:\Users\kundu\OneDrive\Desktop\KMU-FED-2\data\processed\06_HA_dy\06_HA_dy_101.jpg,Sadness,Happiness,6,6,0,negative
C:\Users\kundu\OneDrive\Desktop\KMU-FED-2\data\processed\06_FE_dy\06_FE_dy_108.jpg,C:\Users\kundu\OneDrive\Desktop\KMU-FED-2\data\processed\09_AN_sj\09_AN_sj_129.jpg,Fear,Anger,6,9,0,negative
C:\Users\kundu\OneDrive\Desktop\KMU-FED-2\data\processed\07_SU_sw\07_SU_sw_087.jpg,C:\Users\kundu\OneDrive\Desktop\KMU-FED-2\data\processed\01_SU_mr\01_SU_mr_003.jpg,Surprise,Surprise,7,1,1,cross_subject_pos
C:\Users\kundu\OneDrive\Desktop\KMU-FED-2\data\processed\12_SA_gu\12_SA_gu_162.jpg,C:\Users\kundu\OneDrive\Desktop\KMU-FED-2\data\processed\09_SU_sj\09_SU_sj_102.jpg,Sadness,Surprise,12,9,0,negative
C:\Users\kundu\OneDrive\Desktop\KMU-FED-2\data\processed\09_SU_sj\09_SU_sj_102.jpg,C:\Users\kundu\OneDrive\Desktop\KMU-FED-2\data\processed\10_SU_ko\10_SU_ko_124.jpg,Surprise,Surprise,9,10,1,cross_subject_pos
C:\Users\kundu\OneDrive\Desktop\KMU-FED-2\data\processed\01_HA_mr\01_HA_mr_004.jpg,C:\Users\kundu\OneDrive\Desktop\KMU-FED-2\data\processed\05_AN_uj\05_AN_uj_054.jpg,Happiness,Anger,1,5,0,negative
C:\Users\kundu\OneDrive\Desktop\KMU-FED-2\data\processed\06_HA_dy\06_HA_dy_100.jpg,C:\Users\kundu\OneDrive\Desktop\KMU-FED-2\data\processed\12_HA_gu\12_HA_gu_182.jpg,Happiness,Happiness,6,12,1,cross_subject_pos
C:\Users\kundu\OneDrive\Desktop\KMU-FED-2\data\processed\06_SA_dy\06_SA_dy_081.jpg,C:\Users\kundu\OneDrive\Desktop\KMU-FED-2\data\processed\01_SA_mr\01_SA_mr_003.jpg,Sadness,Sadness,6,1,1,cross_subject_pos
C:\Users\kundu\OneDrive\Desktop\KMU-FED-2\data\processed\05_HA_uj\05_HA_uj_071.jpg,C:\Users\kundu\OneDrive\Desktop\KMU-FED-2\data\processed\10_HA_ko\10_HA_ko_175.jpg,Happiness,Happiness,5,10,1,cross_subject_pos
C:\Users\kundu\OneDrive\Desktop\KMU-FED-2\data\processed\10_AN_ko\10_AN_ko_143.jpg,C:\Users\kundu\OneDrive\Desktop\KMU-FED-2\data\processed\07_AN_sw\07_AN_sw_091.jpg,Anger,Anger,10,7,1,cross_subject_pos
C:\Users\kundu\OneDrive\Desktop\KMU-FED-2\data\processed\12_AN_gu\12_AN_gu_179.jpg,C:\Users\kundu\OneDrive\Desktop\KMU-FED-2\data\processed\07_HA_sw\07_HA_sw_117.jpg,Anger,Happiness,12,7,0,negative
C:\Users\kundu\OneDrive\Desktop\KMU-FED-2\data\processed\05_SA_uj\05_SA_uj_058.jpg,C:\Users\kundu\OneDrive\Desktop\KMU-FED-2\data\processed\03_AN_s02\03_AN_s02_037.jpg,Sadness,Anger,5,3,0,negative
C:\Users\kundu\OneDrive\Desktop\KMU-FED-2\data\processed\06_AN_dy\06_AN_dy_061.jpg,C:\Users\kundu\OneDrive\Desktop\KMU-FED-2\data\processed\03_SU_s02\03_SU_s02_046.jpg,Anger,Surprise,6,3,0,negative
C:\Users\kundu\OneDrive\Desktop\KMU-FED-2\data\processed\09_FE_sj\09_FE_sj_151.jpg,C:\Users\kundu\OneDrive\Desktop\KMU-FED-2\data\processed\09_FE_sj\09_FE_sj_152.jpg,Fear,Fear,9,9,1,same_subject_pos
C:\Users\kundu\OneDrive\Desktop\KMU-FED-2\data\processed\10_SU_ko\10_SU_ko_127.jpg,C:\Users\kundu\OneDrive\Desktop\KMU-FED-2\data\processed\07_AN_sw\07_AN_sw_089.jpg,Surprise,Anger,10,7,0,negative
C:\Users\kundu\OneDrive\Desktop\KMU-FED-2\data\processed\10_HA_ko\10_HA_ko_172.jpg,C:\Users\kundu\OneDrive\Desktop\KMU-FED-2\data\processed\06_HA_dy\06_HA_dy_094.jpg,Happiness,Happiness,10,6,1,cross_subject_pos
C:\Users\kundu\OneDrive\Desktop\KMU-FED-2\data\processed\09_AN_sj\09_AN_sj_136.jpg,C:\Users\kundu\OneDrive\Desktop\KMU-FED-2\data\processed\06_DI_dy\06_DI_dy_059.jpg,Anger,Disgust,9,6,0,negative
C:\Users\kundu\OneDrive\Desktop\KMU-FED-2\data\processed\09_AN_sj\09_AN_sj_139.jpg,C:\Users\kundu\OneDrive\Desktop\KMU-FED-2\data\processed\03_AN_s02\03_AN_s02_031.jpg,Anger,Anger,9,3,1,cross_subject_pos
C:\Users\kundu\OneDrive\Desktop\KMU-FED-2\data\processed\10_HA_ko\10_HA_ko_175.jpg,C:\Users\kundu\OneDrive\Desktop\KMU-FED-2\data\processed\03_SU_s02\03_SU_s02_055.jpg,Happiness,Surprise,10,3,0,negative
C:\Users\kundu\OneDrive\Desktop\KMU-FED-2\data\processed\06_DI_dy\06_DI_dy_055.jpg,C:\Users\kundu\OneDrive\Desktop\KMU-FED-2\data\processed\01_SA_mr\01_SA_mr_014.jpg,Disgust,Sadness,6,1,0,negative
C:\Users\kundu\OneDrive\Desktop\KMU-FED-2\data\processed\03_HA_s02\03_HA_s02_040.jpg,C:\Users\kundu\OneDrive\Desktop\KMU-FED-2\data\processed\01_DI_mr\01_DI_mr_020.jpg,Happiness,Disgust,3,1,0,negative
C:\Users\kundu\OneDrive\Desktop\KMU-FED-2\data\processed\12_AN_gu\12_AN_gu_187.jpg,C:\Users\kundu\OneDrive\Desktop\KMU-FED-2\data\processed\03_SU_s02\03_SU_s02_044.jpg,Anger,Surprise,12,3,0,negative
C:\Users\kundu\OneDrive\Desktop\KMU-FED-2\data\processed\05_SU_uj\05_SU_uj_076.jpg,C:\Users\kundu\OneDrive\Desktop\KMU-FED-2\data\processed\01_FE_mr\01_FE_mr_008.jpg,Surprise,Fear,5,1,0,negative
C:\Users\kundu\OneDrive\Desktop\KMU-FED-2\data\processed\10_AN_ko\10_AN_ko_148.jpg,C:\Users\kundu\OneDrive\Desktop\KMU-FED-2\data\processed\01_AN_mr\01_AN_mr_020.jpg,Anger,Anger,10,1,1,cross_subject_pos
C:\Users\kundu\OneDrive\Desktop\KMU-FED-2\data\processed\12_AN_gu\12_AN_gu_190.jpg,C:\Users\kundu\OneDrive\Desktop\KMU-FED-2\data\processed\09_AN_sj\09_AN_sj_128.jpg,Anger,Anger,12,9,1,cross_subject_pos
C:\Users\kundu\OneDrive\Desktop\KMU-FED-2\data\processed\07_HA_sw\07_HA_sw_112.jpg,C:\Users\kundu\OneDrive\Desktop\KMU-FED-2\data\processed\12_SA_gu\12_SA_gu_159.jpg,Happiness,Sadness,7,12,0,negative
C:\Users\kundu\OneDrive\Desktop\KMU-FED-2\data\processed\07_SU_sw\07_SU_sw_099.jpg,C:\Users\kundu\OneDrive\Desktop\KMU-FED-2\data\processed\07_SU_sw\07_SU_sw_092.jpg,Surprise,Surprise,7,7,1,same_subject_pos
C:\Users\kundu\OneDrive\Desktop\KMU-FED-2\data\processed\12_SA_gu\12_SA_gu_164.jpg,C:\Users\kundu\OneDrive\Desktop\KMU-FED-2\data\processed\12_SA_gu\12_SA_gu_160.jpg,Sadness,Sadness,12,12,1,same_subject_pos
C:\Users\kundu\OneDrive\Desktop\KMU-FED-2\data\processed\10_SU_ko\10_SU_ko_123.jpg,C:\Users\kundu\OneDrive\Desktop\KMU-FED-2\data\processed\01_SU_mr\01_SU_mr_002.jpg,Surprise,Surprise,10,1,1,cross_subject_pos
C:\Users\kundu\OneDrive\Desktop\KMU-FED-2\data\processed\03_SA_s02\03_SA_s02_038.jpg,C:\Users\kundu\OneDrive\Desktop\KMU-FED-2\data\processed\07_SU_sw\07_SU_sw_100.jpg,Sadness,Surprise,3,7,0,negative
C:\Users\kundu\OneDrive\Desktop\KMU-FED-2\data\processed\12_AN_gu\12_AN_gu_183.jpg,C:\Users\kundu\OneDrive\Desktop\KMU-FED-2\data\processed\06_FE_dy\06_FE_dy_115.jpg,Anger,Fear,12,6,0,negative
C:\Users\kundu\OneDrive\Desktop\KMU-FED-2\data\processed\12_AN_gu\12_AN_gu_189.jpg,C:\Users\kundu\OneDrive\Desktop\KMU-FED-2\data\processed\06_DI_dy\06_DI_dy_065.jpg,Anger,Disgust,12,6,0,negative
C:\Users\kundu\OneDrive\Desktop\KMU-FED-2\data\processed\12_AN_gu\12_AN_gu_174.jpg,C:\Users\kundu\OneDrive\Desktop\KMU-FED-2\data\processed\03_AN_s02\03_AN_s02_037.jpg,Anger,Anger,12,3,1,cross_subject_pos
C:\Users\kundu\OneDrive\Desktop\KMU-FED-2\data\processed\10_FE_ko\10_FE_ko_161.jpg,C:\Users\kundu\OneDrive\Desktop\KMU-FED-2\data\processed\07_FE_sw\07_FE_sw_140.jpg,Fear,Fear,10,7,1,cross_subject_pos
C:\Users\kundu\OneDrive\Desktop\KMU-FED-2\data\processed\01_AN_mr\01_AN_mr_003.jpg,C:\Users\kundu\OneDrive\Desktop\KMU-FED-2\data\processed\07_AN_sw\07_AN_sw_087.jpg,Anger,Anger,1,7,1,cross_subject_pos
C:\Users\kundu\OneDrive\Desktop\KMU-FED-2\data\processed\06_AN_dy\06_AN_dy_076.jpg,C:\Users\kundu\OneDrive\Desktop\KMU-FED-2\data\processed\12_HA_gu\12_HA_gu_179.jpg,Anger,Happiness,6,12,0,negative
C:\Users\kundu\OneDrive\Desktop\KMU-FED-2\data\processed\09_SU_sj\09_SU_sj_105.jpg,C:\Users\kundu\OneDrive\Desktop\KMU-FED-2\data\processed\12_AN_gu\12_AN_gu_175.jpg,Surprise,Anger,9,12,0,negative
C:\Users\kundu\OneDrive\Desktop\KMU-FED-2\data\processed\06_FE_dy\06_FE_dy_102.jpg,C:\Users\kundu\OneDrive\Desktop\KMU-FED-2\data\processed\10_HA_ko\10_HA_ko_172.jpg,Fear,Happiness,6,10,0,negative
C:\Users\kundu\OneDrive\Desktop\KMU-FED-2\data\processed\05_HA_uj\05_HA_uj_077.jpg,C:\Users\kundu\OneDrive\Desktop\KMU-FED-2\data\processed\03_HA_s02\03_HA_s02_045.jpg,Happiness,Happiness,5,3,1,cross_subject_pos
C:\Users\kundu\OneDrive\Desktop\KMU-FED-2\data\processed\12_HA_gu\12_HA_gu_179.jpg,C:\Users\kundu\OneDrive\Desktop\KMU-FED-2\data\processed\01_DI_mr\01_DI_mr_001.jpg,Happiness,Disgust,12,1,0,negative
C:\Users\kundu\OneDrive\Desktop\KMU-FED-2\data\processed\09_AN_sj\09_AN_sj_127.jpg,C:\Users\kundu\OneDrive\Desktop\KMU-FED-2\data\processed\05_SU_uj\05_SU_uj_061.jpg,Anger,Surprise,9,5,0,negative
C:\Users\kundu\OneDrive\Desktop\KMU-FED-2\data\processed\01_SU_mr\01_SU_mr_011.jpg,C:\Users\kundu\OneDrive\Desktop\KMU-FED-2\data\processed\05_SU_uj\05_SU_uj_065.jpg,Surprise,Surprise,1,5,1,cross_subject_pos
C:\Users\kundu\OneDrive\Desktop\KMU-FED-2\data\processed\07_SA_sw\07_SA_sw_088.jpg,C:\Users\kundu\OneDrive\Desktop\KMU-FED-2\data\processed\06_SA_dy\06_SA_dy_072.jpg,Sadness,Sadness,7,6,1,cross_subject_pos
C:\Users\kundu\OneDrive\Desktop\KMU-FED-2\data\processed\05_AN_uj\05_AN_uj_050.jpg,C:\Users\kundu\OneDrive\Desktop\KMU-FED-2\data\processed\10_DI_ko\10_DI_ko_097.jpg,Anger,Disgust,5,10,0,negative
C:\Users\kundu\OneDrive\Desktop\KMU-FED-2\data\processed\05_FE_uj\05_FE_uj_099.jpg,C:\Users\kundu\OneDrive\Desktop\KMU-FED-2\data\processed\10_FE_ko\10_FE_ko_176.jpg,Fear,Fear,5,10,1,cross_subject_pos
C:\Users\kundu\OneDrive\Desktop\KMU-FED-2\data\processed\10_FE_ko\10_FE_ko_162.jpg,C:\Users\kundu\OneDrive\Desktop\KMU-FED-2\data\processed\07_FE_sw\07_FE_sw_126.jpg,Fear,Fear,10,7,1,cross_subject_pos
C:\Users\kundu\OneDrive\Desktop\KMU-FED-2\data\processed\03_SA_s02\03_SA_s02_027.jpg,C:\Users\kundu\OneDrive\Desktop\KMU-FED-2\data\processed\10_DI_ko\10_DI_ko_092.jpg,Sadness,Disgust,3,10,0,negative
C:\Users\kundu\OneDrive\Desktop\KMU-FED-2\data\processed\06_SU_dy\06_SU_dy_084.jpg,C:\Users\kundu\OneDrive\Desktop\KMU-FED-2\data\processed\12_AN_gu\12_AN_gu_177.jpg,Surprise,Anger,6,12,0,negative
C:\Users\kundu\OneDrive\Desktop\KMU-FED-2\data\processed\06_FE_dy\06_FE_dy_111.jpg,C:\Users\kundu\OneDrive\Desktop\KMU-FED-2\data\processed\01_FE_mr\01_FE_mr_002.jpg,Fear,Fear,6,1,1,cross_subject_pos
C:\Users\kundu\OneDrive\Desktop\KMU-FED-2\data\processed\06_SU_dy\06_SU_dy_083.jpg,C:\Users\kundu\OneDrive\Desktop\KMU-FED-2\data\processed\01_SU_mr\01_SU_mr_012.jpg,Surprise,Surprise,6,1,1,cross_subject_pos
C:\Users\kundu\OneDrive\Desktop\KMU-FED-2\data\processed\03_SU_s02\03_SU_s02_045.jpg,C:\Users\kundu\OneDrive\Desktop\KMU-FED-2\data\processed\03_SU_s02\03_SU_s02_057.jpg,Surprise,Surprise,3,3,1,same_subject_pos
C:\Users\kundu\OneDrive\Desktop\KMU-FED-2\data\processed\05_DI_uj\05_DI_uj_039.jpg,C:\Users\kundu\OneDrive\Desktop\KMU-FED-2\data\processed\06_AN_dy\06_AN_dy_069.jpg,Disgust,Anger,5,6,0,negative
C:\Users\kundu\OneDrive\Desktop\KMU-FED-2\data\processed\12_HA_gu\12_HA_gu_172.jpg,C:\Users\kundu\OneDrive\Desktop\KMU-FED-2\data\processed\10_HA_ko\10_HA_ko_175.jpg,Happiness,Happiness,12,10,1,cross_subject_pos
C:\Users\kundu\OneDrive\Desktop\KMU-FED-2\data\processed\10_SU_ko\10_SU_ko_127.jpg,C:\Users\kundu\OneDrive\Desktop\KMU-FED-2\data\processed\01_HA_mr\01_HA_mr_011.jpg,Surprise,Happiness,10,1,0,negative
C:\Users\kundu\OneDrive\Desktop\KMU-FED-2\data\processed\06_DI_dy\06_DI_dy_058.jpg,C:\Users\kundu\OneDrive\Desktop\KMU-FED-2\data\processed\03_SA_s02\03_SA_s02_035.jpg,Disgust,Sadness,6,3,0,negative
C:\Users\kundu\OneDrive\Desktop\KMU-FED-2\data\processed\06_AN_dy\06_AN_dy_069.jpg,C:\Users\kundu\OneDrive\Desktop\KMU-FED-2\data\processed\01_AN_mr\01_AN_mr_009.jpg,Anger,Anger,6,1,1,cross_subject_pos
C:\Users\kundu\OneDrive\Desktop\KMU-FED-2\data\processed\09_AN_sj\09_AN_sj_126.jpg,C:\Users\kundu\OneDrive\Desktop\KMU-FED-2\data\processed\07_FE_sw\07_FE_sw_132.jpg,Anger,Fear,9,7,0,negative
C:\Users\kundu\OneDrive\Desktop\KMU-FED-2\data\processed\01_HA_mr\01_HA_mr_015.jpg,C:\Users\kundu\OneDrive\Desktop\KMU-FED-2\data\processed\07_HA_sw\07_HA_sw_118.jpg,Happiness,Happiness,1,7,1,cross_subject_pos
C:\Users\kundu\OneDrive\Desktop\KMU-FED-2\data\processed\07_SU_sw\07_SU_sw_094.jpg,C:\Users\kundu\OneDrive\Desktop\KMU-FED-2\data\processed\07_SU_sw\07_SU_sw_100.jpg,Surprise,Surprise,7,7,1,same_subject_pos
C:\Users\kundu\OneDrive\Desktop\KMU-FED-2\data\processed\01_SU_mr\01_SU_mr_016.jpg,C:\Users\kundu\OneDrive\Desktop\KMU-FED-2\data\processed\05_SU_uj\05_SU_uj_077.jpg,Surprise,Surprise,1,5,1,cross_subject_pos
C:\Users\kundu\OneDrive\Desktop\KMU-FED-2\data\processed\06_SU_dy\06_SU_dy_081.jpg,C:\Users\kundu\OneDrive\Desktop\KMU-FED-2\data\processed\05_DI_uj\05_DI_uj_038.jpg,Surprise,Disgust,6,5,0,negative
C:\Users\kundu\OneDrive\Desktop\KMU-FED-2\data\processed\09_AN_sj\09_AN_sj_129.jpg,C:\Users\kundu\OneDrive\Desktop\KMU-FED-2\data\processed\10_DI_ko\10_DI_ko_097.jpg,Anger,Disgust,9,10,0,negative
C:\Users\kundu\OneDrive\Desktop\KMU-FED-2\data\processed\03_SA_s02\03_SA_s02_039.jpg,C:\Users\kundu\OneDrive\Desktop\KMU-FED-2\data\processed\10_DI_ko\10_DI_ko_098.jpg,Sadness,Disgust,3,10,0,negative
C:\Users\kundu\OneDrive\Desktop\KMU-FED-2\data\processed\10_FE_ko\10_FE_ko_164.jpg,C:\Users\kundu\OneDrive\Desktop\KMU-FED-2\data\processed\06_DI_dy\06_DI_dy_058.jpg,Fear,Disgust,10,6,0,negative
C:\Users\kundu\OneDrive\Desktop\KMU-FED-2\data\processed\03_SA_s02\03_SA_s02_040.jpg,C:\Users\kundu\OneDrive\Desktop\KMU-FED-2\data\processed\01_SU_mr\01_SU_mr_013.jpg,Sadness,Surprise,3,1,0,negative
C:\Users\kundu\OneDrive\Desktop\KMU-FED-2\data\processed\07_HA_sw\07_HA_sw_113.jpg,C:\Users\kundu\OneDrive\Desktop\KMU-FED-2\data\processed\01_HA_mr\01_HA_mr_018.jpg,Happiness,Happiness,7,1,1,cross_subject_pos
C:\Users\kundu\OneDrive\Desktop\KMU-FED-2\data\processed\06_HA_dy\06_HA_dy_092.jpg,C:\Users\kundu\OneDrive\Desktop\KMU-FED-2\data\processed\05_SA_uj\05_SA_uj_064.jpg,Happiness,Sadness,6,5,0,negative
C:\Users\kundu\OneDrive\Desktop\KMU-FED-2\data\processed\12_DI_gu\12_DI_gu_126.jpg,C:\Users\kundu\OneDrive\Desktop\KMU-FED-2\data\processed\01_DI_mr\01_DI_mr_018.jpg,Disgust,Disgust,12,1,1,cross_subject_pos
C:\Users\kundu\OneDrive\Desktop\KMU-FED-2\data\processed\06_FE_dy\06_FE_dy_118.jpg,C:\Users\kundu\OneDrive\Desktop\KMU-FED-2\data\processed\03_FE_s02\03_FE_s02_054.jpg,Fear,Fear,6,3,1,cross_subject_pos
C:\Users\kundu\OneDrive\Desktop\KMU-FED-2\data\processed\06_AN_dy\06_AN_dy_072.jpg,C:\Users\kundu\OneDrive\Desktop\KMU-FED-2\data\processed\06_AN_dy\06_AN_dy_073.jpg,Anger,Anger,6,6,1,same_subject_pos
C:\Users\kundu\OneDrive\Desktop\KMU-FED-2\data\processed\03_SU_s02\03_SU_s02_051.jpg,C:\Users\kundu\OneDrive\Desktop\KMU-FED-2\data\processed\01_SU_mr\01_SU_mr_008.jpg,Surprise,Surprise,3,1,1,cross_subject_pos
C:\Users\kundu\OneDrive\Desktop\KMU-FED-2\data\processed\09_AN_sj\09_AN_sj_136.jpg,C:\Users\kundu\OneDrive\Desktop\KMU-FED-2\data\processed\05_AN_uj\05_AN_uj_046.jpg,Anger,Anger,9,5,1,cross_subject_pos
C:\Users\kundu\OneDrive\Desktop\KMU-FED-2\data\processed\03_SA_s02\03_SA_s02_040.jpg,C:\Users\kundu\OneDrive\Desktop\KMU-FED-2\data\processed\05_SA_uj\05_SA_uj_054.jpg,Sadness,Sadness,3,5,1,cross_subject_pos
C:\Users\kundu\OneDrive\Desktop\KMU-FED-2\data\processed\10_AN_ko\10_AN_ko_141.jpg,C:\Users\kundu\OneDrive\Desktop\KMU-FED-2\data\processed\09_AN_sj\09_AN_sj_123.jpg,Anger,Anger,10,9,1,cross_subject_pos
C:\Users\kundu\OneDrive\Desktop\KMU-FED-2\data\processed\06_SU_dy\06_SU_dy_085.jpg,C:\Users\kundu\OneDrive\Desktop\KMU-FED-2\data\processed\12_AN_gu\12_AN_gu_183.jpg,Surprise,Anger,6,12,0,negative
C:\Users\kundu\OneDrive\Desktop\KMU-FED-2\data\processed\06_FE_dy\06_FE_dy_116.jpg,C:\Users\kundu\OneDrive\Desktop\KMU-FED-2\data\processed\03_FE_s02\03_FE_s02_059.jpg,Fear,Fear,6,3,1,cross_subject_pos
C:\Users\kundu\OneDrive\Desktop\KMU-FED-2\data\processed\07_SU_sw\07_SU_sw_087.jpg,C:\Users\kundu\OneDrive\Desktop\KMU-FED-2\data\processed\06_SU_dy\06_SU_dy_092.jpg,Surprise,Surprise,7,6,1,cross_subject_pos
C:\Users\kundu\OneDrive\Desktop\KMU-FED-2\data\processed\01_AN_mr\01_AN_mr_013.jpg,C:\Users\kundu\OneDrive\Desktop\KMU-FED-2\data\processed\03_HA_s02\03_HA_s02_038.jpg,Anger,Happiness,1,3,0,negative
C:\Users\kundu\OneDrive\Desktop\KMU-FED-2\data\processed\12_SA_gu\12_SA_gu_167.jpg,C:\Users\kundu\OneDrive\Desktop\KMU-FED-2\data\processed\05_HA_uj\05_HA_uj_073.jpg,Sadness,Happiness,12,5,0,negative
C:\Users\kundu\OneDrive\Desktop\KMU-FED-2\data\processed\12_AN_gu\12_AN_gu_177.jpg,C:\Users\kundu\OneDrive\Desktop\KMU-FED-2\data\processed\12_SA_gu\12_SA_gu_160.jpg,Anger,Sadness,12,12,0,negative
C:\Users\kundu\OneDrive\Desktop\KMU-FED-2\data\processed\10_SU_ko\10_SU_ko_114.jpg,C:\Users\kundu\OneDrive\Desktop\KMU-FED-2\data\processed\01_SU_mr\01_SU_mr_009.jpg,Surprise,Surprise,10,1,1,cross_subject_pos
C:\Users\kundu\OneDrive\Desktop\KMU-FED-2\data\processed\01_AN_mr\01_AN_mr_006.jpg,C:\Users\kundu\OneDrive\Desktop\KMU-FED-2\data\processed\06_DI_dy\06_DI_dy_056.jpg,Anger,Disgust,1,6,0,negative
C:\Users\kundu\OneDrive\Desktop\KMU-FED-2\data\processed\12_SA_gu\12_SA_gu_170.jpg,C:\Users\kundu\OneDrive\Desktop\KMU-FED-2\data\processed\05_SA_uj\05_SA_uj_062.jpg,Sadness,Sadness,12,5,1,cross_subject_pos
C:\Users\kundu\OneDrive\Desktop\KMU-FED-2\data\processed\01_FE_mr\01_FE_mr_017.jpg,C:\Users\kundu\OneDrive\Desktop\KMU-FED-2\data\processed\05_SA_uj\05_SA_uj_065.jpg,Fear,Sadness,1,5,0,negative
C:\Users\kundu\OneDrive\Desktop\KMU-FED-2\data\processed\01_FE_mr\01_FE_mr_016.jpg,C:\Users\kundu\OneDrive\Desktop\KMU-FED-2\data\processed\07_HA_sw\07_HA_sw_112.jpg,Fear,Happiness,1,7,0,negative
C:\Users\kundu\OneDrive\Desktop\KMU-FED-2\data\processed\01_FE_mr\01_FE_mr_017.jpg,C:\Users\kundu\OneDrive\Desktop\KMU-FED-2\data\processed\05_FE_uj\05_FE_uj_090.jpg,Fear,Fear,1,5,1,cross_subject_pos
C:\Users\kundu\OneDrive\Desktop\KMU-FED-2\data\processed\05_SA_uj\05_SA_uj_059.jpg,C:\Users\kundu\OneDrive\Desktop\KMU-FED-2\data\processed\12_HA_gu\12_HA_gu_186.jpg,Sadness,Happiness,5,12,0,negative
C:\Users\kundu\OneDrive\Desktop\KMU-FED-2\data\processed\06_SU_dy\06_SU_dy_082.jpg,C:\Users\kundu\OneDrive\Desktop\KMU-FED-2\data\processed\07_HA_sw\07_HA_sw_119.jpg,Surprise,Happiness,6,7,0,negative
C:\Users\kundu\OneDrive\Desktop\KMU-FED-2\data\processed\09_FE_sj\09_FE_sj_156.jpg,C:\Users\kundu\OneDrive\Desktop\KMU-FED-2\data\processed\06_AN_dy\06_AN_dy_079.jpg,Fear,Anger,9,6,0,negative
C:\Users\kundu\OneDrive\Desktop\KMU-FED-2\data\processed\10_SU_ko\10_SU_ko_114.jpg,C:\Users\kundu\OneDrive\Desktop\KMU-FED-2\data\processed\06_SA_dy\06_SA_dy_079.jpg,Surprise,Sadness,10,6,0,negative
C:\Users\kundu\OneDrive\Desktop\KMU-FED-2\data\processed\06_FE_dy\06_FE_dy_104.jpg,C:\Users\kundu\OneDrive\Desktop\KMU-FED-2\data\processed\01_FE_mr\01_FE_mr_019.jpg,Fear,Fear,6,1,1,cross_subject_pos
C:\Users\kundu\OneDrive\Desktop\KMU-FED-2\data\processed\06_AN_dy\06_AN_dy_070.jpg,C:\Users\kundu\OneDrive\Desktop\KMU-FED-2\data\processed\12_AN_gu\12_AN_gu_189.jpg,Anger,Anger,6,12,1,cross_subject_pos
C:\Users\kundu\OneDrive\Desktop\KMU-FED-2\data\processed\05_FE_uj\05_FE_uj_089.jpg,C:\Users\kundu\OneDrive\Desktop\KMU-FED-2\data\processed\10_SU_ko\10_SU_ko_116.jpg,Fear,Surprise,5,10,0,negative
C:\Users\kundu\OneDrive\Desktop\KMU-FED-2\data\processed\05_SU_uj\05_SU_uj_063.jpg,C:\Users\kundu\OneDrive\Desktop\KMU-FED-2\data\processed\09_FE_sj\09_FE_sj_155.jpg,Surprise,Fear,5,9,0,negative
C:\Users\kundu\OneDrive\Desktop\KMU-FED-2\data\processed\10_SU_ko\10_SU_ko_122.jpg,C:\Users\kundu\OneDrive\Desktop\KMU-FED-2\data\processed\07_AN_sw\07_AN_sw_089.jpg,Surprise,Anger,10,7,0,negative
C:\Users\kundu\OneDrive\Desktop\KMU-FED-2\data\processed\10_FE_ko\10_FE_ko_161.jpg,C:\Users\kundu\OneDrive\Desktop\KMU-FED-2\data\processed\06_SA_dy\06_SA_dy_077.jpg,Fear,Sadness,10,6,0,negative
C:\Users\kundu\OneDrive\Desktop\KMU-FED-2\data\processed\05_SA_uj\05_SA_uj_064.jpg,C:\Users\kundu\OneDrive\Desktop\KMU-FED-2\data\processed\05_FE_uj\05_FE_uj_082.jpg,Sadness,Fear,5,5,0,negative
C:\Users\kundu\OneDrive\Desktop\KMU-FED-2\data\processed\03_SU_s02\03_SU_s02_056.jpg,C:\Users\kundu\OneDrive\Desktop\KMU-FED-2\data\processed\09_SU_sj\09_SU_sj_109.jpg,Surprise,Surprise,3,9,1,cross_subject_pos
C:\Users\kundu\OneDrive\Desktop\KMU-FED-2\data\processed\09_HA_sj\09_HA_sj_168.jpg,C:\Users\kundu\OneDrive\Desktop\KMU-FED-2\data\processed\07_AN_sw\07_AN_sw_099.jpg,Happiness,Anger,9,7,0,negative
C:\Users\kundu\OneDrive\Desktop\KMU-FED-2\data\processed\01_AN_mr\01_AN_mr_009.jpg,C:\Users\kundu\OneDrive\Desktop\KMU-FED-2\data\processed\10_AN_ko\10_AN_ko_145.jpg,Anger,Anger,1,10,1,cross_subject_pos
C:\Users\kundu\OneDrive\Desktop\KMU-FED-2\data\processed\12_DI_gu\12_DI_gu_128.jpg,C:\Users\kundu\OneDrive\Desktop\KMU-FED-2\data\processed\01_DI_mr\01_DI_mr_012.jpg,Disgust,Disgust,12,1,1,cross_subject_pos
C:\Users\kundu\OneDrive\Desktop\KMU-FED-2\data\processed\03_SU_s02\03_SU_s02_052.jpg,C:\Users\kundu\OneDrive\Desktop\KMU-FED-2\data\processed\01_SU_mr\01_SU_mr_005.jpg,Surprise,Surprise,3,1,1,cross_subject_pos
C:\Users\kundu\OneDrive\Desktop\KMU-FED-2\data\processed\01_HA_mr\01_HA_mr_001.jpg,C:\Users\kundu\OneDrive\Desktop\KMU-FED-2\data\processed\12_SA_gu\12_SA_gu_166.jpg,Happiness,Sadness,1,12,0,negative
C:\Users\kundu\OneDrive\Desktop\KMU-FED-2\data\processed\07_FE_sw\07_FE_sw_140.jpg,C:\Users\kundu\OneDrive\Desktop\KMU-FED-2\data\processed\06_FE_dy\06_FE_dy_110.jpg,Fear,Fear,7,6,1,cross_subject_pos
C:\Users\kundu\OneDrive\Desktop\KMU-FED-2\data\processed\05_SU_uj\05_SU_uj_064.jpg,C:\Users\kundu\OneDrive\Desktop\KMU-FED-2\data\processed\09_HA_sj\09_HA_sj_152.jpg,Surprise,Happiness,5,9,0,negative
C:\Users\kundu\OneDrive\Desktop\KMU-FED-2\data\processed\01_FE_mr\01_FE_mr_008.jpg,C:\Users\kundu\OneDrive\Desktop\KMU-FED-2\data\processed\06_FE_dy\06_FE_dy_104.jpg,Fear,Fear,1,6,1,cross_subject_pos
C:\Users\kundu\OneDrive\Desktop\KMU-FED-2\data\processed\10_DI_ko\10_DI_ko_091.jpg,C:\Users\kundu\OneDrive\Desktop\KMU-FED-2\data\processed\12_DI_gu\12_DI_gu_123.jpg,Disgust,Disgust,10,12,1,cross_subject_pos
C:\Users\kundu\OneDrive\Desktop\KMU-FED-2\data\processed\07_FE_sw\07_FE_sw_133.jpg,C:\Users\kundu\OneDrive\Desktop\KMU-FED-2\data\processed\03_FE_s02\03_FE_s02_059.jpg,Fear,Fear,7,3,1,cross_subject_pos
C:\Users\kundu\OneDrive\Desktop\KMU-FED-2\data\processed\01_SA_mr\01_SA_mr_011.jpg,C:\Users\kundu\OneDrive\Desktop\KMU-FED-2\data\processed\01_SA_mr\01_SA_mr_012.jpg,Sadness,Sadness,1,1,1,same_subject_pos
C:\Users\kundu\OneDrive\Desktop\KMU-FED-2\data\processed\06_SU_dy\06_SU_dy_100.jpg,C:\Users\kundu\OneDrive\Desktop\KMU-FED-2\data\processed\06_AN_dy\06_AN_dy_068.jpg,Surprise,Anger,6,6,0,negative
C:\Users\kundu\OneDrive\Desktop\KMU-FED-2\data\processed\10_DI_ko\10_DI_ko_096.jpg,C:\Users\kundu\OneDrive\Desktop\KMU-FED-2\data\processed\03_HA_s02\03_HA_s02_033.jpg,Disgust,Happiness,10,3,0,negative
C:\Users\kundu\OneDrive\Desktop\KMU-FED-2\data\processed\05_SA_uj\05_SA_uj_058.jpg,C:\Users\kundu\OneDrive\Desktop\KMU-FED-2\data\processed\07_AN_sw\07_AN_sw_092.jpg,Sadness,Anger,5,7,0,negative
C:\Users\kundu\OneDrive\Desktop\KMU-FED-2\data\processed\07_SA_sw\07_SA_sw_076.jpg,C:\Users\kundu\OneDrive\Desktop\KMU-FED-2\data\processed\06_FE_dy\06_FE_dy_103.jpg,Sadness,Fear,7,6,0,negative
C:\Users\kundu\OneDrive\Desktop\KMU-FED-2\data\processed\06_AN_dy\06_AN_dy_067.jpg,C:\Users\kundu\OneDrive\Desktop\KMU-FED-2\data\processed\01_SU_mr\01_SU_mr_001.jpg,Anger,Surprise,6,1,0,negative
C:\Users\kundu\OneDrive\Desktop\KMU-FED-2\data\processed\06_SA_dy\06_SA_dy_071.jpg,C:\Users\kundu\OneDrive\Desktop\KMU-FED-2\data\processed\03_FE_s02\03_FE_s02_043.jpg,Sadness,Fear,6,3,0,negative
C:\Users\kundu\OneDrive\Desktop\KMU-FED-2\data\processed\06_DI_dy\06_DI_dy_066.jpg,C:\Users\kundu\OneDrive\Desktop\KMU-FED-2\data\processed\03_SU_s02\03_SU_s02_058.jpg,Disgust,Surprise,6,3,0,negative
C:\Users\kundu\OneDrive\Desktop\KMU-FED-2\data\processed\06_DI_dy\06_DI_dy_065.jpg,C:\Users\kundu\OneDrive\Desktop\KMU-FED-2\data\processed\09_FE_sj\09_FE_sj_154.jpg,Disgust,Fear,6,9,0,negative
C:\Users\kundu\OneDrive\Desktop\KMU-FED-2\data\processed\03_AN_s02\03_AN_s02_031.jpg,C:\Users\kundu\OneDrive\Desktop\KMU-FED-2\data\processed\01_AN_mr\01_AN_mr_012.jpg,Anger,Anger,3,1,1,cross_subject_pos
C:\Users\kundu\OneDrive\Desktop\KMU-FED-2\data\processed\07_SA_sw\07_SA_sw_077.jpg,C:\Users\kundu\OneDrive\Desktop\KMU-FED-2\data\processed\01_SA_mr\01_SA_mr_011.jpg,Sadness,Sadness,7,1,1,cross_subject_pos
C:\Users\kundu\OneDrive\Desktop\KMU-FED-2\data\processed\06_AN_dy\06_AN_dy_077.jpg,C:\Users\kundu\OneDrive\Desktop\KMU-FED-2\data\processed\09_AN_sj\09_AN_sj_129.jpg,Anger,Anger,6,9,1,cross_subject_pos
C:\Users\kundu\OneDrive\Desktop\KMU-FED-2\data\processed\01_FE_mr\01_FE_mr_009.jpg,C:\Users\kundu\OneDrive\Desktop\KMU-FED-2\data\processed\01_DI_mr\01_DI_mr_003.jpg,Fear,Disgust,1,1,0,negative
C:\Users\kundu\OneDrive\Desktop\KMU-FED-2\data\processed\05_FE_uj\05_FE_uj_087.jpg,C:\Users\kundu\OneDrive\Desktop\KMU-FED-2\data\processed\06_FE_dy\06_FE_dy_106.jpg,Fear,Fear,5,6,1,cross_subject_pos
C:\Users\kundu\OneDrive\Desktop\KMU-FED-2\data\processed\01_HA_mr\01_HA_mr_003.jpg,C:\Users\kundu\OneDrive\Desktop\KMU-FED-2\data\processed\06_HA_dy\06_HA_dy_106.jpg,Happiness,Happiness,1,6,1,cross_subject_pos
C:\Users\kundu\OneDrive\Desktop\KMU-FED-2\data\processed\10_SU_ko\10_SU_ko_126.jpg,C:\Users\kundu\OneDrive\Desktop\KMU-FED-2\data\processed\10_SU_ko\10_SU_ko_117.jpg,Surprise,Surprise,10,10,1,same_subject_pos
C:\Users\kundu\OneDrive\Desktop\KMU-FED-2\data\processed\01_DI_mr\01_DI_mr_009.jpg,C:\Users\kundu\OneDrive\Desktop\KMU-FED-2\data\processed\06_FE_dy\06_FE_dy_112.jpg,Disgust,Fear,1,6,0,negative
C:\Users\kundu\OneDrive\Desktop\KMU-FED-2\data\processed\12_HA_gu\12_HA_gu_173.jpg,C:\Users\kundu\OneDrive\Desktop\KMU-FED-2\data\processed\07_SU_sw\07_SU_sw_095.jpg,Happiness,Surprise,12,7,0,negative
C:\Users\kundu\OneDrive\Desktop\KMU-FED-2\data\processed\03_HA_s02\03_HA_s02_046.jpg,C:\Users\kundu\OneDrive\Desktop\KMU-FED-2\data\processed\10_HA_ko\10_HA_ko_179.jpg,Happiness,Happiness,3,10,1,cross_subject_pos
C:\Users\kundu\OneDrive\Desktop\KMU-FED-2\data\processed\06_AN_dy\06_AN_dy_065.jpg,C:\Users\kundu\OneDrive\Desktop\KMU-FED-2\data\processed\07_AN_sw\07_AN_sw_091.jpg,Anger,Anger,6,7,1,cross_subject_pos
C:\Users\kundu\OneDrive\Desktop\KMU-FED-2\data\processed\01_FE_mr\01_FE_mr_003.jpg,C:\Users\kundu\OneDrive\Desktop\KMU-FED-2\data\processed\05_AN_uj\05_AN_uj_046.jpg,Fear,Anger,1,5,0,negative
C:\Users\kundu\OneDrive\Desktop\KMU-FED-2\data\processed\10_HA_ko\10_HA_ko_189.jpg,C:\Users\kundu\OneDrive\Desktop\KMU-FED-2\data\processed\10_HA_ko\10_HA_ko_174.jpg,Happiness,Happiness,10,10,1,same_subject_pos
C:\Users\kundu\OneDrive\Desktop\KMU-FED-2\data\processed\07_AN_sw\07_AN_sw_082.jpg,C:\Users\kundu\OneDrive\Desktop\KMU-FED-2\data\processed\01_AN_mr\01_AN_mr_015.jpg,Anger,Anger,7,1,1,cross_subject_pos
C:\Users\kundu\OneDrive\Desktop\KMU-FED-2\data\processed\03_SA_s02\03_SA_s02_039.jpg,C:\Users\kundu\OneDrive\Desktop\KMU-FED-2\data\processed\05_FE_uj\05_FE_uj_082.jpg,Sadness,Fear,3,5,0,negative
C:\Users\kundu\OneDrive\Desktop\KMU-FED-2\data\processed\01_SU_mr\01_SU_mr_018.jpg,C:\Users\kundu\OneDrive\Desktop\KMU-FED-2\data\processed\09_FE_sj\09_FE_sj_155.jpg,Surprise,Fear,1,9,0,negative
C:\Users\kundu\OneDrive\Desktop\KMU-FED-2\data\processed\01_HA_mr\01_HA_mr_004.jpg,C:\Users\kundu\OneDrive\Desktop\KMU-FED-2\data\processed\06_HA_dy\06_HA_dy_106.jpg,Happiness,Happiness,1,6,1,cross_subject_pos
C:\Users\kundu\OneDrive\Desktop\KMU-FED-2\data\processed\09_FE_sj\09_FE_sj_159.jpg,C:\Users\kundu\OneDrive\Desktop\KMU-FED-2\data\processed\01_FE_mr\01_FE_mr_011.jpg,Fear,Fear,9,1,1,cross_subject_pos
C:\Users\kundu\OneDrive\Desktop\KMU-FED-2\data\processed\09_HA_sj\09_HA_sj_153.jpg,C:\Users\kundu\OneDrive\Desktop\KMU-FED-2\data\processed\12_HA_gu\12_HA_gu_179.jpg,Happiness,Happiness,9,12,1,cross_subject_pos
C:\Users\kundu\OneDrive\Desktop\KMU-FED-2\data\processed\06_AN_dy\06_AN_dy_062.jpg,C:\Users\kundu\OneDrive\Desktop\KMU-FED-2\data\processed\06_FE_dy\06_FE_dy_120.jpg,Anger,Fear,6,6,0,negative
C:\Users\kundu\OneDrive\Desktop\KMU-FED-2\data\processed\01_SA_mr\01_SA_mr_014.jpg,C:\Users\kundu\OneDrive\Desktop\KMU-FED-2\data\processed\05_SA_uj\05_SA_uj_056.jpg,Sadness,Sadness,1,5,1,cross_subject_pos
C:\Users\kundu\OneDrive\Desktop\KMU-FED-2\data\processed\05_DI_uj\05_DI_uj_033.jpg,C:\Users\kundu\OneDrive\Desktop\KMU-FED-2\data\processed\06_HA_dy\06_HA_dy_102.jpg,Disgust,Happiness,5,6,0,negative
C:\Users\kundu\OneDrive\Desktop\KMU-FED-2\data\processed\10_AN_ko\10_AN_ko_143.jpg,C:\Users\kundu\OneDrive\Desktop\KMU-FED-2\data\processed\05_AN_uj\05_AN_uj_041.jpg,Anger,Anger,10,5,1,cross_subject_pos
C:\Users\kundu\OneDrive\Desktop\KMU-FED-2\data\processed\06_HA_dy\06_HA_dy_096.jpg,C:\Users\kundu\OneDrive\Desktop\KMU-FED-2\data\processed\01_DI_mr\01_DI_mr_019.jpg,Happiness,Disgust,6,1,0,negative
C:\Users\kundu\OneDrive\Desktop\KMU-FED-2\data\processed\06_FE_dy\06_FE_dy_101.jpg,C:\Users\kundu\OneDrive\Desktop\KMU-FED-2\data\processed\06_DI_dy\06_DI_dy_065.jpg,Fear,Disgust,6,6,0,negative
C:\Users\kundu\OneDrive\Desktop\KMU-FED-2\data\processed\01_DI_mr\01_DI_mr_009.jpg,C:\Users\kundu\OneDrive\Desktop\KMU-FED-2\data\processed\05_SU_uj\05_SU_uj_064.jpg,Disgust,Surprise,1,5,0,negative
C:\Users\kundu\OneDrive\Desktop\KMU-FED-2\data\processed\01_FE_mr\01_FE_mr_010.jpg,C:\Users\kundu\OneDrive\Desktop\KMU-FED-2\data\processed\06_FE_dy\06_FE_dy_106.jpg,Fear,Fear,1,6,1,cross_subject_pos
C:\Users\kundu\OneDrive\Desktop\KMU-FED-2\data\processed\12_AN_gu\12_AN_gu_178.jpg,C:\Users\kundu\OneDrive\Desktop\KMU-FED-2\data\processed\07_AN_sw\07_AN_sw_086.jpg,Anger,Anger,12,7,1,cross_subject_pos
C:\Users\kundu\OneDrive\Desktop\KMU-FED-2\data\processed\01_AN_mr\01_AN_mr_008.jpg,C:\Users\kundu\OneDrive\Desktop\KMU-FED-2\data\processed\03_FE_s02\03_FE_s02_051.jpg,Anger,Fear,1,3,0,negative
C:\Users\kundu\OneDrive\Desktop\KMU-FED-2\data\processed\09_HA_sj\09_HA_sj_153.jpg,C:\Users\kundu\OneDrive\Desktop\KMU-FED-2\data\processed\03_HA_s02\03_HA_s02_034.jpg,Happiness,Happiness,9,3,1,cross_subject_pos
C:\Users\kundu\OneDrive\Desktop\KMU-FED-2\data\processed\12_DI_gu\12_DI_gu_127.jpg,C:\Users\kundu\OneDrive\Desktop\KMU-FED-2\data\processed\06_DI_dy\06_DI_dy_055.jpg,Disgust,Disgust,12,6,1,cross_subject_pos
C:\Users\kundu\OneDrive\Desktop\KMU-FED-2\data\processed\05_FE_uj\05_FE_uj_089.jpg,C:\Users\kundu\OneDrive\Desktop\KMU-FED-2\data\processed\07_FE_sw\07_FE_sw_127.jpg,Fear,Fear,5,7,1,cross_subject_pos
C:\Users\kundu\OneDrive\Desktop\KMU-FED-2\data\processed\01_SA_mr\01_SA_mr_007.jpg,C:\Users\kundu\OneDrive\Desktop\KMU-FED-2\data\processed\05_SA_uj\05_SA_uj_061.jpg,Sadness,Sadness,1,5,1,cross_subject_pos
C:\Users\kundu\OneDrive\Desktop\KMU-FED-2\data\processed\01_FE_mr\01_FE_mr_009.jpg,C:\Users\kundu\OneDrive\Desktop\KMU-FED-2\data\processed\03_FE_s02\03_FE_s02_059.jpg,Fear,Fear,1,3,1,cross_subject_pos
C:\Users\kundu\OneDrive\Desktop\KMU-FED-2\data\processed\12_DI_gu\12_DI_gu_124.jpg,C:\Users\kundu\OneDrive\Desktop\KMU-FED-2\data\processed\06_AN_dy\06_AN_dy_066.jpg,Disgust,Anger,12,6,0,negative
C:\Users\kundu\OneDrive\Desktop\KMU-FED-2\data\processed\03_SU_s02\03_SU_s02_044.jpg,C:\Users\kundu\OneDrive\Desktop\KMU-FED-2\data\processed\01_SU_mr\01_SU_mr_002.jpg,Surprise,Surprise,3,1,1,cross_subject_pos
C:\Users\kundu\OneDrive\Desktop\KMU-FED-2\data\processed\09_FE_sj\09_FE_sj_157.jpg,C:\Users\kundu\OneDrive\Desktop\KMU-FED-2\data\processed\01_FE_mr\01_FE_mr_011.jpg,Fear,Fear,9,1,1,cross_subject_pos
C:\Users\kundu\OneDrive\Desktop\KMU-FED-2\data\processed\12_HA_gu\12_HA_gu_175.jpg,C:\Users\kundu\OneDrive\Desktop\KMU-FED-2\data\processed\07_HA_sw\07_HA_sw_130.jpg,Happiness,Happiness,12,7,1,cross_subject_pos
C:\Users\kundu\OneDrive\Desktop\KMU-FED-2\data\processed\01_SU_mr\01_SU_mr_002.jpg,C:\Users\kundu\OneDrive\Desktop\KMU-FED-2\data\processed\06_AN_dy\06_AN_dy_064.jpg,Surprise,Anger,1,6,0,negative
C:\Users\kundu\OneDrive\Desktop\KMU-FED-2\data\processed\06_DI_dy\06_DI_dy_055.jpg,C:\Users\kundu\OneDrive\Desktop\KMU-FED-2\data\processed\05_SA_uj\05_SA_uj_057.jpg,Disgust,Sadness,6,5,0,negative
C:\Users\kundu\OneDrive\Desktop\KMU-FED-2\data\processed\12_HA_gu\12_HA_gu_175.jpg,C:\Users\kundu\OneDrive\Desktop\KMU-FED-2\data\processed\01_DI_mr\01_DI_mr_005.jpg,Happiness,Disgust,12,1,0,negative
C:\Users\kundu\OneDrive\Desktop\KMU-FED-2\data\processed\01_DI_mr\01_DI_mr_001.jpg,C:\Users\kundu\OneDrive\Desktop\KMU-FED-2\data\processed\10_DI_ko\10_DI_ko_093.jpg,Disgust,Disgust,1,10,1,cross_subject_pos
C:\Users\kundu\OneDrive\Desktop\KMU-FED-2\data\processed\06_DI_dy\06_DI_dy_063.jpg,C:\Users\kundu\OneDrive\Desktop\KMU-FED-2\data\processed\09_SA_sj\09_SA_sj_115.jpg,Disgust,Sadness,6,9,0,negative
C:\Users\kundu\OneDrive\Desktop\KMU-FED-2\data\processed\09_SA_sj\09_SA_sj_111.jpg,C:\Users\kundu\OneDrive\Desktop\KMU-FED-2\data\processed\12_SA_gu\12_SA_gu_162.jpg,Sadness,Sadness,9,12,1,cross_subject_pos
C:\Users\kundu\OneDrive\Desktop\KMU-FED-2\data\processed\06_SU_dy\06_SU_dy_081.jpg,C:\Users\kundu\OneDrive\Desktop\KMU-FED-2\data\processed\03_SU_s02\03_SU_s02_042.jpg,Surprise,Surprise,6,3,1,cross_subject_pos
C:\Users\kundu\OneDrive\Desktop\KMU-FED-2\data\processed\05_AN_uj\05_AN_uj_055.jpg,C:\Users\kundu\OneDrive\Desktop\KMU-FED-2\data\processed\05_FE_uj\05_FE_uj_093.jpg,Anger,Fear,5,5,0,negative
C:\Users\kundu\OneDrive\Desktop\KMU-FED-2\data\processed\03_SA_s02\03_SA_s02_028.jpg,C:\Users\kundu\OneDrive\Desktop\KMU-FED-2\data\processed\03_SA_s02\03_SA_s02_040.jpg,Sadness,Sadness,3,3,1,same_subject_pos
C:\Users\kundu\OneDrive\Desktop\KMU-FED-2\data\processed\10_DI_ko\10_DI_ko_091.jpg,C:\Users\kundu\OneDrive\Desktop\KMU-FED-2\data\processed\06_DI_dy\06_DI_dy_058.jpg,Disgust,Disgust,10,6,1,cross_subject_pos
C:\Users\kundu\OneDrive\Desktop\KMU-FED-2\data\processed\06_SU_dy\06_SU_dy_091.jpg,C:\Users\kundu\OneDrive\Desktop\KMU-FED-2\data\processed\05_DI_uj\05_DI_uj_040.jpg,Surprise,Disgust,6,5,0,negative
C:\Users\kundu\OneDrive\Desktop\KMU-FED-2\data\processed\03_HA_s02\03_HA_s02_041.jpg,C:\Users\kundu\OneDrive\Desktop\KMU-FED-2\data\processed\10_SU_ko\10_SU_ko_122.jpg,Happiness,Surprise,3,10,0,negative
C:\Users\kundu\OneDrive\Desktop\KMU-FED-2\data\processed\03_SA_s02\03_SA_s02_023.jpg,C:\Users\kundu\OneDrive\Desktop\KMU-FED-2\data\processed\10_HA_ko\10_HA_ko_187.jpg,Sadness,Happiness,3,10,0,negative
C:\Users\kundu\OneDrive\Desktop\KMU-FED-2\data\processed\10_HA_ko\10_HA_ko_187.jpg,C:\Users\kundu\OneDrive\Desktop\KMU-FED-2\data\processed\05_FE_uj\05_FE_uj_081.jpg,Happiness,Fear,10,5,0,negative
C:\Users\kundu\OneDrive\Desktop\KMU-FED-2\data\processed\06_AN_dy\06_AN_dy_069.jpg,C:\Users\kundu\OneDrive\Desktop\KMU-FED-2\data\processed\07_AN_sw\07_AN_sw_085.jpg,Anger,Anger,6,7,1,cross_subject_pos
C:\Users\kundu\OneDrive\Desktop\KMU-FED-2\data\processed\06_FE_dy\06_FE_dy_112.jpg,C:\Users\kundu\OneDrive\Desktop\KMU-FED-2\data\processed\03_FE_s02\03_FE_s02_059.jpg,Fear,Fear,6,3,1,cross_subject_pos
C:\Users\kundu\OneDrive\Desktop\KMU-FED-2\data\processed\06_AN_dy\06_AN_dy_068.jpg,C:\Users\kundu\OneDrive\Desktop\KMU-FED-2\data\processed\12_SA_gu\12_SA_gu_165.jpg,Anger,Sadness,6,12,0,negative
C:\Users\kundu\OneDrive\Desktop\KMU-FED-2\data\processed\03_SU_s02\03_SU_s02_059.jpg,C:\Users\kundu\OneDrive\Desktop\KMU-FED-2\data\processed\06_SU_dy\06_SU_dy_092.jpg,Surprise,Surprise,3,6,1,cross_subject_pos
C:\Users\kundu\OneDrive\Desktop\KMU-FED-2\data\processed\05_DI_uj\05_DI_uj_037.jpg,C:\Users\kundu\OneDrive\Desktop\KMU-FED-2\data\processed\01_DI_mr\01_DI_mr_009.jpg,Disgust,Disgust,5,1,1,cross_subject_pos
C:\Users\kundu\OneDrive\Desktop\KMU-FED-2\data\processed\06_AN_dy\06_AN_dy_079.jpg,C:\Users\kundu\OneDrive\Desktop\KMU-FED-2\data\processed\03_SA_s02\03_SA_s02_039.jpg,Anger,Sadness,6,3,0,negative
C:\Users\kundu\OneDrive\Desktop\KMU-FED-2\data\processed\03_SU_s02\03_SU_s02_043.jpg,C:\Users\kundu\OneDrive\Desktop\KMU-FED-2\data\processed\07_SU_sw\07_SU_sw_082.jpg,Surprise,Surprise,3,7,1,cross_subject_pos
C:\Users\kundu\OneDrive\Desktop\KMU-FED-2\data\processed\01_SU_mr\01_SU_mr_002.jpg,C:\Users\kundu\OneDrive\Desktop\KMU-FED-2\data\processed\07_SU_sw\07_SU_sw_100.jpg,Surprise,Surprise,1,7,1,cross_subject_pos
C:\Users\kundu\OneDrive\Desktop\KMU-FED-2\data\processed\07_FE_sw\07_FE_sw_126.jpg,C:\Users\kundu\OneDrive\Desktop\KMU-FED-2\data\processed\09_HA_sj\09_HA_sj_153.jpg,Fear,Happiness,7,9,0,negative
C:\Users\kundu\OneDrive\Desktop\KMU-FED-2\data\processed\05_SA_uj\05_SA_uj_069.jpg,C:\Users\kundu\OneDrive\Desktop\KMU-FED-2\data\processed\06_FE_dy\06_FE_dy_115.jpg,Sadness,Fear,5,6,0,negative
C:\Users\kundu\OneDrive\Desktop\KMU-FED-2\data\processed\07_SU_sw\07_SU_sw_095.jpg,C:\Users\kundu\OneDrive\Desktop\KMU-FED-2\data\processed\06_AN_dy\06_AN_dy_069.jpg,Surprise,Anger,7,6,0,negative
C:\Users\kundu\OneDrive\Desktop\KMU-FED-2\data\processed\06_SA_dy\06_SA_dy_086.jpg,C:\Users\kundu\OneDrive\Desktop\KMU-FED-2\data\processed\01_SA_mr\01_SA_mr_006.jpg,Sadness,Sadness,6,1,1,cross_subject_pos
C:\Users\kundu\OneDrive\Desktop\KMU-FED-2\data\processed\05_SU_uj\05_SU_uj_076.jpg,C:\Users\kundu\OneDrive\Desktop\KMU-FED-2\data\processed\10_SU_ko\10_SU_ko_115.jpg,Surprise,Surprise,5,10,1,cross_subject_pos
C:\Users\kundu\OneDrive\Desktop\KMU-FED-2\data\processed\05_FE_uj\05_FE_uj_081.jpg,C:\Users\kundu\OneDrive\Desktop\KMU-FED-2\data\processed\01_AN_mr\01_AN_mr_012.jpg,Fear,Anger,5,1,0,negative
C:\Users\kundu\OneDrive\Desktop\KMU-FED-2\data\processed\09_SU_sj\09_SU_sj_103.jpg,C:\Users\kundu\OneDrive\Desktop\KMU-FED-2\data\processed\06_SU_dy\06_SU_dy_092.jpg,Surprise,Surprise,9,6,1,cross_subject_pos
C:\Users\kundu\OneDrive\Desktop\KMU-FED-2\data\processed\06_DI_dy\06_DI_dy_060.jpg,C:\Users\kundu\OneDrive\Desktop\KMU-FED-2\data\processed\07_AN_sw\07_AN_sw_097.jpg,Disgust,Anger,6,7,0,negative
C:\Users\kundu\OneDrive\Desktop\KMU-FED-2\data\processed\06_FE_dy\06_FE_dy_113.jpg,C:\Users\kundu\OneDrive\Desktop\KMU-FED-2\data\processed\12_AN_gu\12_AN_gu_186.jpg,Fear,Anger,6,12,0,negative
C:\Users\kundu\OneDrive\Desktop\KMU-FED-2\data\processed\07_HA_sw\07_HA_sw_128.jpg,C:\Users\kundu\OneDrive\Desktop\KMU-FED-2\data\processed\12_HA_gu\12_HA_gu_180.jpg,Happiness,Happiness,7,12,1,cross_subject_pos
C:\Users\kundu\OneDrive\Desktop\KMU-FED-2\data\processed\06_AN_dy\06_AN_dy_062.jpg,C:\Users\kundu\OneDrive\Desktop\KMU-FED-2\data\processed\03_SU_s02\03_SU_s02_051.jpg,Anger,Surprise,6,3,0,negative
C:\Users\kundu\OneDrive\Desktop\KMU-FED-2\data\processed\01_HA_mr\01_HA_mr_011.jpg,C:\Users\kundu\OneDrive\Desktop\KMU-FED-2\data\processed\09_HA_sj\09_HA_sj_170.jpg,Happiness,Happiness,1,9,1,cross_subject_pos
C:\Users\kundu\OneDrive\Desktop\KMU-FED-2\data\processed\03_SU_s02\03_SU_s02_055.jpg,C:\Users\kundu\OneDrive\Desktop\KMU-FED-2\data\processed\03_FE_s02\03_FE_s02_046.jpg,Surprise,Fear,3,3,0,negative
C:\Users\kundu\OneDrive\Desktop\KMU-FED-2\data\processed\10_DI_ko\10_DI_ko_096.jpg,C:\Users\kundu\OneDrive\Desktop\KMU-FED-2\data\processed\10_DI_ko\10_DI_ko_091.jpg,Disgust,Disgust,10,10,1,same_subject_pos
C:\Users\kundu\OneDrive\Desktop\KMU-FED-2\data\processed\07_AN_sw\07_AN_sw_099.jpg,C:\Users\kundu\OneDrive\Desktop\KMU-FED-2\data\processed\10_HA_ko\10_HA_ko_173.jpg,Anger,Happiness,7,10,0,negative
C:\Users\kundu\OneDrive\Desktop\KMU-FED-2\data\processed\01_SU_mr\01_SU_mr_004.jpg,C:\Users\kundu\OneDrive\Desktop\KMU-FED-2\data\processed\01_FE_mr\01_FE_mr_012.jpg,Surprise,Fear,1,1,0,negative
C:\Users\kundu\OneDrive\Desktop\KMU-FED-2\data\processed\06_AN_dy\06_AN_dy_067.jpg,C:\Users\kundu\OneDrive\Desktop\KMU-FED-2\data\processed\10_AN_ko\10_AN_ko_146.jpg,Anger,Anger,6,10,1,cross_subject_pos
C:\Users\kundu\OneDrive\Desktop\KMU-FED-2\data\processed\12_AN_gu\12_AN_gu_181.jpg,C:\Users\kundu\OneDrive\Desktop\KMU-FED-2\data\processed\09_SA_sj\09_SA_sj_113.jpg,Anger,Sadness,12,9,0,negative
C:\Users\kundu\OneDrive\Desktop\KMU-FED-2\data\processed\06_HA_dy\06_HA_dy_102.jpg,C:\Users\kundu\OneDrive\Desktop\KMU-FED-2\data\processed\03_SU_s02\03_SU_s02_056.jpg,Happiness,Surprise,6,3,0,negative
C:\Users\kundu\OneDrive\Desktop\KMU-FED-2\data\processed\10_HA_ko\10_HA_ko_177.jpg,C:\Users\kundu\OneDrive\Desktop\KMU-FED-2\data\processed\12_HA_gu\12_HA_gu_189.jpg,Happiness,Happiness,10,12,1,cross_subject_pos
C:\Users\kundu\OneDrive\Desktop\KMU-FED-2\data\processed\05_HA_uj\05_HA_uj_075.jpg,C:\Users\kundu\OneDrive\Desktop\KMU-FED-2\data\processed\09_SA_sj\09_SA_sj_116.jpg,Happiness,Sadness,5,9,0,negative
C:\Users\kundu\OneDrive\Desktop\KMU-FED-2\data\processed\07_HA_sw\07_HA_sw_112.jpg,C:\Users\kundu\OneDrive\Desktop\KMU-FED-2\data\processed\01_DI_mr\01_DI_mr_010.jpg,Happiness,Disgust,7,1,0,negative
C:\Users\kundu\OneDrive\Desktop\KMU-FED-2\data\processed\06_FE_dy\06_FE_dy_111.jpg,C:\Users\kundu\OneDrive\Desktop\KMU-FED-2\data\processed\01_SU_mr\01_SU_mr_011.jpg,Fear,Surprise,6,1,0,negative
C:\Users\kundu\OneDrive\Desktop\KMU-FED-2\data\processed\06_DI_dy\06_DI_dy_058.jpg,C:\Users\kundu\OneDrive\Desktop\KMU-FED-2\data\processed\09_HA_sj\09_HA_sj_159.jpg,Disgust,Happiness,6,9,0,negative
C:\Users\kundu\OneDrive\Desktop\KMU-FED-2\data\processed\10_FE_ko\10_FE_ko_171.jpg,C:\Users\kundu\OneDrive\Desktop\KMU-FED-2\data\processed\06_FE_dy\06_FE_dy_113.jpg,Fear,Fear,10,6,1,cross_subject_pos
C:\Users\kundu\OneDrive\Desktop\KMU-FED-2\data\processed\01_SA_mr\01_SA_mr_002.jpg,C:\Users\kundu\OneDrive\Desktop\KMU-FED-2\data\processed\01_HA_mr\01_HA_mr_003.jpg,Sadness,Happiness,1,1,0,negative
C:\Users\kundu\OneDrive\Desktop\KMU-FED-2\data\processed\07_AN_sw\07_AN_sw_094.jpg,C:\Users\kundu\OneDrive\Desktop\KMU-FED-2\data\processed\10_DI_ko\10_DI_ko_100.jpg,Anger,Disgust,7,10,0,negative
C:\Users\kundu\OneDrive\Desktop\KMU-FED-2\data\processed\03_FE_s02\03_FE_s02_059.jpg,C:\Users\kundu\OneDrive\Desktop\KMU-FED-2\data\processed\03_SU_s02\03_SU_s02_058.jpg,Fear,Surprise,3,3,0,negative
C:\Users\kundu\OneDrive\Desktop\KMU-FED-2\data\processed\12_SA_gu\12_SA_gu_160.jpg,C:\Users\kundu\OneDrive\Desktop\KMU-FED-2\data\processed\06_SA_dy\06_SA_dy_075.jpg,Sadness,Sadness,12,6,1,cross_subject_pos
C:\Users\kundu\OneDrive\Desktop\KMU-FED-2\data\processed\03_HA_s02\03_HA_s02_041.jpg,C:\Users\kundu\OneDrive\Desktop\KMU-FED-2\data\processed\10_FE_ko\10_FE_ko_180.jpg,Happiness,Fear,3,10,0,negative
C:\Users\kundu\OneDrive\Desktop\KMU-FED-2\data\processed\12_AN_gu\12_AN_gu_180.jpg,C:\Users\kundu\OneDrive\Desktop\KMU-FED-2\data\processed\07_SU_sw\07_SU_sw_091.jpg,Anger,Surprise,12,7,0,negative
C:\Users\kundu\OneDrive\Desktop\KMU-FED-2\data\processed\05_AN_uj\05_AN_uj_045.jpg,C:\Users\kundu\OneDrive\Desktop\KMU-FED-2\data\processed\01_DI_mr\01_DI_mr_002.jpg,Anger,Disgust,5,1,0,negative
C:\Users\kundu\OneDrive\Desktop\KMU-FED-2\data\processed\10_SU_ko\10_SU_ko_127.jpg,C:\Users\kundu\OneDrive\Desktop\KMU-FED-2\data\processed\03_SA_s02\03_SA_s02_037.jpg,Surprise,Sadness,10,3,0,negative
C:\Users\kundu\OneDrive\Desktop\KMU-FED-2\data\processed\09_HA_sj\09_HA_sj_154.jpg,C:\Users\kundu\OneDrive\Desktop\KMU-FED-2\data\processed\09_HA_sj\09_HA_sj_156.jpg,Happiness,Happiness,9,9,1,same_subject_pos
C:\Users\kundu\OneDrive\Desktop\KMU-FED-2\data\processed\05_SA_uj\05_SA_uj_057.jpg,C:\Users\kundu\OneDrive\Desktop\KMU-FED-2\data\processed\12_DI_gu\12_DI_gu_126.jpg,Sadness,Disgust,5,12,0,negative
C:\Users\kundu\OneDrive\Desktop\KMU-FED-2\data\processed\07_SU_sw\07_SU_sw_092.jpg,C:\Users\kundu\OneDrive\Desktop\KMU-FED-2\data\processed\10_SU_ko\10_SU_ko_120.jpg,Surprise,Surprise,7,10,1,cross_subject_pos
C:\Users\kundu\OneDrive\Desktop\KMU-FED-2\data\processed\07_SA_sw\07_SA_sw_074.jpg,C:\Users\kundu\OneDrive\Desktop\KMU-FED-2\data\processed\06_FE_dy\06_FE_dy_103.jpg,Sadness,Fear,7,6,0,negative
C:\Users\kundu\OneDrive\Desktop\KMU-FED-2\data\processed\06_HA_dy\06_HA_dy_092.jpg,C:\Users\kundu\OneDrive\Desktop\KMU-FED-2\data\processed\05_SU_uj\05_SU_uj_065.jpg,Happiness,Surprise,6,5,0,negative
C:\Users\kundu\OneDrive\Desktop\KMU-FED-2\data\processed\06_FE_dy\06_FE_dy_108.jpg,C:\Users\kundu\OneDrive\Desktop\KMU-FED-2\data\processed\10_FE_ko\10_FE_ko_162.jpg,Fear,Fear,6,10,1,cross_subject_pos
C:\Users\kundu\OneDrive\Desktop\KMU-FED-2\data\processed\05_AN_uj\05_AN_uj_044.jpg,C:\Users\kundu\OneDrive\Desktop\KMU-FED-2\data\processed\06_AN_dy\06_AN_dy_068.jpg,Anger,Anger,5,6,1,cross_subject_pos
C:\Users\kundu\OneDrive\Desktop\KMU-FED-2\data\processed\06_SU_dy\06_SU_dy_094.jpg,C:\Users\kundu\OneDrive\Desktop\KMU-FED-2\data\processed\05_DI_uj\05_DI_uj_036.jpg,Surprise,Disgust,6,5,0,negative
C:\Users\kundu\OneDrive\Desktop\KMU-FED-2\data\processed\07_HA_sw\07_HA_sw_116.jpg,C:\Users\kundu\OneDrive\Desktop\KMU-FED-2\data\processed\09_HA_sj\09_HA_sj_163.jpg,Happiness,Happiness,7,9,1,cross_subject_pos
C:\Users\kundu\OneDrive\Desktop\KMU-FED-2\data\processed\03_SA_s02\03_SA_s02_036.jpg,C:\Users\kundu\OneDrive\Desktop\KMU-FED-2\data\processed\05_AN_uj\05_AN_uj_050.jpg,Sadness,Anger,3,5,0,negative
C:\Users\kundu\OneDrive\Desktop\KMU-FED-2\data\processed\01_SA_mr\01_SA_mr_014.jpg,C:\Users\kundu\OneDrive\Desktop\KMU-FED-2\data\processed\03_SA_s02\03_SA_s02_039.jpg,Sadness,Sadness,1,3,1,cross_subject_pos
C:\Users\kundu\OneDrive\Desktop\KMU-FED-2\data\processed\07_AN_sw\07_AN_sw_088.jpg,C:\Users\kundu\OneDrive\Desktop\KMU-FED-2\data\processed\06_FE_dy\06_FE_dy_118.jpg,Anger,Fear,7,6,0,negative
C:\Users\kundu\OneDrive\Desktop\KMU-FED-2\data\processed\03_AN_s02\03_AN_s02_039.jpg,C:\Users\kundu\OneDrive\Desktop\KMU-FED-2\data\processed\03_FE_s02\03_FE_s02_060.jpg,Anger,Fear,3,3,0,negative
C:\Users\kundu\OneDrive\Desktop\KMU-FED-2\data\processed\06_DI_dy\06_DI_dy_059.jpg,C:\Users\kundu\OneDrive\Desktop\KMU-FED-2\data\processed\01_DI_mr\01_DI_mr_005.jpg,Disgust,Disgust,6,1,1,cross_subject_pos
C:\Users\kundu\OneDrive\Desktop\KMU-FED-2\data\processed\12_SA_gu\12_SA_gu_162.jpg,C:\Users\kundu\OneDrive\Desktop\KMU-FED-2\data\processed\06_SA_dy\06_SA_dy_073.jpg,Sadness,Sadness,12,6,1,cross_subject_pos
C:\Users\kundu\OneDrive\Desktop\KMU-FED-2\data\processed\10_HA_ko\10_HA_ko_174.jpg,C:\Users\kundu\OneDrive\Desktop\KMU-FED-2\data\processed\01_SA_mr\01_SA_mr_005.jpg,Happiness,Sadness,10,1,0,negative
C:\Users\kundu\OneDrive\Desktop\KMU-FED-2\data\processed\12_SA_gu\12_SA_gu_159.jpg,C:\Users\kundu\OneDrive\Desktop\KMU-FED-2\data\processed\07_FE_sw\07_FE_sw_127.jpg,Sadness,Fear,12,7,0,negative
C:\Users\kundu\OneDrive\Desktop\KMU-FED-2\data\processed\05_SA_uj\05_SA_uj_067.jpg,C:\Users\kundu\OneDrive\Desktop\KMU-FED-2\data\processed\03_FE_s02\03_FE_s02_050.jpg,Sadness,Fear,5,3,0,negative
C:\Users\kundu\OneDrive\Desktop\KMU-FED-2\data\processed\09_AN_sj\09_AN_sj_121.jpg,C:\Users\kundu\OneDrive\Desktop\KMU-FED-2\data\processed\06_DI_dy\06_DI_dy_057.jpg,Anger,Disgust,9,6,0,negative
C:\Users\kundu\OneDrive\Desktop\KMU-FED-2\data\processed\05_SU_uj\05_SU_uj_062.jpg,C:\Users\kundu\OneDrive\Desktop\KMU-FED-2\data\processed\06_DI_dy\06_DI_dy_066.jpg,Surprise,Disgust,5,6,0,negative
C:\Users\kundu\OneDrive\Desktop\KMU-FED-2\data\processed\07_SA_sw\07_SA_sw_087.jpg,C:\Users\kundu\OneDrive\Desktop\KMU-FED-2\data\processed\12_SA_gu\12_SA_gu_151.jpg,Sadness,Sadness,7,12,1,cross_subject_pos
C:\Users\kundu\OneDrive\Desktop\KMU-FED-2\data\processed\06_AN_dy\06_AN_dy_067.jpg,C:\Users\kundu\OneDrive\Desktop\KMU-FED-2\data\processed\05_FE_uj\05_FE_uj_088.jpg,Anger,Fear,6,5,0,negative
C:\Users\kundu\OneDrive\Desktop\KMU-FED-2\data\processed\09_SA_sj\09_SA_sj_115.jpg,C:\Users\kundu\OneDrive\Desktop\KMU-FED-2\data\processed\09_SA_sj\09_SA_sj_114.jpg,Sadness,Sadness,9,9,1,same_subject_pos
C:\Users\kundu\OneDrive\Desktop\KMU-FED-2\data\processed\01_FE_mr\01_FE_mr_005.jpg,C:\Users\kundu\OneDrive\Desktop\KMU-FED-2\data\processed\07_FE_sw\07_FE_sw_137.jpg,Fear,Fear,1,7,1,cross_subject_pos
C:\Users\kundu\OneDrive\Desktop\KMU-FED-2\data\processed\07_FE_sw\07_FE_sw_139.jpg,C:\Users\kundu\OneDrive\Desktop\KMU-FED-2\data\processed\01_FE_mr\01_FE_mr_017.jpg,Fear,Fear,7,1,1,cross_subject_pos
C:\Users\kundu\OneDrive\Desktop\KMU-FED-2\data\processed\01_SA_mr\01_SA_mr_009.jpg,C:\Users\kundu\OneDrive\Desktop\KMU-FED-2\data\processed\03_SA_s02\03_SA_s02_040.jpg,Sadness,Sadness,1,3,1,cross_subject_pos
C:\Users\kundu\OneDrive\Desktop\KMU-FED-2\data\processed\05_HA_uj\05_HA_uj_076.jpg,C:\Users\kundu\OneDrive\Desktop\KMU-FED-2\data\processed\01_HA_mr\01_HA_mr_010.jpg,Happiness,Happiness,5,1,1,cross_subject_pos
C:\Users\kundu\OneDrive\Desktop\KMU-FED-2\data\processed\01_AN_mr\01_AN_mr_013.jpg,C:\Users\kundu\OneDrive\Desktop\KMU-FED-2\data\processed\12_AN_gu\12_AN_gu_178.jpg,Anger,Anger,1,12,1,cross_subject_pos
C:\Users\kundu\OneDrive\Desktop\KMU-FED-2\data\processed\01_AN_mr\01_AN_mr_006.jpg,C:\Users\kundu\OneDrive\Desktop\KMU-FED-2\data\processed\07_AN_sw\07_AN_sw_087.jpg,Anger,Anger,1,7,1,cross_subject_pos
C:\Users\kundu\OneDrive\Desktop\KMU-FED-2\data\processed\12_SA_gu\12_SA_gu_166.jpg,C:\Users\kundu\OneDrive\Desktop\KMU-FED-2\data\processed\10_DI_ko\10_DI_ko_098.jpg,Sadness,Disgust,12,10,0,negative
C:\Users\kundu\OneDrive\Desktop\KMU-FED-2\data\processed\10_SU_ko\10_SU_ko_117.jpg,C:\Users\kundu\OneDrive\Desktop\KMU-FED-2\data\processed\09_AN_sj\09_AN_sj_125.jpg,Surprise,Anger,10,9,0,negative
C:\Users\kundu\OneDrive\Desktop\KMU-FED-2\data\processed\12_SA_gu\12_SA_gu_167.jpg,C:\Users\kundu\OneDrive\Desktop\KMU-FED-2\data\processed\09_HA_sj\09_HA_sj_151.jpg,Sadness,Happiness,12,9,0,negative
C:\Users\kundu\OneDrive\Desktop\KMU-FED-2\data\processed\10_DI_ko\10_DI_ko_094.jpg,C:\Users\kundu\OneDrive\Desktop\KMU-FED-2\data\processed\06_DI_dy\06_DI_dy_069.jpg,Disgust,Disgust,10,6,1,cross_subject_pos
C:\Users\kundu\OneDrive\Desktop\KMU-FED-2\data\processed\05_HA_uj\05_HA_uj_073.jpg,C:\Users\kundu\OneDrive\Desktop\KMU-FED-2\data\processed\10_HA_ko\10_HA_ko_178.jpg,Happiness,Happiness,5,10,1,cross_subject_pos
C:\Users\kundu\OneDrive\Desktop\KMU-FED-2\data\processed\01_SU_mr\01_SU_mr_020.jpg,C:\Users\kundu\OneDrive\Desktop\KMU-FED-2\data\processed\01_SU_mr\01_SU_mr_002.jpg,Surprise,Surprise,1,1,1,same_subject_pos
C:\Users\kundu\OneDrive\Desktop\KMU-FED-2\data\processed\10_DI_ko\10_DI_ko_092.jpg,C:\Users\kundu\OneDrive\Desktop\KMU-FED-2\data\processed\07_HA_sw\07_HA_sw_111.jpg,Disgust,Happiness,10,7,0,negative
C:\Users\kundu\OneDrive\Desktop\KMU-FED-2\data\processed\03_SA_s02\03_SA_s02_025.jpg,C:\Users\kundu\OneDrive\Desktop\KMU-FED-2\data\processed\05_AN_uj\05_AN_uj_053.jpg,Sadness,Anger,3,5,0,negative
C:\Users\kundu\OneDrive\Desktop\KMU-FED-2\data\processed\06_DI_dy\06_DI_dy_058.jpg,C:\Users\kundu\OneDrive\Desktop\KMU-FED-2\data\processed\07_SU_sw\07_SU_sw_098.jpg,Disgust,Surprise,6,7,0,negative
C:\Users\kundu\OneDrive\Desktop\KMU-FED-2\data\processed\01_FE_mr\01_FE_mr_008.jpg,C:\Users\kundu\OneDrive\Desktop\KMU-FED-2\data\processed\06_FE_dy\06_FE_dy_120.jpg,Fear,Fear,1,6,1,cross_subject_pos
C:\Users\kundu\OneDrive\Desktop\KMU-FED-2\data\processed\06_SA_dy\06_SA_dy_081.jpg,C:\Users\kundu\OneDrive\Desktop\KMU-FED-2\data\processed\03_SA_s02\03_SA_s02_033.jpg,Sadness,Sadness,6,3,1,cross_subject_pos
C:\Users\kundu\OneDrive\Desktop\KMU-FED-2\data\processed\01_FE_mr\01_FE_mr_009.jpg,C:\Users\kundu\OneDrive\Desktop\KMU-FED-2\data\processed\09_AN_sj\09_AN_sj_126.jpg,Fear,Anger,1,9,0,negative
C:\Users\kundu\OneDrive\Desktop\KMU-FED-2\data\processed\01_DI_mr\01_DI_mr_007.jpg,C:\Users\kundu\OneDrive\Desktop\KMU-FED-2\data\processed\06_DI_dy\06_DI_dy_067.jpg,Disgust,Disgust,1,6,1,cross_subject_pos
C:\Users\kundu\OneDrive\Desktop\KMU-FED-2\data\processed\12_DI_gu\12_DI_gu_130.jpg,C:\Users\kundu\OneDrive\Desktop\KMU-FED-2\data\processed\12_DI_gu\12_DI_gu_123.jpg,Disgust,Disgust,12,12,1,same_subject_pos
C:\Users\kundu\OneDrive\Desktop\KMU-FED-2\data\processed\06_FE_dy\06_FE_dy_109.jpg,C:\Users\kundu\OneDrive\Desktop\KMU-FED-2\data\processed\09_AN_sj\09_AN_sj_131.jpg,Fear,Anger,6,9,0,negative
C:\Users\kundu\OneDrive\Desktop\KMU-FED-2\data\processed\12_SA_gu\12_SA_gu_164.jpg,C:\Users\kundu\OneDrive\Desktop\KMU-FED-2\data\processed\06_DI_dy\06_DI_dy_070.jpg,Sadness,Disgust,12,6,0,negative
C:\Users\kundu\OneDrive\Desktop\KMU-FED-2\data\processed\01_DI_mr\01_DI_mr_014.jpg,C:\Users\kundu\OneDrive\Desktop\KMU-FED-2\data\processed\06_DI_dy\06_DI_dy_069.jpg,Disgust,Disgust,1,6,1,cross_subject_pos
C:\Users\kundu\OneDrive\Desktop\KMU-FED-2\data\processed\03_FE_s02\03_FE_s02_058.jpg,C:\Users\kundu\OneDrive\Desktop\KMU-FED-2\data\processed\03_SU_s02\03_SU_s02_042.jpg,Fear,Surprise,3,3,0,negative
C:\Users\kundu\OneDrive\Desktop\KMU-FED-2\data\processed\07_SA_sw\07_SA_sw_082.jpg,C:\Users\kundu\OneDrive\Desktop\KMU-FED-2\data\processed\07_HA_sw\07_HA_sw_118.jpg,Sadness,Happiness,7,7,0,negative
C:\Users\kundu\OneDrive\Desktop\KMU-FED-2\data\processed\01_AN_mr\01_AN_mr_011.jpg,C:\Users\kundu\OneDrive\Desktop\KMU-FED-2\data\processed\10_AN_ko\10_AN_ko_141.jpg,Anger,Anger,1,10,1,cross_subject_pos
C:\Users\kundu\OneDrive\Desktop\KMU-FED-2\data\processed\07_AN_sw\07_AN_sw_085.jpg,C:\Users\kundu\OneDrive\Desktop\KMU-FED-2\data\processed\05_HA_uj\05_HA_uj_073.jpg,Anger,Happiness,7,5,0,negative
C:\Users\kundu\OneDrive\Desktop\KMU-FED-2\data\processed\03_HA_s02\03_HA_s02_041.jpg,C:\Users\kundu\OneDrive\Desktop\KMU-FED-2\data\processed\10_HA_ko\10_HA_ko_179.jpg,Happiness,Happiness,3,10,1,cross_subject_pos
C:\Users\kundu\OneDrive\Desktop\KMU-FED-2\data\processed\06_SU_dy\06_SU_dy_085.jpg,C:\Users\kundu\OneDrive\Desktop\KMU-FED-2\data\processed\09_HA_sj\09_HA_sj_162.jpg,Surprise,Happiness,6,9,0,negative
C:\Users\kundu\OneDrive\Desktop\KMU-FED-2\data\processed\06_FE_dy\06_FE_dy_107.jpg,C:\Users\kundu\OneDrive\Desktop\KMU-FED-2\data\processed\09_AN_sj\09_AN_sj_137.jpg,Fear,Anger,6,9,0,negative
C:\Users\kundu\OneDrive\Desktop\KMU-FED-2\data\processed\10_AN_ko\10_AN_ko_148.jpg,C:\Users\kundu\OneDrive\Desktop\KMU-FED-2\data\processed\12_AN_gu\12_AN_gu_188.jpg,Anger,Anger,10,12,1,cross_subject_pos
C:\Users\kundu\OneDrive\Desktop\KMU-FED-2\data\processed\06_FE_dy\06_FE_dy_104.jpg,C:\Users\kundu\OneDrive\Desktop\KMU-FED-2\data\processed\09_SA_sj\09_SA_sj_118.jpg,Fear,Sadness,6,9,0,negative
C:\Users\kundu\OneDrive\Desktop\KMU-FED-2\data\processed\12_DI_gu\12_DI_gu_123.jpg,C:\Users\kundu\OneDrive\Desktop\KMU-FED-2\data\processed\07_SA_sw\07_SA_sw_075.jpg,Disgust,Sadness,12,7,0,negative
C:\Users\kundu\OneDrive\Desktop\KMU-FED-2\data\processed\10_FE_ko\10_FE_ko_163.jpg,C:\Users\kundu\OneDrive\Desktop\KMU-FED-2\data\processed\01_FE_mr\01_FE_mr_009.jpg,Fear,Fear,10,1,1,cross_subject_pos
C:\Users\kundu\OneDrive\Desktop\KMU-FED-2\data\processed\01_AN_mr\01_AN_mr_015.jpg,C:\Users\kundu\OneDrive\Desktop\KMU-FED-2\data\processed\06_AN_dy\06_AN_dy_070.jpg,Anger,Anger,1,6,1,cross_subject_pos
C:\Users\kundu\OneDrive\Desktop\KMU-FED-2\data\processed\01_DI_mr\01_DI_mr_012.jpg,C:\Users\kundu\OneDrive\Desktop\KMU-FED-2\data\processed\06_DI_dy\06_DI_dy_052.jpg,Disgust,Disgust,1,6,1,cross_subject_pos
C:\Users\kundu\OneDrive\Desktop\KMU-FED-2\data\processed\05_FE_uj\05_FE_uj_100.jpg,C:\Users\kundu\OneDrive\Desktop\KMU-FED-2\data\processed\03_FE_s02\03_FE_s02_052.jpg,Fear,Fear,5,3,1,cross_subject_pos
C:\Users\kundu\OneDrive\Desktop\KMU-FED-2\data\processed\03_FE_s02\03_FE_s02_055.jpg,C:\Users\kundu\OneDrive\Desktop\KMU-FED-2\data\processed\07_FE_sw\07_FE_sw_134.jpg,Fear,Fear,3,7,1,cross_subject_pos
C:\Users\kundu\OneDrive\Desktop\KMU-FED-2\data\processed\05_SU_uj\05_SU_uj_070.jpg,C:\Users\kundu\OneDrive\Desktop\KMU-FED-2\data\processed\07_AN_sw\07_AN_sw_096.jpg,Surprise,Anger,5,7,0,negative
C:\Users\kundu\OneDrive\Desktop\KMU-FED-2\data\processed\10_SU_ko\10_SU_ko_127.jpg,C:\Users\kundu\OneDrive\Desktop\KMU-FED-2\data\processed\06_SA_dy\06_SA_dy_085.jpg,Surprise,Sadness,10,6,0,negative
C:\Users\kundu\OneDrive\Desktop\KMU-FED-2\data\processed\05_SA_uj\05_SA_uj_062.jpg,C:\Users\kundu\OneDrive\Desktop\KMU-FED-2\data\processed\05_SA_uj\05_SA_uj_057.jpg,Sadness,Sadness,5,5,1,same_subject_pos
C:\Users\kundu\OneDrive\Desktop\KMU-FED-2\data\processed\01_SU_mr\01_SU_mr_016.jpg,C:\Users\kundu\OneDrive\Desktop\KMU-FED-2\data\processed\06_SU_dy\06_SU_dy_088.jpg,Surprise,Surprise,1,6,1,cross_subject_pos
C:\Users\kundu\OneDrive\Desktop\KMU-FED-2\data\processed\12_SA_gu\12_SA_gu_157.jpg,C:\Users\kundu\OneDrive\Desktop\KMU-FED-2\data\processed\07_AN_sw\07_AN_sw_097.jpg,Sadness,Anger,12,7,0,negative
C:\Users\kundu\OneDrive\Desktop\KMU-FED-2\data\processed\05_SA_uj\05_SA_uj_057.jpg,C:\Users\kundu\OneDrive\Desktop\KMU-FED-2\data\processed\12_AN_gu\12_AN_gu_190.jpg,Sadness,Anger,5,12,0,negative
C:\Users\kundu\OneDrive\Desktop\KMU-FED-2\data\processed\07_SA_sw\07_SA_sw_076.jpg,C:\Users\kundu\OneDrive\Desktop\KMU-FED-2\data\processed\03_FE_s02\03_FE_s02_055.jpg,Sadness,Fear,7,3,0,negative
C:\Users\kundu\OneDrive\Desktop\KMU-FED-2\data\processed\03_SU_s02\03_SU_s02_045.jpg,C:\Users\kundu\OneDrive\Desktop\KMU-FED-2\data\processed\01_FE_mr\01_FE_mr_012.jpg,Surprise,Fear,3,1,0,negative
C:\Users\kundu\OneDrive\Desktop\KMU-FED-2\data\processed\01_FE_mr\01_FE_mr_005.jpg,C:\Users\kundu\OneDrive\Desktop\KMU-FED-2\data\processed\12_AN_gu\12_AN_gu_188.jpg,Fear,Anger,1,12,0,negative
C:\Users\kundu\OneDrive\Desktop\KMU-FED-2\data\processed\03_SA_s02\03_SA_s02_022.jpg,C:\Users\kundu\OneDrive\Desktop\KMU-FED-2\data\processed\03_SA_s02\03_SA_s02_028.jpg,Sadness,Sadness,3,3,1,same_subject_pos
C:\Users\kundu\OneDrive\Desktop\KMU-FED-2\data\processed\01_SA_mr\01_SA_mr_003.jpg,C:\Users\kundu\OneDrive\Desktop\KMU-FED-2\data\processed\03_SA_s02\03_SA_s02_028.jpg,Sadness,Sadness,1,3,1,cross_subject_pos
C:\Users\kundu\OneDrive\Desktop\KMU-FED-2\data\processed\09_FE_sj\09_FE_sj_156.jpg,C:\Users\kundu\OneDrive\Desktop\KMU-FED-2\data\processed\05_SU_uj\05_SU_uj_065.jpg,Fear,Surprise,9,5,0,negative
C:\Users\kundu\OneDrive\Desktop\KMU-FED-2\data\processed\06_SA_dy\06_SA_dy_087.jpg,C:\Users\kundu\OneDrive\Desktop\KMU-FED-2\data\processed\03_AN_s02\03_AN_s02_033.jpg,Sadness,Anger,6,3,0,negative
C:\Users\kundu\OneDrive\Desktop\KMU-FED-2\data\processed\09_HA_sj\09_HA_sj_170.jpg,C:\Users\kundu\OneDrive\Desktop\KMU-FED-2\data\processed\01_DI_mr\01_DI_mr_008.jpg,Happiness,Disgust,9,1,0,negative
C:\Users\kundu\OneDrive\Desktop\KMU-FED-2\data\processed\07_SU_sw\07_SU_sw_100.jpg,C:\Users\kundu\OneDrive\Desktop\KMU-FED-2\data\processed\07_SU_sw\07_SU_sw_088.jpg,Surprise,Surprise,7,7,1,same_subject_pos
C:\Users\kundu\OneDrive\Desktop\KMU-FED-2\data\processed\09_AN_sj\09_AN_sj_133.jpg,C:\Users\kundu\OneDrive\Desktop\KMU-FED-2\data\processed\03_AN_s02\03_AN_s02_035.jpg,Anger,Anger,9,3,1,cross_subject_pos
C:\Users\kundu\OneDrive\Desktop\KMU-FED-2\data\processed\01_SA_mr\01_SA_mr_010.jpg,C:\Users\kundu\OneDrive\Desktop\KMU-FED-2\data\processed\05_SA_uj\05_SA_uj_055.jpg,Sadness,Sadness,1,5,1,cross_subject_pos
C:\Users\kundu\OneDrive\Desktop\KMU-FED-2\data\processed\01_SA_mr\01_SA_mr_003.jpg,C:\Users\kundu\OneDrive\Desktop\KMU-FED-2\data\processed\07_SU_sw\07_SU_sw_100.jpg,Sadness,Surprise,1,7,0,negative
C:\Users\kundu\OneDrive\Desktop\KMU-FED-2\data\processed\07_SU_sw\07_SU_sw_093.jpg,C:\Users\kundu\OneDrive\Desktop\KMU-FED-2\data\processed\03_SU_s02\03_SU_s02_056.jpg,Surprise,Surprise,7,3,1,cross_subject_pos
C:\Users\kundu\OneDrive\Desktop\KMU-FED-2\data\processed\09_SA_sj\09_SA_sj_116.jpg,C:\Users\kundu\OneDrive\Desktop\KMU-FED-2\data\processed\01_AN_mr\01_AN_mr_012.jpg,Sadness,Anger,9,1,0,negative
C:\Users\kundu\OneDrive\Desktop\KMU-FED-2\data\processed\01_FE_mr\01_FE_mr_020.jpg,C:\Users\kundu\OneDrive\Desktop\KMU-FED-2\data\processed\05_FE_uj\05_FE_uj_089.jpg,Fear,Fear,1,5,1,cross_subject_pos
C:\Users\kundu\OneDrive\Desktop\KMU-FED-2\data\processed\12_SA_gu\12_SA_gu_154.jpg,C:\Users\kundu\OneDrive\Desktop\KMU-FED-2\data\processed\01_SA_mr\01_SA_mr_003.jpg,Sadness,Sadness,12,1,1,cross_subject_pos
C:\Users\kundu\OneDrive\Desktop\KMU-FED-2\data\processed\03_SA_s02\03_SA_s02_026.jpg,C:\Users\kundu\OneDrive\Desktop\KMU-FED-2\data\processed\03_HA_s02\03_HA_s02_050.jpg,Sadness,Happiness,3,3,0,negative
C:\Users\kundu\OneDrive\Desktop\KMU-FED-2\data\processed\03_FE_s02\03_FE_s02_043.jpg,C:\Users\kundu\OneDrive\Desktop\KMU-FED-2\data\processed\03_FE_s02\03_FE_s02_059.jpg,Fear,Fear,3,3,1,same_subject_pos
C:\Users\kundu\OneDrive\Desktop\KMU-FED-2\data\processed\10_DI_ko\10_DI_ko_096.jpg,C:\Users\kundu\OneDrive\Desktop\KMU-FED-2\data\processed\12_DI_gu\12_DI_gu_123.jpg,Disgust,Disgust,10,12,1,cross_subject_pos
C:\Users\kundu\OneDrive\Desktop\KMU-FED-2\data\processed\09_AN_sj\09_AN_sj_129.jpg,C:\Users\kundu\OneDrive\Desktop\KMU-FED-2\data\processed\03_FE_s02\03_FE_s02_050.jpg,Anger,Fear,9,3,0,negative
C:\Users\kundu\OneDrive\Desktop\KMU-FED-2\data\processed\01_SU_mr\01_SU_mr_020.jpg,C:\Users\kundu\OneDrive\Desktop\KMU-FED-2\data\processed\07_FE_sw\07_FE_sw_140.jpg,Surprise,Fear,1,7,0,negative
C:\Users\kundu\OneDrive\Desktop\KMU-FED-2\data\processed\10_SU_ko\10_SU_ko_116.jpg,C:\Users\kundu\OneDrive\Desktop\KMU-FED-2\data\processed\10_SU_ko\10_SU_ko_119.jpg,Surprise,Surprise,10,10,1,same_subject_pos
C:\Users\kundu\OneDrive\Desktop\KMU-FED-2\data\processed\12_AN_gu\12_AN_gu_185.jpg,C:\Users\kundu\OneDrive\Desktop\KMU-FED-2\data\processed\03_FE_s02\03_FE_s02_049.jpg,Anger,Fear,12,3,0,negative
C:\Users\kundu\OneDrive\Desktop\KMU-FED-2\data\processed\07_SA_sw\07_SA_sw_077.jpg,C:\Users\kundu\OneDrive\Desktop\KMU-FED-2\data\processed\06_SA_dy\06_SA_dy_076.jpg,Sadness,Sadness,7,6,1,cross_subject_pos
C:\Users\kundu\OneDrive\Desktop\KMU-FED-2\data\processed\09_AN_sj\09_AN_sj_135.jpg,C:\Users\kundu\OneDrive\Desktop\KMU-FED-2\data\processed\03_SA_s02\03_SA_s02_029.jpg,Anger,Sadness,9,3,0,negative
C:\Users\kundu\OneDrive\Desktop\KMU-FED-2\data\processed\06_HA_dy\06_HA_dy_095.jpg,C:\Users\kundu\OneDrive\Desktop\KMU-FED-2\data\processed\03_SA_s02\03_SA_s02_039.jpg,Happiness,Sadness,6,3,0,negative
C:\Users\kundu\OneDrive\Desktop\KMU-FED-2\data\processed\12_SA_gu\12_SA_gu_162.jpg,C:\Users\kundu\OneDrive\Desktop\KMU-FED-2\data\processed\05_SA_uj\05_SA_uj_054.jpg,Sadness,Sadness,12,5,1,cross_subject_pos
C:\Users\kundu\OneDrive\Desktop\KMU-FED-2\data\processed\03_SU_s02\03_SU_s02_043.jpg,C:\Users\kundu\OneDrive\Desktop\KMU-FED-2\data\processed\12_SA_gu\12_SA_gu_157.jpg,Surprise,Sadness,3,12,0,negative
C:\Users\kundu\OneDrive\Desktop\KMU-FED-2\data\processed\01_DI_mr\01_DI_mr_008.jpg,C:\Users\kundu\OneDrive\Desktop\KMU-FED-2\data\processed\05_FE_uj\05_FE_uj_088.jpg,Disgust,Fear,1,5,0,negative
C:\Users\kundu\OneDrive\Desktop\KMU-FED-2\data\processed\06_DI_dy\06_DI_dy_056.jpg,C:\Users\kundu\OneDrive\Desktop\KMU-FED-2\data\processed\01_DI_mr\01_DI_mr_011.jpg,Disgust,Disgust,6,1,1,cross_subject_pos
C:\Users\kundu\OneDrive\Desktop\KMU-FED-2\data\processed\07_AN_sw\07_AN_sw_095.jpg,C:\Users\kundu\OneDrive\Desktop\KMU-FED-2\data\processed\03_AN_s02\03_AN_s02_035.jpg,Anger,Anger,7,3,1,cross_subject_pos
C:\Users\kundu\OneDrive\Desktop\KMU-FED-2\data\processed\06_FE_dy\06_FE_dy_105.jpg,C:\Users\kundu\OneDrive\Desktop\KMU-FED-2\data\processed\12_DI_gu\12_DI_gu_124.jpg,Fear,Disgust,6,12,0,negative
C:\Users\kundu\OneDrive\Desktop\KMU-FED-2\data\processed\07_SU_sw\07_SU_sw_092.jpg,C:\Users\kundu\OneDrive\Desktop\KMU-FED-2\data\processed\03_FE_s02\03_FE_s02_054.jpg,Surprise,Fear,7,3,0,negative
C:\Users\kundu\OneDrive\Desktop\KMU-FED-2\data\processed\05_DI_uj\05_DI_uj_037.jpg,C:\Users\kundu\OneDrive\Desktop\KMU-FED-2\data\processed\03_SU_s02\03_SU_s02_060.jpg,Disgust,Surprise,5,3,0,negative
C:\Users\kundu\OneDrive\Desktop\KMU-FED-2\data\processed\05_HA_uj\05_HA_uj_078.jpg,C:\Users\kundu\OneDrive\Desktop\KMU-FED-2\data\processed\01_DI_mr\01_DI_mr_003.jpg,Happiness,Disgust,5,1,0,negative
C:\Users\kundu\OneDrive\Desktop\KMU-FED-2\data\processed\10_DI_ko\10_DI_ko_100.jpg,C:\Users\kundu\OneDrive\Desktop\KMU-FED-2\data\processed\12_DI_gu\12_DI_gu_122.jpg,Disgust,Disgust,10,12,1,cross_subject_pos
C:\Users\kundu\OneDrive\Desktop\KMU-FED-2\data\processed\05_SA_uj\05_SA_uj_065.jpg,C:\Users\kundu\OneDrive\Desktop\KMU-FED-2\data\processed\06_DI_dy\06_DI_dy_069.jpg,Sadness,Disgust,5,6,0,negative
C:\Users\kundu\OneDrive\Desktop\KMU-FED-2\data\processed\01_DI_mr\01_DI_mr_001.jpg,C:\Users\kundu\OneDrive\Desktop\KMU-FED-2\data\processed\01_DI_mr\01_DI_mr_014.jpg,Disgust,Disgust,1,1,1,same_subject_pos
C:\Users\kundu\OneDrive\Desktop\KMU-FED-2\data\processed\06_SA_dy\06_SA_dy_077.jpg,C:\Users\kundu\OneDrive\Desktop\KMU-FED-2\data\processed\01_DI_mr\01_DI_mr_002.jpg,Sadness,Disgust,6,1,0,negative
C:\Users\kundu\OneDrive\Desktop\KMU-FED-2\data\processed\12_SA_gu\12_SA_gu_166.jpg,C:\Users\kundu\OneDrive\Desktop\KMU-FED-2\data\processed\03_SU_s02\03_SU_s02_047.jpg,Sadness,Surprise,12,3,0,negative
C:\Users\kundu\OneDrive\Desktop\KMU-FED-2\data\processed\01_DI_mr\01_DI_mr_003.jpg,C:\Users\kundu\OneDrive\Desktop\KMU-FED-2\data\processed\06_AN_dy\06_AN_dy_069.jpg,Disgust,Anger,1,6,0,negative
C:\Users\kundu\OneDrive\Desktop\KMU-FED-2\data\processed\01_FE_mr\01_FE_mr_007.jpg,C:\Users\kundu\OneDrive\Desktop\KMU-FED-2\data\processed\06_SU_dy\06_SU_dy_095.jpg,Fear,Surprise,1,6,0,negative
C:\Users\kundu\OneDrive\Desktop\KMU-FED-2\data\processed\06_HA_dy\06_HA_dy_106.jpg,C:\Users\kundu\OneDrive\Desktop\KMU-FED-2\data\processed\06_FE_dy\06_FE_dy_110.jpg,Happiness,Fear,6,6,0,negative
C:\Users\kundu\OneDrive\Desktop\KMU-FED-2\data\processed\05_SU_uj\05_SU_uj_062.jpg,C:\Users\kundu\OneDrive\Desktop\KMU-FED-2\data\processed\10_SU_ko\10_SU_ko_118.jpg,Surprise,Surprise,5,10,1,cross_subject_pos
C:\Users\kundu\OneDrive\Desktop\KMU-FED-2\data\processed\09_AN_sj\09_AN_sj_139.jpg,C:\Users\kundu\OneDrive\Desktop\KMU-FED-2\data\processed\12_DI_gu\12_DI_gu_124.jpg,Anger,Disgust,9,12,0,negative
C:\Users\kundu\OneDrive\Desktop\KMU-FED-2\data\processed\05_SA_uj\05_SA_uj_053.jpg,C:\Users\kundu\OneDrive\Desktop\KMU-FED-2\data\processed\06_FE_dy\06_FE_dy_103.jpg,Sadness,Fear,5,6,0,negative
C:\Users\kundu\OneDrive\Desktop\KMU-FED-2\data\processed\10_HA_ko\10_HA_ko_189.jpg,C:\Users\kundu\OneDrive\Desktop\KMU-FED-2\data\processed\06_DI_dy\06_DI_dy_061.jpg,Happiness,Disgust,10,6,0,negative
C:\Users\kundu\OneDrive\Desktop\KMU-FED-2\data\processed\03_HA_s02\03_HA_s02_034.jpg,C:\Users\kundu\OneDrive\Desktop\KMU-FED-2\data\processed\03_HA_s02\03_HA_s02_035.jpg,Happiness,Happiness,3,3,1,same_subject_pos
C:\Users\kundu\OneDrive\Desktop\KMU-FED-2\data\processed\01_HA_mr\01_HA_mr_019.jpg,C:\Users\kundu\OneDrive\Desktop\KMU-FED-2\data\processed\06_HA_dy\06_HA_dy_098.jpg,Happiness,Happiness,1,6,1,cross_subject_pos
C:\Users\kundu\OneDrive\Desktop\KMU-FED-2\data\processed\05_DI_uj\05_DI_uj_039.jpg,C:\Users\kundu\OneDrive\Desktop\KMU-FED-2\data\processed\01_DI_mr\01_DI_mr_004.jpg,Disgust,Disgust,5,1,1,cross_subject_pos
C:\Users\kundu\OneDrive\Desktop\KMU-FED-2\data\processed\06_SU_dy\06_SU_dy_094.jpg,C:\Users\kundu\OneDrive\Desktop\KMU-FED-2\data\processed\05_HA_uj\05_HA_uj_077.jpg,Surprise,Happiness,6,5,0,negative
C:\Users\kundu\OneDrive\Desktop\KMU-FED-2\data\processed\06_DI_dy\06_DI_dy_061.jpg,C:\Users\kundu\OneDrive\Desktop\KMU-FED-2\data\processed\10_HA_ko\10_HA_ko_190.jpg,Disgust,Happiness,6,10,0,negative
C:\Users\kundu\OneDrive\Desktop\KMU-FED-2\data\processed\05_DI_uj\05_DI_uj_039.jpg,C:\Users\kundu\OneDrive\Desktop\KMU-FED-2\data\processed\10_DI_ko\10_DI_ko_091.jpg,Disgust,Disgust,5,10,1,cross_subject_pos
C:\Users\kundu\OneDrive\Desktop\KMU-FED-2\data\processed\03_SU_s02\03_SU_s02_053.jpg,C:\Users\kundu\OneDrive\Desktop\KMU-FED-2\data\processed\05_SU_uj\05_SU_uj_068.jpg,Surprise,Surprise,3,5,1,cross_subject_pos
C:\Users\kundu\OneDrive\Desktop\KMU-FED-2\data\processed\07_SU_sw\07_SU_sw_098.jpg,C:\Users\kundu\OneDrive\Desktop\KMU-FED-2\data\processed\07_SU_sw\07_SU_sw_093.jpg,Surprise,Surprise,7,7,1,same_subject_pos
C:\Users\kundu\OneDrive\Desktop\KMU-FED-2\data\processed\01_SU_mr\01_SU_mr_019.jpg,C:\Users\kundu\OneDrive\Desktop\KMU-FED-2\data\processed\10_SU_ko\10_SU_ko_117.jpg,Surprise,Surprise,1,10,1,cross_subject_pos
C:\Users\kundu\OneDrive\Desktop\KMU-FED-2\data\processed\07_AN_sw\07_AN_sw_097.jpg,C:\Users\kundu\OneDrive\Desktop\KMU-FED-2\data\processed\07_AN_sw\07_AN_sw_081.jpg,Anger,Anger,7,7,1,same_subject_pos
C:\Users\kundu\OneDrive\Desktop\KMU-FED-2\data\processed\09_AN_sj\09_AN_sj_132.jpg,C:\Users\kundu\OneDrive\Desktop\KMU-FED-2\data\processed\05_FE_uj\05_FE_uj_089.jpg,Anger,Fear,9,5,0,negative
C:\Users\kundu\OneDrive\Desktop\KMU-FED-2\data\processed\07_SU_sw\07_SU_sw_095.jpg,C:\Users\kundu\OneDrive\Desktop\KMU-FED-2\data\processed\10_SU_ko\10_SU_ko_122.jpg,Surprise,Surprise,7,10,1,cross_subject_pos
C:\Users\kundu\OneDrive\Desktop\KMU-FED-2\data\processed\01_DI_mr\01_DI_mr_013.jpg,C:\Users\kundu\OneDrive\Desktop\KMU-FED-2\data\processed\10_DI_ko\10_DI_ko_100.jpg,Disgust,Disgust,1,10,1,cross_subject_pos
C:\Users\kundu\OneDrive\Desktop\KMU-FED-2\data\processed\12_DI_gu\12_DI_gu_125.jpg,C:\Users\kundu\OneDrive\Desktop\KMU-FED-2\data\processed\05_AN_uj\05_AN_uj_041.jpg,Disgust,Anger,12,5,0,negative
C:\Users\kundu\OneDrive\Desktop\KMU-FED-2\data\processed\06_SU_dy\06_SU_dy_083.jpg,C:\Users\kundu\OneDrive\Desktop\KMU-FED-2\data\processed\01_SU_mr\01_SU_mr_006.jpg,Surprise,Surprise,6,1,1,cross_subject_pos
C:\Users\kundu\OneDrive\Desktop\KMU-FED-2\data\processed\06_AN_dy\06_AN_dy_062.jpg,C:\Users\kundu\OneDrive\Desktop\KMU-FED-2\data\processed\05_AN_uj\05_AN_uj_046.jpg,Anger,Anger,6,5,1,cross_subject_pos
C:\Users\kundu\OneDrive\Desktop\KMU-FED-2\data\processed\05_SA_uj\05_SA_uj_059.jpg,C:\Users\kundu\OneDrive\Desktop\KMU-FED-2\data\processed\03_SA_s02\03_SA_s02_022.jpg,Sadness,Sadness,5,3,1,cross_subject_pos
C:\Users\kundu\OneDrive\Desktop\KMU-FED-2\data\processed\12_DI_gu\12_DI_gu_129.jpg,C:\Users\kundu\OneDrive\Desktop\KMU-FED-2\data\processed\05_SA_uj\05_SA_uj_070.jpg,Disgust,Sadness,12,5,0,negative
C:\Users\kundu\OneDrive\Desktop\KMU-FED-2\data\processed\01_SU_mr\01_SU_mr_013.jpg,C:\Users\kundu\OneDrive\Desktop\KMU-FED-2\data\processed\06_FE_dy\06_FE_dy_109.jpg,Surprise,Fear,1,6,0,negative
C:\Users\kundu\OneDrive\Desktop\KMU-FED-2\data\processed\05_DI_uj\05_DI_uj_031.jpg,C:\Users\kundu\OneDrive\Desktop\KMU-FED-2\data\processed\06_DI_dy\06_DI_dy_063.jpg,Disgust,Disgust,5,6,1,cross_subject_pos
C:\Users\kundu\OneDrive\Desktop\KMU-FED-2\data\processed\07_SA_sw\07_SA_sw_082.jpg,C:\Users\kundu\OneDrive\Desktop\KMU-FED-2\data\processed\05_SA_uj\05_SA_uj_068.jpg,Sadness,Sadness,7,5,1,cross_subject_pos
C:\Users\kundu\OneDrive\Desktop\KMU-FED-2\data\processed\06_AN_dy\06_AN_dy_064.jpg,C:\Users\kundu\OneDrive\Desktop\KMU-FED-2\data\processed\09_FE_sj\09_FE_sj_155.jpg,Anger,Fear,6,9,0,negative
C:\Users\kundu\OneDrive\Desktop\KMU-FED-2\data\processed\03_AN_s02\03_AN_s02_031.jpg,C:\Users\kundu\OneDrive\Desktop\KMU-FED-2\data\processed\01_HA_mr\01_HA_mr_002.jpg,Anger,Happiness,3,1,0,negative
C:\Users\kundu\OneDrive\Desktop\KMU-FED-2\data\processed\07_SU_sw\07_SU_sw_086.jpg,C:\Users\kundu\OneDrive\Desktop\KMU-FED-2\data\processed\07_SU_sw\07_SU_sw_099.jpg,Surprise,Surprise,7,7,1,same_subject_pos
C:\Users\kundu\OneDrive\Desktop\KMU-FED-2\data\processed\01_FE_mr\01_FE_mr_007.jpg,C:\Users\kundu\OneDrive\Desktop\KMU-FED-2\data\processed\06_SA_dy\06_SA_dy_088.jpg,Fear,Sadness,1,6,0,negative
C:\Users\kundu\OneDrive\Desktop\KMU-FED-2\data\processed\06_FE_dy\06_FE_dy_114.jpg,C:\Users\kundu\OneDrive\Desktop\KMU-FED-2\data\processed\01_DI_mr\01_DI_mr_017.jpg,Fear,Disgust,6,1,0,negative
C:\Users\kundu\OneDrive\Desktop\KMU-FED-2\data\processed\12_AN_gu\12_AN_gu_186.jpg,C:\Users\kundu\OneDrive\Desktop\KMU-FED-2\data\processed\03_FE_s02\03_FE_s02_045.jpg,Anger,Fear,12,3,0,negative
C:\Users\kundu\OneDrive\Desktop\KMU-FED-2\data\processed\12_AN_gu\12_AN_gu_187.jpg,C:\Users\kundu\OneDrive\Desktop\KMU-FED-2\data\processed\05_AN_uj\05_AN_uj_043.jpg,Anger,Anger,12,5,1,cross_subject_pos
C:\Users\kundu\OneDrive\Desktop\KMU-FED-2\data\processed\06_SU_dy\06_SU_dy_084.jpg,C:\Users\kundu\OneDrive\Desktop\KMU-FED-2\data\processed\05_DI_uj\05_DI_uj_031.jpg,Surprise,Disgust,6,5,0,negative
C:\Users\kundu\OneDrive\Desktop\KMU-FED-2\data\processed\05_DI_uj\05_DI_uj_035.jpg,C:\Users\kundu\OneDrive\Desktop\KMU-FED-2\data\processed\01_DI_mr\01_DI_mr_017.jpg,Disgust,Disgust,5,1,1,cross_subject_pos
C:\Users\kundu\OneDrive\Desktop\KMU-FED-2\data\processed\06_AN_dy\06_AN_dy_075.jpg,C:\Users\kundu\OneDrive\Desktop\KMU-FED-2\data\processed\09_SU_sj\09_SU_sj_110.jpg,Anger,Surprise,6,9,0,negative
C:\Users\kundu\OneDrive\Desktop\KMU-FED-2\data\processed\01_SU_mr\01_SU_mr_015.jpg,C:\Users\kundu\OneDrive\Desktop\KMU-FED-2\data\processed\01_AN_mr\01_AN_mr_014.jpg,Surprise,Anger,1,1,0,negative
C:\Users\kundu\OneDrive\Desktop\KMU-FED-2\data\processed\01_SU_mr\01_SU_mr_002.jpg,C:\Users\kundu\OneDrive\Desktop\KMU-FED-2\data\processed\05_DI_uj\05_DI_uj_033.jpg,Surprise,Disgust,1,5,0,negative
C:\Users\kundu\OneDrive\Desktop\KMU-FED-2\data\processed\06_DI_dy\06_DI_dy_055.jpg,C:\Users\kundu\OneDrive\Desktop\KMU-FED-2\data\processed\10_AN_ko\10_AN_ko_141.jpg,Disgust,Anger,6,10,0,negative
C:\Users\kundu\OneDrive\Desktop\KMU-FED-2\data\processed\07_FE_sw\07_FE_sw_134.jpg,C:\Users\kundu\OneDrive\Desktop\KMU-FED-2\data\processed\09_AN_sj\09_AN_sj_140.jpg,Fear,Anger,7,9,0,negative
C:\Users\kundu\OneDrive\Desktop\KMU-FED-2\data\processed\07_FE_sw\07_FE_sw_126.jpg,C:\Users\kundu\OneDrive\Desktop\KMU-FED-2\data\processed\06_DI_dy\06_DI_dy_051.jpg,Fear,Disgust,7,6,0,negative
C:\Users\kundu\OneDrive\Desktop\KMU-FED-2\data\processed\01_SA_mr\01_SA_mr_009.jpg,C:\Users\kundu\OneDrive\Desktop\KMU-FED-2\data\processed\01_SA_mr\01_SA_mr_020.jpg,Sadness,Sadness,1,1,1,same_subject_pos
C:\Users\kundu\OneDrive\Desktop\KMU-FED-2\data\processed\06_SU_dy\06_SU_dy_082.jpg,C:\Users\kundu\OneDrive\Desktop\KMU-FED-2\data\processed\03_SU_s02\03_SU_s02_046.jpg,Surprise,Surprise,6,3,1,cross_subject_pos
C:\Users\kundu\OneDrive\Desktop\KMU-FED-2\data\processed\06_AN_dy\06_AN_dy_070.jpg,C:\Users\kundu\OneDrive\Desktop\KMU-FED-2\data\processed\07_AN_sw\07_AN_sw_084.jpg,Anger,Anger,6,7,1,cross_subject_pos
C:\Users\kundu\OneDrive\Desktop\KMU-FED-2\data\processed\03_FE_s02\03_FE_s02_044.jpg,C:\Users\kundu\OneDrive\Desktop\KMU-FED-2\data\processed\06_FE_dy\06_FE_dy_115.jpg,Fear,Fear,3,6,1,cross_subject_pos
C:\Users\kundu\OneDrive\Desktop\KMU-FED-2\data\processed\05_DI_uj\05_DI_uj_034.jpg,C:\Users\kundu\OneDrive\Desktop\KMU-FED-2\data\processed\05_DI_uj\05_DI_uj_032.jpg,Disgust,Disgust,5,5,1,same_subject_pos
C:\Users\kundu\OneDrive\Desktop\KMU-FED-2\data\processed\12_DI_gu\12_DI_gu_130.jpg,C:\Users\kundu\OneDrive\Desktop\KMU-FED-2\data\processed\01_DI_mr\01_DI_mr_017.jpg,Disgust,Disgust,12,1,1,cross_subject_pos
C:\Users\kundu\OneDrive\Desktop\KMU-FED-2\data\processed\06_SU_dy\06_SU_dy_091.jpg,C:\Users\kundu\OneDrive\Desktop\KMU-FED-2\data\processed\12_AN_gu\12_AN_gu_182.jpg,Surprise,Anger,6,12,0,negative
C:\Users\kundu\OneDrive\Desktop\KMU-FED-2\data\processed\03_SU_s02\03_SU_s02_056.jpg,C:\Users\kundu\OneDrive\Desktop\KMU-FED-2\data\processed\09_HA_sj\09_HA_sj_151.jpg,Surprise,Happiness,3,9,0,negative
C:\Users\kundu\OneDrive\Desktop\KMU-FED-2\data\processed\07_HA_sw\07_HA_sw_125.jpg,C:\Users\kundu\OneDrive\Desktop\KMU-FED-2\data\processed\06_AN_dy\06_AN_dy_064.jpg,Happiness,Anger,7,6,0,negative
C:\Users\kundu\OneDrive\Desktop\KMU-FED-2\data\processed\03_SU_s02\03_SU_s02_041.jpg,C:\Users\kundu\OneDrive\Desktop\KMU-FED-2\data\processed\07_FE_sw\07_FE_sw_131.jpg,Surprise,Fear,3,7,0,negative
C:\Users\kundu\OneDrive\Desktop\KMU-FED-2\data\processed\10_SU_ko\10_SU_ko_124.jpg,C:\Users\kundu\OneDrive\Desktop\KMU-FED-2\data\processed\06_SU_dy\06_SU_dy_099.jpg,Surprise,Surprise,10,6,1,cross_subject_pos
C:\Users\kundu\OneDrive\Desktop\KMU-FED-2\data\processed\10_FE_ko\10_FE_ko_172.jpg,C:\Users\kundu\OneDrive\Desktop\KMU-FED-2\data\processed\10_HA_ko\10_HA_ko_180.jpg,Fear,Happiness,10,10,0,negative
C:\Users\kundu\OneDrive\Desktop\KMU-FED-2\data\processed\05_FE_uj\05_FE_uj_082.jpg,C:\Users\kundu\OneDrive\Desktop\KMU-FED-2\data\processed\06_FE_dy\06_FE_dy_118.jpg,Fear,Fear,5,6,1,cross_subject_pos
C:\Users\kundu\OneDrive\Desktop\KMU-FED-2\data\processed\03_SU_s02\03_SU_s02_057.jpg,C:\Users\kundu\OneDrive\Desktop\KMU-FED-2\data\processed\03_SU_s02\03_SU_s02_051.jpg,Surprise,Surprise,3,3,1,same_subject_pos
C:\Users\kundu\OneDrive\Desktop\KMU-FED-2\data\processed\07_HA_sw\07_HA_sw_120.jpg,C:\Users\kundu\OneDrive\Desktop\KMU-FED-2\data\processed\07_HA_sw\07_HA_sw_113.jpg,Happiness,Happiness,7,7,1,same_subject_pos
C:\Users\kundu\OneDrive\Desktop\KMU-FED-2\data\processed\12_SA_gu\12_SA_gu_157.jpg,C:\Users\kundu\OneDrive\Desktop\KMU-FED-2\data\processed\01_FE_mr\01_FE_mr_001.jpg,Sadness,Fear,12,1,0,negative
C:\Users\kundu\OneDrive\Desktop\KMU-FED-2\data\processed\03_SA_s02\03_SA_s02_038.jpg,C:\Users\kundu\OneDrive\Desktop\KMU-FED-2\data\processed\07_FE_sw\07_FE_sw_139.jpg,Sadness,Fear,3,7,0,negative
C:\Users\kundu\OneDrive\Desktop\KMU-FED-2\data\processed\03_SU_s02\03_SU_s02_056.jpg,C:\Users\kundu\OneDrive\Desktop\KMU-FED-2\data\processed\03_SU_s02\03_SU_s02_052.jpg,Surprise,Surprise,3,3,1,same_subject_pos
C:\Users\kundu\OneDrive\Desktop\KMU-FED-2\data\processed\12_SA_gu\12_SA_gu_170.jpg,C:\Users\kundu\OneDrive\Desktop\KMU-FED-2\data\processed\09_SA_sj\09_SA_sj_119.jpg,Sadness,Sadness,12,9,1,cross_subject_pos
C:\Users\kundu\OneDrive\Desktop\KMU-FED-2\data\processed\03_FE_s02\03_FE_s02_044.jpg,C:\Users\kundu\OneDrive\Desktop\KMU-FED-2\data\processed\05_FE_uj\05_FE_uj_098.jpg,Fear,Fear,3,5,1,cross_subject_pos
C:\Users\kundu\OneDrive\Desktop\KMU-FED-2\data\processed\03_HA_s02\03_HA_s02_044.jpg,C:\Users\kundu\OneDrive\Desktop\KMU-FED-2\data\processed\01_SU_mr\01_SU_mr_014.jpg,Happiness,Surprise,3,1,0,negative
C:\Users\kundu\OneDrive\Desktop\KMU-FED-2\data\processed\09_FE_sj\09_FE_sj_153.jpg,C:\Users\kundu\OneDrive\Desktop\KMU-FED-2\data\processed\03_FE_s02\03_FE_s02_054.jpg,Fear,Fear,9,3,1,cross_subject_pos
C:\Users\kundu\OneDrive\Desktop\KMU-FED-2\data\processed\12_DI_gu\12_DI_gu_123.jpg,C:\Users\kundu\OneDrive\Desktop\KMU-FED-2\data\processed\10_HA_ko\10_HA_ko_180.jpg,Disgust,Happiness,12,10,0,negative
C:\Users\kundu\OneDrive\Desktop\KMU-FED-2\data\processed\05_SA_uj\05_SA_uj_060.jpg,C:\Users\kundu\OneDrive\Desktop\KMU-FED-2\data\processed\06_DI_dy\06_DI_dy_057.jpg,Sadness,Disgust,5,6,0,negative
C:\Users\kundu\OneDrive\Desktop\KMU-FED-2\data\processed\07_HA_sw\07_HA_sw_128.jpg,C:\Users\kundu\OneDrive\Desktop\KMU-FED-2\data\processed\12_HA_gu\12_HA_gu_184.jpg,Happiness,Happiness,7,12,1,cross_subject_pos
C:\Users\kundu\OneDrive\Desktop\KMU-FED-2\data\processed\09_HA_sj\09_HA_sj_166.jpg,C:\Users\kundu\OneDrive\Desktop\KMU-FED-2\data\processed\07_SU_sw\07_SU_sw_094.jpg,Happiness,Surprise,9,7,0,negative
C:\Users\kundu\OneDrive\Desktop\KMU-FED-2\data\processed\01_DI_mr\01_DI_mr_010.jpg,C:\Users\kundu\OneDrive\Desktop\KMU-FED-2\data\processed\10_DI_ko\10_DI_ko_097.jpg,Disgust,Disgust,1,10,1,cross_subject_pos
C:\Users\kundu\OneDrive\Desktop\KMU-FED-2\data\processed\05_SU_uj\05_SU_uj_065.jpg,C:\Users\kundu\OneDrive\Desktop\KMU-FED-2\data\processed\05_FE_uj\05_FE_uj_094.jpg,Surprise,Fear,5,5,0,negative
C:\Users\kundu\OneDrive\Desktop\KMU-FED-2\data\processed\12_AN_gu\12_AN_gu_175.jpg,C:\Users\kundu\OneDrive\Desktop\KMU-FED-2\data\processed\01_FE_mr\01_FE_mr_011.jpg,Anger,Fear,12,1,0,negative
C:\Users\kundu\OneDrive\Desktop\KMU-FED-2\data\processed\03_SA_s02\03_SA_s02_037.jpg,C:\Users\kundu\OneDrive\Desktop\KMU-FED-2\data\processed\07_SA_sw\07_SA_sw_080.jpg,Sadness,Sadness,3,7,1,cross_subject_pos
C:\Users\kundu\OneDrive\Desktop\KMU-FED-2\data\processed\10_HA_ko\10_HA_ko_177.jpg,C:\Users\kundu\OneDrive\Desktop\KMU-FED-2\data\processed\06_HA_dy\06_HA_dy_091.jpg,Happiness,Happiness,10,6,1,cross_subject_pos
C:\Users\kundu\OneDrive\Desktop\KMU-FED-2\data\processed\03_SA_s02\03_SA_s02_027.jpg,C:\Users\kundu\OneDrive\Desktop\KMU-FED-2\data\processed\12_HA_gu\12_HA_gu_178.jpg,Sadness,Happiness,3,12,0,negative
C:\Users\kundu\OneDrive\Desktop\KMU-FED-2\data\processed\12_SA_gu\12_SA_gu_170.jpg,C:\Users\kundu\OneDrive\Desktop\KMU-FED-2\data\processed\01_SA_mr\01_SA_mr_006.jpg,Sadness,Sadness,12,1,1,cross_subject_pos
C:\Users\kundu\OneDrive\Desktop\KMU-FED-2\data\processed\07_SU_sw\07_SU_sw_100.jpg,C:\Users\kundu\OneDrive\Desktop\KMU-FED-2\data\processed\05_SU_uj\05_SU_uj_070.jpg,Surprise,Surprise,7,5,1,cross_subject_pos
C:\Users\kundu\OneDrive\Desktop\KMU-FED-2\data\processed\01_DI_mr\01_DI_mr_009.jpg,C:\Users\kundu\OneDrive\Desktop\KMU-FED-2\data\processed\10_DI_ko\10_DI_ko_099.jpg,Disgust,Disgust,1,10,1,cross_subject_pos
C:\Users\kundu\OneDrive\Desktop\KMU-FED-2\data\processed\05_DI_uj\05_DI_uj_035.jpg,C:\Users\kundu\OneDrive\Desktop\KMU-FED-2\data\processed\06_DI_dy\06_DI_dy_058.jpg,Disgust,Disgust,5,6,1,cross_subject_pos
C:\Users\kundu\OneDrive\Desktop\KMU-FED-2\data\processed\05_SU_uj\05_SU_uj_063.jpg,C:\Users\kundu\OneDrive\Desktop\KMU-FED-2\data\processed\06_FE_dy\06_FE_dy_108.jpg,Surprise,Fear,5,6,0,negative
C:\Users\kundu\OneDrive\Desktop\KMU-FED-2\data\processed\10_AN_ko\10_AN_ko_142.jpg,C:\Users\kundu\OneDrive\Desktop\KMU-FED-2\data\processed\06_AN_dy\06_AN_dy_070.jpg,Anger,Anger,10,6,1,cross_subject_pos
C:\Users\kundu\OneDrive\Desktop\KMU-FED-2\data\processed\01_SU_mr\01_SU_mr_017.jpg,C:\Users\kundu\OneDrive\Desktop\KMU-FED-2\data\processed\10_SU_ko\10_SU_ko_123.jpg,Surprise,Surprise,1,10,1,cross_subject_pos
C:\Users\kundu\OneDrive\Desktop\KMU-FED-2\data\processed\01_DI_mr\01_DI_mr_015.jpg,C:\Users\kundu\OneDrive\Desktop\KMU-FED-2\data\processed\07_FE_sw\07_FE_sw_122.jpg,Disgust,Fear,1,7,0,negative
C:\Users\kundu\OneDrive\Desktop\KMU-FED-2\data\processed\01_SU_mr\01_SU_mr_011.jpg,C:\Users\kundu\OneDrive\Desktop\KMU-FED-2\data\processed\06_SA_dy\06_SA_dy_085.jpg,Surprise,Sadness,1,6,0,negative
C:\Users\kundu\OneDrive\Desktop\KMU-FED-2\data\processed\06_AN_dy\06_AN_dy_069.jpg,C:\Users\kundu\OneDrive\Desktop\KMU-FED-2\data\processed\09_AN_sj\09_AN_sj_129.jpg,Anger,Anger,6,9,1,cross_subject_pos
C:\Users\kundu\OneDrive\Desktop\KMU-FED-2\data\processed\01_DI_mr\01_DI_mr_006.jpg,C:\Users\kundu\OneDrive\Desktop\KMU-FED-2\data\processed\12_AN_gu\12_AN_gu_172.jpg,Disgust,Anger,1,12,0,negative
C:\Users\kundu\OneDrive\Desktop\KMU-FED-2\data\processed\12_SA_gu\12_SA_gu_155.jpg,C:\Users\kundu\OneDrive\Desktop\KMU-FED-2\data\processed\07_SA_sw\07_SA_sw_073.jpg,Sadness,Sadness,12,7,1,cross_subject_pos
C:\Users\kundu\OneDrive\Desktop\KMU-FED-2\data\processed\10_HA_ko\10_HA_ko_173.jpg,C:\Users\kundu\OneDrive\Desktop\KMU-FED-2\data\processed\06_DI_dy\06_DI_dy_066.jpg,Happiness,Disgust,10,6,0,negative
C:\Users\kundu\OneDrive\Desktop\KMU-FED-2\data\processed\05_SA_uj\05_SA_uj_062.jpg,C:\Users\kundu\OneDrive\Desktop\KMU-FED-2\data\processed\06_SA_dy\06_SA_dy_090.jpg,Sadness,Sadness,5,6,1,cross_subject_pos
C:\Users\kundu\OneDrive\Desktop\KMU-FED-2\data\processed\05_SA_uj\05_SA_uj_070.jpg,C:\Users\kundu\OneDrive\Desktop\KMU-FED-2\data\processed\05_SA_uj\05_SA_uj_051.jpg,Sadness,Sadness,5,5,1,same_subject_pos
C:\Users\kundu\OneDrive\Desktop\KMU-FED-2\data\processed\09_SU_sj\09_SU_sj_109.jpg,C:\Users\kundu\OneDrive\Desktop\KMU-FED-2\data\processed\07_SU_sw\07_SU_sw_095.jpg,Surprise,Surprise,9,7,1,cross_subject_pos
C:\Users\kundu\OneDrive\Desktop\KMU-FED-2\data\processed\05_SA_uj\05_SA_uj_067.jpg,C:\Users\kundu\OneDrive\Desktop\KMU-FED-2\data\processed\06_SU_dy\06_SU_dy_088.jpg,Sadness,Surprise,5,6,0,negative
C:\Users\kundu\OneDrive\Desktop\KMU-FED-2\data\processed\12_HA_gu\12_HA_gu_184.jpg,C:\Users\kundu\OneDrive\Desktop\KMU-FED-2\data\processed\06_SU_dy\06_SU_dy_082.jpg,Happiness,Surprise,12,6,0,negative
C:\Users\kundu\OneDrive\Desktop\KMU-FED-2\data\processed\07_SA_sw\07_SA_sw_090.jpg,C:\Users\kundu\OneDrive\Desktop\KMU-FED-2\data\processed\07_FE_sw\07_FE_sw_127.jpg,Sadness,Fear,7,7,0,negative
C:\Users\kundu\OneDrive\Desktop\KMU-FED-2\data\processed\06_SU_dy\06_SU_dy_097.jpg,C:\Users\kundu\OneDrive\Desktop\KMU-FED-2\data\processed\06_FE_dy\06_FE_dy_107.jpg,Surprise,Fear,6,6,0,negative
C:\Users\kundu\OneDrive\Desktop\KMU-FED-2\data\processed\06_SU_dy\06_SU_dy_084.jpg,C:\Users\kundu\OneDrive\Desktop\KMU-FED-2\data\processed\03_FE_s02\03_FE_s02_051.jpg,Surprise,Fear,6,3,0,negative
C:\Users\kundu\OneDrive\Desktop\KMU-FED-2\data\processed\01_FE_mr\01_FE_mr_015.jpg,C:\Users\kundu\OneDrive\Desktop\KMU-FED-2\data\processed\10_DI_ko\10_DI_ko_100.jpg,Fear,Disgust,1,10,0,negative
C:\Users\kundu\OneDrive\Desktop\KMU-FED-2\data\processed\06_DI_dy\06_DI_dy_057.jpg,C:\Users\kundu\OneDrive\Desktop\KMU-FED-2\data\processed\01_SA_mr\01_SA_mr_013.jpg,Disgust,Sadness,6,1,0,negative
C:\Users\kundu\OneDrive\Desktop\KMU-FED-2\data\processed\03_SU_s02\03_SU_s02_054.jpg,C:\Users\kundu\OneDrive\Desktop\KMU-FED-2\data\processed\03_SU_s02\03_SU_s02_041.jpg,Surprise,Surprise,3,3,1,same_subject_pos
C:\Users\kundu\OneDrive\Desktop\KMU-FED-2\data\processed\12_HA_gu\12_HA_gu_178.jpg,C:\Users\kundu\OneDrive\Desktop\KMU-FED-2\data\processed\12_HA_gu\12_HA_gu_180.jpg,Happiness,Happiness,12,12,1,same_subject_pos
C:\Users\kundu\OneDrive\Desktop\KMU-FED-2\data\processed\10_DI_ko\10_DI_ko_099.jpg,C:\Users\kundu\OneDrive\Desktop\KMU-FED-2\data\processed\12_DI_gu\12_DI_gu_124.jpg,Disgust,Disgust,10,12,1,cross_subject_pos
C:\Users\kundu\OneDrive\Desktop\KMU-FED-2\data\processed\10_HA_ko\10_HA_ko_184.jpg,C:\Users\kundu\OneDrive\Desktop\KMU-FED-2\data\processed\01_DI_mr\01_DI_mr_013.jpg,Happiness,Disgust,10,1,0,negative
C:\Users\kundu\OneDrive\Desktop\KMU-FED-2\data\processed\01_SA_mr\01_SA_mr_020.jpg,C:\Users\kundu\OneDrive\Desktop\KMU-FED-2\data\processed\06_DI_dy\06_DI_dy_062.jpg,Sadness,Disgust,1,6,0,negative
C:\Users\kundu\OneDrive\Desktop\KMU-FED-2\data\processed\12_DI_gu\12_DI_gu_121.jpg,C:\Users\kundu\OneDrive\Desktop\KMU-FED-2\data\processed\01_DI_mr\01_DI_mr_009.jpg,Disgust,Disgust,12,1,1,cross_subject_pos
C:\Users\kundu\OneDrive\Desktop\KMU-FED-2\data\processed\12_DI_gu\12_DI_gu_130.jpg,C:\Users\kundu\OneDrive\Desktop\KMU-FED-2\data\processed\12_DI_gu\12_DI_gu_128.jpg,Disgust,Disgust,12,12,1,same_subject_pos
C:\Users\kundu\OneDrive\Desktop\KMU-FED-2\data\processed\10_SU_ko\10_SU_ko_119.jpg,C:\Users\kundu\OneDrive\Desktop\KMU-FED-2\data\processed\05_SU_uj\05_SU_uj_061.jpg,Surprise,Surprise,10,5,1,cross_subject_pos
C:\Users\kundu\OneDrive\Desktop\KMU-FED-2\data\processed\01_SA_mr\01_SA_mr_019.jpg,C:\Users\kundu\OneDrive\Desktop\KMU-FED-2\data\processed\07_AN_sw\07_AN_sw_088.jpg,Sadness,Anger,1,7,0,negative
C:\Users\kundu\OneDrive\Desktop\KMU-FED-2\data\processed\06_AN_dy\06_AN_dy_077.jpg,C:\Users\kundu\OneDrive\Desktop\KMU-FED-2\data\processed\05_DI_uj\05_DI_uj_034.jpg,Anger,Disgust,6,5,0,negative
C:\Users\kundu\OneDrive\Desktop\KMU-FED-2\data\processed\10_HA_ko\10_HA_ko_172.jpg,C:\Users\kundu\OneDrive\Desktop\KMU-FED-2\data\processed\01_FE_mr\01_FE_mr_007.jpg,Happiness,Fear,10,1,0,negative
C:\Users\kundu\OneDrive\Desktop\KMU-FED-2\data\processed\09_FE_sj\09_FE_sj_152.jpg,C:\Users\kundu\OneDrive\Desktop\KMU-FED-2\data\processed\06_SA_dy\06_SA_dy_088.jpg,Fear,Sadness,9,6,0,negative
C:\Users\kundu\OneDrive\Desktop\KMU-FED-2\data\processed\07_FE_sw\07_FE_sw_126.jpg,C:\Users\kundu\OneDrive\Desktop\KMU-FED-2\data\processed\07_FE_sw\07_FE_sw_127.jpg,Fear,Fear,7,7,1,same_subject_pos
C:\Users\kundu\OneDrive\Desktop\KMU-FED-2\data\processed\05_SU_uj\05_SU_uj_061.jpg,C:\Users\kundu\OneDrive\Desktop\KMU-FED-2\data\processed\01_SU_mr\01_SU_mr_020.jpg,Surprise,Surprise,5,1,1,cross_subject_pos
C:\Users\kundu\OneDrive\Desktop\KMU-FED-2\data\processed\10_SU_ko\10_SU_ko_120.jpg,C:\Users\kundu\OneDrive\Desktop\KMU-FED-2\data\processed\05_HA_uj\05_HA_uj_080.jpg,Surprise,Happiness,10,5,0,negative
C:\Users\kundu\OneDrive\Desktop\KMU-FED-2\data\processed\06_DI_dy\06_DI_dy_057.jpg,C:\Users\kundu\OneDrive\Desktop\KMU-FED-2\data\processed\05_SA_uj\05_SA_uj_060.jpg,Disgust,Sadness,6,5,0,negative
C:\Users\kundu\OneDrive\Desktop\KMU-FED-2\data\processed\06_HA_dy\06_HA_dy_107.jpg,C:\Users\kundu\OneDrive\Desktop\KMU-FED-2\data\processed\07_SU_sw\07_SU_sw_083.jpg,Happiness,Surprise,6,7,0,negative
C:\Users\kundu\OneDrive\Desktop\KMU-FED-2\data\processed\03_SA_s02\03_SA_s02_037.jpg,C:\Users\kundu\OneDrive\Desktop\KMU-FED-2\data\processed\07_AN_sw\07_AN_sw_085.jpg,Sadness,Anger,3,7,0,negative
C:\Users\kundu\OneDrive\Desktop\KMU-FED-2\data\processed\07_SU_sw\07_SU_sw_093.jpg,C:\Users\kundu\OneDrive\Desktop\KMU-FED-2\data\processed\03_SU_s02\03_SU_s02_059.jpg,Surprise,Surprise,7,3,1,cross_subject_pos
C:\Users\kundu\OneDrive\Desktop\KMU-FED-2\data\processed\01_SA_mr\01_SA_mr_010.jpg,C:\Users\kundu\OneDrive\Desktop\KMU-FED-2\data\processed\12_SA_gu\12_SA_gu_157.jpg,Sadness,Sadness,1,12,1,cross_subject_pos
C:\Users\kundu\OneDrive\Desktop\KMU-FED-2\data\processed\07_FE_sw\07_FE_sw_133.jpg,C:\Users\kundu\OneDrive\Desktop\KMU-FED-2\data\processed\07_SA_sw\07_SA_sw_071.jpg,Fear,Sadness,7,7,0,negative
C:\Users\kundu\OneDrive\Desktop\KMU-FED-2\data\processed\12_SA_gu\12_SA_gu_160.jpg,C:\Users\kundu\OneDrive\Desktop\KMU-FED-2\data\processed\06_SA_dy\06_SA_dy_080.jpg,Sadness,Sadness,12,6,1,cross_subject_pos
C:\Users\kundu\OneDrive\Desktop\KMU-FED-2\data\processed\01_SA_mr\01_SA_mr_008.jpg,C:\Users\kundu\OneDrive\Desktop\KMU-FED-2\data\processed\07_SA_sw\07_SA_sw_081.jpg,Sadness,Sadness,1,7,1,cross_subject_pos
C:\Users\kundu\OneDrive\Desktop\KMU-FED-2\data\processed\06_DI_dy\06_DI_dy_069.jpg,C:\Users\kundu\OneDrive\Desktop\KMU-FED-2\data\processed\06_DI_dy\06_DI_dy_060.jpg,Disgust,Disgust,6,6,1,same_subject_pos
C:\Users\kundu\OneDrive\Desktop\KMU-FED-2\data\processed\09_FE_sj\09_FE_sj_155.jpg,C:\Users\kundu\OneDrive\Desktop\KMU-FED-2\data\processed\07_FE_sw\07_FE_sw_123.jpg,Fear,Fear,9,7,1,cross_subject_pos
C:\Users\kundu\OneDrive\Desktop\KMU-FED-2\data\processed\05_DI_uj\05_DI_uj_038.jpg,C:\Users\kundu\OneDrive\Desktop\KMU-FED-2\data\processed\12_DI_gu\12_DI_gu_121.jpg,Disgust,Disgust,5,12,1,cross_subject_pos
C:\Users\kundu\OneDrive\Desktop\KMU-FED-2\data\processed\03_SU_s02\03_SU_s02_056.jpg,C:\Users\kundu\OneDrive\Desktop\KMU-FED-2\data\processed\06_SU_dy\06_SU_dy_099.jpg,Surprise,Surprise,3,6,1,cross_subject_pos
C:\Users\kundu\OneDrive\Desktop\KMU-FED-2\data\processed\03_FE_s02\03_FE_s02_060.jpg,C:\Users\kundu\OneDrive\Desktop\KMU-FED-2\data\processed\03_FE_s02\03_FE_s02_056.jpg,Fear,Fear,3,3,1,same_subject_pos
C:\Users\kundu\OneDrive\Desktop\KMU-FED-2\data\processed\10_SU_ko\10_SU_ko_118.jpg,C:\Users\kundu\OneDrive\Desktop\KMU-FED-2\data\processed\06_SU_dy\06_SU_dy_099.jpg,Surprise,Surprise,10,6,1,cross_subject_pos
C:\Users\kundu\OneDrive\Desktop\KMU-FED-2\data\processed\07_FE_sw\07_FE_sw_129.jpg,C:\Users\kundu\OneDrive\Desktop\KMU-FED-2\data\processed\07_SU_sw\07_SU_sw_094.jpg,Fear,Surprise,7,7,0,negative
C:\Users\kundu\OneDrive\Desktop\KMU-FED-2\data\processed\05_FE_uj\05_FE_uj_082.jpg,C:\Users\kundu\OneDrive\Desktop\KMU-FED-2\data\processed\09_FE_sj\09_FE_sj_157.jpg,Fear,Fear,5,9,1,cross_subject_pos
C:\Users\kundu\OneDrive\Desktop\KMU-FED-2\data\processed\12_HA_gu\12_HA_gu_190.jpg,C:\Users\kundu\OneDrive\Desktop\KMU-FED-2\data\processed\01_SA_mr\01_SA_mr_007.jpg,Happiness,Sadness,12,1,0,negative
C:\Users\kundu\OneDrive\Desktop\KMU-FED-2\data\processed\01_HA_mr\01_HA_mr_004.jpg,C:\Users\kundu\OneDrive\Desktop\KMU-FED-2\data\processed\03_HA_s02\03_HA_s02_047.jpg,Happiness,Happiness,1,3,1,cross_subject_pos
C:\Users\kundu\OneDrive\Desktop\KMU-FED-2\data\processed\07_HA_sw\07_HA_sw_127.jpg,C:\Users\kundu\OneDrive\Desktop\KMU-FED-2\data\processed\03_HA_s02\03_HA_s02_048.jpg,Happiness,Happiness,7,3,1,cross_subject_pos
C:\Users\kundu\OneDrive\Desktop\KMU-FED-2\data\processed\01_FE_mr\01_FE_mr_013.jpg,C:\Users\kundu\OneDrive\Desktop\KMU-FED-2\data\processed\10_FE_ko\10_FE_ko_180.jpg,Fear,Fear,1,10,1,cross_subject_pos
C:\Users\kundu\OneDrive\Desktop\KMU-FED-2\data\processed\07_SU_sw\07_SU_sw_084.jpg,C:\Users\kundu\OneDrive\Desktop\KMU-FED-2\data\processed\12_AN_gu\12_AN_gu_184.jpg,Surprise,Anger,7,12,0,negative
C:\Users\kundu\OneDrive\Desktop\KMU-FED-2\data\processed\06_HA_dy\06_HA_dy_106.jpg,C:\Users\kundu\OneDrive\Desktop\KMU-FED-2\data\processed\03_HA_s02\03_HA_s02_041.jpg,Happiness,Happiness,6,3,1,cross_subject_pos
C:\Users\kundu\OneDrive\Desktop\KMU-FED-2\data\processed\03_AN_s02\03_AN_s02_033.jpg,C:\Users\kundu\OneDrive\Desktop\KMU-FED-2\data\processed\06_AN_dy\06_AN_dy_070.jpg,Anger,Anger,3,6,1,cross_subject_pos
C:\Users\kundu\OneDrive\Desktop\KMU-FED-2\data\processed\09_HA_sj\09_HA_sj_154.jpg,C:\Users\kundu\OneDrive\Desktop\KMU-FED-2\data\processed\03_HA_s02\03_HA_s02_038.jpg,Happiness,Happiness,9,3,1,cross_subject_pos
C:\Users\kundu\OneDrive\Desktop\KMU-FED-2\data\processed\03_SA_s02\03_SA_s02_036.jpg,C:\Users\kundu\OneDrive\Desktop\KMU-FED-2\data\processed\05_SU_uj\05_SU_uj_078.jpg,Sadness,Surprise,3,5,0,negative
C:\Users\kundu\OneDrive\Desktop\KMU-FED-2\data\processed\03_HA_s02\03_HA_s02_050.jpg,C:\Users\kundu\OneDrive\Desktop\KMU-FED-2\data\processed\09_HA_sj\09_HA_sj_170.jpg,Happiness,Happiness,3,9,1,cross_subject_pos
C:\Users\kundu\OneDrive\Desktop\KMU-FED-2\data\processed\07_HA_sw\07_HA_sw_118.jpg,C:\Users\kundu\OneDrive\Desktop\KMU-FED-2\data\processed\10_SU_ko\10_SU_ko_127.jpg,Happiness,Surprise,7,10,0,negative
C:\Users\kundu\OneDrive\Desktop\KMU-FED-2\data\processed\07_FE_sw\07_FE_sw_123.jpg,C:\Users\kundu\OneDrive\Desktop\KMU-FED-2\data\processed\01_FE_mr\01_FE_mr_014.jpg,Fear,Fear,7,1,1,cross_subject_pos
C:\Users\kundu\OneDrive\Desktop\KMU-FED-2\data\processed\01_SA_mr\01_SA_mr_019.jpg,C:\Users\kundu\OneDrive\Desktop\KMU-FED-2\data\processed\12_SA_gu\12_SA_gu_157.jpg,Sadness,Sadness,1,12,1,cross_subject_pos
C:\Users\kundu\OneDrive\Desktop\KMU-FED-2\data\processed\10_DI_ko\10_DI_ko_093.jpg,C:\Users\kundu\OneDrive\Desktop\KMU-FED-2\data\processed\03_HA_s02\03_HA_s02_031.jpg,Disgust,Happiness,10,3,0,negative
C:\Users\kundu\OneDrive\Desktop\KMU-FED-2\data\processed\10_AN_ko\10_AN_ko_150.jpg,C:\Users\kundu\OneDrive\Desktop\KMU-FED-2\data\processed\07_AN_sw\07_AN_sw_088.jpg,Anger,Anger,10,7,1,cross_subject_pos
C:\Users\kundu\OneDrive\Desktop\KMU-FED-2\data\processed\10_FE_ko\10_FE_ko_176.jpg,C:\Users\kundu\OneDrive\Desktop\KMU-FED-2\data\processed\12_DI_gu\12_DI_gu_128.jpg,Fear,Disgust,10,12,0,negative
C:\Users\kundu\OneDrive\Desktop\KMU-FED-2\data\processed\06_DI_dy\06_DI_dy_054.jpg,C:\Users\kundu\OneDrive\Desktop\KMU-FED-2\data\processed\01_DI_mr\01_DI_mr_007.jpg,Disgust,Disgust,6,1,1,cross_subject_pos
C:\Users\kundu\OneDrive\Desktop\KMU-FED-2\data\processed\05_DI_uj\05_DI_uj_036.jpg,C:\Users\kundu\OneDrive\Desktop\KMU-FED-2\data\processed\09_HA_sj\09_HA_sj_155.jpg,Disgust,Happiness,5,9,0,negative
C:\Users\kundu\OneDrive\Desktop\KMU-FED-2\data\processed\01_SA_mr\01_SA_mr_005.jpg,C:\Users\kundu\OneDrive\Desktop\KMU-FED-2\data\processed\06_SA_dy\06_SA_dy_072.jpg,Sadness,Sadness,1,6,1,cross_subject_pos
C:\Users\kundu\OneDrive\Desktop\KMU-FED-2\data\processed\07_SU_sw\07_SU_sw_087.jpg,C:\Users\kundu\OneDrive\Desktop\KMU-FED-2\data\processed\01_SU_mr\01_SU_mr_018.jpg,Surprise,Surprise,7,1,1,cross_subject_pos
C:\Users\kundu\OneDrive\Desktop\KMU-FED-2\data\processed\07_SU_sw\07_SU_sw_097.jpg,C:\Users\kundu\OneDrive\Desktop\KMU-FED-2\data\processed\01_SU_mr\01_SU_mr_019.jpg,Surprise,Surprise,7,1,1,cross_subject_pos
C:\Users\kundu\OneDrive\Desktop\KMU-FED-2\data\processed\05_SA_uj\05_SA_uj_070.jpg,C:\Users\kundu\OneDrive\Desktop\KMU-FED-2\data\processed\01_HA_mr\01_HA_mr_003.jpg,Sadness,Happiness,5,1,0,negative
C:\Users\kundu\OneDrive\Desktop\KMU-FED-2\data\processed\01_SA_mr\01_SA_mr_014.jpg,C:\Users\kundu\OneDrive\Desktop\KMU-FED-2\data\processed\12_DI_gu\12_DI_gu_128.jpg,Sadness,Disgust,1,12,0,negative
C:\Users\kundu\OneDrive\Desktop\KMU-FED-2\data\processed\10_HA_ko\10_HA_ko_174.jpg,C:\Users\kundu\OneDrive\Desktop\KMU-FED-2\data\processed\01_HA_mr\01_HA_mr_020.jpg,Happiness,Happiness,10,1,1,cross_subject_pos
C:\Users\kundu\OneDrive\Desktop\KMU-FED-2\data\processed\07_FE_sw\07_FE_sw_140.jpg,C:\Users\kundu\OneDrive\Desktop\KMU-FED-2\data\processed\03_FE_s02\03_FE_s02_057.jpg,Fear,Fear,7,3,1,cross_subject_pos
C:\Users\kundu\OneDrive\Desktop\KMU-FED-2\data\processed\01_SU_mr\01_SU_mr_005.jpg,C:\Users\kundu\OneDrive\Desktop\KMU-FED-2\data\processed\06_SU_dy\06_SU_dy_095.jpg,Surprise,Surprise,1,6,1,cross_subject_pos
C:\Users\kundu\OneDrive\Desktop\KMU-FED-2\data\processed\10_AN_ko\10_AN_ko_147.jpg,C:\Users\kundu\OneDrive\Desktop\KMU-FED-2\data\processed\05_AN_uj\05_AN_uj_044.jpg,Anger,Anger,10,5,1,cross_subject_pos
C:\Users\kundu\OneDrive\Desktop\KMU-FED-2\data\processed\03_FE_s02\03_FE_s02_051.jpg,C:\Users\kundu\OneDrive\Desktop\KMU-FED-2\data\processed\09_HA_sj\09_HA_sj_153.jpg,Fear,Happiness,3,9,0,negative
C:\Users\kundu\OneDrive\Desktop\KMU-FED-2\data\processed\06_HA_dy\06_HA_dy_110.jpg,C:\Users\kundu\OneDrive\Desktop\KMU-FED-2\data\processed\10_HA_ko\10_HA_ko_175.jpg,Happiness,Happiness,6,10,1,cross_subject_pos
C:\Users\kundu\OneDrive\Desktop\KMU-FED-2\data\processed\01_SA_mr\01_SA_mr_011.jpg,C:\Users\kundu\OneDrive\Desktop\KMU-FED-2\data\processed\05_SA_uj\05_SA_uj_055.jpg,Sadness,Sadness,1,5,1,cross_subject_pos
C:\Users\kundu\OneDrive\Desktop\KMU-FED-2\data\processed\03_FE_s02\03_FE_s02_043.jpg,C:\Users\kundu\OneDrive\Desktop\KMU-FED-2\data\processed\10_FE_ko\10_FE_ko_178.jpg,Fear,Fear,3,10,1,cross_subject_pos
C:\Users\kundu\OneDrive\Desktop\KMU-FED-2\data\processed\10_HA_ko\10_HA_ko_179.jpg,C:\Users\kundu\OneDrive\Desktop\KMU-FED-2\data\processed\06_HA_dy\06_HA_dy_101.jpg,Happiness,Happiness,10,6,1,cross_subject_pos
C:\Users\kundu\OneDrive\Desktop\KMU-FED-2\data\processed\01_FE_mr\01_FE_mr_009.jpg,C:\Users\kundu\OneDrive\Desktop\KMU-FED-2\data\processed\07_SU_sw\07_SU_sw_091.jpg,Fear,Surprise,1,7,0,negative
C:\Users\kundu\OneDrive\Desktop\KMU-FED-2\data\processed\06_DI_dy\06_DI_dy_052.jpg,C:\Users\kundu\OneDrive\Desktop\KMU-FED-2\data\processed\03_HA_s02\03_HA_s02_031.jpg,Disgust,Happiness,6,3,0,negative
C:\Users\kundu\OneDrive\Desktop\KMU-FED-2\data\processed\09_SA_sj\09_SA_sj_118.jpg,C:\Users\kundu\OneDrive\Desktop\KMU-FED-2\data\processed\05_SA_uj\05_SA_uj_065.jpg,Sadness,Sadness,9,5,1,cross_subject_pos
C:\Users\kundu\OneDrive\Desktop\KMU-FED-2\data\processed\05_FE_uj\05_FE_uj_099.jpg,C:\Users\kundu\OneDrive\Desktop\KMU-FED-2\data\processed\12_AN_gu\12_AN_gu_178.jpg,Fear,Anger,5,12,0,negative
C:\Users\kundu\OneDrive\Desktop\KMU-FED-2\data\processed\03_HA_s02\03_HA_s02_040.jpg,C:\Users\kundu\OneDrive\Desktop\KMU-FED-2\data\processed\06_FE_dy\06_FE_dy_102.jpg,Happiness,Fear,3,6,0,negative
C:\Users\kundu\OneDrive\Desktop\KMU-FED-2\data\processed\06_FE_dy\06_FE_dy_117.jpg,C:\Users\kundu\OneDrive\Desktop\KMU-FED-2\data\processed\07_FE_sw\07_FE_sw_136.jpg,Fear,Fear,6,7,1,cross_subject_pos
C:\Users\kundu\OneDrive\Desktop\KMU-FED-2\data\processed\05_HA_uj\05_HA_uj_077.jpg,C:\Users\kundu\OneDrive\Desktop\KMU-FED-2\data\processed\01_HA_mr\01_HA_mr_013.jpg,Happiness,Happiness,5,1,1,cross_subject_pos
C:\Users\kundu\OneDrive\Desktop\KMU-FED-2\data\processed\03_AN_s02\03_AN_s02_036.jpg,C:\Users\kundu\OneDrive\Desktop\KMU-FED-2\data\processed\05_SA_uj\05_SA_uj_056.jpg,Anger,Sadness,3,5,0,negative
C:\Users\kundu\OneDrive\Desktop\KMU-FED-2\data\processed\06_DI_dy\06_DI_dy_065.jpg,C:\Users\kundu\OneDrive\Desktop\KMU-FED-2\data\processed\07_SA_sw\07_SA_sw_073.jpg,Disgust,Sadness,6,7,0,negative
C:\Users\kundu\OneDrive\Desktop\KMU-FED-2\data\processed\06_HA_dy\06_HA_dy_093.jpg,C:\Users\kundu\OneDrive\Desktop\KMU-FED-2\data\processed\09_HA_sj\09_HA_sj_163.jpg,Happiness,Happiness,6,9,1,cross_subject_pos
C:\Users\kundu\OneDrive\Desktop\KMU-FED-2\data\processed\12_SA_gu\12_SA_gu_163.jpg,C:\Users\kundu\OneDrive\Desktop\KMU-FED-2\data\processed\01_SA_mr\01_SA_mr_001.jpg,Sadness,Sadness,12,1,1,cross_subject_pos
C:\Users\kundu\OneDrive\Desktop\KMU-FED-2\data\processed\09_HA_sj\09_HA_sj_165.jpg,C:\Users\kundu\OneDrive\Desktop\KMU-FED-2\data\processed\10_SU_ko\10_SU_ko_111.jpg,Happiness,Surprise,9,10,0,negative
C:\Users\kundu\OneDrive\Desktop\KMU-FED-2\data\processed\07_HA_sw\07_HA_sw_118.jpg,C:\Users\kundu\OneDrive\Desktop\KMU-FED-2\data\processed\05_SU_uj\05_SU_uj_062.jpg,Happiness,Surprise,7,5,0,negative
C:\Users\kundu\OneDrive\Desktop\KMU-FED-2\data\processed\01_DI_mr\01_DI_mr_012.jpg,C:\Users\kundu\OneDrive\Desktop\KMU-FED-2\data\processed\03_HA_s02\03_HA_s02_031.jpg,Disgust,Happiness,1,3,0,negative
C:\Users\kundu\OneDrive\Desktop\KMU-FED-2\data\processed\01_DI_mr\01_DI_mr_020.jpg,C:\Users\kundu\OneDrive\Desktop\KMU-FED-2\data\processed\09_SA_sj\09_SA_sj_119.jpg,Disgust,Sadness,1,9,0,negative
C:\Users\kundu\OneDrive\Desktop\KMU-FED-2\data\processed\03_FE_s02\03_FE_s02_059.jpg,C:\Users\kundu\OneDrive\Desktop\KMU-FED-2\data\processed\06_FE_dy\06_FE_dy_115.jpg,Fear,Fear,3,6,1,cross_subject_pos
C:\Users\kundu\OneDrive\Desktop\KMU-FED-2\data\processed\09_AN_sj\09_AN_sj_131.jpg,C:\Users\kundu\OneDrive\Desktop\KMU-FED-2\data\processed\03_SA_s02\03_SA_s02_022.jpg,Anger,Sadness,9,3,0,negative
C:\Users\kundu\OneDrive\Desktop\KMU-FED-2\data\processed\07_SA_sw\07_SA_sw_086.jpg,C:\Users\kundu\OneDrive\Desktop\KMU-FED-2\data\processed\06_SA_dy\06_SA_dy_071.jpg,Sadness,Sadness,7,6,1,cross_subject_pos
C:\Users\kundu\OneDrive\Desktop\KMU-FED-2\data\processed\05_DI_uj\05_DI_uj_036.jpg,C:\Users\kundu\OneDrive\Desktop\KMU-FED-2\data\processed\01_DI_mr\01_DI_mr_008.jpg,Disgust,Disgust,5,1,1,cross_subject_pos
C:\Users\kundu\OneDrive\Desktop\KMU-FED-2\data\processed\06_DI_dy\06_DI_dy_067.jpg,C:\Users\kundu\OneDrive\Desktop\KMU-FED-2\data\processed\06_DI_dy\06_DI_dy_062.jpg,Disgust,Disgust,6,6,1,same_subject_pos
C:\Users\kundu\OneDrive\Desktop\KMU-FED-2\data\processed\10_SU_ko\10_SU_ko_116.jpg,C:\Users\kundu\OneDrive\Desktop\KMU-FED-2\data\processed\03_HA_s02\03_HA_s02_049.jpg,Surprise,Happiness,10,3,0,negative
C:\Users\kundu\OneDrive\Desktop\KMU-FED-2\data\processed\05_SA_uj\05_SA_uj_056.jpg,C:\Users\kundu\OneDrive\Desktop\KMU-FED-2\data\processed\07_HA_sw\07_HA_sw_121.jpg,Sadness,Happiness,5,7,0,negative
C:\Users\kundu\OneDrive\Desktop\KMU-FED-2\data\processed\01_HA_mr\01_HA_mr_017.jpg,C:\Users\kundu\OneDrive\Desktop\KMU-FED-2\data\processed\12_AN_gu\12_AN_gu_172.jpg,Happiness,Anger,1,12,0,negative
C:\Users\kundu\OneDrive\Desktop\KMU-FED-2\data\processed\01_DI_mr\01_DI_mr_014.jpg,C:\Users\kundu\OneDrive\Desktop\KMU-FED-2\data\processed\01_DI_mr\01_DI_mr_013.jpg,Disgust,Disgust,1,1,1,same_subject_pos
C:\Users\kundu\OneDrive\Desktop\KMU-FED-2\data\processed\05_AN_uj\05_AN_uj_043.jpg,C:\Users\kundu\OneDrive\Desktop\KMU-FED-2\data\processed\12_AN_gu\12_AN_gu_179.jpg,Anger,Anger,5,12,1,cross_subject_pos
C:\Users\kundu\OneDrive\Desktop\KMU-FED-2\data\processed\03_FE_s02\03_FE_s02_059.jpg,C:\Users\kundu\OneDrive\Desktop\KMU-FED-2\data\processed\09_SU_sj\09_SU_sj_106.jpg,Fear,Surprise,3,9,0,negative
C:\Users\kundu\OneDrive\Desktop\KMU-FED-2\data\processed\06_SA_dy\06_SA_dy_080.jpg,C:\Users\kundu\OneDrive\Desktop\KMU-FED-2\data\processed\01_FE_mr\01_FE_mr_019.jpg,Sadness,Fear,6,1,0,negative
C:\Users\kundu\OneDrive\Desktop\KMU-FED-2\data\processed\05_DI_uj\05_DI_uj_039.jpg,C:\Users\kundu\OneDrive\Desktop\KMU-FED-2\data\processed\01_DI_mr\01_DI_mr_018.jpg,Disgust,Disgust,5,1,1,cross_subject_pos
C:\Users\kundu\OneDrive\Desktop\KMU-FED-2\data\processed\07_AN_sw\07_AN_sw_098.jpg,C:\Users\kundu\OneDrive\Desktop\KMU-FED-2\data\processed\05_AN_uj\05_AN_uj_041.jpg,Anger,Anger,7,5,1,cross_subject_pos
C:\Users\kundu\OneDrive\Desktop\KMU-FED-2\data\processed\06_DI_dy\06_DI_dy_055.jpg,C:\Users\kundu\OneDrive\Desktop\KMU-FED-2\data\processed\01_DI_mr\01_DI_mr_010.jpg,Disgust,Disgust,6,1,1,cross_subject_pos
C:\Users\kundu\OneDrive\Desktop\KMU-FED-2\data\processed\07_AN_sw\07_AN_sw_100.jpg,C:\Users\kundu\OneDrive\Desktop\KMU-FED-2\data\processed\07_HA_sw\07_HA_sw_118.jpg,Anger,Happiness,7,7,0,negative
C:\Users\kundu\OneDrive\Desktop\KMU-FED-2\data\processed\07_AN_sw\07_AN_sw_082.jpg,C:\Users\kundu\OneDrive\Desktop\KMU-FED-2\data\processed\06_AN_dy\06_AN_dy_068.jpg,Anger,Anger,7,6,1,cross_subject_pos
C:\Users\kundu\OneDrive\Desktop\KMU-FED-2\data\processed\06_SA_dy\06_SA_dy_078.jpg,C:\Users\kundu\OneDrive\Desktop\KMU-FED-2\data\processed\01_SA_mr\01_SA_mr_010.jpg,Sadness,Sadness,6,1,1,cross_subject_pos
C:\Users\kundu\OneDrive\Desktop\KMU-FED-2\data\processed\05_SU_uj\05_SU_uj_076.jpg,C:\Users\kundu\OneDrive\Desktop\KMU-FED-2\data\processed\12_SA_gu\12_SA_gu_165.jpg,Surprise,Sadness,5,12,0,negative
C:\Users\kundu\OneDrive\Desktop\KMU-FED-2\data\processed\09_HA_sj\09_HA_sj_155.jpg,C:\Users\kundu\OneDrive\Desktop\KMU-FED-2\data\processed\03_FE_s02\03_FE_s02_047.jpg,Happiness,Fear,9,3,0,negative
C:\Users\kundu\OneDrive\Desktop\KMU-FED-2\data\processed\06_DI_dy\06_DI_dy_054.jpg,C:\Users\kundu\OneDrive\Desktop\KMU-FED-2\data\processed\03_SU_s02\03_SU_s02_047.jpg,Disgust,Surprise,6,3,0,negative
C:\Users\kundu\OneDrive\Desktop\KMU-FED-2\data\processed\01_DI_mr\01_DI_mr_011.jpg,C:\Users\kundu\OneDrive\Desktop\KMU-FED-2\data\processed\12_DI_gu\12_DI_gu_123.jpg,Disgust,Disgust,1,12,1,cross_subject_pos
C:\Users\kundu\OneDrive\Desktop\KMU-FED-2\data\processed\12_SA_gu\12_SA_gu_167.jpg,C:\Users\kundu\OneDrive\Desktop\KMU-FED-2\data\processed\12_SA_gu\12_SA_gu_153.jpg,Sadness,Sadness,12,12,1,same_subject_pos
C:\Users\kundu\OneDrive\Desktop\KMU-FED-2\data\processed\06_AN_dy\06_AN_dy_078.jpg,C:\Users\kundu\OneDrive\Desktop\KMU-FED-2\data\processed\01_AN_mr\01_AN_mr_020.jpg,Anger,Anger,6,1,1,cross_subject_pos
C:\Users\kundu\OneDrive\Desktop\KMU-FED-2\data\processed\12_AN_gu\12_AN_gu_186.jpg,C:\Users\kundu\OneDrive\Desktop\KMU-FED-2\data\processed\01_AN_mr\01_AN_mr_011.jpg,Anger,Anger,12,1,1,cross_subject_pos
C:\Users\kundu\OneDrive\Desktop\KMU-FED-2\data\processed\10_DI_ko\10_DI_ko_099.jpg,C:\Users\kundu\OneDrive\Desktop\KMU-FED-2\data\processed\06_DI_dy\06_DI_dy_065.jpg,Disgust,Disgust,10,6,1,cross_subject_pos
C:\Users\kundu\OneDrive\Desktop\KMU-FED-2\data\processed\01_FE_mr\01_FE_mr_008.jpg,C:\Users\kundu\OneDrive\Desktop\KMU-FED-2\data\processed\06_DI_dy\06_DI_dy_057.jpg,Fear,Disgust,1,6,0,negative
C:\Users\kundu\OneDrive\Desktop\KMU-FED-2\data\processed\01_FE_mr\01_FE_mr_003.jpg,C:\Users\kundu\OneDrive\Desktop\KMU-FED-2\data\processed\05_FE_uj\05_FE_uj_081.jpg,Fear,Fear,1,5,1,cross_subject_pos
C:\Users\kundu\OneDrive\Desktop\KMU-FED-2\data\processed\01_HA_mr\01_HA_mr_006.jpg,C:\Users\kundu\OneDrive\Desktop\KMU-FED-2\data\processed\06_DI_dy\06_DI_dy_069.jpg,Happiness,Disgust,1,6,0,negative
C:\Users\kundu\OneDrive\Desktop\KMU-FED-2\data\processed\06_AN_dy\06_AN_dy_072.jpg,C:\Users\kundu\OneDrive\Desktop\KMU-FED-2\data\processed\09_AN_sj\09_AN_sj_126.jpg,Anger,Anger,6,9,1,cross_subject_pos
C:\Users\kundu\OneDrive\Desktop\KMU-FED-2\data\processed\05_FE_uj\05_FE_uj_091.jpg,C:\Users\kundu\OneDrive\Desktop\KMU-FED-2\data\processed\01_FE_mr\01_FE_mr_017.jpg,Fear,Fear,5,1,1,cross_subject_pos
C:\Users\kundu\OneDrive\Desktop\KMU-FED-2\data\processed\09_FE_sj\09_FE_sj_152.jpg,C:\Users\kundu\OneDrive\Desktop\KMU-FED-2\data\processed\05_FE_uj\05_FE_uj_084.jpg,Fear,Fear,9,5,1,cross_subject_pos
C:\Users\kundu\OneDrive\Desktop\KMU-FED-2\data\processed\01_SA_mr\01_SA_mr_015.jpg,C:\Users\kundu\OneDrive\Desktop\KMU-FED-2\data\processed\12_SA_gu\12_SA_gu_159.jpg,Sadness,Sadness,1,12,1,cross_subject_pos
C:\Users\kundu\OneDrive\Desktop\KMU-FED-2\data\processed\07_SA_sw\07_SA_sw_086.jpg,C:\Users\kundu\OneDrive\Desktop\KMU-FED-2\data\processed\01_SA_mr\01_SA_mr_015.jpg,Sadness,Sadness,7,1,1,cross_subject_pos
C:\Users\kundu\OneDrive\Desktop\KMU-FED-2\data\processed\12_DI_gu\12_DI_gu_125.jpg,C:\Users\kundu\OneDrive\Desktop\KMU-FED-2\data\processed\01_DI_mr\01_DI_mr_014.jpg,Disgust,Disgust,12,1,1,cross_subject_pos
C:\Users\kundu\OneDrive\Desktop\KMU-FED-2\data\processed\06_AN_dy\06_AN_dy_062.jpg,C:\Users\kundu\OneDrive\Desktop\KMU-FED-2\data\processed\07_SA_sw\07_SA_sw_086.jpg,Anger,Sadness,6,7,0,negative
C:\Users\kundu\OneDrive\Desktop\KMU-FED-2\data\processed\01_DI_mr\01_DI_mr_008.jpg,C:\Users\kundu\OneDrive\Desktop\KMU-FED-2\data\processed\07_SU_sw\07_SU_sw_094.jpg,Disgust,Surprise,1,7,0,negative
C:\Users\kundu\OneDrive\Desktop\KMU-FED-2\data\processed\06_SA_dy\06_SA_dy_088.jpg,C:\Users\kundu\OneDrive\Desktop\KMU-FED-2\data\processed\01_DI_mr\01_DI_mr_001.jpg,Sadness,Disgust,6,1,0,negative
C:\Users\kundu\OneDrive\Desktop\KMU-FED-2\data\processed\01_SU_mr\01_SU_mr_012.jpg,C:\Users\kundu\OneDrive\Desktop\KMU-FED-2\data\processed\03_SU_s02\03_SU_s02_057.jpg,Surprise,Surprise,1,3,1,cross_subject_pos
C:\Users\kundu\OneDrive\Desktop\KMU-FED-2\data\processed\06_SU_dy\06_SU_dy_093.jpg,C:\Users\kundu\OneDrive\Desktop\KMU-FED-2\data\processed\09_SU_sj\09_SU_sj_108.jpg,Surprise,Surprise,6,9,1,cross_subject_pos
C:\Users\kundu\OneDrive\Desktop\KMU-FED-2\data\processed\01_DI_mr\01_DI_mr_003.jpg,C:\Users\kundu\OneDrive\Desktop\KMU-FED-2\data\processed\05_AN_uj\05_AN_uj_059.jpg,Disgust,Anger,1,5,0,negative
C:\Users\kundu\OneDrive\Desktop\KMU-FED-2\data\processed\12_AN_gu\12_AN_gu_188.jpg,C:\Users\kundu\OneDrive\Desktop\KMU-FED-2\data\processed\05_AN_uj\05_AN_uj_058.jpg,Anger,Anger,12,5,1,cross_subject_pos
C:\Users\kundu\OneDrive\Desktop\KMU-FED-2\data\processed\03_SA_s02\03_SA_s02_039.jpg,C:\Users\kundu\OneDrive\Desktop\KMU-FED-2\data\processed\03_HA_s02\03_HA_s02_034.jpg,Sadness,Happiness,3,3,0,negative
C:\Users\kundu\OneDrive\Desktop\KMU-FED-2\data\processed\07_FE_sw\07_FE_sw_130.jpg,C:\Users\kundu\OneDrive\Desktop\KMU-FED-2\data\processed\01_HA_mr\01_HA_mr_009.jpg,Fear,Happiness,7,1,0,negative
C:\Users\kundu\OneDrive\Desktop\KMU-FED-2\data\processed\10_HA_ko\10_HA_ko_172.jpg,C:\Users\kundu\OneDrive\Desktop\KMU-FED-2\data\processed\07_FE_sw\07_FE_sw_140.jpg,Happiness,Fear,10,7,0,negative
C:\Users\kundu\OneDrive\Desktop\KMU-FED-2\data\processed\07_FE_sw\07_FE_sw_127.jpg,C:\Users\kundu\OneDrive\Desktop\KMU-FED-2\data\processed\07_FE_sw\07_FE_sw_136.jpg,Fear,Fear,7,7,1,same_subject_pos
C:\Users\kundu\OneDrive\Desktop\KMU-FED-2\data\processed\01_HA_mr\01_HA_mr_014.jpg,C:\Users\kundu\OneDrive\Desktop\KMU-FED-2\data\processed\07_HA_sw\07_HA_sw_112.jpg,Happiness,Happiness,1,7,1,cross_subject_pos
C:\Users\kundu\OneDrive\Desktop\KMU-FED-2\data\processed\09_FE_sj\09_FE_sj_155.jpg,C:\Users\kundu\OneDrive\Desktop\KMU-FED-2\data\processed\07_SA_sw\07_SA_sw_083.jpg,Fear,Sadness,9,7,0,negative
C:\Users\kundu\OneDrive\Desktop\KMU-FED-2\data\processed\10_FE_ko\10_FE_ko_180.jpg,C:\Users\kundu\OneDrive\Desktop\KMU-FED-2\data\processed\06_SU_dy\06_SU_dy_084.jpg,Fear,Surprise,10,6,0,negative
C:\Users\kundu\OneDrive\Desktop\KMU-FED-2\data\processed\01_DI_mr\01_DI_mr_007.jpg,C:\Users\kundu\OneDrive\Desktop\KMU-FED-2\data\processed\06_DI_dy\06_DI_dy_053.jpg,Disgust,Disgust,1,6,1,cross_subject_pos
C:\Users\kundu\OneDrive\Desktop\KMU-FED-2\data\processed\06_SA_dy\06_SA_dy_073.jpg,C:\Users\kundu\OneDrive\Desktop\KMU-FED-2\data\processed\12_SA_gu\12_SA_gu_168.jpg,Sadness,Sadness,6,12,1,cross_subject_pos
C:\Users\kundu\OneDrive\Desktop\KMU-FED-2\data\processed\07_SA_sw\07_SA_sw_071.jpg,C:\Users\kundu\OneDrive\Desktop\KMU-FED-2\data\processed\09_HA_sj\09_HA_sj_159.jpg,Sadness,Happiness,7,9,0,negative
C:\Users\kundu\OneDrive\Desktop\KMU-FED-2\data\processed\06_FE_dy\06_FE_dy_120.jpg,C:\Users\kundu\OneDrive\Desktop\KMU-FED-2\data\processed\03_SA_s02\03_SA_s02_025.jpg,Fear,Sadness,6,3,0,negative
C:\Users\kundu\OneDrive\Desktop\KMU-FED-2\data\processed\12_SA_gu\12_SA_gu_155.jpg,C:\Users\kundu\OneDrive\Desktop\KMU-FED-2\data\processed\05_DI_uj\05_DI_uj_031.jpg,Sadness,Disgust,12,5,0,negative
C:\Users\kundu\OneDrive\Desktop\KMU-FED-2\data\processed\05_DI_uj\05_DI_uj_031.jpg,C:\Users\kundu\OneDrive\Desktop\KMU-FED-2\data\processed\10_FE_ko\10_FE_ko_180.jpg,Disgust,Fear,5,10,0,negative
C:\Users\kundu\OneDrive\Desktop\KMU-FED-2\data\processed\01_DI_mr\01_DI_mr_013.jpg,C:\Users\kundu\OneDrive\Desktop\KMU-FED-2\data\processed\01_DI_mr\01_DI_mr_007.jpg,Disgust,Disgust,1,1,1,same_subject_pos
C:\Users\kundu\OneDrive\Desktop\KMU-FED-2\data\processed\03_SU_s02\03_SU_s02_059.jpg,C:\Users\kundu\OneDrive\Desktop\KMU-FED-2\data\processed\07_SU_sw\07_SU_sw_089.jpg,Surprise,Surprise,3,7,1,cross_subject_pos
C:\Users\kundu\OneDrive\Desktop\KMU-FED-2\data\processed\10_FE_ko\10_FE_ko_174.jpg,C:\Users\kundu\OneDrive\Desktop\KMU-FED-2\data\processed\07_FE_sw\07_FE_sw_125.jpg,Fear,Fear,10,7,1,cross_subject_pos
C:\Users\kundu\OneDrive\Desktop\KMU-FED-2\data\processed\09_SA_sj\09_SA_sj_111.jpg,C:\Users\kundu\OneDrive\Desktop\KMU-FED-2\data\processed\06_HA_dy\06_HA_dy_102.jpg,Sadness,Happiness,9,6,0,negative
C:\Users\kundu\OneDrive\Desktop\KMU-FED-2\data\processed\07_SU_sw\07_SU_sw_082.jpg,C:\Users\kundu\OneDrive\Desktop\KMU-FED-2\data\processed\09_AN_sj\09_AN_sj_130.jpg,Surprise,Anger,7,9,0,negative
C:\Users\kundu\OneDrive\Desktop\KMU-FED-2\data\processed\01_AN_mr\01_AN_mr_009.jpg,C:\Users\kundu\OneDrive\Desktop\KMU-FED-2\data\processed\03_AN_s02\03_AN_s02_034.jpg,Anger,Anger,1,3,1,cross_subject_pos
C:\Users\kundu\OneDrive\Desktop\KMU-FED-2\data\processed\09_SA_sj\09_SA_sj_111.jpg,C:\Users\kundu\OneDrive\Desktop\KMU-FED-2\data\processed\05_SA_uj\05_SA_uj_066.jpg,Sadness,Sadness,9,5,1,cross_subject_pos
C:\Users\kundu\OneDrive\Desktop\KMU-FED-2\data\processed\07_HA_sw\07_HA_sw_123.jpg,C:\Users\kundu\OneDrive\Desktop\KMU-FED-2\data\processed\01_SA_mr\01_SA_mr_005.jpg,Happiness,Sadness,7,1,0,negative
C:\Users\kundu\OneDrive\Desktop\KMU-FED-2\data\processed\06_SU_dy\06_SU_dy_085.jpg,C:\Users\kundu\OneDrive\Desktop\KMU-FED-2\data\processed\01_SU_mr\01_SU_mr_019.jpg,Surprise,Surprise,6,1,1,cross_subject_pos
C:\Users\kundu\OneDrive\Desktop\KMU-FED-2\data\processed\07_SU_sw\07_SU_sw_093.jpg,C:\Users\kundu\OneDrive\Desktop\KMU-FED-2\data\processed\01_SU_mr\01_SU_mr_006.jpg,Surprise,Surprise,7,1,1,cross_subject_pos
C:\Users\kundu\OneDrive\Desktop\KMU-FED-2\data\processed\01_AN_mr\01_AN_mr_008.jpg,C:\Users\kundu\OneDrive\Desktop\KMU-FED-2\data\processed\03_AN_s02\03_AN_s02_034.jpg,Anger,Anger,1,3,1,cross_subject_pos
C:\Users\kundu\OneDrive\Desktop\KMU-FED-2\data\processed\09_SU_sj\09_SU_sj_108.jpg,C:\Users\kundu\OneDrive\Desktop\KMU-FED-2\data\processed\01_DI_mr\01_DI_mr_013.jpg,Surprise,Disgust,9,1,0,negative
C:\Users\kundu\OneDrive\Desktop\KMU-FED-2\data\processed\12_SA_gu\12_SA_gu_151.jpg,C:\Users\kundu\OneDrive\Desktop\KMU-FED-2\data\processed\03_SA_s02\03_SA_s02_026.jpg,Sadness,Sadness,12,3,1,cross_subject_pos
C:\Users\kundu\OneDrive\Desktop\KMU-FED-2\data\processed\01_SA_mr\01_SA_mr_001.jpg,C:\Users\kundu\OneDrive\Desktop\KMU-FED-2\data\processed\06_SA_dy\06_SA_dy_088.jpg,Sadness,Sadness,1,6,1,cross_subject_pos
C:\Users\kundu\OneDrive\Desktop\KMU-FED-2\data\processed\03_FE_s02\03_FE_s02_041.jpg,C:\Users\kundu\OneDrive\Desktop\KMU-FED-2\data\processed\09_FE_sj\09_FE_sj_158.jpg,Fear,Fear,3,9,1,cross_subject_pos
C:\Users\kundu\OneDrive\Desktop\KMU-FED-2\data\processed\12_DI_gu\12_DI_gu_121.jpg,C:\Users\kundu\OneDrive\Desktop\KMU-FED-2\data\processed\07_SA_sw\07_SA_sw_086.jpg,Disgust,Sadness,12,7,0,negative
C:\Users\kundu\OneDrive\Desktop\KMU-FED-2\data\processed\10_HA_ko\10_HA_ko_176.jpg,C:\Users\kundu\OneDrive\Desktop\KMU-FED-2\data\processed\05_DI_uj\05_DI_uj_039.jpg,Happiness,Disgust,10,5,0,negative
C:\Users\kundu\OneDrive\Desktop\KMU-FED-2\data\processed\03_FE_s02\03_FE_s02_042.jpg,C:\Users\kundu\OneDrive\Desktop\KMU-FED-2\data\processed\01_HA_mr\01_HA_mr_002.jpg,Fear,Happiness,3,1,0,negative
C:\Users\kundu\OneDrive\Desktop\KMU-FED-2\data\processed\01_SU_mr\01_SU_mr_008.jpg,C:\Users\kundu\OneDrive\Desktop\KMU-FED-2\data\processed\05_SA_uj\05_SA_uj_055.jpg,Surprise,Sadness,1,5,0,negative
C:\Users\kundu\OneDrive\Desktop\KMU-FED-2\data\processed\12_AN_gu\12_AN_gu_173.jpg,C:\Users\kundu\OneDrive\Desktop\KMU-FED-2\data\processed\06_FE_dy\06_FE_dy_115.jpg,Anger,Fear,12,6,0,negative
C:\Users\kundu\OneDrive\Desktop\KMU-FED-2\data\processed\03_HA_s02\03_HA_s02_036.jpg,C:\Users\kundu\OneDrive\Desktop\KMU-FED-2\data\processed\07_SA_sw\07_SA_sw_077.jpg,Happiness,Sadness,3,7,0,negative
C:\Users\kundu\OneDrive\Desktop\KMU-FED-2\data\processed\07_FE_sw\07_FE_sw_139.jpg,C:\Users\kundu\OneDrive\Desktop\KMU-FED-2\data\processed\10_SU_ko\10_SU_ko_119.jpg,Fear,Surprise,7,10,0,negative
C:\Users\kundu\OneDrive\Desktop\KMU-FED-2\data\processed\09_FE_sj\09_FE_sj_160.jpg,C:\Users\kundu\OneDrive\Desktop\KMU-FED-2\data\processed\06_FE_dy\06_FE_dy_107.jpg,Fear,Fear,9,6,1,cross_subject_pos
C:\Users\kundu\OneDrive\Desktop\KMU-FED-2\data\processed\01_HA_mr\01_HA_mr_014.jpg,C:\Users\kundu\OneDrive\Desktop\KMU-FED-2\data\processed\01_SA_mr\01_SA_mr_007.jpg,Happiness,Sadness,1,1,0,negative
C:\Users\kundu\OneDrive\Desktop\KMU-FED-2\data\processed\01_SA_mr\01_SA_mr_004.jpg,C:\Users\kundu\OneDrive\Desktop\KMU-FED-2\data\processed\07_SA_sw\07_SA_sw_083.jpg,Sadness,Sadness,1,7,1,cross_subject_pos
C:\Users\kundu\OneDrive\Desktop\KMU-FED-2\data\processed\07_SU_sw\07_SU_sw_096.jpg,C:\Users\kundu\OneDrive\Desktop\KMU-FED-2\data\processed\12_AN_gu\12_AN_gu_174.jpg,Surprise,Anger,7,12,0,negative
C:\Users\kundu\OneDrive\Desktop\KMU-FED-2\data\processed\09_HA_sj\09_HA_sj_163.jpg,C:\Users\kundu\OneDrive\Desktop\KMU-FED-2\data\processed\01_DI_mr\01_DI_mr_019.jpg,Happiness,Disgust,9,1,0,negative
C:\Users\kundu\OneDrive\Desktop\KMU-FED-2\data\processed\05_FE_uj\05_FE_uj_089.jpg,C:\Users\kundu\OneDrive\Desktop\KMU-FED-2\data\processed\07_HA_sw\07_HA_sw_119.jpg,Fear,Happiness,5,7,0,negative
C:\Users\kundu\OneDrive\Desktop\KMU-FED-2\data\processed\01_DI_mr\01_DI_mr_020.jpg,C:\Users\kundu\OneDrive\Desktop\KMU-FED-2\data\processed\12_AN_gu\12_AN_gu_172.jpg,Disgust,Anger,1,12,0,negative
C:\Users\kundu\OneDrive\Desktop\KMU-FED-2\data\processed\05_DI_uj\05_DI_uj_034.jpg,C:\Users\kundu\OneDrive\Desktop\KMU-FED-2\data\processed\06_DI_dy\06_DI_dy_061.jpg,Disgust,Disgust,5,6,1,cross_subject_pos
C:\Users\kundu\OneDrive\Desktop\KMU-FED-2\data\processed\01_FE_mr\01_FE_mr_015.jpg,C:\Users\kundu\OneDrive\Desktop\KMU-FED-2\data\processed\03_FE_s02\03_FE_s02_044.jpg,Fear,Fear,1,3,1,cross_subject_pos
C:\Users\kundu\OneDrive\Desktop\KMU-FED-2\data\processed\03_AN_s02\03_AN_s02_033.jpg,C:\Users\kundu\OneDrive\Desktop\KMU-FED-2\data\processed\09_AN_sj\09_AN_sj_121.jpg,Anger,Anger,3,9,1,cross_subject_pos
C:\Users\kundu\OneDrive\Desktop\KMU-FED-2\data\processed\03_SA_s02\03_SA_s02_036.jpg,C:\Users\kundu\OneDrive\Desktop\KMU-FED-2\data\processed\07_SA_sw\07_SA_sw_089.jpg,Sadness,Sadness,3,7,1,cross_subject_pos
C:\Users\kundu\OneDrive\Desktop\KMU-FED-2\data\processed\05_AN_uj\05_AN_uj_047.jpg,C:\Users\kundu\OneDrive\Desktop\KMU-FED-2\data\processed\07_FE_sw\07_FE_sw_137.jpg,Anger,Fear,5,7,0,negative
C:\Users\kundu\OneDrive\Desktop\KMU-FED-2\data\processed\03_SU_s02\03_SU_s02_055.jpg,C:\Users\kundu\OneDrive\Desktop\KMU-FED-2\data\processed\06_HA_dy\06_HA_dy_101.jpg,Surprise,Happiness,3,6,0,negative
C:\Users\kundu\OneDrive\Desktop\KMU-FED-2\data\processed\03_SU_s02\03_SU_s02_058.jpg,C:\Users\kundu\OneDrive\Desktop\KMU-FED-2\data\processed\07_SU_sw\07_SU_sw_084.jpg,Surprise,Surprise,3,7,1,cross_subject_pos
C:\Users\kundu\OneDrive\Desktop\KMU-FED-2\data\processed\09_SU_sj\09_SU_sj_107.jpg,C:\Users\kundu\OneDrive\Desktop\KMU-FED-2\data\processed\07_SU_sw\07_SU_sw_087.jpg,Surprise,Surprise,9,7,1,cross_subject_pos
C:\Users\kundu\OneDrive\Desktop\KMU-FED-2\data\processed\03_HA_s02\03_HA_s02_049.jpg,C:\Users\kundu\OneDrive\Desktop\KMU-FED-2\data\processed\09_HA_sj\09_HA_sj_164.jpg,Happiness,Happiness,3,9,1,cross_subject_pos
C:\Users\kundu\OneDrive\Desktop\KMU-FED-2\data\processed\03_FE_s02\03_FE_s02_043.jpg,C:\Users\kundu\OneDrive\Desktop\KMU-FED-2\data\processed\01_SA_mr\01_SA_mr_011.jpg,Fear,Sadness,3,1,0,negative
C:\Users\kundu\OneDrive\Desktop\KMU-FED-2\data\processed\12_AN_gu\12_AN_gu_174.jpg,C:\Users\kundu\OneDrive\Desktop\KMU-FED-2\data\processed\12_HA_gu\12_HA_gu_187.jpg,Anger,Happiness,12,12,0,negative
C:\Users\kundu\OneDrive\Desktop\KMU-FED-2\data\processed\10_HA_ko\10_HA_ko_180.jpg,C:\Users\kundu\OneDrive\Desktop\KMU-FED-2\data\processed\05_AN_uj\05_AN_uj_051.jpg,Happiness,Anger,10,5,0,negative
C:\Users\kundu\OneDrive\Desktop\KMU-FED-2\data\processed\05_DI_uj\05_DI_uj_038.jpg,C:\Users\kundu\OneDrive\Desktop\KMU-FED-2\data\processed\12_DI_gu\12_DI_gu_122.jpg,Disgust,Disgust,5,12,1,cross_subject_pos
C:\Users\kundu\OneDrive\Desktop\KMU-FED-2\data\processed\07_FE_sw\07_FE_sw_131.jpg,C:\Users\kundu\OneDrive\Desktop\KMU-FED-2\data\processed\05_FE_uj\05_FE_uj_098.jpg,Fear,Fear,7,5,1,cross_subject_pos
C:\Users\kundu\OneDrive\Desktop\KMU-FED-2\data\processed\03_FE_s02\03_FE_s02_044.jpg,C:\Users\kundu\OneDrive\Desktop\KMU-FED-2\data\processed\01_FE_mr\01_FE_mr_004.jpg,Fear,Fear,3,1,1,cross_subject_pos
C:\Users\kundu\OneDrive\Desktop\KMU-FED-2\data\processed\12_SA_gu\12_SA_gu_155.jpg,C:\Users\kundu\OneDrive\Desktop\KMU-FED-2\data\processed\06_FE_dy\06_FE_dy_103.jpg,Sadness,Fear,12,6,0,negative
C:\Users\kundu\OneDrive\Desktop\KMU-FED-2\data\processed\01_HA_mr\01_HA_mr_018.jpg,C:\Users\kundu\OneDrive\Desktop\KMU-FED-2\data\processed\10_HA_ko\10_HA_ko_178.jpg,Happiness,Happiness,1,10,1,cross_subject_pos
C:\Users\kundu\OneDrive\Desktop\KMU-FED-2\data\processed\07_AN_sw\07_AN_sw_087.jpg,C:\Users\kundu\OneDrive\Desktop\KMU-FED-2\data\processed\06_FE_dy\06_FE_dy_105.jpg,Anger,Fear,7,6,0,negative
C:\Users\kundu\OneDrive\Desktop\KMU-FED-2\data\processed\06_DI_dy\06_DI_dy_059.jpg,C:\Users\kundu\OneDrive\Desktop\KMU-FED-2\data\processed\10_DI_ko\10_DI_ko_097.jpg,Disgust,Disgust,6,10,1,cross_subject_pos
C:\Users\kundu\OneDrive\Desktop\KMU-FED-2\data\processed\10_SU_ko\10_SU_ko_126.jpg,C:\Users\kundu\OneDrive\Desktop\KMU-FED-2\data\processed\06_SU_dy\06_SU_dy_100.jpg,Surprise,Surprise,10,6,1,cross_subject_pos
C:\Users\kundu\OneDrive\Desktop\KMU-FED-2\data\processed\06_FE_dy\06_FE_dy_119.jpg,C:\Users\kundu\OneDrive\Desktop\KMU-FED-2\data\processed\12_HA_gu\12_HA_gu_188.jpg,Fear,Happiness,6,12,0,negative
C:\Users\kundu\OneDrive\Desktop\KMU-FED-2\data\processed\10_SU_ko\10_SU_ko_127.jpg,C:\Users\kundu\OneDrive\Desktop\KMU-FED-2\data\processed\07_SU_sw\07_SU_sw_082.jpg,Surprise,Surprise,10,7,1,cross_subject_pos
C:\Users\kundu\OneDrive\Desktop\KMU-FED-2\data\processed\09_AN_sj\09_AN_sj_125.jpg,C:\Users\kundu\OneDrive\Desktop\KMU-FED-2\data\processed\10_AN_ko\10_AN_ko_142.jpg,Anger,Anger,9,10,1,cross_subject_pos
C:\Users\kundu\OneDrive\Desktop\KMU-FED-2\data\processed\07_SA_sw\07_SA_sw_086.jpg,C:\Users\kundu\OneDrive\Desktop\KMU-FED-2\data\processed\07_HA_sw\07_HA_sw_120.jpg,Sadness,Happiness,7,7,0,negative
C:\Users\kundu\OneDrive\Desktop\KMU-FED-2\data\processed\06_DI_dy\06_DI_dy_062.jpg,C:\Users\kundu\OneDrive\Desktop\KMU-FED-2\data\processed\12_DI_gu\12_DI_gu_122.jpg,Disgust,Disgust,6,12,1,cross_subject_pos
C:\Users\kundu\OneDrive\Desktop\KMU-FED-2\data\processed\01_SU_mr\01_SU_mr_006.jpg,C:\Users\kundu\OneDrive\Desktop\KMU-FED-2\data\processed\05_AN_uj\05_AN_uj_053.jpg,Surprise,Anger,1,5,0,negative
C:\Users\kundu\OneDrive\Desktop\KMU-FED-2\data\processed\07_HA_sw\07_HA_sw_123.jpg,C:\Users\kundu\OneDrive\Desktop\KMU-FED-2\data\processed\09_SA_sj\09_SA_sj_117.jpg,Happiness,Sadness,7,9,0,negative
C:\Users\kundu\OneDrive\Desktop\KMU-FED-2\data\processed\06_HA_dy\06_HA_dy_102.jpg,C:\Users\kundu\OneDrive\Desktop\KMU-FED-2\data\processed\03_SU_s02\03_SU_s02_056.jpg,Happiness,Surprise,6,3,0,negative
C:\Users\kundu\OneDrive\Desktop\KMU-FED-2\data\processed\10_AN_ko\10_AN_ko_146.jpg,C:\Users\kundu\OneDrive\Desktop\KMU-FED-2\data\processed\07_FE_sw\07_FE_sw_122.jpg,Anger,Fear,10,7,0,negative
C:\Users\kundu\OneDrive\Desktop\KMU-FED-2\data\processed\06_DI_dy\06_DI_dy_060.jpg,C:\Users\kundu\OneDrive\Desktop\KMU-FED-2\data\processed\05_DI_uj\05_DI_uj_039.jpg,Disgust,Disgust,6,5,1,cross_subject_pos
C:\Users\kundu\OneDrive\Desktop\KMU-FED-2\data\processed\03_HA_s02\03_HA_s02_040.jpg,C:\Users\kundu\OneDrive\Desktop\KMU-FED-2\data\processed\01_HA_mr\01_HA_mr_017.jpg,Happiness,Happiness,3,1,1,cross_subject_pos
C:\Users\kundu\OneDrive\Desktop\KMU-FED-2\data\processed\09_HA_sj\09_HA_sj_163.jpg,C:\Users\kundu\OneDrive\Desktop\KMU-FED-2\data\processed\07_HA_sw\07_HA_sw_125.jpg,Happiness,Happiness,9,7,1,cross_subject_pos
C:\Users\kundu\OneDrive\Desktop\KMU-FED-2\data\processed\05_DI_uj\05_DI_uj_033.jpg,C:\Users\kundu\OneDrive\Desktop\KMU-FED-2\data\processed\09_SA_sj\09_SA_sj_116.jpg,Disgust,Sadness,5,9,0,negative
C:\Users\kundu\OneDrive\Desktop\KMU-FED-2\data\processed\07_FE_sw\07_FE_sw_130.jpg,C:\Users\kundu\OneDrive\Desktop\KMU-FED-2\data\processed\01_FE_mr\01_FE_mr_009.jpg,Fear,Fear,7,1,1,cross_subject_pos
C:\Users\kundu\OneDrive\Desktop\KMU-FED-2\data\processed\12_DI_gu\12_DI_gu_127.jpg,C:\Users\kundu\OneDrive\Desktop\KMU-FED-2\data\processed\12_DI_gu\12_DI_gu_126.jpg,Disgust,Disgust,12,12,1,same_subject_pos
C:\Users\kundu\OneDrive\Desktop\KMU-FED-2\data\processed\06_HA_dy\06_HA_dy_110.jpg,C:\Users\kundu\OneDrive\Desktop\KMU-FED-2\data\processed\09_HA_sj\09_HA_sj_166.jpg,Happiness,Happiness,6,9,1,cross_subject_pos
C:\Users\kundu\OneDrive\Desktop\KMU-FED-2\data\processed\10_SU_ko\10_SU_ko_127.jpg,C:\Users\kundu\OneDrive\Desktop\KMU-FED-2\data\processed\01_SU_mr\01_SU_mr_020.jpg,Surprise,Surprise,10,1,1,cross_subject_pos
C:\Users\kundu\OneDrive\Desktop\KMU-FED-2\data\processed\05_AN_uj\05_AN_uj_043.jpg,C:\Users\kundu\OneDrive\Desktop\KMU-FED-2\data\processed\01_DI_mr\01_DI_mr_019.jpg,Anger,Disgust,5,1,0,negative
C:\Users\kundu\OneDrive\Desktop\KMU-FED-2\data\processed\07_AN_sw\07_AN_sw_082.jpg,C:\Users\kundu\OneDrive\Desktop\KMU-FED-2\data\processed\12_AN_gu\12_AN_gu_190.jpg,Anger,Anger,7,12,1,cross_subject_pos
C:\Users\kundu\OneDrive\Desktop\KMU-FED-2\data\processed\03_SA_s02\03_SA_s02_034.jpg,C:\Users\kundu\OneDrive\Desktop\KMU-FED-2\data\processed\03_FE_s02\03_FE_s02_041.jpg,Sadness,Fear,3,3,0,negative
C:\Users\kundu\OneDrive\Desktop\KMU-FED-2\data\processed\09_SU_sj\09_SU_sj_106.jpg,C:\Users\kundu\OneDrive\Desktop\KMU-FED-2\data\processed\05_AN_uj\05_AN_uj_050.jpg,Surprise,Anger,9,5,0,negative
C:\Users\kundu\OneDrive\Desktop\KMU-FED-2\data\processed\03_HA_s02\03_HA_s02_043.jpg,C:\Users\kundu\OneDrive\Desktop\KMU-FED-2\data\processed\06_HA_dy\06_HA_dy_105.jpg,Happiness,Happiness,3,6,1,cross_subject_pos
C:\Users\kundu\OneDrive\Desktop\KMU-FED-2\data\processed\09_FE_sj\09_FE_sj_160.jpg,C:\Users\kundu\OneDrive\Desktop\KMU-FED-2\data\processed\07_FE_sw\07_FE_sw_131.jpg,Fear,Fear,9,7,1,cross_subject_pos
C:\Users\kundu\OneDrive\Desktop\KMU-FED-2\data\processed\12_DI_gu\12_DI_gu_124.jpg,C:\Users\kundu\OneDrive\Desktop\KMU-FED-2\data\processed\06_SU_dy\06_SU_dy_098.jpg,Disgust,Surprise,12,6,0,negative
C:\Users\kundu\OneDrive\Desktop\KMU-FED-2\data\processed\10_HA_ko\10_HA_ko_172.jpg,C:\Users\kundu\OneDrive\Desktop\KMU-FED-2\data\processed\07_HA_sw\07_HA_sw_115.jpg,Happiness,Happiness,10,7,1,cross_subject_pos
C:\Users\kundu\OneDrive\Desktop\KMU-FED-2\data\processed\06_FE_dy\06_FE_dy_112.jpg,C:\Users\kundu\OneDrive\Desktop\KMU-FED-2\data\processed\10_SU_ko\10_SU_ko_114.jpg,Fear,Surprise,6,10,0,negative
C:\Users\kundu\OneDrive\Desktop\KMU-FED-2\data\processed\01_DI_mr\01_DI_mr_016.jpg,C:\Users\kundu\OneDrive\Desktop\KMU-FED-2\data\processed\10_DI_ko\10_DI_ko_094.jpg,Disgust,Disgust,1,10,1,cross_subject_pos
C:\Users\kundu\OneDrive\Desktop\KMU-FED-2\data\processed\03_HA_s02\03_HA_s02_047.jpg,C:\Users\kundu\OneDrive\Desktop\KMU-FED-2\data\processed\07_HA_sw\07_HA_sw_123.jpg,Happiness,Happiness,3,7,1,cross_subject_pos
C:\Users\kundu\OneDrive\Desktop\KMU-FED-2\data\processed\07_FE_sw\07_FE_sw_130.jpg,C:\Users\kundu\OneDrive\Desktop\KMU-FED-2\data\processed\06_DI_dy\06_DI_dy_063.jpg,Fear,Disgust,7,6,0,negative
C:\Users\kundu\OneDrive\Desktop\KMU-FED-2\data\processed\01_HA_mr\01_HA_mr_009.jpg,C:\Users\kundu\OneDrive\Desktop\KMU-FED-2\data\processed\05_AN_uj\05_AN_uj_056.jpg,Happiness,Anger,1,5,0,negative
C:\Users\kundu\OneDrive\Desktop\KMU-FED-2\data\processed\01_FE_mr\01_FE_mr_009.jpg,C:\Users\kundu\OneDrive\Desktop\KMU-FED-2\data\processed\03_HA_s02\03_HA_s02_038.jpg,Fear,Happiness,1,3,0,negative
C:\Users\kundu\OneDrive\Desktop\KMU-FED-2\data\processed\03_SA_s02\03_SA_s02_023.jpg,C:\Users\kundu\OneDrive\Desktop\KMU-FED-2\data\processed\09_SA_sj\09_SA_sj_118.jpg,Sadness,Sadness,3,9,1,cross_subject_pos
C:\Users\kundu\OneDrive\Desktop\KMU-FED-2\data\processed\12_DI_gu\12_DI_gu_130.jpg,C:\Users\kundu\OneDrive\Desktop\KMU-FED-2\data\processed\12_HA_gu\12_HA_gu_178.jpg,Disgust,Happiness,12,12,0,negative
C:\Users\kundu\OneDrive\Desktop\KMU-FED-2\data\processed\03_HA_s02\03_HA_s02_032.jpg,C:\Users\kundu\OneDrive\Desktop\KMU-FED-2\data\processed\03_SA_s02\03_SA_s02_027.jpg,Happiness,Sadness,3,3,0,negative
C:\Users\kundu\OneDrive\Desktop\KMU-FED-2\data\processed\05_FE_uj\05_FE_uj_090.jpg,C:\Users\kundu\OneDrive\Desktop\KMU-FED-2\data\processed\10_HA_ko\10_HA_ko_174.jpg,Fear,Happiness,5,10,0,negative
C:\Users\kundu\OneDrive\Desktop\KMU-FED-2\data\processed\10_HA_ko\10_HA_ko_172.jpg,C:\Users\kundu\OneDrive\Desktop\KMU-FED-2\data\processed\09_AN_sj\09_AN_sj_122.jpg,Happiness,Anger,10,9,0,negative
C:\Users\kundu\OneDrive\Desktop\KMU-FED-2\data\processed\01_FE_mr\01_FE_mr_017.jpg,C:\Users\kundu\OneDrive\Desktop\KMU-FED-2\data\processed\06_SA_dy\06_SA_dy_089.jpg,Fear,Sadness,1,6,0,negative
C:\Users\kundu\OneDrive\Desktop\KMU-FED-2\data\processed\12_AN_gu\12_AN_gu_181.jpg,C:\Users\kundu\OneDrive\Desktop\KMU-FED-2\data\processed\03_AN_s02\03_AN_s02_040.jpg,Anger,Anger,12,3,1,cross_subject_pos
C:\Users\kundu\OneDrive\Desktop\KMU-FED-2\data\processed\03_HA_s02\03_HA_s02_040.jpg,C:\Users\kundu\OneDrive\Desktop\KMU-FED-2\data\processed\01_SA_mr\01_SA_mr_019.jpg,Happiness,Sadness,3,1,0,negative
C:\Users\kundu\OneDrive\Desktop\KMU-FED-2\data\processed\05_SA_uj\05_SA_uj_068.jpg,C:\Users\kundu\OneDrive\Desktop\KMU-FED-2\data\processed\05_SA_uj\05_SA_uj_052.jpg,Sadness,Sadness,5,5,1,same_subject_pos
C:\Users\kundu\OneDrive\Desktop\KMU-FED-2\data\processed\05_SA_uj\05_SA_uj_061.jpg,C:\Users\kundu\OneDrive\Desktop\KMU-FED-2\data\processed\12_SA_gu\12_SA_gu_158.jpg,Sadness,Sadness,5,12,1,cross_subject_pos
C:\Users\kundu\OneDrive\Desktop\KMU-FED-2\data\processed\01_SA_mr\01_SA_mr_015.jpg,C:\Users\kundu\OneDrive\Desktop\KMU-FED-2\data\processed\07_SA_sw\07_SA_sw_081.jpg,Sadness,Sadness,1,7,1,cross_subject_pos
C:\Users\kundu\OneDrive\Desktop\KMU-FED-2\data\processed\07_HA_sw\07_HA_sw_123.jpg,C:\Users\kundu\OneDrive\Desktop\KMU-FED-2\data\processed\12_HA_gu\12_HA_gu_179.jpg,Happiness,Happiness,7,12,1,cross_subject_pos
C:\Users\kundu\OneDrive\Desktop\KMU-FED-2\data\processed\03_FE_s02\03_FE_s02_046.jpg,C:\Users\kundu\OneDrive\Desktop\KMU-FED-2\data\processed\07_FE_sw\07_FE_sw_122.jpg,Fear,Fear,3,7,1,cross_subject_pos
C:\Users\kundu\OneDrive\Desktop\KMU-FED-2\data\processed\12_DI_gu\12_DI_gu_127.jpg,C:\Users\kundu\OneDrive\Desktop\KMU-FED-2\data\processed\05_AN_uj\05_AN_uj_042.jpg,Disgust,Anger,12,5,0,negative
C:\Users\kundu\OneDrive\Desktop\KMU-FED-2\data\processed\05_AN_uj\05_AN_uj_058.jpg,C:\Users\kundu\OneDrive\Desktop\KMU-FED-2\data\processed\07_SU_sw\07_SU_sw_091.jpg,Anger,Surprise,5,7,0,negative
C:\Users\kundu\OneDrive\Desktop\KMU-FED-2\data\processed\05_DI_uj\05_DI_uj_036.jpg,C:\Users\kundu\OneDrive\Desktop\KMU-FED-2\data\processed\10_DI_ko\10_DI_ko_092.jpg,Disgust,Disgust,5,10,1,cross_subject_pos
C:\Users\kundu\OneDrive\Desktop\KMU-FED-2\data\processed\01_DI_mr\01_DI_mr_005.jpg,C:\Users\kundu\OneDrive\Desktop\KMU-FED-2\data\processed\06_DI_dy\06_DI_dy_057.jpg,Disgust,Disgust,1,6,1,cross_subject_pos
C:\Users\kundu\OneDrive\Desktop\KMU-FED-2\data\processed\09_AN_sj\09_AN_sj_122.jpg,C:\Users\kundu\OneDrive\Desktop\KMU-FED-2\data\processed\03_HA_s02\03_HA_s02_050.jpg,Anger,Happiness,9,3,0,negative
C:\Users\kundu\OneDrive\Desktop\KMU-FED-2\data\processed\03_SA_s02\03_SA_s02_026.jpg,C:\Users\kundu\OneDrive\Desktop\KMU-FED-2\data\processed\01_AN_mr\01_AN_mr_004.jpg,Sadness,Anger,3,1,0,negative
C:\Users\kundu\OneDrive\Desktop\KMU-FED-2\data\processed\12_SA_gu\12_SA_gu_162.jpg,C:\Users\kundu\OneDrive\Desktop\KMU-FED-2\data\processed\12_DI_gu\12_DI_gu_125.jpg,Sadness,Disgust,12,12,0,negative
C:\Users\kundu\OneDrive\Desktop\KMU-FED-2\data\processed\12_HA_gu\12_HA_gu_190.jpg,C:\Users\kundu\OneDrive\Desktop\KMU-FED-2\data\processed\06_DI_dy\06_DI_dy_067.jpg,Happiness,Disgust,12,6,0,negative
C:\Users\kundu\OneDrive\Desktop\KMU-FED-2\data\processed\01_FE_mr\01_FE_mr_011.jpg,C:\Users\kundu\OneDrive\Desktop\KMU-FED-2\data\processed\05_FE_uj\05_FE_uj_091.jpg,Fear,Fear,1,5,1,cross_subject_pos
C:\Users\kundu\OneDrive\Desktop\KMU-FED-2\data\processed\05_AN_uj\05_AN_uj_049.jpg,C:\Users\kundu\OneDrive\Desktop\KMU-FED-2\data\processed\03_FE_s02\03_FE_s02_041.jpg,Anger,Fear,5,3,0,negative
C:\Users\kundu\OneDrive\Desktop\KMU-FED-2\data\processed\03_SU_s02\03_SU_s02_056.jpg,C:\Users\kundu\OneDrive\Desktop\KMU-FED-2\data\processed\12_HA_gu\12_HA_gu_182.jpg,Surprise,Happiness,3,12,0,negative
C:\Users\kundu\OneDrive\Desktop\KMU-FED-2\data\processed\10_AN_ko\10_AN_ko_146.jpg,C:\Users\kundu\OneDrive\Desktop\KMU-FED-2\data\processed\05_AN_uj\05_AN_uj_055.jpg,Anger,Anger,10,5,1,cross_subject_pos
C:\Users\kundu\OneDrive\Desktop\KMU-FED-2\data\processed\09_FE_sj\09_FE_sj_159.jpg,C:\Users\kundu\OneDrive\Desktop\KMU-FED-2\data\processed\05_FE_uj\05_FE_uj_099.jpg,Fear,Fear,9,5,1,cross_subject_pos
C:\Users\kundu\OneDrive\Desktop\KMU-FED-2\data\processed\01_HA_mr\01_HA_mr_009.jpg,C:\Users\kundu\OneDrive\Desktop\KMU-FED-2\data\processed\07_HA_sw\07_HA_sw_112.jpg,Happiness,Happiness,1,7,1,cross_subject_pos
C:\Users\kundu\OneDrive\Desktop\KMU-FED-2\data\processed\01_DI_mr\01_DI_mr_003.jpg,C:\Users\kundu\OneDrive\Desktop\KMU-FED-2\data\processed\09_AN_sj\09_AN_sj_138.jpg,Disgust,Anger,1,9,0,negative
C:\Users\kundu\OneDrive\Desktop\KMU-FED-2\data\processed\10_HA_ko\10_HA_ko_179.jpg,C:\Users\kundu\OneDrive\Desktop\KMU-FED-2\data\processed\07_HA_sw\07_HA_sw_113.jpg,Happiness,Happiness,10,7,1,cross_subject_pos
C:\Users\kundu\OneDrive\Desktop\KMU-FED-2\data\processed\09_HA_sj\09_HA_sj_153.jpg,C:\Users\kundu\OneDrive\Desktop\KMU-FED-2\data\processed\10_HA_ko\10_HA_ko_186.jpg,Happiness,Happiness,9,10,1,cross_subject_pos
C:\Users\kundu\OneDrive\Desktop\KMU-FED-2\data\processed\09_SU_sj\09_SU_sj_107.jpg,C:\Users\kundu\OneDrive\Desktop\KMU-FED-2\data\processed\10_HA_ko\10_HA_ko_174.jpg,Surprise,Happiness,9,10,0,negative
C:\Users\kundu\OneDrive\Desktop\KMU-FED-2\data\processed\07_AN_sw\07_AN_sw_081.jpg,C:\Users\kundu\OneDrive\Desktop\KMU-FED-2\data\processed\01_DI_mr\01_DI_mr_015.jpg,Anger,Disgust,7,1,0,negative
C:\Users\kundu\OneDrive\Desktop\KMU-FED-2\data\processed\05_FE_uj\05_FE_uj_098.jpg,C:\Users\kundu\OneDrive\Desktop\KMU-FED-2\data\processed\03_FE_s02\03_FE_s02_052.jpg,Fear,Fear,5,3,1,cross_subject_pos
C:\Users\kundu\OneDrive\Desktop\KMU-FED-2\data\processed\03_FE_s02\03_FE_s02_042.jpg,C:\Users\kundu\OneDrive\Desktop\KMU-FED-2\data\processed\06_FE_dy\06_FE_dy_118.jpg,Fear,Fear,3,6,1,cross_subject_pos
C:\Users\kundu\OneDrive\Desktop\KMU-FED-2\data\processed\09_SU_sj\09_SU_sj_101.jpg,C:\Users\kundu\OneDrive\Desktop\KMU-FED-2\data\processed\01_FE_mr\01_FE_mr_005.jpg,Surprise,Fear,9,1,0,negative
C:\Users\kundu\OneDrive\Desktop\KMU-FED-2\data\processed\05_DI_uj\05_DI_uj_039.jpg,C:\Users\kundu\OneDrive\Desktop\KMU-FED-2\data\processed\03_AN_s02\03_AN_s02_035.jpg,Disgust,Anger,5,3,0,negative
C:\Users\kundu\OneDrive\Desktop\KMU-FED-2\data\processed\07_AN_sw\07_AN_sw_082.jpg,C:\Users\kundu\OneDrive\Desktop\KMU-FED-2\data\processed\07_AN_sw\07_AN_sw_100.jpg,Anger,Anger,7,7,1,same_subject_pos
C:\Users\kundu\OneDrive\Desktop\KMU-FED-2\data\processed\06_FE_dy\06_FE_dy_118.jpg,C:\Users\kundu\OneDrive\Desktop\KMU-FED-2\data\processed\01_FE_mr\01_FE_mr_019.jpg,Fear,Fear,6,1,1,cross_subject_pos
C:\Users\kundu\OneDrive\Desktop\KMU-FED-2\data\processed\01_FE_mr\01_FE_mr_007.jpg,C:\Users\kundu\OneDrive\Desktop\KMU-FED-2\data\processed\03_AN_s02\03_AN_s02_038.jpg,Fear,Anger,1,3,0,negative
C:\Users\kundu\OneDrive\Desktop\KMU-FED-2\data\processed\10_AN_ko\10_AN_ko_147.jpg,C:\Users\kundu\OneDrive\Desktop\KMU-FED-2\data\processed\12_HA_gu\12_HA_gu_171.jpg,Anger,Happiness,10,12,0,negative
C:\Users\kundu\OneDrive\Desktop\KMU-FED-2\data\processed\06_DI_dy\06_DI_dy_057.jpg,C:\Users\kundu\OneDrive\Desktop\KMU-FED-2\data\processed\06_FE_dy\06_FE_dy_101.jpg,Disgust,Fear,6,6,0,negative
C:\Users\kundu\OneDrive\Desktop\KMU-FED-2\data\processed\03_SU_s02\03_SU_s02_052.jpg,C:\Users\kundu\OneDrive\Desktop\KMU-FED-2\data\processed\06_DI_dy\06_DI_dy_062.jpg,Surprise,Disgust,3,6,0,negative
C:\Users\kundu\OneDrive\Desktop\KMU-FED-2\data\processed\03_HA_s02\03_HA_s02_037.jpg,C:\Users\kundu\OneDrive\Desktop\KMU-FED-2\data\processed\01_AN_mr\01_AN_mr_014.jpg,Happiness,Anger,3,1,0,negative
C:\Users\kundu\OneDrive\Desktop\KMU-FED-2\data\processed\09_SA_sj\09_SA_sj_114.jpg,C:\Users\kundu\OneDrive\Desktop\KMU-FED-2\data\processed\03_SA_s02\03_SA_s02_027.jpg,Sadness,Sadness,9,3,1,cross_subject_pos
C:\Users\kundu\OneDrive\Desktop\KMU-FED-2\data\processed\03_HA_s02\03_HA_s02_048.jpg,C:\Users\kundu\OneDrive\Desktop\KMU-FED-2\data\processed\05_AN_uj\05_AN_uj_042.jpg,Happiness,Anger,3,5,0,negative
C:\Users\kundu\OneDrive\Desktop\KMU-FED-2\data\processed\01_FE_mr\01_FE_mr_013.jpg,C:\Users\kundu\OneDrive\Desktop\KMU-FED-2\data\processed\01_DI_mr\01_DI_mr_016.jpg,Fear,Disgust,1,1,0,negative
C:\Users\kundu\OneDrive\Desktop\KMU-FED-2\data\processed\06_SA_dy\06_SA_dy_072.jpg,C:\Users\kundu\OneDrive\Desktop\KMU-FED-2\data\processed\01_SA_mr\01_SA_mr_015.jpg,Sadness,Sadness,6,1,1,cross_subject_pos
C:\Users\kundu\OneDrive\Desktop\KMU-FED-2\data\processed\10_FE_ko\10_FE_ko_172.jpg,C:\Users\kundu\OneDrive\Desktop\KMU-FED-2\data\processed\01_SA_mr\01_SA_mr_014.jpg,Fear,Sadness,10,1,0,negative
C:\Users\kundu\OneDrive\Desktop\KMU-FED-2\data\processed\03_HA_s02\03_HA_s02_049.jpg,C:\Users\kundu\OneDrive\Desktop\KMU-FED-2\data\processed\03_HA_s02\03_HA_s02_048.jpg,Happiness,Happiness,3,3,1,same_subject_pos
C:\Users\kundu\OneDrive\Desktop\KMU-FED-2\data\processed\03_HA_s02\03_HA_s02_043.jpg,C:\Users\kundu\OneDrive\Desktop\KMU-FED-2\data\processed\12_AN_gu\12_AN_gu_180.jpg,Happiness,Anger,3,12,0,negative
C:\Users\kundu\OneDrive\Desktop\KMU-FED-2\data\processed\09_HA_sj\09_HA_sj_153.jpg,C:\Users\kundu\OneDrive\Desktop\KMU-FED-2\data\processed\05_DI_uj\05_DI_uj_032.jpg,Happiness,Disgust,9,5,0,negative
C:\Users\kundu\OneDrive\Desktop\KMU-FED-2\data\processed\09_FE_sj\09_FE_sj_158.jpg,C:\Users\kundu\OneDrive\Desktop\KMU-FED-2\data\processed\03_HA_s02\03_HA_s02_035.jpg,Fear,Happiness,9,3,0,negative
C:\Users\kundu\OneDrive\Desktop\KMU-FED-2\data\processed\01_AN_mr\01_AN_mr_007.jpg,C:\Users\kundu\OneDrive\Desktop\KMU-FED-2\data\processed\05_AN_uj\05_AN_uj_044.jpg,Anger,Anger,1,5,1,cross_subject_pos
C:\Users\kundu\OneDrive\Desktop\KMU-FED-2\data\processed\06_DI_dy\06_DI_dy_064.jpg,C:\Users\kundu\OneDrive\Desktop\KMU-FED-2\data\processed\12_DI_gu\12_DI_gu_123.jpg,Disgust,Disgust,6,12,1,cross_subject_pos
C:\Users\kundu\OneDrive\Desktop\KMU-FED-2\data\processed\07_SU_sw\07_SU_sw_083.jpg,C:\Users\kundu\OneDrive\Desktop\KMU-FED-2\data\processed\01_SU_mr\01_SU_mr_014.jpg,Surprise,Surprise,7,1,1,cross_subject_pos
C:\Users\kundu\OneDrive\Desktop\KMU-FED-2\data\processed\07_FE_sw\07_FE_sw_124.jpg,C:\Users\kundu\OneDrive\Desktop\KMU-FED-2\data\processed\03_FE_s02\03_FE_s02_047.jpg,Fear,Fear,7,3,1,cross_subject_pos
C:\Users\kundu\OneDrive\Desktop\KMU-FED-2\data\processed\05_SA_uj\05_SA_uj_068.jpg,C:\Users\kundu\OneDrive\Desktop\KMU-FED-2\data\processed\07_SA_sw\07_SA_sw_088.jpg,Sadness,Sadness,5,7,1,cross_subject_pos
C:\Users\kundu\OneDrive\Desktop\KMU-FED-2\data\processed\06_HA_dy\06_HA_dy_106.jpg,C:\Users\kundu\OneDrive\Desktop\KMU-FED-2\data\processed\06_FE_dy\06_FE_dy_119.jpg,Happiness,Fear,6,6,0,negative
C:\Users\kundu\OneDrive\Desktop\KMU-FED-2\data\processed\01_AN_mr\01_AN_mr_012.jpg,C:\Users\kundu\OneDrive\Desktop\KMU-FED-2\data\processed\09_AN_sj\09_AN_sj_139.jpg,Anger,Anger,1,9,1,cross_subject_pos
C:\Users\kundu\OneDrive\Desktop\KMU-FED-2\data\processed\07_SA_sw\07_SA_sw_073.jpg,C:\Users\kundu\OneDrive\Desktop\KMU-FED-2\data\processed\01_SA_mr\01_SA_mr_005.jpg,Sadness,Sadness,7,1,1,cross_subject_pos
C:\Users\kundu\OneDrive\Desktop\KMU-FED-2\data\processed\07_FE_sw\07_FE_sw_139.jpg,C:\Users\kundu\OneDrive\Desktop\KMU-FED-2\data\processed\07_FE_sw\07_FE_sw_123.jpg,Fear,Fear,7,7,1,same_subject_pos
C:\Users\kundu\OneDrive\Desktop\KMU-FED-2\data\processed\01_SA_mr\01_SA_mr_001.jpg,C:\Users\kundu\OneDrive\Desktop\KMU-FED-2\data\processed\06_SA_dy\06_SA_dy_081.jpg,Sadness,Sadness,1,6,1,cross_subject_pos
C:\Users\kundu\OneDrive\Desktop\KMU-FED-2\data\processed\07_SU_sw\07_SU_sw_089.jpg,C:\Users\kundu\OneDrive\Desktop\KMU-FED-2\data\processed\05_SA_uj\05_SA_uj_051.jpg,Surprise,Sadness,7,5,0,negative
C:\Users\kundu\OneDrive\Desktop\KMU-FED-2\data\processed\07_AN_sw\07_AN_sw_085.jpg,C:\Users\kundu\OneDrive\Desktop\KMU-FED-2\data\processed\05_AN_uj\05_AN_uj_043.jpg,Anger,Anger,7,5,1,cross_subject_pos
C:\Users\kundu\OneDrive\Desktop\KMU-FED-2\data\processed\01_SU_mr\01_SU_mr_016.jpg,C:\Users\kundu\OneDrive\Desktop\KMU-FED-2\data\processed\07_SU_sw\07_SU_sw_092.jpg,Surprise,Surprise,1,7,1,cross_subject_pos
C:\Users\kundu\OneDrive\Desktop\KMU-FED-2\data\processed\09_HA_sj\09_HA_sj_165.jpg,C:\Users\kundu\OneDrive\Desktop\KMU-FED-2\data\processed\03_FE_s02\03_FE_s02_043.jpg,Happiness,Fear,9,3,0,negative
C:\Users\kundu\OneDrive\Desktop\KMU-FED-2\data\processed\06_FE_dy\06_FE_dy_107.jpg,C:\Users\kundu\OneDrive\Desktop\KMU-FED-2\data\processed\12_SA_gu\12_SA_gu_156.jpg,Fear,Sadness,6,12,0,negative
C:\Users\kundu\OneDrive\Desktop\KMU-FED-2\data\processed\01_SA_mr\01_SA_mr_010.jpg,C:\Users\kundu\OneDrive\Desktop\KMU-FED-2\data\processed\07_SA_sw\07_SA_sw_083.jpg,Sadness,Sadness,1,7,1,cross_subject_pos
C:\Users\kundu\OneDrive\Desktop\KMU-FED-2\data\processed\03_FE_s02\03_FE_s02_049.jpg,C:\Users\kundu\OneDrive\Desktop\KMU-FED-2\data\processed\06_DI_dy\06_DI_dy_054.jpg,Fear,Disgust,3,6,0,negative
C:\Users\kundu\OneDrive\Desktop\KMU-FED-2\data\processed\01_FE_mr\01_FE_mr_011.jpg,C:\Users\kundu\OneDrive\Desktop\KMU-FED-2\data\processed\07_FE_sw\07_FE_sw_138.jpg,Fear,Fear,1,7,1,cross_subject_pos
C:\Users\kundu\OneDrive\Desktop\KMU-FED-2\data\processed\10_SU_ko\10_SU_ko_117.jpg,C:\Users\kundu\OneDrive\Desktop\KMU-FED-2\data\processed\07_SU_sw\07_SU_sw_094.jpg,Surprise,Surprise,10,7,1,cross_subject_pos
C:\Users\kundu\OneDrive\Desktop\KMU-FED-2\data\processed\01_SU_mr\01_SU_mr_020.jpg,C:\Users\kundu\OneDrive\Desktop\KMU-FED-2\data\processed\09_SU_sj\09_SU_sj_101.jpg,Surprise,Surprise,1,9,1,cross_subject_pos
C:\Users\kundu\OneDrive\Desktop\KMU-FED-2\data\processed\10_HA_ko\10_HA_ko_184.jpg,C:\Users\kundu\OneDrive\Desktop\KMU-FED-2\data\processed\10_HA_ko\10_HA_ko_182.jpg,Happiness,Happiness,10,10,1,same_subject_pos
C:\Users\kundu\OneDrive\Desktop\KMU-FED-2\data\processed\10_DI_ko\10_DI_ko_092.jpg,C:\Users\kundu\OneDrive\Desktop\KMU-FED-2\data\processed\07_SA_sw\07_SA_sw_081.jpg,Disgust,Sadness,10,7,0,negative
C:\Users\kundu\OneDrive\Desktop\KMU-FED-2\data\processed\03_SA_s02\03_SA_s02_021.jpg,C:\Users\kundu\OneDrive\Desktop\KMU-FED-2\data\processed\01_HA_mr\01_HA_mr_015.jpg,Sadness,Happiness,3,1,0,negative
C:\Users\kundu\OneDrive\Desktop\KMU-FED-2\data\processed\12_AN_gu\12_AN_gu_180.jpg,C:\Users\kundu\OneDrive\Desktop\KMU-FED-2\data\processed\07_AN_sw\07_AN_sw_098.jpg,Anger,Anger,12,7,1,cross_subject_pos
C:\Users\kundu\OneDrive\Desktop\KMU-FED-2\data\processed\03_FE_s02\03_FE_s02_060.jpg,C:\Users\kundu\OneDrive\Desktop\KMU-FED-2\data\processed\10_HA_ko\10_HA_ko_187.jpg,Fear,Happiness,3,10,0,negative
C:\Users\kundu\OneDrive\Desktop\KMU-FED-2\data\processed\01_DI_mr\01_DI_mr_012.jpg,C:\Users\kundu\OneDrive\Desktop\KMU-FED-2\data\processed\06_DI_dy\06_DI_dy_063.jpg,Disgust,Disgust,1,6,1,cross_subject_pos
C:\Users\kundu\OneDrive\Desktop\KMU-FED-2\data\processed\01_AN_mr\01_AN_mr_015.jpg,C:\Users\kundu\OneDrive\Desktop\KMU-FED-2\data\processed\05_FE_uj\05_FE_uj_084.jpg,Anger,Fear,1,5,0,negative
C:\Users\kundu\OneDrive\Desktop\KMU-FED-2\data\processed\01_FE_mr\01_FE_mr_003.jpg,C:\Users\kundu\OneDrive\Desktop\KMU-FED-2\data\processed\05_FE_uj\05_FE_uj_084.jpg,Fear,Fear,1,5,1,cross_subject_pos
C:\Users\kundu\OneDrive\Desktop\KMU-FED-2\data\processed\10_AN_ko\10_AN_ko_143.jpg,C:\Users\kundu\OneDrive\Desktop\KMU-FED-2\data\processed\12_AN_gu\12_AN_gu_190.jpg,Anger,Anger,10,12,1,cross_subject_pos
C:\Users\kundu\OneDrive\Desktop\KMU-FED-2\data\processed\12_AN_gu\12_AN_gu_188.jpg,C:\Users\kundu\OneDrive\Desktop\KMU-FED-2\data\processed\06_AN_dy\06_AN_dy_065.jpg,Anger,Anger,12,6,1,cross_subject_pos
C:\Users\kundu\OneDrive\Desktop\KMU-FED-2\data\processed\01_SA_mr\01_SA_mr_004.jpg,C:\Users\kundu\OneDrive\Desktop\KMU-FED-2\data\processed\12_AN_gu\12_AN_gu_185.jpg,Sadness,Anger,1,12,0,negative
C:\Users\kundu\OneDrive\Desktop\KMU-FED-2\data\processed\05_SA_uj\05_SA_uj_068.jpg,C:\Users\kundu\OneDrive\Desktop\KMU-FED-2\data\processed\03_SA_s02\03_SA_s02_039.jpg,Sadness,Sadness,5,3,1,cross_subject_pos
C:\Users\kundu\OneDrive\Desktop\KMU-FED-2\data\processed\01_SA_mr\01_SA_mr_009.jpg,C:\Users\kundu\OneDrive\Desktop\KMU-FED-2\data\processed\05_SA_uj\05_SA_uj_056.jpg,Sadness,Sadness,1,5,1,cross_subject_pos
C:\Users\kundu\OneDrive\Desktop\KMU-FED-2\data\processed\12_SA_gu\12_SA_gu_160.jpg,C:\Users\kundu\OneDrive\Desktop\KMU-FED-2\data\processed\09_SU_sj\09_SU_sj_103.jpg,Sadness,Surprise,12,9,0,negative
C:\Users\kundu\OneDrive\Desktop\KMU-FED-2\data\processed\01_FE_mr\01_FE_mr_015.jpg,C:\Users\kundu\OneDrive\Desktop\KMU-FED-2\data\processed\06_HA_dy\06_HA_dy_097.jpg,Fear,Happiness,1,6,0,negative
C:\Users\kundu\OneDrive\Desktop\KMU-FED-2\data\processed\05_AN_uj\05_AN_uj_052.jpg,C:\Users\kundu\OneDrive\Desktop\KMU-FED-2\data\processed\07_AN_sw\07_AN_sw_095.jpg,Anger,Anger,5,7,1,cross_subject_pos
C:\Users\kundu\OneDrive\Desktop\KMU-FED-2\data\processed\06_AN_dy\06_AN_dy_075.jpg,C:\Users\kundu\OneDrive\Desktop\KMU-FED-2\data\processed\07_HA_sw\07_HA_sw_129.jpg,Anger,Happiness,6,7,0,negative
C:\Users\kundu\OneDrive\Desktop\KMU-FED-2\data\processed\07_FE_sw\07_FE_sw_127.jpg,C:\Users\kundu\OneDrive\Desktop\KMU-FED-2\data\processed\03_SU_s02\03_SU_s02_041.jpg,Fear,Surprise,7,3,0,negative
C:\Users\kundu\OneDrive\Desktop\KMU-FED-2\data\processed\03_HA_s02\03_HA_s02_044.jpg,C:\Users\kundu\OneDrive\Desktop\KMU-FED-2\data\processed\09_SU_sj\09_SU_sj_108.jpg,Happiness,Surprise,3,9,0,negative
C:\Users\kundu\OneDrive\Desktop\KMU-FED-2\data\processed\10_DI_ko\10_DI_ko_097.jpg,C:\Users\kundu\OneDrive\Desktop\KMU-FED-2\data\processed\10_DI_ko\10_DI_ko_099.jpg,Disgust,Disgust,10,10,1,same_subject_pos
C:\Users\kundu\OneDrive\Desktop\KMU-FED-2\data\processed\07_AN_sw\07_AN_sw_093.jpg,C:\Users\kundu\OneDrive\Desktop\KMU-FED-2\data\processed\06_HA_dy\06_HA_dy_100.jpg,Anger,Happiness,7,6,0,negative
C:\Users\kundu\OneDrive\Desktop\KMU-FED-2\data\processed\12_DI_gu\12_DI_gu_125.jpg,C:\Users\kundu\OneDrive\Desktop\KMU-FED-2\data\processed\01_FE_mr\01_FE_mr_009.jpg,Disgust,Fear,12,1,0,negative
C:\Users\kundu\OneDrive\Desktop\KMU-FED-2\data\processed\06_SA_dy\06_SA_dy_083.jpg,C:\Users\kundu\OneDrive\Desktop\KMU-FED-2\data\processed\03_SA_s02\03_SA_s02_026.jpg,Sadness,Sadness,6,3,1,cross_subject_pos
C:\Users\kundu\OneDrive\Desktop\KMU-FED-2\data\processed\10_SU_ko\10_SU_ko_118.jpg,C:\Users\kundu\OneDrive\Desktop\KMU-FED-2\data\processed\01_SU_mr\01_SU_mr_018.jpg,Surprise,Surprise,10,1,1,cross_subject_pos
C:\Users\kundu\OneDrive\Desktop\KMU-FED-2\data\processed\06_FE_dy\06_FE_dy_111.jpg,C:\Users\kundu\OneDrive\Desktop\KMU-FED-2\data\processed\01_FE_mr\01_FE_mr_017.jpg,Fear,Fear,6,1,1,cross_subject_pos
C:\Users\kundu\OneDrive\Desktop\KMU-FED-2\data\processed\12_AN_gu\12_AN_gu_178.jpg,C:\Users\kundu\OneDrive\Desktop\KMU-FED-2\data\processed\07_SU_sw\07_SU_sw_087.jpg,Anger,Surprise,12,7,0,negative
C:\Users\kundu\OneDrive\Desktop\KMU-FED-2\data\processed\05_HA_uj\05_HA_uj_087.jpg,C:\Users\kundu\OneDrive\Desktop\KMU-FED-2\data\processed\10_FE_ko\10_FE_ko_179.jpg,Happiness,Fear,5,10,0,negative
C:\Users\kundu\OneDrive\Desktop\KMU-FED-2\data\processed\06_FE_dy\06_FE_dy_106.jpg,C:\Users\kundu\OneDrive\Desktop\KMU-FED-2\data\processed\03_FE_s02\03_FE_s02_049.jpg,Fear,Fear,6,3,1,cross_subject_pos
C:\Users\kundu\OneDrive\Desktop\KMU-FED-2\data\processed\10_HA_ko\10_HA_ko_188.jpg,C:\Users\kundu\OneDrive\Desktop\KMU-FED-2\data\processed\01_FE_mr\01_FE_mr_002.jpg,Happiness,Fear,10,1,0,negative
C:\Users\kundu\OneDrive\Desktop\KMU-FED-2\data\processed\07_FE_sw\07_FE_sw_134.jpg,C:\Users\kundu\OneDrive\Desktop\KMU-FED-2\data\processed\12_HA_gu\12_HA_gu_173.jpg,Fear,Happiness,7,12,0,negative
C:\Users\kundu\OneDrive\Desktop\KMU-FED-2\data\processed\05_AN_uj\05_AN_uj_042.jpg,C:\Users\kundu\OneDrive\Desktop\KMU-FED-2\data\processed\03_HA_s02\03_HA_s02_032.jpg,Anger,Happiness,5,3,0,negative
C:\Users\kundu\OneDrive\Desktop\KMU-FED-2\data\processed\05_FE_uj\05_FE_uj_083.jpg,C:\Users\kundu\OneDrive\Desktop\KMU-FED-2\data\processed\12_SA_gu\12_SA_gu_155.jpg,Fear,Sadness,5,12,0,negative
C:\Users\kundu\OneDrive\Desktop\KMU-FED-2\data\processed\07_SU_sw\07_SU_sw_090.jpg,C:\Users\kundu\OneDrive\Desktop\KMU-FED-2\data\processed\06_SA_dy\06_SA_dy_073.jpg,Surprise,Sadness,7,6,0,negative
C:\Users\kundu\OneDrive\Desktop\KMU-FED-2\data\processed\05_SA_uj\05_SA_uj_060.jpg,C:\Users\kundu\OneDrive\Desktop\KMU-FED-2\data\processed\01_SA_mr\01_SA_mr_018.jpg,Sadness,Sadness,5,1,1,cross_subject_pos
C:\Users\kundu\OneDrive\Desktop\KMU-FED-2\data\processed\09_AN_sj\09_AN_sj_128.jpg,C:\Users\kundu\OneDrive\Desktop\KMU-FED-2\data\processed\10_FE_ko\10_FE_ko_172.jpg,Anger,Fear,9,10,0,negative
C:\Users\kundu\OneDrive\Desktop\KMU-FED-2\data\processed\03_HA_s02\03_HA_s02_036.jpg,C:\Users\kundu\OneDrive\Desktop\KMU-FED-2\data\processed\01_DI_mr\01_DI_mr_005.jpg,Happiness,Disgust,3,1,0,negative
C:\Users\kundu\OneDrive\Desktop\KMU-FED-2\data\processed\05_SU_uj\05_SU_uj_061.jpg,C:\Users\kundu\OneDrive\Desktop\KMU-FED-2\data\processed\03_SU_s02\03_SU_s02_055.jpg,Surprise,Surprise,5,3,1,cross_subject_pos
C:\Users\kundu\OneDrive\Desktop\KMU-FED-2\data\processed\06_SU_dy\06_SU_dy_083.jpg,C:\Users\kundu\OneDrive\Desktop\KMU-FED-2\data\processed\10_SU_ko\10_SU_ko_114.jpg,Surprise,Surprise,6,10,1,cross_subject_pos
C:\Users\kundu\OneDrive\Desktop\KMU-FED-2\data\processed\03_HA_s02\03_HA_s02_037.jpg,C:\Users\kundu\OneDrive\Desktop\KMU-FED-2\data\processed\01_HA_mr\01_HA_mr_004.jpg,Happiness,Happiness,3,1,1,cross_subject_pos
C:\Users\kundu\OneDrive\Desktop\KMU-FED-2\data\processed\03_FE_s02\03_FE_s02_046.jpg,C:\Users\kundu\OneDrive\Desktop\KMU-FED-2\data\processed\03_FE_s02\03_FE_s02_043.jpg,Fear,Fear,3,3,1,same_subject_pos
C:\Users\kundu\OneDrive\Desktop\KMU-FED-2\data\processed\01_SA_mr\01_SA_mr_019.jpg,C:\Users\kundu\OneDrive\Desktop\KMU-FED-2\data\processed\10_DI_ko\10_DI_ko_097.jpg,Sadness,Disgust,1,10,0,negative
C:\Users\kundu\OneDrive\Desktop\KMU-FED-2\data\processed\10_HA_ko\10_HA_ko_189.jpg,C:\Users\kundu\OneDrive\Desktop\KMU-FED-2\data\processed\03_SA_s02\03_SA_s02_035.jpg,Happiness,Sadness,10,3,0,negative
C:\Users\kundu\OneDrive\Desktop\KMU-FED-2\data\processed\05_DI_uj\05_DI_uj_033.jpg,C:\Users\kundu\OneDrive\Desktop\KMU-FED-2\data\processed\06_AN_dy\06_AN_dy_065.jpg,Disgust,Anger,5,6,0,negative
C:\Users\kundu\OneDrive\Desktop\KMU-FED-2\data\processed\03_SU_s02\03_SU_s02_044.jpg,C:\Users\kundu\OneDrive\Desktop\KMU-FED-2\data\processed\12_SA_gu\12_SA_gu_153.jpg,Surprise,Sadness,3,12,0,negative
C:\Users\kundu\OneDrive\Desktop\KMU-FED-2\data\processed\01_FE_mr\01_FE_mr_012.jpg,C:\Users\kundu\OneDrive\Desktop\KMU-FED-2\data\processed\10_HA_ko\10_HA_ko_187.jpg,Fear,Happiness,1,10,0,negative
C:\Users\kundu\OneDrive\Desktop\KMU-FED-2\data\processed\03_SU_s02\03_SU_s02_047.jpg,C:\Users\kundu\OneDrive\Desktop\KMU-FED-2\data\processed\03_SA_s02\03_SA_s02_037.jpg,Surprise,Sadness,3,3,0,negative
C:\Users\kundu\OneDrive\Desktop\KMU-FED-2\data\processed\01_DI_mr\01_DI_mr_006.jpg,C:\Users\kundu\OneDrive\Desktop\KMU-FED-2\data\processed\03_SA_s02\03_SA_s02_038.jpg,Disgust,Sadness,1,3,0,negative
C:\Users\kundu\OneDrive\Desktop\KMU-FED-2\data\processed\07_SA_sw\07_SA_sw_078.jpg,C:\Users\kundu\OneDrive\Desktop\KMU-FED-2\data\processed\09_FE_sj\09_FE_sj_154.jpg,Sadness,Fear,7,9,0,negative
C:\Users\kundu\OneDrive\Desktop\KMU-FED-2\data\processed\10_DI_ko\10_DI_ko_100.jpg,C:\Users\kundu\OneDrive\Desktop\KMU-FED-2\data\processed\06_DI_dy\06_DI_dy_069.jpg,Disgust,Disgust,10,6,1,cross_subject_pos
C:\Users\kundu\OneDrive\Desktop\KMU-FED-2\data\processed\07_SA_sw\07_SA_sw_088.jpg,C:\Users\kundu\OneDrive\Desktop\KMU-FED-2\data\processed\05_FE_uj\05_FE_uj_085.jpg,Sadness,Fear,7,5,0,negative
C:\Users\kundu\OneDrive\Desktop\KMU-FED-2\data\processed\12_HA_gu\12_HA_gu_185.jpg,C:\Users\kundu\OneDrive\Desktop\KMU-FED-2\data\processed\01_HA_mr\01_HA_mr_007.jpg,Happiness,Happiness,12,1,1,cross_subject_pos
C:\Users\kundu\OneDrive\Desktop\KMU-FED-2\data\processed\03_AN_s02\03_AN_s02_039.jpg,C:\Users\kundu\OneDrive\Desktop\KMU-FED-2\data\processed\05_AN_uj\05_AN_uj_050.jpg,Anger,Anger,3,5,1,cross_subject_pos
C:\Users\kundu\OneDrive\Desktop\KMU-FED-2\data\processed\12_SA_gu\12_SA_gu_161.jpg,C:\Users\kundu\OneDrive\Desktop\KMU-FED-2\data\processed\01_SA_mr\01_SA_mr_016.jpg,Sadness,Sadness,12,1,1,cross_subject_pos
C:\Users\kundu\OneDrive\Desktop\KMU-FED-2\data\processed\10_DI_ko\10_DI_ko_094.jpg,C:\Users\kundu\OneDrive\Desktop\KMU-FED-2\data\processed\06_HA_dy\06_HA_dy_092.jpg,Disgust,Happiness,10,6,0,negative
C:\Users\kundu\OneDrive\Desktop\KMU-FED-2\data\processed\12_SA_gu\12_SA_gu_165.jpg,C:\Users\kundu\OneDrive\Desktop\KMU-FED-2\data\processed\06_SA_dy\06_SA_dy_072.jpg,Sadness,Sadness,12,6,1,cross_subject_pos
C:\Users\kundu\OneDrive\Desktop\KMU-FED-2\data\processed\12_SA_gu\12_SA_gu_157.jpg,C:\Users\kundu\OneDrive\Desktop\KMU-FED-2\data\processed\01_SA_mr\01_SA_mr_003.jpg,Sadness,Sadness,12,1,1,cross_subject_pos
C:\Users\kundu\OneDrive\Desktop\KMU-FED-2\data\processed\05_SA_uj\05_SA_uj_054.jpg,C:\Users\kundu\OneDrive\Desktop\KMU-FED-2\data\processed\05_DI_uj\05_DI_uj_040.jpg,Sadness,Disgust,5,5,0,negative
C:\Users\kundu\OneDrive\Desktop\KMU-FED-2\data\processed\03_HA_s02\03_HA_s02_047.jpg,C:\Users\kundu\OneDrive\Desktop\KMU-FED-2\data\processed\01_SA_mr\01_SA_mr_005.jpg,Happiness,Sadness,3,1,0,negative
C:\Users\kundu\OneDrive\Desktop\KMU-FED-2\data\processed\06_DI_dy\06_DI_dy_051.jpg,C:\Users\kundu\OneDrive\Desktop\KMU-FED-2\data\processed\10_AN_ko\10_AN_ko_144.jpg,Disgust,Anger,6,10,0,negative
C:\Users\kundu\OneDrive\Desktop\KMU-FED-2\data\processed\05_FE_uj\05_FE_uj_093.jpg,C:\Users\kundu\OneDrive\Desktop\KMU-FED-2\data\processed\01_FE_mr\01_FE_mr_007.jpg,Fear,Fear,5,1,1,cross_subject_pos
C:\Users\kundu\OneDrive\Desktop\KMU-FED-2\data\processed\05_AN_uj\05_AN_uj_060.jpg,C:\Users\kundu\OneDrive\Desktop\KMU-FED-2\data\processed\07_AN_sw\07_AN_sw_091.jpg,Anger,Anger,5,7,1,cross_subject_pos
C:\Users\kundu\OneDrive\Desktop\KMU-FED-2\data\processed\07_FE_sw\07_FE_sw_137.jpg,C:\Users\kundu\OneDrive\Desktop\KMU-FED-2\data\processed\07_FE_sw\07_FE_sw_131.jpg,Fear,Fear,7,7,1,same_subject_pos
C:\Users\kundu\OneDrive\Desktop\KMU-FED-2\data\processed\03_HA_s02\03_HA_s02_038.jpg,C:\Users\kundu\OneDrive\Desktop\KMU-FED-2\data\processed\09_FE_sj\09_FE_sj_158.jpg,Happiness,Fear,3,9,0,negative
C:\Users\kundu\OneDrive\Desktop\KMU-FED-2\data\processed\05_FE_uj\05_FE_uj_097.jpg,C:\Users\kundu\OneDrive\Desktop\KMU-FED-2\data\processed\01_FE_mr\01_FE_mr_010.jpg,Fear,Fear,5,1,1,cross_subject_pos
C:\Users\kundu\OneDrive\Desktop\KMU-FED-2\data\processed\10_SU_ko\10_SU_ko_122.jpg,C:\Users\kundu\OneDrive\Desktop\KMU-FED-2\data\processed\03_SU_s02\03_SU_s02_058.jpg,Surprise,Surprise,10,3,1,cross_subject_pos
C:\Users\kundu\OneDrive\Desktop\KMU-FED-2\data\processed\10_FE_ko\10_FE_ko_172.jpg,C:\Users\kundu\OneDrive\Desktop\KMU-FED-2\data\processed\06_FE_dy\06_FE_dy_119.jpg,Fear,Fear,10,6,1,cross_subject_pos
C:\Users\kundu\OneDrive\Desktop\KMU-FED-2\data\processed\05_DI_uj\05_DI_uj_036.jpg,C:\Users\kundu\OneDrive\Desktop\KMU-FED-2\data\processed\10_AN_ko\10_AN_ko_148.jpg,Disgust,Anger,5,10,0,negative
C:\Users\kundu\OneDrive\Desktop\KMU-FED-2\data\processed\10_HA_ko\10_HA_ko_178.jpg,C:\Users\kundu\OneDrive\Desktop\KMU-FED-2\data\processed\12_HA_gu\12_HA_gu_176.jpg,Happiness,Happiness,10,12,1,cross_subject_pos
C:\Users\kundu\OneDrive\Desktop\KMU-FED-2\data\processed\12_HA_gu\12_HA_gu_184.jpg,C:\Users\kundu\OneDrive\Desktop\KMU-FED-2\data\processed\12_HA_gu\12_HA_gu_183.jpg,Happiness,Happiness,12,12,1,same_subject_pos
C:\Users\kundu\OneDrive\Desktop\KMU-FED-2\data\processed\03_SU_s02\03_SU_s02_048.jpg,C:\Users\kundu\OneDrive\Desktop\KMU-FED-2\data\processed\07_SU_sw\07_SU_sw_085.jpg,Surprise,Surprise,3,7,1,cross_subject_pos
C:\Users\kundu\OneDrive\Desktop\KMU-FED-2\data\processed\05_AN_uj\05_AN_uj_056.jpg,C:\Users\kundu\OneDrive\Desktop\KMU-FED-2\data\processed\07_AN_sw\07_AN_sw_096.jpg,Anger,Anger,5,7,1,cross_subject_pos
C:\Users\kundu\OneDrive\Desktop\KMU-FED-2\data\processed\06_SA_dy\06_SA_dy_083.jpg,C:\Users\kundu\OneDrive\Desktop\KMU-FED-2\data\processed\12_SA_gu\12_SA_gu_161.jpg,Sadness,Sadness,6,12,1,cross_subject_pos
C:\Users\kundu\OneDrive\Desktop\KMU-FED-2\data\processed\09_AN_sj\09_AN_sj_122.jpg,C:\Users\kundu\OneDrive\Desktop\KMU-FED-2\data\processed\06_AN_dy\06_AN_dy_064.jpg,Anger,Anger,9,6,1,cross_subject_pos
C:\Users\kundu\OneDrive\Desktop\KMU-FED-2\data\processed\01_SA_mr\01_SA_mr_018.jpg,C:\Users\kundu\OneDrive\Desktop\KMU-FED-2\data\processed\06_SA_dy\06_SA_dy_071.jpg,Sadness,Sadness,1,6,1,cross_subject_pos
C:\Users\kundu\OneDrive\Desktop\KMU-FED-2\data\processed\01_FE_mr\01_FE_mr_001.jpg,C:\Users\kundu\OneDrive\Desktop\KMU-FED-2\data\processed\07_FE_sw\07_FE_sw_138.jpg,Fear,Fear,1,7,1,cross_subject_pos
C:\Users\kundu\OneDrive\Desktop\KMU-FED-2\data\processed\03_SA_s02\03_SA_s02_026.jpg,C:\Users\kundu\OneDrive\Desktop\KMU-FED-2\data\processed\03_SA_s02\03_SA_s02_028.jpg,Sadness,Sadness,3,3,1,same_subject_pos
C:\Users\kundu\OneDrive\Desktop\KMU-FED-2\data\processed\05_DI_uj\05_DI_uj_036.jpg,C:\Users\kundu\OneDrive\Desktop\KMU-FED-2\data\processed\12_DI_gu\12_DI_gu_129.jpg,Disgust,Disgust,5,12,1,cross_subject_pos
C:\Users\kundu\OneDrive\Desktop\KMU-FED-2\data\processed\01_AN_mr\01_AN_mr_011.jpg,C:\Users\kundu\OneDrive\Desktop\KMU-FED-2\data\processed\10_HA_ko\10_HA_ko_186.jpg,Anger,Happiness,1,10,0,negative
C:\Users\kundu\OneDrive\Desktop\KMU-FED-2\data\processed\12_SA_gu\12_SA_gu_166.jpg,C:\Users\kundu\OneDrive\Desktop\KMU-FED-2\data\processed\03_SA_s02\03_SA_s02_039.jpg,Sadness,Sadness,12,3,1,cross_subject_pos
C:\Users\kundu\OneDrive\Desktop\KMU-FED-2\data\processed\06_DI_dy\06_DI_dy_061.jpg,C:\Users\kundu\OneDrive\Desktop\KMU-FED-2\data\processed\07_FE_sw\07_FE_sw_124.jpg,Disgust,Fear,6,7,0,negative
C:\Users\kundu\OneDrive\Desktop\KMU-FED-2\data\processed\07_AN_sw\07_AN_sw_087.jpg,C:\Users\kundu\OneDrive\Desktop\KMU-FED-2\data\processed\05_SU_uj\05_SU_uj_070.jpg,Anger,Surprise,7,5,0,negative
C:\Users\kundu\OneDrive\Desktop\KMU-FED-2\data\processed\07_FE_sw\07_FE_sw_136.jpg,C:\Users\kundu\OneDrive\Desktop\KMU-FED-2\data\processed\01_FE_mr\01_FE_mr_003.jpg,Fear,Fear,7,1,1,cross_subject_pos
C:\Users\kundu\OneDrive\Desktop\KMU-FED-2\data\processed\01_DI_mr\01_DI_mr_005.jpg,C:\Users\kundu\OneDrive\Desktop\KMU-FED-2\data\processed\07_SU_sw\07_SU_sw_096.jpg,Disgust,Surprise,1,7,0,negative
C:\Users\kundu\OneDrive\Desktop\KMU-FED-2\data\processed\06_DI_dy\06_DI_dy_063.jpg,C:\Users\kundu\OneDrive\Desktop\KMU-FED-2\data\processed\01_DI_mr\01_DI_mr_011.jpg,Disgust,Disgust,6,1,1,cross_subject_pos
C:\Users\kundu\OneDrive\Desktop\KMU-FED-2\data\processed\07_SA_sw\07_SA_sw_084.jpg,C:\Users\kundu\OneDrive\Desktop\KMU-FED-2\data\processed\01_SA_mr\01_SA_mr_019.jpg,Sadness,Sadness,7,1,1,cross_subject_pos
C:\Users\kundu\OneDrive\Desktop\KMU-FED-2\data\processed\03_SA_s02\03_SA_s02_030.jpg,C:\Users\kundu\OneDrive\Desktop\KMU-FED-2\data\processed\05_SU_uj\05_SU_uj_078.jpg,Sadness,Surprise,3,5,0,negative
C:\Users\kundu\OneDrive\Desktop\KMU-FED-2\data\processed\12_AN_gu\12_AN_gu_175.jpg,C:\Users\kundu\OneDrive\Desktop\KMU-FED-2\data\processed\07_AN_sw\07_AN_sw_096.jpg,Anger,Anger,12,7,1,cross_subject_pos
C:\Users\kundu\OneDrive\Desktop\KMU-FED-2\data\processed\01_DI_mr\01_DI_mr_002.jpg,C:\Users\kundu\OneDrive\Desktop\KMU-FED-2\data\processed\07_SA_sw\07_SA_sw_088.jpg,Disgust,Sadness,1,7,0,negative
C:\Users\kundu\OneDrive\Desktop\KMU-FED-2\data\processed\07_FE_sw\07_FE_sw_138.jpg,C:\Users\kundu\OneDrive\Desktop\KMU-FED-2\data\processed\03_FE_s02\03_FE_s02_055.jpg,Fear,Fear,7,3,1,cross_subject_pos
C:\Users\kundu\OneDrive\Desktop\KMU-FED-2\data\processed\10_DI_ko\10_DI_ko_099.jpg,C:\Users\kundu\OneDrive\Desktop\KMU-FED-2\data\processed\03_SA_s02\03_SA_s02_039.jpg,Disgust,Sadness,10,3,0,negative
C:\Users\kundu\OneDrive\Desktop\KMU-FED-2\data\processed\01_DI_mr\01_DI_mr_012.jpg,C:\Users\kundu\OneDrive\Desktop\KMU-FED-2\data\processed\10_DI_ko\10_DI_ko_096.jpg,Disgust,Disgust,1,10,1,cross_subject_pos
C:\Users\kundu\OneDrive\Desktop\KMU-FED-2\data\processed\10_FE_ko\10_FE_ko_174.jpg,C:\Users\kundu\OneDrive\Desktop\KMU-FED-2\data\processed\09_FE_sj\09_FE_sj_151.jpg,Fear,Fear,10,9,1,cross_subject_pos
C:\Users\kundu\OneDrive\Desktop\KMU-FED-2\data\processed\06_DI_dy\06_DI_dy_061.jpg,C:\Users\kundu\OneDrive\Desktop\KMU-FED-2\data\processed\07_HA_sw\07_HA_sw_129.jpg,Disgust,Happiness,6,7,0,negative
C:\Users\kundu\OneDrive\Desktop\KMU-FED-2\data\processed\09_AN_sj\09_AN_sj_134.jpg,C:\Users\kundu\OneDrive\Desktop\KMU-FED-2\data\processed\05_SA_uj\05_SA_uj_065.jpg,Anger,Sadness,9,5,0,negative
C:\Users\kundu\OneDrive\Desktop\KMU-FED-2\data\processed\07_FE_sw\07_FE_sw_121.jpg,C:\Users\kundu\OneDrive\Desktop\KMU-FED-2\data\processed\09_SA_sj\09_SA_sj_110.jpg,Fear,Sadness,7,9,0,negative
C:\Users\kundu\OneDrive\Desktop\KMU-FED-2\data\processed\01_FE_mr\01_FE_mr_020.jpg,C:\Users\kundu\OneDrive\Desktop\KMU-FED-2\data\processed\03_FE_s02\03_FE_s02_046.jpg,Fear,Fear,1,3,1,cross_subject_pos
C:\Users\kundu\OneDrive\Desktop\KMU-FED-2\data\processed\10_SU_ko\10_SU_ko_114.jpg,C:\Users\kundu\OneDrive\Desktop\KMU-FED-2\data\processed\05_SU_uj\05_SU_uj_069.jpg,Surprise,Surprise,10,5,1,cross_subject_pos
C:\Users\kundu\OneDrive\Desktop\KMU-FED-2\data\processed\06_DI_dy\06_DI_dy_055.jpg,C:\Users\kundu\OneDrive\Desktop\KMU-FED-2\data\processed\06_DI_dy\06_DI_dy_059.jpg,Disgust,Disgust,6,6,1,same_subject_pos
C:\Users\kundu\OneDrive\Desktop\KMU-FED-2\data\processed\09_HA_sj\09_HA_sj_161.jpg,C:\Users\kundu\OneDrive\Desktop\KMU-FED-2\data\processed\06_HA_dy\06_HA_dy_101.jpg,Happiness,Happiness,9,6,1,cross_subject_pos
C:\Users\kundu\OneDrive\Desktop\KMU-FED-2\data\processed\01_SA_mr\01_SA_mr_017.jpg,C:\Users\kundu\OneDrive\Desktop\KMU-FED-2\data\processed\01_DI_mr\01_DI_mr_017.jpg,Sadness,Disgust,1,1,0,negative
C:\Users\kundu\OneDrive\Desktop\KMU-FED-2\data\processed\10_HA_ko\10_HA_ko_174.jpg,C:\Users\kundu\OneDrive\Desktop\KMU-FED-2\data\processed\06_SA_dy\06_SA_dy_080.jpg,Happiness,Sadness,10,6,0,negative
C:\Users\kundu\OneDrive\Desktop\KMU-FED-2\data\processed\05_HA_uj\05_HA_uj_072.jpg,C:\Users\kundu\OneDrive\Desktop\KMU-FED-2\data\processed\06_DI_dy\06_DI_dy_057.jpg,Happiness,Disgust,5,6,0,negative
C:\Users\kundu\OneDrive\Desktop\KMU-FED-2\data\processed\09_HA_sj\09_HA_sj_152.jpg,C:\Users\kundu\OneDrive\Desktop\KMU-FED-2\data\processed\01_HA_mr\01_HA_mr_012.jpg,Happiness,Happiness,9,1,1,cross_subject_pos
C:\Users\kundu\OneDrive\Desktop\KMU-FED-2\data\processed\12_HA_gu\12_HA_gu_180.jpg,C:\Users\kundu\OneDrive\Desktop\KMU-FED-2\data\processed\09_HA_sj\09_HA_sj_167.jpg,Happiness,Happiness,12,9,1,cross_subject_pos
C:\Users\kundu\OneDrive\Desktop\KMU-FED-2\data\processed\05_SU_uj\05_SU_uj_069.jpg,C:\Users\kundu\OneDrive\Desktop\KMU-FED-2\data\processed\06_SU_dy\06_SU_dy_098.jpg,Surprise,Surprise,5,6,1,cross_subject_pos
C:\Users\kundu\OneDrive\Desktop\KMU-FED-2\data\processed\03_SU_s02\03_SU_s02_043.jpg,C:\Users\kundu\OneDrive\Desktop\KMU-FED-2\data\processed\05_SU_uj\05_SU_uj_061.jpg,Surprise,Surprise,3,5,1,cross_subject_pos
C:\Users\kundu\OneDrive\Desktop\KMU-FED-2\data\processed\09_HA_sj\09_HA_sj_161.jpg,C:\Users\kundu\OneDrive\Desktop\KMU-FED-2\data\processed\09_HA_sj\09_HA_sj_168.jpg,Happiness,Happiness,9,9,1,same_subject_pos
C:\Users\kundu\OneDrive\Desktop\KMU-FED-2\data\processed\06_HA_dy\06_HA_dy_100.jpg,C:\Users\kundu\OneDrive\Desktop\KMU-FED-2\data\processed\06_HA_dy\06_HA_dy_096.jpg,Happiness,Happiness,6,6,1,same_subject_pos
C:\Users\kundu\OneDrive\Desktop\KMU-FED-2\data\processed\01_AN_mr\01_AN_mr_016.jpg,C:\Users\kundu\OneDrive\Desktop\KMU-FED-2\data\processed\05_AN_uj\05_AN_uj_053.jpg,Anger,Anger,1,5,1,cross_subject_pos
C:\Users\kundu\OneDrive\Desktop\KMU-FED-2\data\processed\06_SA_dy\06_SA_dy_075.jpg,C:\Users\kundu\OneDrive\Desktop\KMU-FED-2\data\processed\06_SU_dy\06_SU_dy_094.jpg,Sadness,Surprise,6,6,0,negative
C:\Users\kundu\OneDrive\Desktop\KMU-FED-2\data\processed\01_DI_mr\01_DI_mr_017.jpg,C:\Users\kundu\OneDrive\Desktop\KMU-FED-2\data\processed\01_AN_mr\01_AN_mr_016.jpg,Disgust,Anger,1,1,0,negative
C:\Users\kundu\OneDrive\Desktop\KMU-FED-2\data\processed\03_SU_s02\03_SU_s02_050.jpg,C:\Users\kundu\OneDrive\Desktop\KMU-FED-2\data\processed\07_SA_sw\07_SA_sw_088.jpg,Surprise,Sadness,3,7,0,negative
C:\Users\kundu\OneDrive\Desktop\KMU-FED-2\data\processed\05_FE_uj\05_FE_uj_096.jpg,C:\Users\kundu\OneDrive\Desktop\KMU-FED-2\data\processed\03_SA_s02\03_SA_s02_037.jpg,Fear,Sadness,5,3,0,negative
C:\Users\kundu\OneDrive\Desktop\KMU-FED-2\data\processed\09_AN_sj\09_AN_sj_128.jpg,C:\Users\kundu\OneDrive\Desktop\KMU-FED-2\data\processed\09_AN_sj\09_AN_sj_140.jpg,Anger,Anger,9,9,1,same_subject_pos
C:\Users\kundu\OneDrive\Desktop\KMU-FED-2\data\processed\09_FE_sj\09_FE_sj_156.jpg,C:\Users\kundu\OneDrive\Desktop\KMU-FED-2\data\processed\07_AN_sw\07_AN_sw_082.jpg,Fear,Anger,9,7,0,negative
C:\Users\kundu\OneDrive\Desktop\KMU-FED-2\data\processed\12_AN_gu\12_AN_gu_178.jpg,C:\Users\kundu\OneDrive\Desktop\KMU-FED-2\data\processed\01_DI_mr\01_DI_mr_013.jpg,Anger,Disgust,12,1,0,negative
C:\Users\kundu\OneDrive\Desktop\KMU-FED-2\data\processed\03_SU_s02\03_SU_s02_056.jpg,C:\Users\kundu\OneDrive\Desktop\KMU-FED-2\data\processed\05_HA_uj\05_HA_uj_090.jpg,Surprise,Happiness,3,5,0,negative
C:\Users\kundu\OneDrive\Desktop\KMU-FED-2\data\processed\12_DI_gu\12_DI_gu_121.jpg,C:\Users\kundu\OneDrive\Desktop\KMU-FED-2\data\processed\07_FE_sw\07_FE_sw_132.jpg,Disgust,Fear,12,7,0,negative
C:\Users\kundu\OneDrive\Desktop\KMU-FED-2\data\processed\05_SU_uj\05_SU_uj_064.jpg,C:\Users\kundu\OneDrive\Desktop\KMU-FED-2\data\processed\06_DI_dy\06_DI_dy_052.jpg,Surprise,Disgust,5,6,0,negative
C:\Users\kundu\OneDrive\Desktop\KMU-FED-2\data\processed\07_HA_sw\07_HA_sw_115.jpg,C:\Users\kundu\OneDrive\Desktop\KMU-FED-2\data\processed\06_HA_dy\06_HA_dy_109.jpg,Happiness,Happiness,7,6,1,cross_subject_pos
C:\Users\kundu\OneDrive\Desktop\KMU-FED-2\data\processed\05_SU_uj\05_SU_uj_067.jpg,C:\Users\kundu\OneDrive\Desktop\KMU-FED-2\data\processed\10_DI_ko\10_DI_ko_091.jpg,Surprise,Disgust,5,10,0,negative
C:\Users\kundu\OneDrive\Desktop\KMU-FED-2\data\processed\09_SU_sj\09_SU_sj_107.jpg,C:\Users\kundu\OneDrive\Desktop\KMU-FED-2\data\processed\09_FE_sj\09_FE_sj_155.jpg,Surprise,Fear,9,9,0,negative
C:\Users\kundu\OneDrive\Desktop\KMU-FED-2\data\processed\01_HA_mr\01_HA_mr_016.jpg,C:\Users\kundu\OneDrive\Desktop\KMU-FED-2\data\processed\06_HA_dy\06_HA_dy_109.jpg,Happiness,Happiness,1,6,1,cross_subject_pos
C:\Users\kundu\OneDrive\Desktop\KMU-FED-2\data\processed\05_FE_uj\05_FE_uj_094.jpg,C:\Users\kundu\OneDrive\Desktop\KMU-FED-2\data\processed\10_DI_ko\10_DI_ko_095.jpg,Fear,Disgust,5,10,0,negative
C:\Users\kundu\OneDrive\Desktop\KMU-FED-2\data\processed\09_AN_sj\09_AN_sj_128.jpg,C:\Users\kundu\OneDrive\Desktop\KMU-FED-2\data\processed\09_AN_sj\09_AN_sj_122.jpg,Anger,Anger,9,9,1,same_subject_pos
C:\Users\kundu\OneDrive\Desktop\KMU-FED-2\data\processed\06_SA_dy\06_SA_dy_077.jpg,C:\Users\kundu\OneDrive\Desktop\KMU-FED-2\data\processed\01_SA_mr\01_SA_mr_020.jpg,Sadness,Sadness,6,1,1,cross_subject_pos
C:\Users\kundu\OneDrive\Desktop\KMU-FED-2\data\processed\12_DI_gu\12_DI_gu_121.jpg,C:\Users\kundu\OneDrive\Desktop\KMU-FED-2\data\processed\01_HA_mr\01_HA_mr_009.jpg,Disgust,Happiness,12,1,0,negative
C:\Users\kundu\OneDrive\Desktop\KMU-FED-2\data\processed\05_HA_uj\05_HA_uj_090.jpg,C:\Users\kundu\OneDrive\Desktop\KMU-FED-2\data\processed\05_AN_uj\05_AN_uj_051.jpg,Happiness,Anger,5,5,0,negative
C:\Users\kundu\OneDrive\Desktop\KMU-FED-2\data\processed\07_SU_sw\07_SU_sw_084.jpg,C:\Users\kundu\OneDrive\Desktop\KMU-FED-2\data\processed\05_SU_uj\05_SU_uj_075.jpg,Surprise,Surprise,7,5,1,cross_subject_pos
C:\Users\kundu\OneDrive\Desktop\KMU-FED-2\data\processed\12_SA_gu\12_SA_gu_170.jpg,C:\Users\kundu\OneDrive\Desktop\KMU-FED-2\data\processed\01_SU_mr\01_SU_mr_012.jpg,Sadness,Surprise,12,1,0,negative
C:\Users\kundu\OneDrive\Desktop\KMU-FED-2\data\processed\03_SA_s02\03_SA_s02_029.jpg,C:\Users\kundu\OneDrive\Desktop\KMU-FED-2\data\processed\05_SA_uj\05_SA_uj_059.jpg,Sadness,Sadness,3,5,1,cross_subject_pos
C:\Users\kundu\OneDrive\Desktop\KMU-FED-2\data\processed\09_HA_sj\09_HA_sj_159.jpg,C:\Users\kundu\OneDrive\Desktop\KMU-FED-2\data\processed\05_DI_uj\05_DI_uj_033.jpg,Happiness,Disgust,9,5,0,negative
C:\Users\kundu\OneDrive\Desktop\KMU-FED-2\data\processed\05_SU_uj\05_SU_uj_063.jpg,C:\Users\kundu\OneDrive\Desktop\KMU-FED-2\data\processed\06_HA_dy\06_HA_dy_099.jpg,Surprise,Happiness,5,6,0,negative
C:\Users\kundu\OneDrive\Desktop\KMU-FED-2\data\processed\05_SA_uj\05_SA_uj_055.jpg,C:\Users\kundu\OneDrive\Desktop\KMU-FED-2\data\processed\01_DI_mr\01_DI_mr_009.jpg,Sadness,Disgust,5,1,0,negative
C:\Users\kundu\OneDrive\Desktop\KMU-FED-2\data\processed\07_FE_sw\07_FE_sw_137.jpg,C:\Users\kundu\OneDrive\Desktop\KMU-FED-2\data\processed\05_FE_uj\05_FE_uj_090.jpg,Fear,Fear,7,5,1,cross_subject_pos
C:\Users\kundu\OneDrive\Desktop\KMU-FED-2\data\processed\06_AN_dy\06_AN_dy_078.jpg,C:\Users\kundu\OneDrive\Desktop\KMU-FED-2\data\processed\06_AN_dy\06_AN_dy_066.jpg,Anger,Anger,6,6,1,same_subject_pos
C:\Users\kundu\OneDrive\Desktop\KMU-FED-2\data\processed\07_SU_sw\07_SU_sw_089.jpg,C:\Users\kundu\OneDrive\Desktop\KMU-FED-2\data\processed\01_SA_mr\01_SA_mr_008.jpg,Surprise,Sadness,7,1,0,negative
C:\Users\kundu\OneDrive\Desktop\KMU-FED-2\data\processed\05_SA_uj\05_SA_uj_070.jpg,C:\Users\kundu\OneDrive\Desktop\KMU-FED-2\data\processed\06_DI_dy\06_DI_dy_053.jpg,Sadness,Disgust,5,6,0,negative
C:\Users\kundu\OneDrive\Desktop\KMU-FED-2\data\processed\01_HA_mr\01_HA_mr_014.jpg,C:\Users\kundu\OneDrive\Desktop\KMU-FED-2\data\processed\01_DI_mr\01_DI_mr_008.jpg,Happiness,Disgust,1,1,0,negative
C:\Users\kundu\OneDrive\Desktop\KMU-FED-2\data\processed\05_AN_uj\05_AN_uj_054.jpg,C:\Users\kundu\OneDrive\Desktop\KMU-FED-2\data\processed\01_HA_mr\01_HA_mr_017.jpg,Anger,Happiness,5,1,0,negative
C:\Users\kundu\OneDrive\Desktop\KMU-FED-2\data\processed\01_DI_mr\01_DI_mr_012.jpg,C:\Users\kundu\OneDrive\Desktop\KMU-FED-2\data\processed\06_DI_dy\06_DI_dy_063.jpg,Disgust,Disgust,1,6,1,cross_subject_pos
C:\Users\kundu\OneDrive\Desktop\KMU-FED-2\data\processed\12_AN_gu\12_AN_gu_175.jpg,C:\Users\kundu\OneDrive\Desktop\KMU-FED-2\data\processed\05_AN_uj\05_AN_uj_045.jpg,Anger,Anger,12,5,1,cross_subject_pos
C:\Users\kundu\OneDrive\Desktop\KMU-FED-2\data\processed\03_HA_s02\03_HA_s02_042.jpg,C:\Users\kundu\OneDrive\Desktop\KMU-FED-2\data\processed\06_AN_dy\06_AN_dy_075.jpg,Happiness,Anger,3,6,0,negative
C:\Users\kundu\OneDrive\Desktop\KMU-FED-2\data\processed\06_DI_dy\06_DI_dy_059.jpg,C:\Users\kundu\OneDrive\Desktop\KMU-FED-2\data\processed\05_DI_uj\05_DI_uj_038.jpg,Disgust,Disgust,6,5,1,cross_subject_pos
C:\Users\kundu\OneDrive\Desktop\KMU-FED-2\data\processed\06_SA_dy\06_SA_dy_079.jpg,C:\Users\kundu\OneDrive\Desktop\KMU-FED-2\data\processed\01_SA_mr\01_SA_mr_001.jpg,Sadness,Sadness,6,1,1,cross_subject_pos
C:\Users\kundu\OneDrive\Desktop\KMU-FED-2\data\processed\01_SA_mr\01_SA_mr_017.jpg,C:\Users\kundu\OneDrive\Desktop\KMU-FED-2\data\processed\05_DI_uj\05_DI_uj_036.jpg,Sadness,Disgust,1,5,0,negative
C:\Users\kundu\OneDrive\Desktop\KMU-FED-2\data\processed\09_AN_sj\09_AN_sj_128.jpg,C:\Users\kundu\OneDrive\Desktop\KMU-FED-2\data\processed\01_SU_mr\01_SU_mr_012.jpg,Anger,Surprise,9,1,0,negative
C:\Users\kundu\OneDrive\Desktop\KMU-FED-2\data\processed\06_HA_dy\06_HA_dy_109.jpg,C:\Users\kundu\OneDrive\Desktop\KMU-FED-2\data\processed\06_HA_dy\06_HA_dy_092.jpg,Happiness,Happiness,6,6,1,same_subject_pos
C:\Users\kundu\OneDrive\Desktop\KMU-FED-2\data\processed\05_FE_uj\05_FE_uj_093.jpg,C:\Users\kundu\OneDrive\Desktop\KMU-FED-2\data\processed\06_HA_dy\06_HA_dy_104.jpg,Fear,Happiness,5,6,0,negative
C:\Users\kundu\OneDrive\Desktop\KMU-FED-2\data\processed\01_HA_mr\01_HA_mr_019.jpg,C:\Users\kundu\OneDrive\Desktop\KMU-FED-2\data\processed\01_HA_mr\01_HA_mr_016.jpg,Happiness,Happiness,1,1,1,same_subject_pos
C:\Users\kundu\OneDrive\Desktop\KMU-FED-2\data\processed\07_FE_sw\07_FE_sw_124.jpg,C:\Users\kundu\OneDrive\Desktop\KMU-FED-2\data\processed\01_SA_mr\01_SA_mr_020.jpg,Fear,Sadness,7,1,0,negative
C:\Users\kundu\OneDrive\Desktop\KMU-FED-2\data\processed\05_FE_uj\05_FE_uj_099.jpg,C:\Users\kundu\OneDrive\Desktop\KMU-FED-2\data\processed\05_DI_uj\05_DI_uj_035.jpg,Fear,Disgust,5,5,0,negative
C:\Users\kundu\OneDrive\Desktop\KMU-FED-2\data\processed\06_AN_dy\06_AN_dy_077.jpg,C:\Users\kundu\OneDrive\Desktop\KMU-FED-2\data\processed\12_SA_gu\12_SA_gu_161.jpg,Anger,Sadness,6,12,0,negative
C:\Users\kundu\OneDrive\Desktop\KMU-FED-2\data\processed\12_SA_gu\12_SA_gu_166.jpg,C:\Users\kundu\OneDrive\Desktop\KMU-FED-2\data\processed\03_AN_s02\03_AN_s02_036.jpg,Sadness,Anger,12,3,0,negative
C:\Users\kundu\OneDrive\Desktop\KMU-FED-2\data\processed\06_DI_dy\06_DI_dy_068.jpg,C:\Users\kundu\OneDrive\Desktop\KMU-FED-2\data\processed\06_DI_dy\06_DI_dy_057.jpg,Disgust,Disgust,6,6,1,same_subject_pos
C:\Users\kundu\OneDrive\Desktop\KMU-FED-2\data\processed\01_SA_mr\01_SA_mr_010.jpg,C:\Users\kundu\OneDrive\Desktop\KMU-FED-2\data\processed\06_HA_dy\06_HA_dy_092.jpg,Sadness,Happiness,1,6,0,negative
C:\Users\kundu\OneDrive\Desktop\KMU-FED-2\data\processed\01_SU_mr\01_SU_mr_003.jpg,C:\Users\kundu\OneDrive\Desktop\KMU-FED-2\data\processed\05_HA_uj\05_HA_uj_072.jpg,Surprise,Happiness,1,5,0,negative
C:\Users\kundu\OneDrive\Desktop\KMU-FED-2\data\processed\09_SU_sj\09_SU_sj_107.jpg,C:\Users\kundu\OneDrive\Desktop\KMU-FED-2\data\processed\01_FE_mr\01_FE_mr_004.jpg,Surprise,Fear,9,1,0,negative
C:\Users\kundu\OneDrive\Desktop\KMU-FED-2\data\processed\05_SA_uj\05_SA_uj_059.jpg,C:\Users\kundu\OneDrive\Desktop\KMU-FED-2\data\processed\05_FE_uj\05_FE_uj_093.jpg,Sadness,Fear,5,5,0,negative
C:\Users\kundu\OneDrive\Desktop\KMU-FED-2\data\processed\12_HA_gu\12_HA_gu_171.jpg,C:\Users\kundu\OneDrive\Desktop\KMU-FED-2\data\processed\07_HA_sw\07_HA_sw_122.jpg,Happiness,Happiness,12,7,1,cross_subject_pos
C:\Users\kundu\OneDrive\Desktop\KMU-FED-2\data\processed\03_FE_s02\03_FE_s02_049.jpg,C:\Users\kundu\OneDrive\Desktop\KMU-FED-2\data\processed\05_FE_uj\05_FE_uj_092.jpg,Fear,Fear,3,5,1,cross_subject_pos
C:\Users\kundu\OneDrive\Desktop\KMU-FED-2\data\processed\10_SU_ko\10_SU_ko_114.jpg,C:\Users\kundu\OneDrive\Desktop\KMU-FED-2\data\processed\07_SU_sw\07_SU_sw_082.jpg,Surprise,Surprise,10,7,1,cross_subject_pos
C:\Users\kundu\OneDrive\Desktop\KMU-FED-2\data\processed\03_SA_s02\03_SA_s02_021.jpg,C:\Users\kundu\OneDrive\Desktop\KMU-FED-2\data\processed\09_SA_sj\09_SA_sj_111.jpg,Sadness,Sadness,3,9,1,cross_subject_pos
C:\Users\kundu\OneDrive\Desktop\KMU-FED-2\data\processed\05_SA_uj\05_SA_uj_054.jpg,C:\Users\kundu\OneDrive\Desktop\KMU-FED-2\data\processed\07_SA_sw\07_SA_sw_073.jpg,Sadness,Sadness,5,7,1,cross_subject_pos
C:\Users\kundu\OneDrive\Desktop\KMU-FED-2\data\processed\09_SA_sj\09_SA_sj_113.jpg,C:\Users\kundu\OneDrive\Desktop\KMU-FED-2\data\processed\10_SU_ko\10_SU_ko_119.jpg,Sadness,Surprise,9,10,0,negative
C:\Users\kundu\OneDrive\Desktop\KMU-FED-2\data\processed\03_SU_s02\03_SU_s02_049.jpg,C:\Users\kundu\OneDrive\Desktop\KMU-FED-2\data\processed\07_SU_sw\07_SU_sw_097.jpg,Surprise,Surprise,3,7,1,cross_subject_pos
C:\Users\kundu\OneDrive\Desktop\KMU-FED-2\data\processed\06_FE_dy\06_FE_dy_109.jpg,C:\Users\kundu\OneDrive\Desktop\KMU-FED-2\data\processed\10_HA_ko\10_HA_ko_173.jpg,Fear,Happiness,6,10,0,negative
C:\Users\kundu\OneDrive\Desktop\KMU-FED-2\data\processed\07_SA_sw\07_SA_sw_071.jpg,C:\Users\kundu\OneDrive\Desktop\KMU-FED-2\data\processed\03_SA_s02\03_SA_s02_032.jpg,Sadness,Sadness,7,3,1,cross_subject_pos
C:\Users\kundu\OneDrive\Desktop\KMU-FED-2\data\processed\06_SU_dy\06_SU_dy_083.jpg,C:\Users\kundu\OneDrive\Desktop\KMU-FED-2\data\processed\05_SU_uj\05_SU_uj_065.jpg,Surprise,Surprise,6,5,1,cross_subject_pos
C:\Users\kundu\OneDrive\Desktop\KMU-FED-2\data\processed\01_HA_mr\01_HA_mr_014.jpg,C:\Users\kundu\OneDrive\Desktop\KMU-FED-2\data\processed\12_HA_gu\12_HA_gu_186.jpg,Happiness,Happiness,1,12,1,cross_subject_pos
C:\Users\kundu\OneDrive\Desktop\KMU-FED-2\data\processed\06_AN_dy\06_AN_dy_079.jpg,C:\Users\kundu\OneDrive\Desktop\KMU-FED-2\data\processed\05_SA_uj\05_SA_uj_070.jpg,Anger,Sadness,6,5,0,negative
C:\Users\kundu\OneDrive\Desktop\KMU-FED-2\data\processed\06_FE_dy\06_FE_dy_101.jpg,C:\Users\kundu\OneDrive\Desktop\KMU-FED-2\data\processed\06_DI_dy\06_DI_dy_066.jpg,Fear,Disgust,6,6,0,negative
C:\Users\kundu\OneDrive\Desktop\KMU-FED-2\data\processed\05_HA_uj\05_HA_uj_071.jpg,C:\Users\kundu\OneDrive\Desktop\KMU-FED-2\data\processed\12_SA_gu\12_SA_gu_170.jpg,Happiness,Sadness,5,12,0,negative
C:\Users\kundu\OneDrive\Desktop\KMU-FED-2\data\processed\06_DI_dy\06_DI_dy_065.jpg,C:\Users\kundu\OneDrive\Desktop\KMU-FED-2\data\processed\12_DI_gu\12_DI_gu_127.jpg,Disgust,Disgust,6,12,1,cross_subject_pos
C:\Users\kundu\OneDrive\Desktop\KMU-FED-2\data\processed\05_SU_uj\05_SU_uj_075.jpg,C:\Users\kundu\OneDrive\Desktop\KMU-FED-2\data\processed\07_SU_sw\07_SU_sw_086.jpg,Surprise,Surprise,5,7,1,cross_subject_pos
C:\Users\kundu\OneDrive\Desktop\KMU-FED-2\data\processed\06_HA_dy\06_HA_dy_101.jpg,C:\Users\kundu\OneDrive\Desktop\KMU-FED-2\data\processed\05_SA_uj\05_SA_uj_062.jpg,Happiness,Sadness,6,5,0,negative
C:\Users\kundu\OneDrive\Desktop\KMU-FED-2\data\processed\06_AN_dy\06_AN_dy_074.jpg,C:\Users\kundu\OneDrive\Desktop\KMU-FED-2\data\processed\06_AN_dy\06_AN_dy_062.jpg,Anger,Anger,6,6,1,same_subject_pos
C:\Users\kundu\OneDrive\Desktop\KMU-FED-2\data\processed\05_HA_uj\05_HA_uj_078.jpg,C:\Users\kundu\OneDrive\Desktop\KMU-FED-2\data\processed\10_HA_ko\10_HA_ko_184.jpg,Happiness,Happiness,5,10,1,cross_subject_pos
C:\Users\kundu\OneDrive\Desktop\KMU-FED-2\data\processed\01_SU_mr\01_SU_mr_010.jpg,C:\Users\kundu\OneDrive\Desktop\KMU-FED-2\data\processed\01_AN_mr\01_AN_mr_005.jpg,Surprise,Anger,1,1,0,negative
C:\Users\kundu\OneDrive\Desktop\KMU-FED-2\data\processed\07_SA_sw\07_SA_sw_087.jpg,C:\Users\kundu\OneDrive\Desktop\KMU-FED-2\data\processed\06_DI_dy\06_DI_dy_069.jpg,Sadness,Disgust,7,6,0,negative
C:\Users\kundu\OneDrive\Desktop\KMU-FED-2\data\processed\12_HA_gu\12_HA_gu_173.jpg,C:\Users\kundu\OneDrive\Desktop\KMU-FED-2\data\processed\03_AN_s02\03_AN_s02_037.jpg,Happiness,Anger,12,3,0,negative
C:\Users\kundu\OneDrive\Desktop\KMU-FED-2\data\processed\05_SA_uj\05_SA_uj_059.jpg,C:\Users\kundu\OneDrive\Desktop\KMU-FED-2\data\processed\07_AN_sw\07_AN_sw_085.jpg,Sadness,Anger,5,7,0,negative
C:\Users\kundu\OneDrive\Desktop\KMU-FED-2\data\processed\03_SA_s02\03_SA_s02_037.jpg,C:\Users\kundu\OneDrive\Desktop\KMU-FED-2\data\processed\05_SA_uj\05_SA_uj_059.jpg,Sadness,Sadness,3,5,1,cross_subject_pos
C:\Users\kundu\OneDrive\Desktop\KMU-FED-2\data\processed\05_SU_uj\05_SU_uj_077.jpg,C:\Users\kundu\OneDrive\Desktop\KMU-FED-2\data\processed\12_DI_gu\12_DI_gu_123.jpg,Surprise,Disgust,5,12,0,negative
C:\Users\kundu\OneDrive\Desktop\KMU-FED-2\data\processed\12_DI_gu\12_DI_gu_127.jpg,C:\Users\kundu\OneDrive\Desktop\KMU-FED-2\data\processed\05_FE_uj\05_FE_uj_098.jpg,Disgust,Fear,12,5,0,negative
C:\Users\kundu\OneDrive\Desktop\KMU-FED-2\data\processed\06_FE_dy\06_FE_dy_104.jpg,C:\Users\kundu\OneDrive\Desktop\KMU-FED-2\data\processed\10_DI_ko\10_DI_ko_095.jpg,Fear,Disgust,6,10,0,negative
C:\Users\kundu\OneDrive\Desktop\KMU-FED-2\data\processed\01_HA_mr\01_HA_mr_018.jpg,C:\Users\kundu\OneDrive\Desktop\KMU-FED-2\data\processed\10_HA_ko\10_HA_ko_179.jpg,Happiness,Happiness,1,10,1,cross_subject_pos
C:\Users\kundu\OneDrive\Desktop\KMU-FED-2\data\processed\01_HA_mr\01_HA_mr_005.jpg,C:\Users\kundu\OneDrive\Desktop\KMU-FED-2\data\processed\03_HA_s02\03_HA_s02_034.jpg,Happiness,Happiness,1,3,1,cross_subject_pos
C:\Users\kundu\OneDrive\Desktop\KMU-FED-2\data\processed\03_SA_s02\03_SA_s02_022.jpg,C:\Users\kundu\OneDrive\Desktop\KMU-FED-2\data\processed\01_HA_mr\01_HA_mr_003.jpg,Sadness,Happiness,3,1,0,negative
C:\Users\kundu\OneDrive\Desktop\KMU-FED-2\data\processed\03_HA_s02\03_HA_s02_031.jpg,C:\Users\kundu\OneDrive\Desktop\KMU-FED-2\data\processed\01_SA_mr\01_SA_mr_020.jpg,Happiness,Sadness,3,1,0,negative
C:\Users\kundu\OneDrive\Desktop\KMU-FED-2\data\processed\05_HA_uj\05_HA_uj_076.jpg,C:\Users\kundu\OneDrive\Desktop\KMU-FED-2\data\processed\03_FE_s02\03_FE_s02_051.jpg,Happiness,Fear,5,3,0,negative
C:\Users\kundu\OneDrive\Desktop\KMU-FED-2\data\processed\10_FE_ko\10_FE_ko_163.jpg,C:\Users\kundu\OneDrive\Desktop\KMU-FED-2\data\processed\10_SU_ko\10_SU_ko_115.jpg,Fear,Surprise,10,10,0,negative
C:\Users\kundu\OneDrive\Desktop\KMU-FED-2\data\processed\09_SA_sj\09_SA_sj_119.jpg,C:\Users\kundu\OneDrive\Desktop\KMU-FED-2\data\processed\06_SA_dy\06_SA_dy_089.jpg,Sadness,Sadness,9,6,1,cross_subject_pos
C:\Users\kundu\OneDrive\Desktop\KMU-FED-2\data\processed\07_SU_sw\07_SU_sw_088.jpg,C:\Users\kundu\OneDrive\Desktop\KMU-FED-2\data\processed\03_SA_s02\03_SA_s02_027.jpg,Surprise,Sadness,7,3,0,negative
C:\Users\kundu\OneDrive\Desktop\KMU-FED-2\data\processed\06_SU_dy\06_SU_dy_099.jpg,C:\Users\kundu\OneDrive\Desktop\KMU-FED-2\data\processed\06_AN_dy\06_AN_dy_071.jpg,Surprise,Anger,6,6,0,negative
C:\Users\kundu\OneDrive\Desktop\KMU-FED-2\data\processed\07_HA_sw\07_HA_sw_119.jpg,C:\Users\kundu\OneDrive\Desktop\KMU-FED-2\data\processed\01_SA_mr\01_SA_mr_017.jpg,Happiness,Sadness,7,1,0,negative
C:\Users\kundu\OneDrive\Desktop\KMU-FED-2\data\processed\10_HA_ko\10_HA_ko_189.jpg,C:\Users\kundu\OneDrive\Desktop\KMU-FED-2\data\processed\05_DI_uj\05_DI_uj_039.jpg,Happiness,Disgust,10,5,0,negative
C:\Users\kundu\OneDrive\Desktop\KMU-FED-2\data\processed\07_SA_sw\07_SA_sw_090.jpg,C:\Users\kundu\OneDrive\Desktop\KMU-FED-2\data\processed\09_SA_sj\09_SA_sj_117.jpg,Sadness,Sadness,7,9,1,cross_subject_pos
C:\Users\kundu\OneDrive\Desktop\KMU-FED-2\data\processed\06_DI_dy\06_DI_dy_069.jpg,C:\Users\kundu\OneDrive\Desktop\KMU-FED-2\data\processed\01_DI_mr\01_DI_mr_001.jpg,Disgust,Disgust,6,1,1,cross_subject_pos
C:\Users\kundu\OneDrive\Desktop\KMU-FED-2\data\processed\06_DI_dy\06_DI_dy_063.jpg,C:\Users\kundu\OneDrive\Desktop\KMU-FED-2\data\processed\01_DI_mr\01_DI_mr_019.jpg,Disgust,Disgust,6,1,1,cross_subject_pos
C:\Users\kundu\OneDrive\Desktop\KMU-FED-2\data\processed\09_SA_sj\09_SA_sj_114.jpg,C:\Users\kundu\OneDrive\Desktop\KMU-FED-2\data\processed\03_SA_s02\03_SA_s02_024.jpg,Sadness,Sadness,9,3,1,cross_subject_pos
C:\Users\kundu\OneDrive\Desktop\KMU-FED-2\data\processed\09_HA_sj\09_HA_sj_165.jpg,C:\Users\kundu\OneDrive\Desktop\KMU-FED-2\data\processed\03_HA_s02\03_HA_s02_035.jpg,Happiness,Happiness,9,3,1,cross_subject_pos
C:\Users\kundu\OneDrive\Desktop\KMU-FED-2\data\processed\01_HA_mr\01_HA_mr_014.jpg,C:\Users\kundu\OneDrive\Desktop\KMU-FED-2\data\processed\07_HA_sw\07_HA_sw_130.jpg,Happiness,Happiness,1,7,1,cross_subject_pos
C:\Users\kundu\OneDrive\Desktop\KMU-FED-2\data\processed\07_FE_sw\07_FE_sw_134.jpg,C:\Users\kundu\OneDrive\Desktop\KMU-FED-2\data\processed\10_FE_ko\10_FE_ko_164.jpg,Fear,Fear,7,10,1,cross_subject_pos
C:\Users\kundu\OneDrive\Desktop\KMU-FED-2\data\processed\09_SA_sj\09_SA_sj_111.jpg,C:\Users\kundu\OneDrive\Desktop\KMU-FED-2\data\processed\10_SU_ko\10_SU_ko_122.jpg,Sadness,Surprise,9,10,0,negative
C:\Users\kundu\OneDrive\Desktop\KMU-FED-2\data\processed\07_FE_sw\07_FE_sw_122.jpg,C:\Users\kundu\OneDrive\Desktop\KMU-FED-2\data\processed\09_FE_sj\09_FE_sj_158.jpg,Fear,Fear,7,9,1,cross_subject_pos
C:\Users\kundu\OneDrive\Desktop\KMU-FED-2\data\processed\05_FE_uj\05_FE_uj_094.jpg,C:\Users\kundu\OneDrive\Desktop\KMU-FED-2\data\processed\10_FE_ko\10_FE_ko_172.jpg,Fear,Fear,5,10,1,cross_subject_pos
C:\Users\kundu\OneDrive\Desktop\KMU-FED-2\data\processed\10_DI_ko\10_DI_ko_093.jpg,C:\Users\kundu\OneDrive\Desktop\KMU-FED-2\data\processed\05_FE_uj\05_FE_uj_091.jpg,Disgust,Fear,10,5,0,negative
C:\Users\kundu\OneDrive\Desktop\KMU-FED-2\data\processed\06_AN_dy\06_AN_dy_069.jpg,C:\Users\kundu\OneDrive\Desktop\KMU-FED-2\data\processed\01_FE_mr\01_FE_mr_013.jpg,Anger,Fear,6,1,0,negative
C:\Users\kundu\OneDrive\Desktop\KMU-FED-2\data\processed\09_SU_sj\09_SU_sj_108.jpg,C:\Users\kundu\OneDrive\Desktop\KMU-FED-2\data\processed\01_SU_mr\01_SU_mr_015.jpg,Surprise,Surprise,9,1,1,cross_subject_pos
C:\Users\kundu\OneDrive\Desktop\KMU-FED-2\data\processed\10_FE_ko\10_FE_ko_179.jpg,C:\Users\kundu\OneDrive\Desktop\KMU-FED-2\data\processed\03_FE_s02\03_FE_s02_044.jpg,Fear,Fear,10,3,1,cross_subject_pos
C:\Users\kundu\OneDrive\Desktop\KMU-FED-2\data\processed\03_HA_s02\03_HA_s02_035.jpg,C:\Users\kundu\OneDrive\Desktop\KMU-FED-2\data\processed\07_HA_sw\07_HA_sw_130.jpg,Happiness,Happiness,3,7,1,cross_subject_pos
C:\Users\kundu\OneDrive\Desktop\KMU-FED-2\data\processed\05_SU_uj\05_SU_uj_067.jpg,C:\Users\kundu\OneDrive\Desktop\KMU-FED-2\data\processed\09_SU_sj\09_SU_sj_108.jpg,Surprise,Surprise,5,9,1,cross_subject_pos
C:\Users\kundu\OneDrive\Desktop\KMU-FED-2\data\processed\03_FE_s02\03_FE_s02_041.jpg,C:\Users\kundu\OneDrive\Desktop\KMU-FED-2\data\processed\05_FE_uj\05_FE_uj_092.jpg,Fear,Fear,3,5,1,cross_subject_pos
C:\Users\kundu\OneDrive\Desktop\KMU-FED-2\data\processed\06_FE_dy\06_FE_dy_110.jpg,C:\Users\kundu\OneDrive\Desktop\KMU-FED-2\data\processed\09_FE_sj\09_FE_sj_156.jpg,Fear,Fear,6,9,1,cross_subject_pos
C:\Users\kundu\OneDrive\Desktop\KMU-FED-2\data\processed\10_AN_ko\10_AN_ko_143.jpg,C:\Users\kundu\OneDrive\Desktop\KMU-FED-2\data\processed\05_FE_uj\05_FE_uj_089.jpg,Anger,Fear,10,5,0,negative
C:\Users\kundu\OneDrive\Desktop\KMU-FED-2\data\processed\06_AN_dy\06_AN_dy_068.jpg,C:\Users\kundu\OneDrive\Desktop\KMU-FED-2\data\processed\07_SA_sw\07_SA_sw_090.jpg,Anger,Sadness,6,7,0,negative
C:\Users\kundu\OneDrive\Desktop\KMU-FED-2\data\processed\07_AN_sw\07_AN_sw_083.jpg,C:\Users\kundu\OneDrive\Desktop\KMU-FED-2\data\processed\03_FE_s02\03_FE_s02_047.jpg,Anger,Fear,7,3,0,negative
C:\Users\kundu\OneDrive\Desktop\KMU-FED-2\data\processed\07_SA_sw\07_SA_sw_088.jpg,C:\Users\kundu\OneDrive\Desktop\KMU-FED-2\data\processed\05_HA_uj\05_HA_uj_087.jpg,Sadness,Happiness,7,5,0,negative
C:\Users\kundu\OneDrive\Desktop\KMU-FED-2\data\processed\05_FE_uj\05_FE_uj_091.jpg,C:\Users\kundu\OneDrive\Desktop\KMU-FED-2\data\processed\05_FE_uj\05_FE_uj_081.jpg,Fear,Fear,5,5,1,same_subject_pos
C:\Users\kundu\OneDrive\Desktop\KMU-FED-2\data\processed\05_AN_uj\05_AN_uj_051.jpg,C:\Users\kundu\OneDrive\Desktop\KMU-FED-2\data\processed\03_SU_s02\03_SU_s02_052.jpg,Anger,Surprise,5,3,0,negative
C:\Users\kundu\OneDrive\Desktop\KMU-FED-2\data\processed\06_SA_dy\06_SA_dy_083.jpg,C:\Users\kundu\OneDrive\Desktop\KMU-FED-2\data\processed\03_SU_s02\03_SU_s02_048.jpg,Sadness,Surprise,6,3,0,negative
C:\Users\kundu\OneDrive\Desktop\KMU-FED-2\data\processed\09_SU_sj\09_SU_sj_108.jpg,C:\Users\kundu\OneDrive\Desktop\KMU-FED-2\data\processed\12_HA_gu\12_HA_gu_178.jpg,Surprise,Happiness,9,12,0,negative
C:\Users\kundu\OneDrive\Desktop\KMU-FED-2\data\processed\12_SA_gu\12_SA_gu_163.jpg,C:\Users\kundu\OneDrive\Desktop\KMU-FED-2\data\processed\05_SA_uj\05_SA_uj_054.jpg,Sadness,Sadness,12,5,1,cross_subject_pos
C:\Users\kundu\OneDrive\Desktop\KMU-FED-2\data\processed\07_SU_sw\07_SU_sw_087.jpg,C:\Users\kundu\OneDrive\Desktop\KMU-FED-2\data\processed\10_SU_ko\10_SU_ko_114.jpg,Surprise,Surprise,7,10,1,cross_subject_pos
C:\Users\kundu\OneDrive\Desktop\KMU-FED-2\data\processed\01_DI_mr\01_DI_mr_019.jpg,C:\Users\kundu\OneDrive\Desktop\KMU-FED-2\data\processed\01_DI_mr\01_DI_mr_004.jpg,Disgust,Disgust,1,1,1,same_subject_pos
C:\Users\kundu\OneDrive\Desktop\KMU-FED-2\data\processed\12_DI_gu\12_DI_gu_124.jpg,C:\Users\kundu\OneDrive\Desktop\KMU-FED-2\data\processed\06_DI_dy\06_DI_dy_070.jpg,Disgust,Disgust,12,6,1,cross_subject_pos
C:\Users\kundu\OneDrive\Desktop\KMU-FED-2\data\processed\06_DI_dy\06_DI_dy_069.jpg,C:\Users\kundu\OneDrive\Desktop\KMU-FED-2\data\processed\12_DI_gu\12_DI_gu_129.jpg,Disgust,Disgust,6,12,1,cross_subject_pos
C:\Users\kundu\OneDrive\Desktop\KMU-FED-2\data\processed\05_DI_uj\05_DI_uj_037.jpg,C:\Users\kundu\OneDrive\Desktop\KMU-FED-2\data\processed\01_DI_mr\01_DI_mr_008.jpg,Disgust,Disgust,5,1,1,cross_subject_pos
C:\Users\kundu\OneDrive\Desktop\KMU-FED-2\data\processed\06_DI_dy\06_DI_dy_057.jpg,C:\Users\kundu\OneDrive\Desktop\KMU-FED-2\data\processed\12_DI_gu\12_DI_gu_123.jpg,Disgust,Disgust,6,12,1,cross_subject_pos
C:\Users\kundu\OneDrive\Desktop\KMU-FED-2\data\processed\12_AN_gu\12_AN_gu_189.jpg,C:\Users\kundu\OneDrive\Desktop\KMU-FED-2\data\processed\01_AN_mr\01_AN_mr_004.jpg,Anger,Anger,12,1,1,cross_subject_pos
C:\Users\kundu\OneDrive\Desktop\KMU-FED-2\data\processed\06_DI_dy\06_DI_dy_063.jpg,C:\Users\kundu\OneDrive\Desktop\KMU-FED-2\data\processed\10_SU_ko\10_SU_ko_117.jpg,Disgust,Surprise,6,10,0,negative
C:\Users\kundu\OneDrive\Desktop\KMU-FED-2\data\processed\07_FE_sw\07_FE_sw_130.jpg,C:\Users\kundu\OneDrive\Desktop\KMU-FED-2\data\processed\12_AN_gu\12_AN_gu_186.jpg,Fear,Anger,7,12,0,negative
C:\Users\kundu\OneDrive\Desktop\KMU-FED-2\data\processed\03_HA_s02\03_HA_s02_033.jpg,C:\Users\kundu\OneDrive\Desktop\KMU-FED-2\data\processed\06_DI_dy\06_DI_dy_069.jpg,Happiness,Disgust,3,6,0,negative
C:\Users\kundu\OneDrive\Desktop\KMU-FED-2\data\processed\05_FE_uj\05_FE_uj_095.jpg,C:\Users\kundu\OneDrive\Desktop\KMU-FED-2\data\processed\07_FE_sw\07_FE_sw_136.jpg,Fear,Fear,5,7,1,cross_subject_pos
C:\Users\kundu\OneDrive\Desktop\KMU-FED-2\data\processed\06_DI_dy\06_DI_dy_054.jpg,C:\Users\kundu\OneDrive\Desktop\KMU-FED-2\data\processed\06_SA_dy\06_SA_dy_071.jpg,Disgust,Sadness,6,6,0,negative
C:\Users\kundu\OneDrive\Desktop\KMU-FED-2\data\processed\07_FE_sw\07_FE_sw_135.jpg,C:\Users\kundu\OneDrive\Desktop\KMU-FED-2\data\processed\07_SA_sw\07_SA_sw_090.jpg,Fear,Sadness,7,7,0,negative
C:\Users\kundu\OneDrive\Desktop\KMU-FED-2\data\processed\12_SA_gu\12_SA_gu_166.jpg,C:\Users\kundu\OneDrive\Desktop\KMU-FED-2\data\processed\12_AN_gu\12_AN_gu_173.jpg,Sadness,Anger,12,12,0,negative
C:\Users\kundu\OneDrive\Desktop\KMU-FED-2\data\processed\06_SU_dy\06_SU_dy_081.jpg,C:\Users\kundu\OneDrive\Desktop\KMU-FED-2\data\processed\05_SU_uj\05_SU_uj_076.jpg,Surprise,Surprise,6,5,1,cross_subject_pos
C:\Users\kundu\OneDrive\Desktop\KMU-FED-2\data\processed\03_HA_s02\03_HA_s02_033.jpg,C:\Users\kundu\OneDrive\Desktop\KMU-FED-2\data\processed\05_HA_uj\05_HA_uj_079.jpg,Happiness,Happiness,3,5,1,cross_subject_pos
C:\Users\kundu\OneDrive\Desktop\KMU-FED-2\data\processed\05_FE_uj\05_FE_uj_089.jpg,C:\Users\kundu\OneDrive\Desktop\KMU-FED-2\data\processed\03_FE_s02\03_FE_s02_056.jpg,Fear,Fear,5,3,1,cross_subject_pos
C:\Users\kundu\OneDrive\Desktop\KMU-FED-2\data\processed\05_SU_uj\05_SU_uj_076.jpg,C:\Users\kundu\OneDrive\Desktop\KMU-FED-2\data\processed\09_HA_sj\09_HA_sj_156.jpg,Surprise,Happiness,5,9,0,negative
C:\Users\kundu\OneDrive\Desktop\KMU-FED-2\data\processed\06_HA_dy\06_HA_dy_093.jpg,C:\Users\kundu\OneDrive\Desktop\KMU-FED-2\data\processed\06_SA_dy\06_SA_dy_072.jpg,Happiness,Sadness,6,6,0,negative
C:\Users\kundu\OneDrive\Desktop\KMU-FED-2\data\processed\01_SU_mr\01_SU_mr_011.jpg,C:\Users\kundu\OneDrive\Desktop\KMU-FED-2\data\processed\05_SA_uj\05_SA_uj_060.jpg,Surprise,Sadness,1,5,0,negative
C:\Users\kundu\OneDrive\Desktop\KMU-FED-2\data\processed\03_FE_s02\03_FE_s02_047.jpg,C:\Users\kundu\OneDrive\Desktop\KMU-FED-2\data\processed\05_FE_uj\05_FE_uj_096.jpg,Fear,Fear,3,5,1,cross_subject_pos
C:\Users\kundu\OneDrive\Desktop\KMU-FED-2\data\processed\05_HA_uj\05_HA_uj_071.jpg,C:\Users\kundu\OneDrive\Desktop\KMU-FED-2\data\processed\01_DI_mr\01_DI_mr_006.jpg,Happiness,Disgust,5,1,0,negative
C:\Users\kundu\OneDrive\Desktop\KMU-FED-2\data\processed\05_FE_uj\05_FE_uj_099.jpg,C:\Users\kundu\OneDrive\Desktop\KMU-FED-2\data\processed\07_FE_sw\07_FE_sw_123.jpg,Fear,Fear,5,7,1,cross_subject_pos
C:\Users\kundu\OneDrive\Desktop\KMU-FED-2\data\processed\12_SA_gu\12_SA_gu_165.jpg,C:\Users\kundu\OneDrive\Desktop\KMU-FED-2\data\processed\10_DI_ko\10_DI_ko_091.jpg,Sadness,Disgust,12,10,0,negative
C:\Users\kundu\OneDrive\Desktop\KMU-FED-2\data\processed\06_DI_dy\06_DI_dy_064.jpg,C:\Users\kundu\OneDrive\Desktop\KMU-FED-2\data\processed\12_HA_gu\12_HA_gu_179.jpg,Disgust,Happiness,6,12,0,negative
C:\Users\kundu\OneDrive\Desktop\KMU-FED-2\data\processed\07_SU_sw\07_SU_sw_090.jpg,C:\Users\kundu\OneDrive\Desktop\KMU-FED-2\data\processed\07_SU_sw\07_SU_sw_086.jpg,Surprise,Surprise,7,7,1,same_subject_pos
C:\Users\kundu\OneDrive\Desktop\KMU-FED-2\data\processed\01_SU_mr\01_SU_mr_011.jpg,C:\Users\kundu\OneDrive\Desktop\KMU-FED-2\data\processed\03_SU_s02\03_SU_s02_041.jpg,Surprise,Surprise,1,3,1,cross_subject_pos
C:\Users\kundu\OneDrive\Desktop\KMU-FED-2\data\processed\03_HA_s02\03_HA_s02_038.jpg,C:\Users\kundu\OneDrive\Desktop\KMU-FED-2\data\processed\06_HA_dy\06_HA_dy_099.jpg,Happiness,Happiness,3,6,1,cross_subject_pos
C:\Users\kundu\OneDrive\Desktop\KMU-FED-2\data\processed\12_DI_gu\12_DI_gu_128.jpg,C:\Users\kundu\OneDrive\Desktop\KMU-FED-2\data\processed\10_SU_ko\10_SU_ko_118.jpg,Disgust,Surprise,12,10,0,negative
C:\Users\kundu\OneDrive\Desktop\KMU-FED-2\data\processed\10_DI_ko\10_DI_ko_099.jpg,C:\Users\kundu\OneDrive\Desktop\KMU-FED-2\data\processed\12_DI_gu\12_DI_gu_129.jpg,Disgust,Disgust,10,12,1,cross_subject_pos
C:\Users\kundu\OneDrive\Desktop\KMU-FED-2\data\processed\07_SA_sw\07_SA_sw_088.jpg,C:\Users\kundu\OneDrive\Desktop\KMU-FED-2\data\processed\03_SA_s02\03_SA_s02_038.jpg,Sadness,Sadness,7,3,1,cross_subject_pos
C:\Users\kundu\OneDrive\Desktop\KMU-FED-2\data\processed\05_SA_uj\05_SA_uj_061.jpg,C:\Users\kundu\OneDrive\Desktop\KMU-FED-2\data\processed\07_SA_sw\07_SA_sw_084.jpg,Sadness,Sadness,5,7,1,cross_subject_pos
C:\Users\kundu\OneDrive\Desktop\KMU-FED-2\data\processed\03_HA_s02\03_HA_s02_035.jpg,C:\Users\kundu\OneDrive\Desktop\KMU-FED-2\data\processed\09_HA_sj\09_HA_sj_154.jpg,Happiness,Happiness,3,9,1,cross_subject_pos
C:\Users\kundu\OneDrive\Desktop\KMU-FED-2\data\processed\09_SA_sj\09_SA_sj_113.jpg,C:\Users\kundu\OneDrive\Desktop\KMU-FED-2\data\processed\09_SA_sj\09_SA_sj_116.jpg,Sadness,Sadness,9,9,1,same_subject_pos
C:\Users\kundu\OneDrive\Desktop\KMU-FED-2\data\processed\07_AN_sw\07_AN_sw_094.jpg,C:\Users\kundu\OneDrive\Desktop\KMU-FED-2\data\processed\06_AN_dy\06_AN_dy_067.jpg,Anger,Anger,7,6,1,cross_subject_pos
C:\Users\kundu\OneDrive\Desktop\KMU-FED-2\data\processed\05_HA_uj\05_HA_uj_079.jpg,C:\Users\kundu\OneDrive\Desktop\KMU-FED-2\data\processed\10_HA_ko\10_HA_ko_190.jpg,Happiness,Happiness,5,10,1,cross_subject_pos
C:\Users\kundu\OneDrive\Desktop\KMU-FED-2\data\processed\12_AN_gu\12_AN_gu_182.jpg,C:\Users\kundu\OneDrive\Desktop\KMU-FED-2\data\processed\03_HA_s02\03_HA_s02_038.jpg,Anger,Happiness,12,3,0,negative
C:\Users\kundu\OneDrive\Desktop\KMU-FED-2\data\processed\03_SA_s02\03_SA_s02_029.jpg,C:\Users\kundu\OneDrive\Desktop\KMU-FED-2\data\processed\01_SA_mr\01_SA_mr_016.jpg,Sadness,Sadness,3,1,1,cross_subject_pos
C:\Users\kundu\OneDrive\Desktop\KMU-FED-2\data\processed\06_DI_dy\06_DI_dy_052.jpg,C:\Users\kundu\OneDrive\Desktop\KMU-FED-2\data\processed\01_DI_mr\01_DI_mr_019.jpg,Disgust,Disgust,6,1,1,cross_subject_pos
C:\Users\kundu\OneDrive\Desktop\KMU-FED-2\data\processed\07_HA_sw\07_HA_sw_123.jpg,C:\Users\kundu\OneDrive\Desktop\KMU-FED-2\data\processed\12_HA_gu\12_HA_gu_185.jpg,Happiness,Happiness,7,12,1,cross_subject_pos
C:\Users\kundu\OneDrive\Desktop\KMU-FED-2\data\processed\05_AN_uj\05_AN_uj_041.jpg,C:\Users\kundu\OneDrive\Desktop\KMU-FED-2\data\processed\06_SA_dy\06_SA_dy_083.jpg,Anger,Sadness,5,6,0,negative
C:\Users\kundu\OneDrive\Desktop\KMU-FED-2\data\processed\07_HA_sw\07_HA_sw_124.jpg,C:\Users\kundu\OneDrive\Desktop\KMU-FED-2\data\processed\01_AN_mr\01_AN_mr_005.jpg,Happiness,Anger,7,1,0,negative
C:\Users\kundu\OneDrive\Desktop\KMU-FED-2\data\processed\06_DI_dy\06_DI_dy_058.jpg,C:\Users\kundu\OneDrive\Desktop\KMU-FED-2\data\processed\01_DI_mr\01_DI_mr_013.jpg,Disgust,Disgust,6,1,1,cross_subject_pos
C:\Users\kundu\OneDrive\Desktop\KMU-FED-2\data\processed\03_SU_s02\03_SU_s02_051.jpg,C:\Users\kundu\OneDrive\Desktop\KMU-FED-2\data\processed\12_SA_gu\12_SA_gu_166.jpg,Surprise,Sadness,3,12,0,negative
C:\Users\kundu\OneDrive\Desktop\KMU-FED-2\data\processed\06_FE_dy\06_FE_dy_114.jpg,C:\Users\kundu\OneDrive\Desktop\KMU-FED-2\data\processed\05_FE_uj\05_FE_uj_095.jpg,Fear,Fear,6,5,1,cross_subject_pos
C:\Users\kundu\OneDrive\Desktop\KMU-FED-2\data\processed\05_SA_uj\05_SA_uj_063.jpg,C:\Users\kundu\OneDrive\Desktop\KMU-FED-2\data\processed\03_SU_s02\03_SU_s02_051.jpg,Sadness,Surprise,5,3,0,negative
C:\Users\kundu\OneDrive\Desktop\KMU-FED-2\data\processed\09_FE_sj\09_FE_sj_156.jpg,C:\Users\kundu\OneDrive\Desktop\KMU-FED-2\data\processed\07_AN_sw\07_AN_sw_096.jpg,Fear,Anger,9,7,0,negative
C:\Users\kundu\OneDrive\Desktop\KMU-FED-2\data\processed\03_SU_s02\03_SU_s02_058.jpg,C:\Users\kundu\OneDrive\Desktop\KMU-FED-2\data\processed\09_SA_sj\09_SA_sj_117.jpg,Surprise,Sadness,3,9,0,negative
C:\Users\kundu\OneDrive\Desktop\KMU-FED-2\data\processed\09_HA_sj\09_HA_sj_153.jpg,C:\Users\kundu\OneDrive\Desktop\KMU-FED-2\data\processed\01_SA_mr\01_SA_mr_017.jpg,Happiness,Sadness,9,1,0,negative
C:\Users\kundu\OneDrive\Desktop\KMU-FED-2\data\processed\09_AN_sj\09_AN_sj_131.jpg,C:\Users\kundu\OneDrive\Desktop\KMU-FED-2\data\processed\12_AN_gu\12_AN_gu_176.jpg,Anger,Anger,9,12,1,cross_subject_pos
C:\Users\kundu\OneDrive\Desktop\KMU-FED-2\data\processed\01_FE_mr\01_FE_mr_020.jpg,C:\Users\kundu\OneDrive\Desktop\KMU-FED-2\data\processed\07_HA_sw\07_HA_sw_112.jpg,Fear,Happiness,1,7,0,negative
C:\Users\kundu\OneDrive\Desktop\KMU-FED-2\data\processed\07_AN_sw\07_AN_sw_091.jpg,C:\Users\kundu\OneDrive\Desktop\KMU-FED-2\data\processed\01_HA_mr\01_HA_mr_004.jpg,Anger,Happiness,7,1,0,negative
C:\Users\kundu\OneDrive\Desktop\KMU-FED-2\data\processed\12_HA_gu\12_HA_gu_188.jpg,C:\Users\kundu\OneDrive\Desktop\KMU-FED-2\data\processed\06_HA_dy\06_HA_dy_101.jpg,Happiness,Happiness,12,6,1,cross_subject_pos
C:\Users\kundu\OneDrive\Desktop\KMU-FED-2\data\processed\01_FE_mr\01_FE_mr_012.jpg,C:\Users\kundu\OneDrive\Desktop\KMU-FED-2\data\processed\10_SU_ko\10_SU_ko_116.jpg,Fear,Surprise,1,10,0,negative
C:\Users\kundu\OneDrive\Desktop\KMU-FED-2\data\processed\06_DI_dy\06_DI_dy_062.jpg,C:\Users\kundu\OneDrive\Desktop\KMU-FED-2\data\processed\09_HA_sj\09_HA_sj_166.jpg,Disgust,Happiness,6,9,0,negative
C:\Users\kundu\OneDrive\Desktop\KMU-FED-2\data\processed\09_AN_sj\09_AN_sj_128.jpg,C:\Users\kundu\OneDrive\Desktop\KMU-FED-2\data\processed\07_HA_sw\07_HA_sw_126.jpg,Anger,Happiness,9,7,0,negative
C:\Users\kundu\OneDrive\Desktop\KMU-FED-2\data\processed\03_SA_s02\03_SA_s02_034.jpg,C:\Users\kundu\OneDrive\Desktop\KMU-FED-2\data\processed\12_SA_gu\12_SA_gu_165.jpg,Sadness,Sadness,3,12,1,cross_subject_pos
C:\Users\kundu\OneDrive\Desktop\KMU-FED-2\data\processed\06_FE_dy\06_FE_dy_113.jpg,C:\Users\kundu\OneDrive\Desktop\KMU-FED-2\data\processed\03_SA_s02\03_SA_s02_039.jpg,Fear,Sadness,6,3,0,negative
C:\Users\kundu\OneDrive\Desktop\KMU-FED-2\data\processed\03_AN_s02\03_AN_s02_037.jpg,C:\Users\kundu\OneDrive\Desktop\KMU-FED-2\data\processed\07_AN_sw\07_AN_sw_091.jpg,Anger,Anger,3,7,1,cross_subject_pos
C:\Users\kundu\OneDrive\Desktop\KMU-FED-2\data\processed\09_SA_sj\09_SA_sj_116.jpg,C:\Users\kundu\OneDrive\Desktop\KMU-FED-2\data\processed\12_SA_gu\12_SA_gu_157.jpg,Sadness,Sadness,9,12,1,cross_subject_pos
C:\Users\kundu\OneDrive\Desktop\KMU-FED-2\data\processed\12_DI_gu\12_DI_gu_123.jpg,C:\Users\kundu\OneDrive\Desktop\KMU-FED-2\data\processed\01_DI_mr\01_DI_mr_005.jpg,Disgust,Disgust,12,1,1,cross_subject_pos
C:\Users\kundu\OneDrive\Desktop\KMU-FED-2\data\processed\06_HA_dy\06_HA_dy_104.jpg,C:\Users\kundu\OneDrive\Desktop\KMU-FED-2\data\processed\03_FE_s02\03_FE_s02_041.jpg,Happiness,Fear,6,3,0,negative
C:\Users\kundu\OneDrive\Desktop\KMU-FED-2\data\processed\01_DI_mr\01_DI_mr_018.jpg,C:\Users\kundu\OneDrive\Desktop\KMU-FED-2\data\processed\01_DI_mr\01_DI_mr_014.jpg,Disgust,Disgust,1,1,1,same_subject_pos
C:\Users\kundu\OneDrive\Desktop\KMU-FED-2\data\processed\01_HA_mr\01_HA_mr_001.jpg,C:\Users\kundu\OneDrive\Desktop\KMU-FED-2\data\processed\12_HA_gu\12_HA_gu_173.jpg,Happiness,Happiness,1,12,1,cross_subject_pos
C:\Users\kundu\OneDrive\Desktop\KMU-FED-2\data\processed\12_SA_gu\12_SA_gu_160.jpg,C:\Users\kundu\OneDrive\Desktop\KMU-FED-2\data\processed\12_SA_gu\12_SA_gu_168.jpg,Sadness,Sadness,12,12,1,same_subject_pos
C:\Users\kundu\OneDrive\Desktop\KMU-FED-2\data\processed\06_SU_dy\06_SU_dy_097.jpg,C:\Users\kundu\OneDrive\Desktop\KMU-FED-2\data\processed\06_SU_dy\06_SU_dy_088.jpg,Surprise,Surprise,6,6,1,same_subject_pos
C:\Users\kundu\OneDrive\Desktop\KMU-FED-2\data\processed\01_SU_mr\01_SU_mr_008.jpg,C:\Users\kundu\OneDrive\Desktop\KMU-FED-2\data\processed\09_SU_sj\09_SU_sj_108.jpg,Surprise,Surprise,1,9,1,cross_subject_pos
C:\Users\kundu\OneDrive\Desktop\KMU-FED-2\data\processed\09_HA_sj\09_HA_sj_158.jpg,C:\Users\kundu\OneDrive\Desktop\KMU-FED-2\data\processed\03_HA_s02\03_HA_s02_032.jpg,Happiness,Happiness,9,3,1,cross_subject_pos
C:\Users\kundu\OneDrive\Desktop\KMU-FED-2\data\processed\01_SA_mr\01_SA_mr_010.jpg,C:\Users\kundu\OneDrive\Desktop\KMU-FED-2\data\processed\10_SU_ko\10_SU_ko_123.jpg,Sadness,Surprise,1,10,0,negative
C:\Users\kundu\OneDrive\Desktop\KMU-FED-2\data\processed\10_HA_ko\10_HA_ko_173.jpg,C:\Users\kundu\OneDrive\Desktop\KMU-FED-2\data\processed\05_HA_uj\05_HA_uj_076.jpg,Happiness,Happiness,10,5,1,cross_subject_pos
C:\Users\kundu\OneDrive\Desktop\KMU-FED-2\data\processed\01_AN_mr\01_AN_mr_012.jpg,C:\Users\kundu\OneDrive\Desktop\KMU-FED-2\data\processed\03_AN_s02\03_AN_s02_036.jpg,Anger,Anger,1,3,1,cross_subject_pos
C:\Users\kundu\OneDrive\Desktop\KMU-FED-2\data\processed\10_SU_ko\10_SU_ko_121.jpg,C:\Users\kundu\OneDrive\Desktop\KMU-FED-2\data\processed\05_SA_uj\05_SA_uj_058.jpg,Surprise,Sadness,10,5,0,negative
C:\Users\kundu\OneDrive\Desktop\KMU-FED-2\data\processed\06_SU_dy\06_SU_dy_094.jpg,C:\Users\kundu\OneDrive\Desktop\KMU-FED-2\data\processed\05_SU_uj\05_SU_uj_077.jpg,Surprise,Surprise,6,5,1,cross_subject_pos
C:\Users\kundu\OneDrive\Desktop\KMU-FED-2\data\processed\01_DI_mr\01_DI_mr_015.jpg,C:\Users\kundu\OneDrive\Desktop\KMU-FED-2\data\processed\07_HA_sw\07_HA_sw_119.jpg,Disgust,Happiness,1,7,0,negative
C:\Users\kundu\OneDrive\Desktop\KMU-FED-2\data\processed\09_SU_sj\09_SU_sj_104.jpg,C:\Users\kundu\OneDrive\Desktop\KMU-FED-2\data\processed\03_SU_s02\03_SU_s02_060.jpg,Surprise,Surprise,9,3,1,cross_subject_pos
C:\Users\kundu\OneDrive\Desktop\KMU-FED-2\data\processed\01_DI_mr\01_DI_mr_009.jpg,C:\Users\kundu\OneDrive\Desktop\KMU-FED-2\data\processed\10_DI_ko\10_DI_ko_094.jpg,Disgust,Disgust,1,10,1,cross_subject_pos
C:\Users\kundu\OneDrive\Desktop\KMU-FED-2\data\processed\12_DI_gu\12_DI_gu_126.jpg,C:\Users\kundu\OneDrive\Desktop\KMU-FED-2\data\processed\10_SU_ko\10_SU_ko_116.jpg,Disgust,Surprise,12,10,0,negative
C:\Users\kundu\OneDrive\Desktop\KMU-FED-2\data\processed\10_FE_ko\10_FE_ko_164.jpg,C:\Users\kundu\OneDrive\Desktop\KMU-FED-2\data\processed\01_HA_mr\01_HA_mr_012.jpg,Fear,Happiness,10,1,0,negative
C:\Users\kundu\OneDrive\Desktop\KMU-FED-2\data\processed\09_SA_sj\09_SA_sj_119.jpg,C:\Users\kundu\OneDrive\Desktop\KMU-FED-2\data\processed\07_SA_sw\07_SA_sw_085.jpg,Sadness,Sadness,9,7,1,cross_subject_pos
C:\Users\kundu\OneDrive\Desktop\KMU-FED-2\data\processed\01_HA_mr\01_HA_mr_018.jpg,C:\Users\kundu\OneDrive\Desktop\KMU-FED-2\data\processed\09_AN_sj\09_AN_sj_130.jpg,Happiness,Anger,1,9,0,negative
C:\Users\kundu\OneDrive\Desktop\KMU-FED-2\data\processed\01_SA_mr\01_SA_mr_010.jpg,C:\Users\kundu\OneDrive\Desktop\KMU-FED-2\data\processed\06_DI_dy\06_DI_dy_067.jpg,Sadness,Disgust,1,6,0,negative
C:\Users\kundu\OneDrive\Desktop\KMU-FED-2\data\processed\12_AN_gu\12_AN_gu_172.jpg,C:\Users\kundu\OneDrive\Desktop\KMU-FED-2\data\processed\03_AN_s02\03_AN_s02_040.jpg,Anger,Anger,12,3,1,cross_subject_pos
C:\Users\kundu\OneDrive\Desktop\KMU-FED-2\data\processed\10_FE_ko\10_FE_ko_175.jpg,C:\Users\kundu\OneDrive\Desktop\KMU-FED-2\data\processed\07_FE_sw\07_FE_sw_123.jpg,Fear,Fear,10,7,1,cross_subject_pos
C:\Users\kundu\OneDrive\Desktop\KMU-FED-2\data\processed\12_DI_gu\12_DI_gu_130.jpg,C:\Users\kundu\OneDrive\Desktop\KMU-FED-2\data\processed\01_DI_mr\01_DI_mr_008.jpg,Disgust,Disgust,12,1,1,cross_subject_pos
C:\Users\kundu\OneDrive\Desktop\KMU-FED-2\data\processed\01_DI_mr\01_DI_mr_004.jpg,C:\Users\kundu\OneDrive\Desktop\KMU-FED-2\data\processed\07_FE_sw\07_FE_sw_136.jpg,Disgust,Fear,1,7,0,negative
C:\Users\kundu\OneDrive\Desktop\KMU-FED-2\data\processed\10_SU_ko\10_SU_ko_111.jpg,C:\Users\kundu\OneDrive\Desktop\KMU-FED-2\data\processed\12_AN_gu\12_AN_gu_171.jpg,Surprise,Anger,10,12,0,negative
C:\Users\kundu\OneDrive\Desktop\KMU-FED-2\data\processed\01_DI_mr\01_DI_mr_010.jpg,C:\Users\kundu\OneDrive\Desktop\KMU-FED-2\data\processed\07_FE_sw\07_FE_sw_134.jpg,Disgust,Fear,1,7,0,negative
C:\Users\kundu\OneDrive\Desktop\KMU-FED-2\data\processed\06_FE_dy\06_FE_dy_105.jpg,C:\Users\kundu\OneDrive\Desktop\KMU-FED-2\data\processed\03_SU_s02\03_SU_s02_042.jpg,Fear,Surprise,6,3,0,negative
C:\Users\kundu\OneDrive\Desktop\KMU-FED-2\data\processed\06_DI_dy\06_DI_dy_055.jpg,C:\Users\kundu\OneDrive\Desktop\KMU-FED-2\data\processed\07_HA_sw\07_HA_sw_112.jpg,Disgust,Happiness,6,7,0,negative
C:\Users\kundu\OneDrive\Desktop\KMU-FED-2\data\processed\03_HA_s02\03_HA_s02_049.jpg,C:\Users\kundu\OneDrive\Desktop\KMU-FED-2\data\processed\10_HA_ko\10_HA_ko_186.jpg,Happiness,Happiness,3,10,1,cross_subject_pos
C:\Users\kundu\OneDrive\Desktop\KMU-FED-2\data\processed\10_SU_ko\10_SU_ko_123.jpg,C:\Users\kundu\OneDrive\Desktop\KMU-FED-2\data\processed\06_SU_dy\06_SU_dy_091.jpg,Surprise,Surprise,10,6,1,cross_subject_pos
C:\Users\kundu\OneDrive\Desktop\KMU-FED-2\data\processed\01_AN_mr\01_AN_mr_019.jpg,C:\Users\kundu\OneDrive\Desktop\KMU-FED-2\data\processed\01_AN_mr\01_AN_mr_016.jpg,Anger,Anger,1,1,1,same_subject_pos
C:\Users\kundu\OneDrive\Desktop\KMU-FED-2\data\processed\05_DI_uj\05_DI_uj_031.jpg,C:\Users\kundu\OneDrive\Desktop\KMU-FED-2\data\processed\03_AN_s02\03_AN_s02_033.jpg,Disgust,Anger,5,3,0,negative
C:\Users\kundu\OneDrive\Desktop\KMU-FED-2\data\processed\12_DI_gu\12_DI_gu_129.jpg,C:\Users\kundu\OneDrive\Desktop\KMU-FED-2\data\processed\06_DI_dy\06_DI_dy_051.jpg,Disgust,Disgust,12,6,1,cross_subject_pos
C:\Users\kundu\OneDrive\Desktop\KMU-FED-2\data\processed\01_SU_mr\01_SU_mr_018.jpg,C:\Users\kundu\OneDrive\Desktop\KMU-FED-2\data\processed\06_SU_dy\06_SU_dy_097.jpg,Surprise,Surprise,1,6,1,cross_subject_pos
C:\Users\kundu\OneDrive\Desktop\KMU-FED-2\data\processed\03_HA_s02\03_HA_s02_045.jpg,C:\Users\kundu\OneDrive\Desktop\KMU-FED-2\data\processed\03_SU_s02\03_SU_s02_054.jpg,Happiness,Surprise,3,3,0,negative
C:\Users\kundu\OneDrive\Desktop\KMU-FED-2\data\processed\06_SU_dy\06_SU_dy_096.jpg,C:\Users\kundu\OneDrive\Desktop\KMU-FED-2\data\processed\05_SU_uj\05_SU_uj_076.jpg,Surprise,Surprise,6,5,1,cross_subject_pos
C:\Users\kundu\OneDrive\Desktop\KMU-FED-2\data\processed\03_SA_s02\03_SA_s02_035.jpg,C:\Users\kundu\OneDrive\Desktop\KMU-FED-2\data\processed\10_DI_ko\10_DI_ko_091.jpg,Sadness,Disgust,3,10,0,negative
C:\Users\kundu\OneDrive\Desktop\KMU-FED-2\data\processed\07_FE_sw\07_FE_sw_136.jpg,C:\Users\kundu\OneDrive\Desktop\KMU-FED-2\data\processed\05_FE_uj\05_FE_uj_084.jpg,Fear,Fear,7,5,1,cross_subject_pos
C:\Users\kundu\OneDrive\Desktop\KMU-FED-2\data\processed\01_DI_mr\01_DI_mr_008.jpg,C:\Users\kundu\OneDrive\Desktop\KMU-FED-2\data\processed\06_DI_dy\06_DI_dy_063.jpg,Disgust,Disgust,1,6,1,cross_subject_pos
C:\Users\kundu\OneDrive\Desktop\KMU-FED-2\data\processed\06_AN_dy\06_AN_dy_077.jpg,C:\Users\kundu\OneDrive\Desktop\KMU-FED-2\data\processed\09_AN_sj\09_AN_sj_137.jpg,Anger,Anger,6,9,1,cross_subject_pos
C:\Users\kundu\OneDrive\Desktop\KMU-FED-2\data\processed\03_SA_s02\03_SA_s02_038.jpg,C:\Users\kundu\OneDrive\Desktop\KMU-FED-2\data\processed\12_SA_gu\12_SA_gu_152.jpg,Sadness,Sadness,3,12,1,cross_subject_pos
C:\Users\kundu\OneDrive\Desktop\KMU-FED-2\data\processed\01_HA_mr\01_HA_mr_005.jpg,C:\Users\kundu\OneDrive\Desktop\KMU-FED-2\data\processed\09_HA_sj\09_HA_sj_153.jpg,Happiness,Happiness,1,9,1,cross_subject_pos
C:\Users\kundu\OneDrive\Desktop\KMU-FED-2\data\processed\06_DI_dy\06_DI_dy_062.jpg,C:\Users\kundu\OneDrive\Desktop\KMU-FED-2\data\processed\06_DI_dy\06_DI_dy_061.jpg,Disgust,Disgust,6,6,1,same_subject_pos
C:\Users\kundu\OneDrive\Desktop\KMU-FED-2\data\processed\10_SU_ko\10_SU_ko_113.jpg,C:\Users\kundu\OneDrive\Desktop\KMU-FED-2\data\processed\10_HA_ko\10_HA_ko_172.jpg,Surprise,Happiness,10,10,0,negative
C:\Users\kundu\OneDrive\Desktop\KMU-FED-2\data\processed\06_FE_dy\06_FE_dy_108.jpg,C:\Users\kundu\OneDrive\Desktop\KMU-FED-2\data\processed\06_FE_dy\06_FE_dy_105.jpg,Fear,Fear,6,6,1,same_subject_pos
C:\Users\kundu\OneDrive\Desktop\KMU-FED-2\data\processed\03_HA_s02\03_HA_s02_045.jpg,C:\Users\kundu\OneDrive\Desktop\KMU-FED-2\data\processed\12_DI_gu\12_DI_gu_122.jpg,Happiness,Disgust,3,12,0,negative
C:\Users\kundu\OneDrive\Desktop\KMU-FED-2\data\processed\01_HA_mr\01_HA_mr_012.jpg,C:\Users\kundu\OneDrive\Desktop\KMU-FED-2\data\processed\06_SA_dy\06_SA_dy_073.jpg,Happiness,Sadness,1,6,0,negative
C:\Users\kundu\OneDrive\Desktop\KMU-FED-2\data\processed\12_HA_gu\12_HA_gu_185.jpg,C:\Users\kundu\OneDrive\Desktop\KMU-FED-2\data\processed\06_SU_dy\06_SU_dy_092.jpg,Happiness,Surprise,12,6,0,negative
C:\Users\kundu\OneDrive\Desktop\KMU-FED-2\data\processed\01_DI_mr\01_DI_mr_005.jpg,C:\Users\kundu\OneDrive\Desktop\KMU-FED-2\data\processed\01_SA_mr\01_SA_mr_017.jpg,Disgust,Sadness,1,1,0,negative
C:\Users\kundu\OneDrive\Desktop\KMU-FED-2\data\processed\03_AN_s02\03_AN_s02_037.jpg,C:\Users\kundu\OneDrive\Desktop\KMU-FED-2\data\processed\12_AN_gu\12_AN_gu_188.jpg,Anger,Anger,3,12,1,cross_subject_pos
C:\Users\kundu\OneDrive\Desktop\KMU-FED-2\data\processed\10_SU_ko\10_SU_ko_111.jpg,C:\Users\kundu\OneDrive\Desktop\KMU-FED-2\data\processed\10_SU_ko\10_SU_ko_121.jpg,Surprise,Surprise,10,10,1,same_subject_pos
C:\Users\kundu\OneDrive\Desktop\KMU-FED-2\data\processed\01_HA_mr\01_HA_mr_005.jpg,C:\Users\kundu\OneDrive\Desktop\KMU-FED-2\data\processed\03_HA_s02\03_HA_s02_042.jpg,Happiness,Happiness,1,3,1,cross_subject_pos
C:\Users\kundu\OneDrive\Desktop\KMU-FED-2\data\processed\07_SU_sw\07_SU_sw_091.jpg,C:\Users\kundu\OneDrive\Desktop\KMU-FED-2\data\processed\06_SU_dy\06_SU_dy_094.jpg,Surprise,Surprise,7,6,1,cross_subject_pos
C:\Users\kundu\OneDrive\Desktop\KMU-FED-2\data\processed\05_AN_uj\05_AN_uj_046.jpg,C:\Users\kundu\OneDrive\Desktop\KMU-FED-2\data\processed\07_AN_sw\07_AN_sw_096.jpg,Anger,Anger,5,7,1,cross_subject_pos
C:\Users\kundu\OneDrive\Desktop\KMU-FED-2\data\processed\06_DI_dy\06_DI_dy_067.jpg,C:\Users\kundu\OneDrive\Desktop\KMU-FED-2\data\processed\06_AN_dy\06_AN_dy_061.jpg,Disgust,Anger,6,6,0,negative
C:\Users\kundu\OneDrive\Desktop\KMU-FED-2\data\processed\10_DI_ko\10_DI_ko_094.jpg,C:\Users\kundu\OneDrive\Desktop\KMU-FED-2\data\processed\10_DI_ko\10_DI_ko_099.jpg,Disgust,Disgust,10,10,1,same_subject_pos
C:\Users\kundu\OneDrive\Desktop\KMU-FED-2\data\processed\05_SU_uj\05_SU_uj_069.jpg,C:\Users\kundu\OneDrive\Desktop\KMU-FED-2\data\processed\03_SU_s02\03_SU_s02_042.jpg,Surprise,Surprise,5,3,1,cross_subject_pos
C:\Users\kundu\OneDrive\Desktop\KMU-FED-2\data\processed\06_SA_dy\06_SA_dy_075.jpg,C:\Users\kundu\OneDrive\Desktop\KMU-FED-2\data\processed\07_FE_sw\07_FE_sw_129.jpg,Sadness,Fear,6,7,0,negative
C:\Users\kundu\OneDrive\Desktop\KMU-FED-2\data\processed\10_HA_ko\10_HA_ko_186.jpg,C:\Users\kundu\OneDrive\Desktop\KMU-FED-2\data\processed\01_SU_mr\01_SU_mr_016.jpg,Happiness,Surprise,10,1,0,negative
C:\Users\kundu\OneDrive\Desktop\KMU-FED-2\data\processed\05_FE_uj\05_FE_uj_091.jpg,C:\Users\kundu\OneDrive\Desktop\KMU-FED-2\data\processed\05_AN_uj\05_AN_uj_060.jpg,Fear,Anger,5,5,0,negative
C:\Users\kundu\OneDrive\Desktop\KMU-FED-2\data\processed\12_DI_gu\12_DI_gu_128.jpg,C:\Users\kundu\OneDrive\Desktop\KMU-FED-2\data\processed\10_SU_ko\10_SU_ko_119.jpg,Disgust,Surprise,12,10,0,negative
C:\Users\kundu\OneDrive\Desktop\KMU-FED-2\data\processed\01_SU_mr\01_SU_mr_007.jpg,C:\Users\kundu\OneDrive\Desktop\KMU-FED-2\data\processed\10_SU_ko\10_SU_ko_111.jpg,Surprise,Surprise,1,10,1,cross_subject_pos
C:\Users\kundu\OneDrive\Desktop\KMU-FED-2\data\processed\03_HA_s02\03_HA_s02_036.jpg,C:\Users\kundu\OneDrive\Desktop\KMU-FED-2\data\processed\07_SA_sw\07_SA_sw_071.jpg,Happiness,Sadness,3,7,0,negative
C:\Users\kundu\OneDrive\Desktop\KMU-FED-2\data\processed\12_HA_gu\12_HA_gu_179.jpg,C:\Users\kundu\OneDrive\Desktop\KMU-FED-2\data\processed\01_SU_mr\01_SU_mr_005.jpg,Happiness,Surprise,12,1,0,negative
C:\Users\kundu\OneDrive\Desktop\KMU-FED-2\data\processed\05_FE_uj\05_FE_uj_092.jpg,C:\Users\kundu\OneDrive\Desktop\KMU-FED-2\data\processed\03_FE_s02\03_FE_s02_055.jpg,Fear,Fear,5,3,1,cross_subject_pos
C:\Users\kundu\OneDrive\Desktop\KMU-FED-2\data\processed\03_HA_s02\03_HA_s02_042.jpg,C:\Users\kundu\OneDrive\Desktop\KMU-FED-2\data\processed\07_FE_sw\07_FE_sw_128.jpg,Happiness,Fear,3,7,0,negative
C:\Users\kundu\OneDrive\Desktop\KMU-FED-2\data\processed\01_DI_mr\01_DI_mr_017.jpg,C:\Users\kundu\OneDrive\Desktop\KMU-FED-2\data\processed\06_SA_dy\06_SA_dy_076.jpg,Disgust,Sadness,1,6,0,negative
C:\Users\kundu\OneDrive\Desktop\KMU-FED-2\data\processed\09_HA_sj\09_HA_sj_165.jpg,C:\Users\kundu\OneDrive\Desktop\KMU-FED-2\data\processed\01_HA_mr\01_HA_mr_016.jpg,Happiness,Happiness,9,1,1,cross_subject_pos
C:\Users\kundu\OneDrive\Desktop\KMU-FED-2\data\processed\05_DI_uj\05_DI_uj_039.jpg,C:\Users\kundu\OneDrive\Desktop\KMU-FED-2\data\processed\06_DI_dy\06_DI_dy_059.jpg,Disgust,Disgust,5,6,1,cross_subject_pos
C:\Users\kundu\OneDrive\Desktop\KMU-FED-2\data\processed\06_SU_dy\06_SU_dy_095.jpg,C:\Users\kundu\OneDrive\Desktop\KMU-FED-2\data\processed\07_SU_sw\07_SU_sw_088.jpg,Surprise,Surprise,6,7,1,cross_subject_pos
C:\Users\kundu\OneDrive\Desktop\KMU-FED-2\data\processed\06_SA_dy\06_SA_dy_077.jpg,C:\Users\kundu\OneDrive\Desktop\KMU-FED-2\data\processed\06_FE_dy\06_FE_dy_108.jpg,Sadness,Fear,6,6,0,negative
C:\Users\kundu\OneDrive\Desktop\KMU-FED-2\data\processed\07_SA_sw\07_SA_sw_079.jpg,C:\Users\kundu\OneDrive\Desktop\KMU-FED-2\data\processed\09_SA_sj\09_SA_sj_115.jpg,Sadness,Sadness,7,9,1,cross_subject_pos
C:\Users\kundu\OneDrive\Desktop\KMU-FED-2\data\processed\09_HA_sj\09_HA_sj_155.jpg,C:\Users\kundu\OneDrive\Desktop\KMU-FED-2\data\processed\05_FE_uj\05_FE_uj_097.jpg,Happiness,Fear,9,5,0,negative
C:\Users\kundu\OneDrive\Desktop\KMU-FED-2\data\processed\12_SA_gu\12_SA_gu_154.jpg,C:\Users\kundu\OneDrive\Desktop\KMU-FED-2\data\processed\09_SA_sj\09_SA_sj_116.jpg,Sadness,Sadness,12,9,1,cross_subject_pos
C:\Users\kundu\OneDrive\Desktop\KMU-FED-2\data\processed\10_DI_ko\10_DI_ko_095.jpg,C:\Users\kundu\OneDrive\Desktop\KMU-FED-2\data\processed\05_DI_uj\05_DI_uj_034.jpg,Disgust,Disgust,10,5,1,cross_subject_pos
C:\Users\kundu\OneDrive\Desktop\KMU-FED-2\data\processed\03_SA_s02\03_SA_s02_035.jpg,C:\Users\kundu\OneDrive\Desktop\KMU-FED-2\data\processed\07_SA_sw\07_SA_sw_090.jpg,Sadness,Sadness,3,7,1,cross_subject_pos
C:\Users\kundu\OneDrive\Desktop\KMU-FED-2\data\processed\05_SU_uj\05_SU_uj_068.jpg,C:\Users\kundu\OneDrive\Desktop\KMU-FED-2\data\processed\06_SU_dy\06_SU_dy_100.jpg,Surprise,Surprise,5,6,1,cross_subject_pos
C:\Users\kundu\OneDrive\Desktop\KMU-FED-2\data\processed\10_AN_ko\10_AN_ko_142.jpg,C:\Users\kundu\OneDrive\Desktop\KMU-FED-2\data\processed\03_AN_s02\03_AN_s02_038.jpg,Anger,Anger,10,3,1,cross_subject_pos
C:\Users\kundu\OneDrive\Desktop\KMU-FED-2\data\processed\03_AN_s02\03_AN_s02_038.jpg,C:\Users\kundu\OneDrive\Desktop\KMU-FED-2\data\processed\01_SA_mr\01_SA_mr_007.jpg,Anger,Sadness,3,1,0,negative
C:\Users\kundu\OneDrive\Desktop\KMU-FED-2\data\processed\09_SA_sj\09_SA_sj_115.jpg,C:\Users\kundu\OneDrive\Desktop\KMU-FED-2\data\processed\01_HA_mr\01_HA_mr_012.jpg,Sadness,Happiness,9,1,0,negative
C:\Users\kundu\OneDrive\Desktop\KMU-FED-2\data\processed\05_AN_uj\05_AN_uj_041.jpg,C:\Users\kundu\OneDrive\Desktop\KMU-FED-2\data\processed\12_HA_gu\12_HA_gu_176.jpg,Anger,Happiness,5,12,0,negative
C:\Users\kundu\OneDrive\Desktop\KMU-FED-2\data\processed\01_FE_mr\01_FE_mr_018.jpg,C:\Users\kundu\OneDrive\Desktop\KMU-FED-2\data\processed\10_FE_ko\10_FE_ko_179.jpg,Fear,Fear,1,10,1,cross_subject_pos
C:\Users\kundu\OneDrive\Desktop\KMU-FED-2\data\processed\06_HA_dy\06_HA_dy_101.jpg,C:\Users\kundu\OneDrive\Desktop\KMU-FED-2\data\processed\01_FE_mr\01_FE_mr_020.jpg,Happiness,Fear,6,1,0,negative
C:\Users\kundu\OneDrive\Desktop\KMU-FED-2\data\processed\07_FE_sw\07_FE_sw_133.jpg,C:\Users\kundu\OneDrive\Desktop\KMU-FED-2\data\processed\03_HA_s02\03_HA_s02_043.jpg,Fear,Happiness,7,3,0,negative
C:\Users\kundu\OneDrive\Desktop\KMU-FED-2\data\processed\05_AN_uj\05_AN_uj_054.jpg,C:\Users\kundu\OneDrive\Desktop\KMU-FED-2\data\processed\10_FE_ko\10_FE_ko_176.jpg,Anger,Fear,5,10,0,negative
C:\Users\kundu\OneDrive\Desktop\KMU-FED-2\data\processed\12_HA_gu\12_HA_gu_179.jpg,C:\Users\kundu\OneDrive\Desktop\KMU-FED-2\data\processed\07_AN_sw\07_AN_sw_089.jpg,Happiness,Anger,12,7,0,negative
C:\Users\kundu\OneDrive\Desktop\KMU-FED-2\data\processed\01_DI_mr\01_DI_mr_006.jpg,C:\Users\kundu\OneDrive\Desktop\KMU-FED-2\data\processed\05_SA_uj\05_SA_uj_056.jpg,Disgust,Sadness,1,5,0,negative
C:\Users\kundu\OneDrive\Desktop\KMU-FED-2\data\processed\10_FE_ko\10_FE_ko_163.jpg,C:\Users\kundu\OneDrive\Desktop\KMU-FED-2\data\processed\01_AN_mr\01_AN_mr_007.jpg,Fear,Anger,10,1,0,negative
C:\Users\kundu\OneDrive\Desktop\KMU-FED-2\data\processed\07_SU_sw\07_SU_sw_095.jpg,C:\Users\kundu\OneDrive\Desktop\KMU-FED-2\data\processed\09_FE_sj\09_FE_sj_160.jpg,Surprise,Fear,7,9,0,negative
C:\Users\kundu\OneDrive\Desktop\KMU-FED-2\data\processed\09_SU_sj\09_SU_sj_109.jpg,C:\Users\kundu\OneDrive\Desktop\KMU-FED-2\data\processed\01_SU_mr\01_SU_mr_018.jpg,Surprise,Surprise,9,1,1,cross_subject_pos
C:\Users\kundu\OneDrive\Desktop\KMU-FED-2\data\processed\03_HA_s02\03_HA_s02_044.jpg,C:\Users\kundu\OneDrive\Desktop\KMU-FED-2\data\processed\09_SU_sj\09_SU_sj_101.jpg,Happiness,Surprise,3,9,0,negative
C:\Users\kundu\OneDrive\Desktop\KMU-FED-2\data\processed\10_FE_ko\10_FE_ko_170.jpg,C:\Users\kundu\OneDrive\Desktop\KMU-FED-2\data\processed\10_FE_ko\10_FE_ko_171.jpg,Fear,Fear,10,10,1,same_subject_pos
C:\Users\kundu\OneDrive\Desktop\KMU-FED-2\data\processed\01_HA_mr\01_HA_mr_019.jpg,C:\Users\kundu\OneDrive\Desktop\KMU-FED-2\data\processed\01_HA_mr\01_HA_mr_009.jpg,Happiness,Happiness,1,1,1,same_subject_pos
C:\Users\kundu\OneDrive\Desktop\KMU-FED-2\data\processed\07_SU_sw\07_SU_sw_099.jpg,C:\Users\kundu\OneDrive\Desktop\KMU-FED-2\data\processed\06_DI_dy\06_DI_dy_061.jpg,Surprise,Disgust,7,6,0,negative
C:\Users\kundu\OneDrive\Desktop\KMU-FED-2\data\processed\05_DI_uj\05_DI_uj_037.jpg,C:\Users\kundu\OneDrive\Desktop\KMU-FED-2\data\processed\09_SA_sj\09_SA_sj_111.jpg,Disgust,Sadness,5,9,0,negative
C:\Users\kundu\OneDrive\Desktop\KMU-FED-2\data\processed\01_DI_mr\01_DI_mr_014.jpg,C:\Users\kundu\OneDrive\Desktop\KMU-FED-2\data\processed\01_DI_mr\01_DI_mr_019.jpg,Disgust,Disgust,1,1,1,same_subject_pos
C:\Users\kundu\OneDrive\Desktop\KMU-FED-2\data\processed\10_HA_ko\10_HA_ko_190.jpg,C:\Users\kundu\OneDrive\Desktop\KMU-FED-2\data\processed\03_HA_s02\03_HA_s02_040.jpg,Happiness,Happiness,10,3,1,cross_subject_pos
C:\Users\kundu\OneDrive\Desktop\KMU-FED-2\data\processed\03_HA_s02\03_HA_s02_044.jpg,C:\Users\kundu\OneDrive\Desktop\KMU-FED-2\data\processed\10_HA_ko\10_HA_ko_181.jpg,Happiness,Happiness,3,10,1,cross_subject_pos
C:\Users\kundu\OneDrive\Desktop\KMU-FED-2\data\processed\06_SA_dy\06_SA_dy_075.jpg,C:\Users\kundu\OneDrive\Desktop\KMU-FED-2\data\processed\01_DI_mr\01_DI_mr_013.jpg,Sadness,Disgust,6,1,0,negative
C:\Users\kundu\OneDrive\Desktop\KMU-FED-2\data\processed\03_SU_s02\03_SU_s02_048.jpg,C:\Users\kundu\OneDrive\Desktop\KMU-FED-2\data\processed\07_SU_sw\07_SU_sw_093.jpg,Surprise,Surprise,3,7,1,cross_subject_pos
C:\Users\kundu\OneDrive\Desktop\KMU-FED-2\data\processed\03_SU_s02\03_SU_s02_050.jpg,C:\Users\kundu\OneDrive\Desktop\KMU-FED-2\data\processed\01_SU_mr\01_SU_mr_007.jpg,Surprise,Surprise,3,1,1,cross_subject_pos
C:\Users\kundu\OneDrive\Desktop\KMU-FED-2\data\processed\09_SU_sj\09_SU_sj_102.jpg,C:\Users\kundu\OneDrive\Desktop\KMU-FED-2\data\processed\03_SU_s02\03_SU_s02_049.jpg,Surprise,Surprise,9,3,1,cross_subject_pos
C:\Users\kundu\OneDrive\Desktop\KMU-FED-2\data\processed\10_SU_ko\10_SU_ko_117.jpg,C:\Users\kundu\OneDrive\Desktop\KMU-FED-2\data\processed\05_SU_uj\05_SU_uj_067.jpg,Surprise,Surprise,10,5,1,cross_subject_pos
C:\Users\kundu\OneDrive\Desktop\KMU-FED-2\data\processed\09_SA_sj\09_SA_sj_111.jpg,C:\Users\kundu\OneDrive\Desktop\KMU-FED-2\data\processed\03_FE_s02\03_FE_s02_049.jpg,Sadness,Fear,9,3,0,negative
C:\Users\kundu\OneDrive\Desktop\KMU-FED-2\data\processed\01_SA_mr\01_SA_mr_003.jpg,C:\Users\kundu\OneDrive\Desktop\KMU-FED-2\data\processed\05_SA_uj\05_SA_uj_068.jpg,Sadness,Sadness,1,5,1,cross_subject_pos
C:\Users\kundu\OneDrive\Desktop\KMU-FED-2\data\processed\10_FE_ko\10_FE_ko_179.jpg,C:\Users\kundu\OneDrive\Desktop\KMU-FED-2\data\processed\06_SU_dy\06_SU_dy_082.jpg,Fear,Surprise,10,6,0,negative
C:\Users\kundu\OneDrive\Desktop\KMU-FED-2\data\processed\05_FE_uj\05_FE_uj_098.jpg,C:\Users\kundu\OneDrive\Desktop\KMU-FED-2\data\processed\06_FE_dy\06_FE_dy_118.jpg,Fear,Fear,5,6,1,cross_subject_pos
C:\Users\kundu\OneDrive\Desktop\KMU-FED-2\data\processed\01_SU_mr\01_SU_mr_008.jpg,C:\Users\kundu\OneDrive\Desktop\KMU-FED-2\data\processed\05_DI_uj\05_DI_uj_038.jpg,Surprise,Disgust,1,5,0,negative
C:\Users\kundu\OneDrive\Desktop\KMU-FED-2\data\processed\12_DI_gu\12_DI_gu_129.jpg,C:\Users\kundu\OneDrive\Desktop\KMU-FED-2\data\processed\07_SA_sw\07_SA_sw_071.jpg,Disgust,Sadness,12,7,0,negative
C:\Users\kundu\OneDrive\Desktop\KMU-FED-2\data\processed\09_HA_sj\09_HA_sj_163.jpg,C:\Users\kundu\OneDrive\Desktop\KMU-FED-2\data\processed\06_HA_dy\06_HA_dy_110.jpg,Happiness,Happiness,9,6,1,cross_subject_pos
C:\Users\kundu\OneDrive\Desktop\KMU-FED-2\data\processed\05_SU_uj\05_SU_uj_066.jpg,C:\Users\kundu\OneDrive\Desktop\KMU-FED-2\data\processed\10_HA_ko\10_HA_ko_180.jpg,Surprise,Happiness,5,10,0,negative
C:\Users\kundu\OneDrive\Desktop\KMU-FED-2\data\processed\01_SA_mr\01_SA_mr_014.jpg,C:\Users\kundu\OneDrive\Desktop\KMU-FED-2\data\processed\06_AN_dy\06_AN_dy_072.jpg,Sadness,Anger,1,6,0,negative
C:\Users\kundu\OneDrive\Desktop\KMU-FED-2\data\processed\09_AN_sj\09_AN_sj_131.jpg,C:\Users\kundu\OneDrive\Desktop\KMU-FED-2\data\processed\12_AN_gu\12_AN_gu_180.jpg,Anger,Anger,9,12,1,cross_subject_pos
C:\Users\kundu\OneDrive\Desktop\KMU-FED-2\data\processed\01_SA_mr\01_SA_mr_019.jpg,C:\Users\kundu\OneDrive\Desktop\KMU-FED-2\data\processed\12_AN_gu\12_AN_gu_179.jpg,Sadness,Anger,1,12,0,negative
C:\Users\kundu\OneDrive\Desktop\KMU-FED-2\data\processed\03_SU_s02\03_SU_s02_044.jpg,C:\Users\kundu\OneDrive\Desktop\KMU-FED-2\data\processed\09_SU_sj\09_SU_sj_110.jpg,Surprise,Surprise,3,9,1,cross_subject_pos
C:\Users\kundu\OneDrive\Desktop\KMU-FED-2\data\processed\03_HA_s02\03_HA_s02_046.jpg,C:\Users\kundu\OneDrive\Desktop\KMU-FED-2\data\processed\10_SU_ko\10_SU_ko_122.jpg,Happiness,Surprise,3,10,0,negative
C:\Users\kundu\OneDrive\Desktop\KMU-FED-2\data\processed\06_DI_dy\06_DI_dy_058.jpg,C:\Users\kundu\OneDrive\Desktop\KMU-FED-2\data\processed\09_AN_sj\09_AN_sj_123.jpg,Disgust,Anger,6,9,0,negative
C:\Users\kundu\OneDrive\Desktop\KMU-FED-2\data\processed\06_HA_dy\06_HA_dy_099.jpg,C:\Users\kundu\OneDrive\Desktop\KMU-FED-2\data\processed\03_FE_s02\03_FE_s02_047.jpg,Happiness,Fear,6,3,0,negative
C:\Users\kundu\OneDrive\Desktop\KMU-FED-2\data\processed\01_SA_mr\01_SA_mr_010.jpg,C:\Users\kundu\OneDrive\Desktop\KMU-FED-2\data\processed\07_FE_sw\07_FE_sw_134.jpg,Sadness,Fear,1,7,0,negative
C:\Users\kundu\OneDrive\Desktop\KMU-FED-2\data\processed\06_AN_dy\06_AN_dy_065.jpg,C:\Users\kundu\OneDrive\Desktop\KMU-FED-2\data\processed\05_AN_uj\05_AN_uj_059.jpg,Anger,Anger,6,5,1,cross_subject_pos
C:\Users\kundu\OneDrive\Desktop\KMU-FED-2\data\processed\09_AN_sj\09_AN_sj_132.jpg,C:\Users\kundu\OneDrive\Desktop\KMU-FED-2\data\processed\07_AN_sw\07_AN_sw_096.jpg,Anger,Anger,9,7,1,cross_subject_pos
C:\Users\kundu\OneDrive\Desktop\KMU-FED-2\data\processed\03_FE_s02\03_FE_s02_051.jpg,C:\Users\kundu\OneDrive\Desktop\KMU-FED-2\data\processed\07_FE_sw\07_FE_sw_134.jpg,Fear,Fear,3,7,1,cross_subject_pos
C:\Users\kundu\OneDrive\Desktop\KMU-FED-2\data\processed\10_FE_ko\10_FE_ko_173.jpg,C:\Users\kundu\OneDrive\Desktop\KMU-FED-2\data\processed\07_FE_sw\07_FE_sw_122.jpg,Fear,Fear,10,7,1,cross_subject_pos
C:\Users\kundu\OneDrive\Desktop\KMU-FED-2\data\processed\01_HA_mr\01_HA_mr_005.jpg,C:\Users\kundu\OneDrive\Desktop\KMU-FED-2\data\processed\01_SA_mr\01_SA_mr_002.jpg,Happiness,Sadness,1,1,0,negative
C:\Users\kundu\OneDrive\Desktop\KMU-FED-2\data\processed\05_AN_uj\05_AN_uj_047.jpg,C:\Users\kundu\OneDrive\Desktop\KMU-FED-2\data\processed\01_AN_mr\01_AN_mr_008.jpg,Anger,Anger,5,1,1,cross_subject_pos
C:\Users\kundu\OneDrive\Desktop\KMU-FED-2\data\processed\06_FE_dy\06_FE_dy_101.jpg,C:\Users\kundu\OneDrive\Desktop\KMU-FED-2\data\processed\10_HA_ko\10_HA_ko_175.jpg,Fear,Happiness,6,10,0,negative
C:\Users\kundu\OneDrive\Desktop\KMU-FED-2\data\processed\10_DI_ko\10_DI_ko_094.jpg,C:\Users\kundu\OneDrive\Desktop\KMU-FED-2\data\processed\05_DI_uj\05_DI_uj_034.jpg,Disgust,Disgust,10,5,1,cross_subject_pos
C:\Users\kundu\OneDrive\Desktop\KMU-FED-2\data\processed\07_AN_sw\07_AN_sw_090.jpg,C:\Users\kundu\OneDrive\Desktop\KMU-FED-2\data\processed\10_HA_ko\10_HA_ko_178.jpg,Anger,Happiness,7,10,0,negative
C:\Users\kundu\OneDrive\Desktop\KMU-FED-2\data\processed\07_FE_sw\07_FE_sw_135.jpg,C:\Users\kundu\OneDrive\Desktop\KMU-FED-2\data\processed\03_AN_s02\03_AN_s02_039.jpg,Fear,Anger,7,3,0,negative
C:\Users\kundu\OneDrive\Desktop\KMU-FED-2\data\processed\10_HA_ko\10_HA_ko_184.jpg,C:\Users\kundu\OneDrive\Desktop\KMU-FED-2\data\processed\03_HA_s02\03_HA_s02_042.jpg,Happiness,Happiness,10,3,1,cross_subject_pos
C:\Users\kundu\OneDrive\Desktop\KMU-FED-2\data\processed\03_SU_s02\03_SU_s02_055.jpg,C:\Users\kundu\OneDrive\Desktop\KMU-FED-2\data\processed\01_SU_mr\01_SU_mr_018.jpg,Surprise,Surprise,3,1,1,cross_subject_pos
C:\Users\kundu\OneDrive\Desktop\KMU-FED-2\data\processed\12_AN_gu\12_AN_gu_174.jpg,C:\Users\kundu\OneDrive\Desktop\KMU-FED-2\data\processed\03_SU_s02\03_SU_s02_055.jpg,Anger,Surprise,12,3,0,negative
C:\Users\kundu\OneDrive\Desktop\KMU-FED-2\data\processed\03_FE_s02\03_FE_s02_057.jpg,C:\Users\kundu\OneDrive\Desktop\KMU-FED-2\data\processed\01_DI_mr\01_DI_mr_012.jpg,Fear,Disgust,3,1,0,negative
C:\Users\kundu\OneDrive\Desktop\KMU-FED-2\data\processed\01_SU_mr\01_SU_mr_013.jpg,C:\Users\kundu\OneDrive\Desktop\KMU-FED-2\data\processed\10_SU_ko\10_SU_ko_127.jpg,Surprise,Surprise,1,10,1,cross_subject_pos
C:\Users\kundu\OneDrive\Desktop\KMU-FED-2\data\processed\01_FE_mr\01_FE_mr_018.jpg,C:\Users\kundu\OneDrive\Desktop\KMU-FED-2\data\processed\03_FE_s02\03_FE_s02_052.jpg,Fear,Fear,1,3,1,cross_subject_pos
C:\Users\kundu\OneDrive\Desktop\KMU-FED-2\data\processed\09_HA_sj\09_HA_sj_155.jpg,C:\Users\kundu\OneDrive\Desktop\KMU-FED-2\data\processed\07_HA_sw\07_HA_sw_128.jpg,Happiness,Happiness,9,7,1,cross_subject_pos
C:\Users\kundu\OneDrive\Desktop\KMU-FED-2\data\processed\03_SA_s02\03_SA_s02_032.jpg,C:\Users\kundu\OneDrive\Desktop\KMU-FED-2\data\processed\01_DI_mr\01_DI_mr_006.jpg,Sadness,Disgust,3,1,0,negative
C:\Users\kundu\OneDrive\Desktop\KMU-FED-2\data\processed\07_SA_sw\07_SA_sw_084.jpg,C:\Users\kundu\OneDrive\Desktop\KMU-FED-2\data\processed\03_SA_s02\03_SA_s02_037.jpg,Sadness,Sadness,7,3,1,cross_subject_pos
C:\Users\kundu\OneDrive\Desktop\KMU-FED-2\data\processed\09_AN_sj\09_AN_sj_123.jpg,C:\Users\kundu\OneDrive\Desktop\KMU-FED-2\data\processed\06_AN_dy\06_AN_dy_061.jpg,Anger,Anger,9,6,1,cross_subject_pos
C:\Users\kundu\OneDrive\Desktop\KMU-FED-2\data\processed\12_AN_gu\12_AN_gu_183.jpg,C:\Users\kundu\OneDrive\Desktop\KMU-FED-2\data\processed\01_FE_mr\01_FE_mr_002.jpg,Anger,Fear,12,1,0,negative
C:\Users\kundu\OneDrive\Desktop\KMU-FED-2\data\processed\05_AN_uj\05_AN_uj_046.jpg,C:\Users\kundu\OneDrive\Desktop\KMU-FED-2\data\processed\01_AN_mr\01_AN_mr_012.jpg,Anger,Anger,5,1,1,cross_subject_pos
C:\Users\kundu\OneDrive\Desktop\KMU-FED-2\data\processed\01_SU_mr\01_SU_mr_018.jpg,C:\Users\kundu\OneDrive\Desktop\KMU-FED-2\data\processed\03_HA_s02\03_HA_s02_033.jpg,Surprise,Happiness,1,3,0,negative
C:\Users\kundu\OneDrive\Desktop\KMU-FED-2\data\processed\05_SA_uj\05_SA_uj_065.jpg,C:\Users\kundu\OneDrive\Desktop\KMU-FED-2\data\processed\10_HA_ko\10_HA_ko_178.jpg,Sadness,Happiness,5,10,0,negative
C:\Users\kundu\OneDrive\Desktop\KMU-FED-2\data\processed\10_FE_ko\10_FE_ko_180.jpg,C:\Users\kundu\OneDrive\Desktop\KMU-FED-2\data\processed\05_FE_uj\05_FE_uj_081.jpg,Fear,Fear,10,5,1,cross_subject_pos
C:\Users\kundu\OneDrive\Desktop\KMU-FED-2\data\processed\01_FE_mr\01_FE_mr_001.jpg,C:\Users\kundu\OneDrive\Desktop\KMU-FED-2\data\processed\10_HA_ko\10_HA_ko_189.jpg,Fear,Happiness,1,10,0,negative
C:\Users\kundu\OneDrive\Desktop\KMU-FED-2\data\processed\06_DI_dy\06_DI_dy_068.jpg,C:\Users\kundu\OneDrive\Desktop\KMU-FED-2\data\processed\06_DI_dy\06_DI_dy_066.jpg,Disgust,Disgust,6,6,1,same_subject_pos
C:\Users\kundu\OneDrive\Desktop\KMU-FED-2\data\processed\06_SA_dy\06_SA_dy_083.jpg,C:\Users\kundu\OneDrive\Desktop\KMU-FED-2\data\processed\06_SA_dy\06_SA_dy_087.jpg,Sadness,Sadness,6,6,1,same_subject_pos
C:\Users\kundu\OneDrive\Desktop\KMU-FED-2\data\processed\12_AN_gu\12_AN_gu_180.jpg,C:\Users\kundu\OneDrive\Desktop\KMU-FED-2\data\processed\07_SA_sw\07_SA_sw_075.jpg,Anger,Sadness,12,7,0,negative
C:\Users\kundu\OneDrive\Desktop\KMU-FED-2\data\processed\10_AN_ko\10_AN_ko_143.jpg,C:\Users\kundu\OneDrive\Desktop\KMU-FED-2\data\processed\12_DI_gu\12_DI_gu_123.jpg,Anger,Disgust,10,12,0,negative
C:\Users\kundu\OneDrive\Desktop\KMU-FED-2\data\processed\06_SA_dy\06_SA_dy_076.jpg,C:\Users\kundu\OneDrive\Desktop\KMU-FED-2\data\processed\01_SU_mr\01_SU_mr_007.jpg,Sadness,Surprise,6,1,0,negative
C:\Users\kundu\OneDrive\Desktop\KMU-FED-2\data\processed\03_SA_s02\03_SA_s02_040.jpg,C:\Users\kundu\OneDrive\Desktop\KMU-FED-2\data\processed\06_SA_dy\06_SA_dy_071.jpg,Sadness,Sadness,3,6,1,cross_subject_pos
C:\Users\kundu\OneDrive\Desktop\KMU-FED-2\data\processed\12_DI_gu\12_DI_gu_123.jpg,C:\Users\kundu\OneDrive\Desktop\KMU-FED-2\data\processed\07_FE_sw\07_FE_sw_138.jpg,Disgust,Fear,12,7,0,negative
C:\Users\kundu\OneDrive\Desktop\KMU-FED-2\data\processed\10_DI_ko\10_DI_ko_094.jpg,C:\Users\kundu\OneDrive\Desktop\KMU-FED-2\data\processed\12_DI_gu\12_DI_gu_123.jpg,Disgust,Disgust,10,12,1,cross_subject_pos
C:\Users\kundu\OneDrive\Desktop\KMU-FED-2\data\processed\10_DI_ko\10_DI_ko_099.jpg,C:\Users\kundu\OneDrive\Desktop\KMU-FED-2\data\processed\06_DI_dy\06_DI_dy_065.jpg,Disgust,Disgust,10,6,1,cross_subject_pos
C:\Users\kundu\OneDrive\Desktop\KMU-FED-2\data\processed\10_SU_ko\10_SU_ko_127.jpg,C:\Users\kundu\OneDrive\Desktop\KMU-FED-2\data\processed\09_FE_sj\09_FE_sj_154.jpg,Surprise,Fear,10,9,0,negative
C:\Users\kundu\OneDrive\Desktop\KMU-FED-2\data\processed\09_SA_sj\09_SA_sj_117.jpg,C:\Users\kundu\OneDrive\Desktop\KMU-FED-2\data\processed\05_SA_uj\05_SA_uj_067.jpg,Sadness,Sadness,9,5,1,cross_subject_pos
C:\Users\kundu\OneDrive\Desktop\KMU-FED-2\data\processed\09_FE_sj\09_FE_sj_155.jpg,C:\Users\kundu\OneDrive\Desktop\KMU-FED-2\data\processed\01_FE_mr\01_FE_mr_001.jpg,Fear,Fear,9,1,1,cross_subject_pos
C:\Users\kundu\OneDrive\Desktop\KMU-FED-2\data\processed\07_SA_sw\07_SA_sw_090.jpg,C:\Users\kundu\OneDrive\Desktop\KMU-FED-2\data\processed\09_SA_sj\09_SA_sj_110.jpg,Sadness,Sadness,7,9,1,cross_subject_pos
C:\Users\kundu\OneDrive\Desktop\KMU-FED-2\data\processed\01_HA_mr\01_HA_mr_017.jpg,C:\Users\kundu\OneDrive\Desktop\KMU-FED-2\data\processed\07_HA_sw\07_HA_sw_118.jpg,Happiness,Happiness,1,7,1,cross_subject_pos
C:\Users\kundu\OneDrive\Desktop\KMU-FED-2\data\processed\05_SA_uj\05_SA_uj_069.jpg,C:\Users\kundu\OneDrive\Desktop\KMU-FED-2\data\processed\05_SU_uj\05_SU_uj_078.jpg,Sadness,Surprise,5,5,0,negative
C:\Users\kundu\OneDrive\Desktop\KMU-FED-2\data\processed\05_DI_uj\05_DI_uj_034.jpg,C:\Users\kundu\OneDrive\Desktop\KMU-FED-2\data\processed\01_SU_mr\01_SU_mr_011.jpg,Disgust,Surprise,5,1,0,negative
C:\Users\kundu\OneDrive\Desktop\KMU-FED-2\data\processed\07_SU_sw\07_SU_sw_087.jpg,C:\Users\kundu\OneDrive\Desktop\KMU-FED-2\data\processed\01_SU_mr\01_SU_mr_010.jpg,Surprise,Surprise,7,1,1,cross_subject_pos
C:\Users\kundu\OneDrive\Desktop\KMU-FED-2\data\processed\01_SU_mr\01_SU_mr_015.jpg,C:\Users\kundu\OneDrive\Desktop\KMU-FED-2\data\processed\10_SU_ko\10_SU_ko_120.jpg,Surprise,Surprise,1,10,1,cross_subject_pos
C:\Users\kundu\OneDrive\Desktop\KMU-FED-2\data\processed\01_SU_mr\01_SU_mr_005.jpg,C:\Users\kundu\OneDrive\Desktop\KMU-FED-2\data\processed\09_AN_sj\09_AN_sj_130.jpg,Surprise,Anger,1,9,0,negative
C:\Users\kundu\OneDrive\Desktop\KMU-FED-2\data\processed\05_AN_uj\05_AN_uj_045.jpg,C:\Users\kundu\OneDrive\Desktop\KMU-FED-2\data\processed\07_AN_sw\07_AN_sw_088.jpg,Anger,Anger,5,7,1,cross_subject_pos
C:\Users\kundu\OneDrive\Desktop\KMU-FED-2\data\processed\06_FE_dy\06_FE_dy_113.jpg,C:\Users\kundu\OneDrive\Desktop\KMU-FED-2\data\processed\01_FE_mr\01_FE_mr_008.jpg,Fear,Fear,6,1,1,cross_subject_pos
C:\Users\kundu\OneDrive\Desktop\KMU-FED-2\data\processed\09_AN_sj\09_AN_sj_122.jpg,C:\Users\kundu\OneDrive\Desktop\KMU-FED-2\data\processed\06_AN_dy\06_AN_dy_071.jpg,Anger,Anger,9,6,1,cross_subject_pos
C:\Users\kundu\OneDrive\Desktop\KMU-FED-2\data\processed\06_FE_dy\06_FE_dy_112.jpg,C:\Users\kundu\OneDrive\Desktop\KMU-FED-2\data\processed\07_SU_sw\07_SU_sw_091.jpg,Fear,Surprise,6,7,0,negative
C:\Users\kundu\OneDrive\Desktop\KMU-FED-2\data\processed\03_SA_s02\03_SA_s02_031.jpg,C:\Users\kundu\OneDrive\Desktop\KMU-FED-2\data\processed\06_DI_dy\06_DI_dy_068.jpg,Sadness,Disgust,3,6,0,negative
C:\Users\kundu\OneDrive\Desktop\KMU-FED-2\data\processed\01_HA_mr\01_HA_mr_018.jpg,C:\Users\kundu\OneDrive\Desktop\KMU-FED-2\data\processed\12_DI_gu\12_DI_gu_121.jpg,Happiness,Disgust,1,12,0,negative
C:\Users\kundu\OneDrive\Desktop\KMU-FED-2\data\processed\01_HA_mr\01_HA_mr_002.jpg,C:\Users\kundu\OneDrive\Desktop\KMU-FED-2\data\processed\12_SA_gu\12_SA_gu_167.jpg,Happiness,Sadness,1,12,0,negative
C:\Users\kundu\OneDrive\Desktop\KMU-FED-2\data\processed\05_FE_uj\05_FE_uj_085.jpg,C:\Users\kundu\OneDrive\Desktop\KMU-FED-2\data\processed\09_SA_sj\09_SA_sj_111.jpg,Fear,Sadness,5,9,0,negative
C:\Users\kundu\OneDrive\Desktop\KMU-FED-2\data\processed\03_SA_s02\03_SA_s02_021.jpg,C:\Users\kundu\OneDrive\Desktop\KMU-FED-2\data\processed\03_SA_s02\03_SA_s02_036.jpg,Sadness,Sadness,3,3,1,same_subject_pos
C:\Users\kundu\OneDrive\Desktop\KMU-FED-2\data\processed\03_HA_s02\03_HA_s02_044.jpg,C:\Users\kundu\OneDrive\Desktop\KMU-FED-2\data\processed\05_HA_uj\05_HA_uj_075.jpg,Happiness,Happiness,3,5,1,cross_subject_pos
C:\Users\kundu\OneDrive\Desktop\KMU-FED-2\data\processed\01_SU_mr\01_SU_mr_011.jpg,C:\Users\kundu\OneDrive\Desktop\KMU-FED-2\data\processed\12_SA_gu\12_SA_gu_160.jpg,Surprise,Sadness,1,12,0,negative
C:\Users\kundu\OneDrive\Desktop\KMU-FED-2\data\processed\10_SU_ko\10_SU_ko_115.jpg,C:\Users\kundu\OneDrive\Desktop\KMU-FED-2\data\processed\01_SU_mr\01_SU_mr_019.jpg,Surprise,Surprise,10,1,1,cross_subject_pos
C:\Users\kundu\OneDrive\Desktop\KMU-FED-2\data\processed\06_AN_dy\06_AN_dy_074.jpg,C:\Users\kundu\OneDrive\Desktop\KMU-FED-2\data\processed\03_SU_s02\03_SU_s02_049.jpg,Anger,Surprise,6,3,0,negative
C:\Users\kundu\OneDrive\Desktop\KMU-FED-2\data\processed\05_DI_uj\05_DI_uj_033.jpg,C:\Users\kundu\OneDrive\Desktop\KMU-FED-2\data\processed\01_DI_mr\01_DI_mr_010.jpg,Disgust,Disgust,5,1,1,cross_subject_pos
C:\Users\kundu\OneDrive\Desktop\KMU-FED-2\data\processed\03_SA_s02\03_SA_s02_024.jpg,C:\Users\kundu\OneDrive\Desktop\KMU-FED-2\data\processed\12_SA_gu\12_SA_gu_169.jpg,Sadness,Sadness,3,12,1,cross_subject_pos
C:\Users\kundu\OneDrive\Desktop\KMU-FED-2\data\processed\01_SU_mr\01_SU_mr_007.jpg,C:\Users\kundu\OneDrive\Desktop\KMU-FED-2\data\processed\10_DI_ko\10_DI_ko_092.jpg,Surprise,Disgust,1,10,0,negative
C:\Users\kundu\OneDrive\Desktop\KMU-FED-2\data\processed\03_HA_s02\03_HA_s02_045.jpg,C:\Users\kundu\OneDrive\Desktop\KMU-FED-2\data\processed\01_SU_mr\01_SU_mr_011.jpg,Happiness,Surprise,3,1,0,negative
C:\Users\kundu\OneDrive\Desktop\KMU-FED-2\data\processed\09_FE_sj\09_FE_sj_159.jpg,C:\Users\kundu\OneDrive\Desktop\KMU-FED-2\data\processed\03_FE_s02\03_FE_s02_041.jpg,Fear,Fear,9,3,1,cross_subject_pos
C:\Users\kundu\OneDrive\Desktop\KMU-FED-2\data\processed\07_FE_sw\07_FE_sw_139.jpg,C:\Users\kundu\OneDrive\Desktop\KMU-FED-2\data\processed\10_AN_ko\10_AN_ko_141.jpg,Fear,Anger,7,10,0,negative
C:\Users\kundu\OneDrive\Desktop\KMU-FED-2\data\processed\05_FE_uj\05_FE_uj_092.jpg,C:\Users\kundu\OneDrive\Desktop\KMU-FED-2\data\processed\07_FE_sw\07_FE_sw_130.jpg,Fear,Fear,5,7,1,cross_subject_pos
C:\Users\kundu\OneDrive\Desktop\KMU-FED-2\data\processed\01_AN_mr\01_AN_mr_007.jpg,C:\Users\kundu\OneDrive\Desktop\KMU-FED-2\data\processed\03_FE_s02\03_FE_s02_057.jpg,Anger,Fear,1,3,0,negative
C:\Users\kundu\OneDrive\Desktop\KMU-FED-2\data\processed\10_SU_ko\10_SU_ko_111.jpg,C:\Users\kundu\OneDrive\Desktop\KMU-FED-2\data\processed\07_SU_sw\07_SU_sw_092.jpg,Surprise,Surprise,10,7,1,cross_subject_pos
C:\Users\kundu\OneDrive\Desktop\KMU-FED-2\data\processed\06_SU_dy\06_SU_dy_096.jpg,C:\Users\kundu\OneDrive\Desktop\KMU-FED-2\data\processed\05_AN_uj\05_AN_uj_060.jpg,Surprise,Anger,6,5,0,negative
C:\Users\kundu\OneDrive\Desktop\KMU-FED-2\data\processed\10_SU_ko\10_SU_ko_117.jpg,C:\Users\kundu\OneDrive\Desktop\KMU-FED-2\data\processed\01_AN_mr\01_AN_mr_018.jpg,Surprise,Anger,10,1,0,negative
C:\Users\kundu\OneDrive\Desktop\KMU-FED-2\data\processed\12_HA_gu\12_HA_gu_173.jpg,C:\Users\kundu\OneDrive\Desktop\KMU-FED-2\data\processed\06_SA_dy\06_SA_dy_084.jpg,Happiness,Sadness,12,6,0,negative
C:\Users\kundu\OneDrive\Desktop\KMU-FED-2\data\processed\01_SU_mr\01_SU_mr_004.jpg,C:\Users\kundu\OneDrive\Desktop\KMU-FED-2\data\processed\12_AN_gu\12_AN_gu_173.jpg,Surprise,Anger,1,12,0,negative
C:\Users\kundu\OneDrive\Desktop\KMU-FED-2\data\processed\05_SA_uj\05_SA_uj_069.jpg,C:\Users\kundu\OneDrive\Desktop\KMU-FED-2\data\processed\01_SA_mr\01_SA_mr_014.jpg,Sadness,Sadness,5,1,1,cross_subject_pos
C:\Users\kundu\OneDrive\Desktop\KMU-FED-2\data\processed\01_DI_mr\01_DI_mr_020.jpg,C:\Users\kundu\OneDrive\Desktop\KMU-FED-2\data\processed\06_DI_dy\06_DI_dy_068.jpg,Disgust,Disgust,1,6,1,cross_subject_pos
C:\Users\kundu\OneDrive\Desktop\KMU-FED-2\data\processed\01_HA_mr\01_HA_mr_003.jpg,C:\Users\kundu\OneDrive\Desktop\KMU-FED-2\data\processed\05_SU_uj\05_SU_uj_075.jpg,Happiness,Surprise,1,5,0,negative
C:\Users\kundu\OneDrive\Desktop\KMU-FED-2\data\processed\10_DI_ko\10_DI_ko_097.jpg,C:\Users\kundu\OneDrive\Desktop\KMU-FED-2\data\processed\07_FE_sw\07_FE_sw_138.jpg,Disgust,Fear,10,7,0,negative
C:\Users\kundu\OneDrive\Desktop\KMU-FED-2\data\processed\10_DI_ko\10_DI_ko_096.jpg,C:\Users\kundu\OneDrive\Desktop\KMU-FED-2\data\processed\01_SA_mr\01_SA_mr_004.jpg,Disgust,Sadness,10,1,0,negative
C:\Users\kundu\OneDrive\Desktop\KMU-FED-2\data\processed\07_SU_sw\07_SU_sw_085.jpg,C:\Users\kundu\OneDrive\Desktop\KMU-FED-2\data\processed\12_DI_gu\12_DI_gu_126.jpg,Surprise,Disgust,7,12,0,negative
C:\Users\kundu\OneDrive\Desktop\KMU-FED-2\data\processed\06_DI_dy\06_DI_dy_060.jpg,C:\Users\kundu\OneDrive\Desktop\KMU-FED-2\data\processed\05_AN_uj\05_AN_uj_042.jpg,Disgust,Anger,6,5,0,negative
C:\Users\kundu\OneDrive\Desktop\KMU-FED-2\data\processed\06_DI_dy\06_DI_dy_062.jpg,C:\Users\kundu\OneDrive\Desktop\KMU-FED-2\data\processed\06_SA_dy\06_SA_dy_083.jpg,Disgust,Sadness,6,6,0,negative
C:\Users\kundu\OneDrive\Desktop\KMU-FED-2\data\processed\09_AN_sj\09_AN_sj_125.jpg,C:\Users\kundu\OneDrive\Desktop\KMU-FED-2\data\processed\07_AN_sw\07_AN_sw_084.jpg,Anger,Anger,9,7,1,cross_subject_pos
C:\Users\kundu\OneDrive\Desktop\KMU-FED-2\data\processed\07_SA_sw\07_SA_sw_074.jpg,C:\Users\kundu\OneDrive\Desktop\KMU-FED-2\data\processed\01_FE_mr\01_FE_mr_019.jpg,Sadness,Fear,7,1,0,negative
C:\Users\kundu\OneDrive\Desktop\KMU-FED-2\data\processed\03_FE_s02\03_FE_s02_058.jpg,C:\Users\kundu\OneDrive\Desktop\KMU-FED-2\data\processed\01_SA_mr\01_SA_mr_018.jpg,Fear,Sadness,3,1,0,negative
C:\Users\kundu\OneDrive\Desktop\KMU-FED-2\data\processed\03_SU_s02\03_SU_s02_041.jpg,C:\Users\kundu\OneDrive\Desktop\KMU-FED-2\data\processed\10_SU_ko\10_SU_ko_112.jpg,Surprise,Surprise,3,10,1,cross_subject_pos
C:\Users\kundu\OneDrive\Desktop\KMU-FED-2\data\processed\09_SU_sj\09_SU_sj_102.jpg,C:\Users\kundu\OneDrive\Desktop\KMU-FED-2\data\processed\01_DI_mr\01_DI_mr_016.jpg,Surprise,Disgust,9,1,0,negative
C:\Users\kundu\OneDrive\Desktop\KMU-FED-2\data\processed\05_SA_uj\05_SA_uj_056.jpg,C:\Users\kundu\OneDrive\Desktop\KMU-FED-2\data\processed\09_HA_sj\09_HA_sj_158.jpg,Sadness,Happiness,5,9,0,negative
C:\Users\kundu\OneDrive\Desktop\KMU-FED-2\data\processed\06_DI_dy\06_DI_dy_069.jpg,C:\Users\kundu\OneDrive\Desktop\KMU-FED-2\data\processed\01_DI_mr\01_DI_mr_018.jpg,Disgust,Disgust,6,1,1,cross_subject_pos
C:\Users\kundu\OneDrive\Desktop\KMU-FED-2\data\processed\06_HA_dy\06_HA_dy_100.jpg,C:\Users\kundu\OneDrive\Desktop\KMU-FED-2\data\processed\01_DI_mr\01_DI_mr_020.jpg,Happiness,Disgust,6,1,0,negative
C:\Users\kundu\OneDrive\Desktop\KMU-FED-2\data\processed\01_SU_mr\01_SU_mr_009.jpg,C:\Users\kundu\OneDrive\Desktop\KMU-FED-2\data\processed\09_SU_sj\09_SU_sj_110.jpg,Surprise,Surprise,1,9,1,cross_subject_pos
C:\Users\kundu\OneDrive\Desktop\KMU-FED-2\data\processed\05_AN_uj\05_AN_uj_046.jpg,C:\Users\kundu\OneDrive\Desktop\KMU-FED-2\data\processed\12_AN_gu\12_AN_gu_186.jpg,Anger,Anger,5,12,1,cross_subject_pos
C:\Users\kundu\OneDrive\Desktop\KMU-FED-2\data\processed\12_HA_gu\12_HA_gu_179.jpg,C:\Users\kundu\OneDrive\Desktop\KMU-FED-2\data\processed\01_HA_mr\01_HA_mr_010.jpg,Happiness,Happiness,12,1,1,cross_subject_pos
C:\Users\kundu\OneDrive\Desktop\KMU-FED-2\data\processed\07_AN_sw\07_AN_sw_087.jpg,C:\Users\kundu\OneDrive\Desktop\KMU-FED-2\data\processed\05_AN_uj\05_AN_uj_052.jpg,Anger,Anger,7,5,1,cross_subject_pos
C:\Users\kundu\OneDrive\Desktop\KMU-FED-2\data\processed\07_SU_sw\07_SU_sw_086.jpg,C:\Users\kundu\OneDrive\Desktop\KMU-FED-2\data\processed\07_SU_sw\07_SU_sw_095.jpg,Surprise,Surprise,7,7,1,same_subject_pos
C:\Users\kundu\OneDrive\Desktop\KMU-FED-2\data\processed\05_SU_uj\05_SU_uj_062.jpg,C:\Users\kundu\OneDrive\Desktop\KMU-FED-2\data\processed\07_SU_sw\07_SU_sw_088.jpg,Surprise,Surprise,5,7,1,cross_subject_pos
C:\Users\kundu\OneDrive\Desktop\KMU-FED-2\data\processed\06_HA_dy\06_HA_dy_098.jpg,C:\Users\kundu\OneDrive\Desktop\KMU-FED-2\data\processed\09_HA_sj\09_HA_sj_164.jpg,Happiness,Happiness,6,9,1,cross_subject_pos
C:\Users\kundu\OneDrive\Desktop\KMU-FED-2\data\processed\07_FE_sw\07_FE_sw_128.jpg,C:\Users\kundu\OneDrive\Desktop\KMU-FED-2\data\processed\07_FE_sw\07_FE_sw_121.jpg,Fear,Fear,7,7,1,same_subject_pos
C:\Users\kundu\OneDrive\Desktop\KMU-FED-2\data\processed\07_HA_sw\07_HA_sw_117.jpg,C:\Users\kundu\OneDrive\Desktop\KMU-FED-2\data\processed\06_FE_dy\06_FE_dy_103.jpg,Happiness,Fear,7,6,0,negative
C:\Users\kundu\OneDrive\Desktop\KMU-FED-2\data\processed\09_SA_sj\09_SA_sj_115.jpg,C:\Users\kundu\OneDrive\Desktop\KMU-FED-2\data\processed\07_SA_sw\07_SA_sw_086.jpg,Sadness,Sadness,9,7,1,cross_subject_pos
C:\Users\kundu\OneDrive\Desktop\KMU-FED-2\data\processed\07_AN_sw\07_AN_sw_082.jpg,C:\Users\kundu\OneDrive\Desktop\KMU-FED-2\data\processed\03_HA_s02\03_HA_s02_033.jpg,Anger,Happiness,7,3,0,negative
C:\Users\kundu\OneDrive\Desktop\KMU-FED-2\data\processed\01_AN_mr\01_AN_mr_012.jpg,C:\Users\kundu\OneDrive\Desktop\KMU-FED-2\data\processed\06_AN_dy\06_AN_dy_070.jpg,Anger,Anger,1,6,1,cross_subject_pos
C:\Users\kundu\OneDrive\Desktop\KMU-FED-2\data\processed\05_FE_uj\05_FE_uj_081.jpg,C:\Users\kundu\OneDrive\Desktop\KMU-FED-2\data\processed\05_FE_uj\05_FE_uj_093.jpg,Fear,Fear,5,5,1,same_subject_pos
C:\Users\kundu\OneDrive\Desktop\KMU-FED-2\data\processed\03_HA_s02\03_HA_s02_033.jpg,C:\Users\kundu\OneDrive\Desktop\KMU-FED-2\data\processed\06_FE_dy\06_FE_dy_115.jpg,Happiness,Fear,3,6,0,negative
C:\Users\kundu\OneDrive\Desktop\KMU-FED-2\data\processed\07_FE_sw\07_FE_sw_127.jpg,C:\Users\kundu\OneDrive\Desktop\KMU-FED-2\data\processed\05_HA_uj\05_HA_uj_074.jpg,Fear,Happiness,7,5,0,negative
C:\Users\kundu\OneDrive\Desktop\KMU-FED-2\data\processed\01_SU_mr\01_SU_mr_017.jpg,C:\Users\kundu\OneDrive\Desktop\KMU-FED-2\data\processed\07_SU_sw\07_SU_sw_100.jpg,Surprise,Surprise,1,7,1,cross_subject_pos
C:\Users\kundu\OneDrive\Desktop\KMU-FED-2\data\processed\07_FE_sw\07_FE_sw_133.jpg,C:\Users\kundu\OneDrive\Desktop\KMU-FED-2\data\processed\03_FE_s02\03_FE_s02_048.jpg,Fear,Fear,7,3,1,cross_subject_pos
C:\Users\kundu\OneDrive\Desktop\KMU-FED-2\data\processed\03_SU_s02\03_SU_s02_045.jpg,C:\Users\kundu\OneDrive\Desktop\KMU-FED-2\data\processed\07_FE_sw\07_FE_sw_131.jpg,Surprise,Fear,3,7,0,negative
C:\Users\kundu\OneDrive\Desktop\KMU-FED-2\data\processed\12_AN_gu\12_AN_gu_181.jpg,C:\Users\kundu\OneDrive\Desktop\KMU-FED-2\data\processed\06_FE_dy\06_FE_dy_112.jpg,Anger,Fear,12,6,0,negative
C:\Users\kundu\OneDrive\Desktop\KMU-FED-2\data\processed\06_FE_dy\06_FE_dy_118.jpg,C:\Users\kundu\OneDrive\Desktop\KMU-FED-2\data\processed\09_FE_sj\09_FE_sj_154.jpg,Fear,Fear,6,9,1,cross_subject_pos
C:\Users\kundu\OneDrive\Desktop\KMU-FED-2\data\processed\06_HA_dy\06_HA_dy_103.jpg,C:\Users\kundu\OneDrive\Desktop\KMU-FED-2\data\processed\06_FE_dy\06_FE_dy_112.jpg,Happiness,Fear,6,6,0,negative
C:\Users\kundu\OneDrive\Desktop\KMU-FED-2\data\processed\07_AN_sw\07_AN_sw_083.jpg,C:\Users\kundu\OneDrive\Desktop\KMU-FED-2\data\processed\12_AN_gu\12_AN_gu_177.jpg,Anger,Anger,7,12,1,cross_subject_pos
C:\Users\kundu\OneDrive\Desktop\KMU-FED-2\data\processed\03_SA_s02\03_SA_s02_033.jpg,C:\Users\kundu\OneDrive\Desktop\KMU-FED-2\data\processed\12_AN_gu\12_AN_gu_175.jpg,Sadness,Anger,3,12,0,negative
C:\Users\kundu\OneDrive\Desktop\KMU-FED-2\data\processed\03_SA_s02\03_SA_s02_031.jpg,C:\Users\kundu\OneDrive\Desktop\KMU-FED-2\data\processed\01_SU_mr\01_SU_mr_012.jpg,Sadness,Surprise,3,1,0,negative
C:\Users\kundu\OneDrive\Desktop\KMU-FED-2\data\processed\10_FE_ko\10_FE_ko_175.jpg,C:\Users\kundu\OneDrive\Desktop\KMU-FED-2\data\processed\03_FE_s02\03_FE_s02_052.jpg,Fear,Fear,10,3,1,cross_subject_pos
C:\Users\kundu\OneDrive\Desktop\KMU-FED-2\data\processed\01_SU_mr\01_SU_mr_007.jpg,C:\Users\kundu\OneDrive\Desktop\KMU-FED-2\data\processed\03_AN_s02\03_AN_s02_040.jpg,Surprise,Anger,1,3,0,negative
C:\Users\kundu\OneDrive\Desktop\KMU-FED-2\data\processed\01_HA_mr\01_HA_mr_002.jpg,C:\Users\kundu\OneDrive\Desktop\KMU-FED-2\data\processed\07_HA_sw\07_HA_sw_129.jpg,Happiness,Happiness,1,7,1,cross_subject_pos
C:\Users\kundu\OneDrive\Desktop\KMU-FED-2\data\processed\06_SU_dy\06_SU_dy_099.jpg,C:\Users\kundu\OneDrive\Desktop\KMU-FED-2\data\processed\07_SU_sw\07_SU_sw_099.jpg,Surprise,Surprise,6,7,1,cross_subject_pos
C:\Users\kundu\OneDrive\Desktop\KMU-FED-2\data\processed\05_DI_uj\05_DI_uj_040.jpg,C:\Users\kundu\OneDrive\Desktop\KMU-FED-2\data\processed\06_FE_dy\06_FE_dy_102.jpg,Disgust,Fear,5,6,0,negative
C:\Users\kundu\OneDrive\Desktop\KMU-FED-2\data\processed\06_SU_dy\06_SU_dy_092.jpg,C:\Users\kundu\OneDrive\Desktop\KMU-FED-2\data\processed\06_DI_dy\06_DI_dy_065.jpg,Surprise,Disgust,6,6,0,negative
C:\Users\kundu\OneDrive\Desktop\KMU-FED-2\data\processed\10_HA_ko\10_HA_ko_178.jpg,C:\Users\kundu\OneDrive\Desktop\KMU-FED-2\data\processed\06_SU_dy\06_SU_dy_082.jpg,Happiness,Surprise,10,6,0,negative
C:\Users\kundu\OneDrive\Desktop\KMU-FED-2\data\processed\09_FE_sj\09_FE_sj_151.jpg,C:\Users\kundu\OneDrive\Desktop\KMU-FED-2\data\processed\05_SU_uj\05_SU_uj_066.jpg,Fear,Surprise,9,5,0,negative
C:\Users\kundu\OneDrive\Desktop\KMU-FED-2\data\processed\09_FE_sj\09_FE_sj_151.jpg,C:\Users\kundu\OneDrive\Desktop\KMU-FED-2\data\processed\01_FE_mr\01_FE_mr_009.jpg,Fear,Fear,9,1,1,cross_subject_pos
C:\Users\kundu\OneDrive\Desktop\KMU-FED-2\data\processed\09_FE_sj\09_FE_sj_155.jpg,C:\Users\kundu\OneDrive\Desktop\KMU-FED-2\data\processed\03_SU_s02\03_SU_s02_046.jpg,Fear,Surprise,9,3,0,negative
C:\Users\kundu\OneDrive\Desktop\KMU-FED-2\data\processed\07_SU_sw\07_SU_sw_082.jpg,C:\Users\kundu\OneDrive\Desktop\KMU-FED-2\data\processed\01_AN_mr\01_AN_mr_014.jpg,Surprise,Anger,7,1,0,negative
C:\Users\kundu\OneDrive\Desktop\KMU-FED-2\data\processed\06_HA_dy\06_HA_dy_091.jpg,C:\Users\kundu\OneDrive\Desktop\KMU-FED-2\data\processed\10_SU_ko\10_SU_ko_124.jpg,Happiness,Surprise,6,10,0,negative
C:\Users\kundu\OneDrive\Desktop\KMU-FED-2\data\processed\06_AN_dy\06_AN_dy_067.jpg,C:\Users\kundu\OneDrive\Desktop\KMU-FED-2\data\processed\09_AN_sj\09_AN_sj_132.jpg,Anger,Anger,6,9,1,cross_subject_pos
C:\Users\kundu\OneDrive\Desktop\KMU-FED-2\data\processed\01_DI_mr\01_DI_mr_019.jpg,C:\Users\kundu\OneDrive\Desktop\KMU-FED-2\data\processed\06_SA_dy\06_SA_dy_084.jpg,Disgust,Sadness,1,6,0,negative
C:\Users\kundu\OneDrive\Desktop\KMU-FED-2\data\processed\12_DI_gu\12_DI_gu_126.jpg,C:\Users\kundu\OneDrive\Desktop\KMU-FED-2\data\processed\03_HA_s02\03_HA_s02_047.jpg,Disgust,Happiness,12,3,0,negative
C:\Users\kundu\OneDrive\Desktop\KMU-FED-2\data\processed\05_AN_uj\05_AN_uj_050.jpg,C:\Users\kundu\OneDrive\Desktop\KMU-FED-2\data\processed\12_DI_gu\12_DI_gu_125.jpg,Anger,Disgust,5,12,0,negative
C:\Users\kundu\OneDrive\Desktop\KMU-FED-2\data\processed\07_HA_sw\07_HA_sw_116.jpg,C:\Users\kundu\OneDrive\Desktop\KMU-FED-2\data\processed\06_SU_dy\06_SU_dy_091.jpg,Happiness,Surprise,7,6,0,negative
C:\Users\kundu\OneDrive\Desktop\KMU-FED-2\data\processed\03_HA_s02\03_HA_s02_047.jpg,C:\Users\kundu\OneDrive\Desktop\KMU-FED-2\data\processed\09_HA_sj\09_HA_sj_161.jpg,Happiness,Happiness,3,9,1,cross_subject_pos
C:\Users\kundu\OneDrive\Desktop\KMU-FED-2\data\processed\05_AN_uj\05_AN_uj_042.jpg,C:\Users\kundu\OneDrive\Desktop\KMU-FED-2\data\processed\06_DI_dy\06_DI_dy_061.jpg,Anger,Disgust,5,6,0,negative
C:\Users\kundu\OneDrive\Desktop\KMU-FED-2\data\processed\01_FE_mr\01_FE_mr_019.jpg,C:\Users\kundu\OneDrive\Desktop\KMU-FED-2\data\processed\10_SU_ko\10_SU_ko_118.jpg,Fear,Surprise,1,10,0,negative
C:\Users\kundu\OneDrive\Desktop\KMU-FED-2\data\processed\07_SA_sw\07_SA_sw_073.jpg,C:\Users\kundu\OneDrive\Desktop\KMU-FED-2\data\processed\07_SA_sw\07_SA_sw_090.jpg,Sadness,Sadness,7,7,1,same_subject_pos
C:\Users\kundu\OneDrive\Desktop\KMU-FED-2\data\processed\07_AN_sw\07_AN_sw_090.jpg,C:\Users\kundu\OneDrive\Desktop\KMU-FED-2\data\processed\09_AN_sj\09_AN_sj_132.jpg,Anger,Anger,7,9,1,cross_subject_pos
C:\Users\kundu\OneDrive\Desktop\KMU-FED-2\data\processed\03_HA_s02\03_HA_s02_045.jpg,C:\Users\kundu\OneDrive\Desktop\KMU-FED-2\data\processed\10_HA_ko\10_HA_ko_177.jpg,Happiness,Happiness,3,10,1,cross_subject_pos
C:\Users\kundu\OneDrive\Desktop\KMU-FED-2\data\processed\05_AN_uj\05_AN_uj_054.jpg,C:\Users\kundu\OneDrive\Desktop\KMU-FED-2\data\processed\01_FE_mr\01_FE_mr_003.jpg,Anger,Fear,5,1,0,negative
C:\Users\kundu\OneDrive\Desktop\KMU-FED-2\data\processed\03_SA_s02\03_SA_s02_029.jpg,C:\Users\kundu\OneDrive\Desktop\KMU-FED-2\data\processed\03_SA_s02\03_SA_s02_030.jpg,Sadness,Sadness,3,3,1,same_subject_pos
C:\Users\kundu\OneDrive\Desktop\KMU-FED-2\data\processed\07_HA_sw\07_HA_sw_124.jpg,C:\Users\kundu\OneDrive\Desktop\KMU-FED-2\data\processed\06_FE_dy\06_FE_dy_119.jpg,Happiness,Fear,7,6,0,negative
C:\Users\kundu\OneDrive\Desktop\KMU-FED-2\data\processed\03_SU_s02\03_SU_s02_059.jpg,C:\Users\kundu\OneDrive\Desktop\KMU-FED-2\data\processed\03_SU_s02\03_SU_s02_041.jpg,Surprise,Surprise,3,3,1,same_subject_pos
C:\Users\kundu\OneDrive\Desktop\KMU-FED-2\data\processed\06_AN_dy\06_AN_dy_067.jpg,C:\Users\kundu\OneDrive\Desktop\KMU-FED-2\data\processed\10_HA_ko\10_HA_ko_173.jpg,Anger,Happiness,6,10,0,negative
C:\Users\kundu\OneDrive\Desktop\KMU-FED-2\data\processed\01_SA_mr\01_SA_mr_008.jpg,C:\Users\kundu\OneDrive\Desktop\KMU-FED-2\data\processed\05_SA_uj\05_SA_uj_055.jpg,Sadness,Sadness,1,5,1,cross_subject_pos
C:\Users\kundu\OneDrive\Desktop\KMU-FED-2\data\processed\06_SA_dy\06_SA_dy_081.jpg,C:\Users\kundu\OneDrive\Desktop\KMU-FED-2\data\processed\09_FE_sj\09_FE_sj_160.jpg,Sadness,Fear,6,9,0,negative
C:\Users\kundu\OneDrive\Desktop\KMU-FED-2\data\processed\03_HA_s02\03_HA_s02_048.jpg,C:\Users\kundu\OneDrive\Desktop\KMU-FED-2\data\processed\06_HA_dy\06_HA_dy_101.jpg,Happiness,Happiness,3,6,1,cross_subject_pos
C:\Users\kundu\OneDrive\Desktop\KMU-FED-2\data\processed\09_SU_sj\09_SU_sj_103.jpg,C:\Users\kundu\OneDrive\Desktop\KMU-FED-2\data\processed\05_DI_uj\05_DI_uj_032.jpg,Surprise,Disgust,9,5,0,negative
C:\Users\kundu\OneDrive\Desktop\KMU-FED-2\data\processed\01_AN_mr\01_AN_mr_016.jpg,C:\Users\kundu\OneDrive\Desktop\KMU-FED-2\data\processed\10_AN_ko\10_AN_ko_142.jpg,Anger,Anger,1,10,1,cross_subject_pos
C:\Users\kundu\OneDrive\Desktop\KMU-FED-2\data\processed\12_HA_gu\12_HA_gu_179.jpg,C:\Users\kundu\OneDrive\Desktop\KMU-FED-2\data\processed\07_AN_sw\07_AN_sw_090.jpg,Happiness,Anger,12,7,0,negative
C:\Users\kundu\OneDrive\Desktop\KMU-FED-2\data\processed\05_SA_uj\05_SA_uj_057.jpg,C:\Users\kundu\OneDrive\Desktop\KMU-FED-2\data\processed\05_FE_uj\05_FE_uj_097.jpg,Sadness,Fear,5,5,0,negative
C:\Users\kundu\OneDrive\Desktop\KMU-FED-2\data\processed\01_AN_mr\01_AN_mr_003.jpg,C:\Users\kundu\OneDrive\Desktop\KMU-FED-2\data\processed\01_FE_mr\01_FE_mr_014.jpg,Anger,Fear,1,1,0,negative
C:\Users\kundu\OneDrive\Desktop\KMU-FED-2\data\processed\03_SA_s02\03_SA_s02_032.jpg,C:\Users\kundu\OneDrive\Desktop\KMU-FED-2\data\processed\12_SA_gu\12_SA_gu_157.jpg,Sadness,Sadness,3,12,1,cross_subject_pos
C:\Users\kundu\OneDrive\Desktop\KMU-FED-2\data\processed\06_HA_dy\06_HA_dy_092.jpg,C:\Users\kundu\OneDrive\Desktop\KMU-FED-2\data\processed\01_SA_mr\01_SA_mr_002.jpg,Happiness,Sadness,6,1,0,negative
C:\Users\kundu\OneDrive\Desktop\KMU-FED-2\data\processed\07_SA_sw\07_SA_sw_072.jpg,C:\Users\kundu\OneDrive\Desktop\KMU-FED-2\data\processed\09_SA_sj\09_SA_sj_116.jpg,Sadness,Sadness,7,9,1,cross_subject_pos
C:\Users\kundu\OneDrive\Desktop\KMU-FED-2\data\processed\06_SA_dy\06_SA_dy_077.jpg,C:\Users\kundu\OneDrive\Desktop\KMU-FED-2\data\processed\03_SU_s02\03_SU_s02_051.jpg,Sadness,Surprise,6,3,0,negative
C:\Users\kundu\OneDrive\Desktop\KMU-FED-2\data\processed\06_SU_dy\06_SU_dy_081.jpg,C:\Users\kundu\OneDrive\Desktop\KMU-FED-2\data\processed\07_SU_sw\07_SU_sw_099.jpg,Surprise,Surprise,6,7,1,cross_subject_pos
C:\Users\kundu\OneDrive\Desktop\KMU-FED-2\data\processed\03_FE_s02\03_FE_s02_049.jpg,C:\Users\kundu\OneDrive\Desktop\KMU-FED-2\data\processed\01_FE_mr\01_FE_mr_018.jpg,Fear,Fear,3,1,1,cross_subject_pos
C:\Users\kundu\OneDrive\Desktop\KMU-FED-2\data\processed\09_FE_sj\09_FE_sj_157.jpg,C:\Users\kundu\OneDrive\Desktop\KMU-FED-2\data\processed\09_SA_sj\09_SA_sj_110.jpg,Fear,Sadness,9,9,0,negative
C:\Users\kundu\OneDrive\Desktop\KMU-FED-2\data\processed\05_DI_uj\05_DI_uj_038.jpg,C:\Users\kundu\OneDrive\Desktop\KMU-FED-2\data\processed\12_DI_gu\12_DI_gu_122.jpg,Disgust,Disgust,5,12,1,cross_subject_pos
C:\Users\kundu\OneDrive\Desktop\KMU-FED-2\data\processed\10_FE_ko\10_FE_ko_178.jpg,C:\Users\kundu\OneDrive\Desktop\KMU-FED-2\data\processed\09_FE_sj\09_FE_sj_154.jpg,Fear,Fear,10,9,1,cross_subject_pos
C:\Users\kundu\OneDrive\Desktop\KMU-FED-2\data\processed\05_DI_uj\05_DI_uj_037.jpg,C:\Users\kundu\OneDrive\Desktop\KMU-FED-2\data\processed\06_DI_dy\06_DI_dy_065.jpg,Disgust,Disgust,5,6,1,cross_subject_pos
C:\Users\kundu\OneDrive\Desktop\KMU-FED-2\data\processed\10_DI_ko\10_DI_ko_093.jpg,C:\Users\kundu\OneDrive\Desktop\KMU-FED-2\data\processed\12_DI_gu\12_DI_gu_130.jpg,Disgust,Disgust,10,12,1,cross_subject_pos
C:\Users\kundu\OneDrive\Desktop\KMU-FED-2\data\processed\12_DI_gu\12_DI_gu_125.jpg,C:\Users\kundu\OneDrive\Desktop\KMU-FED-2\data\processed\01_DI_mr\01_DI_mr_016.jpg,Disgust,Disgust,12,1,1,cross_subject_pos
C:\Users\kundu\OneDrive\Desktop\KMU-FED-2\data\processed\03_SA_s02\03_SA_s02_021.jpg,C:\Users\kundu\OneDrive\Desktop\KMU-FED-2\data\processed\10_SU_ko\10_SU_ko_111.jpg,Sadness,Surprise,3,10,0,negative
C:\Users\kundu\OneDrive\Desktop\KMU-FED-2\data\processed\03_FE_s02\03_FE_s02_053.jpg,C:\Users\kundu\OneDrive\Desktop\KMU-FED-2\data\processed\09_FE_sj\09_FE_sj_151.jpg,Fear,Fear,3,9,1,cross_subject_pos
C:\Users\kundu\OneDrive\Desktop\KMU-FED-2\data\processed\06_SA_dy\06_SA_dy_072.jpg,C:\Users\kundu\OneDrive\Desktop\KMU-FED-2\data\processed\12_SA_gu\12_SA_gu_162.jpg,Sadness,Sadness,6,12,1,cross_subject_pos
C:\Users\kundu\OneDrive\Desktop\KMU-FED-2\data\processed\05_SA_uj\05_SA_uj_055.jpg,C:\Users\kundu\OneDrive\Desktop\KMU-FED-2\data\processed\03_AN_s02\03_AN_s02_031.jpg,Sadness,Anger,5,3,0,negative
C:\Users\kundu\OneDrive\Desktop\KMU-FED-2\data\processed\03_AN_s02\03_AN_s02_033.jpg,C:\Users\kundu\OneDrive\Desktop\KMU-FED-2\data\processed\06_DI_dy\06_DI_dy_057.jpg,Anger,Disgust,3,6,0,negative
C:\Users\kundu\OneDrive\Desktop\KMU-FED-2\data\processed\05_SU_uj\05_SU_uj_066.jpg,C:\Users\kundu\OneDrive\Desktop\KMU-FED-2\data\processed\01_SU_mr\01_SU_mr_008.jpg,Surprise,Surprise,5,1,1,cross_subject_pos
C:\Users\kundu\OneDrive\Desktop\KMU-FED-2\data\processed\05_AN_uj\05_AN_uj_053.jpg,C:\Users\kundu\OneDrive\Desktop\KMU-FED-2\data\processed\06_SU_dy\06_SU_dy_088.jpg,Anger,Surprise,5,6,0,negative
C:\Users\kundu\OneDrive\Desktop\KMU-FED-2\data\processed\12_SA_gu\12_SA_gu_166.jpg,C:\Users\kundu\OneDrive\Desktop\KMU-FED-2\data\processed\01_AN_mr\01_AN_mr_006.jpg,Sadness,Anger,12,1,0,negative
C:\Users\kundu\OneDrive\Desktop\KMU-FED-2\data\processed\01_SA_mr\01_SA_mr_008.jpg,C:\Users\kundu\OneDrive\Desktop\KMU-FED-2\data\processed\05_SA_uj\05_SA_uj_067.jpg,Sadness,Sadness,1,5,1,cross_subject_pos
C:\Users\kundu\OneDrive\Desktop\KMU-FED-2\data\processed\09_FE_sj\09_FE_sj_156.jpg,C:\Users\kundu\OneDrive\Desktop\KMU-FED-2\data\processed\01_FE_mr\01_FE_mr_019.jpg,Fear,Fear,9,1,1,cross_subject_pos
C:\Users\kundu\OneDrive\Desktop\KMU-FED-2\data\processed\01_DI_mr\01_DI_mr_009.jpg,C:\Users\kundu\OneDrive\Desktop\KMU-FED-2\data\processed\05_SU_uj\05_SU_uj_070.jpg,Disgust,Surprise,1,5,0,negative
C:\Users\kundu\OneDrive\Desktop\KMU-FED-2\data\processed\01_DI_mr\01_DI_mr_006.jpg,C:\Users\kundu\OneDrive\Desktop\KMU-FED-2\data\processed\01_DI_mr\01_DI_mr_011.jpg,Disgust,Disgust,1,1,1,same_subject_pos
C:\Users\kundu\OneDrive\Desktop\KMU-FED-2\data\processed\01_SU_mr\01_SU_mr_020.jpg,C:\Users\kundu\OneDrive\Desktop\KMU-FED-2\data\processed\12_HA_gu\12_HA_gu_183.jpg,Surprise,Happiness,1,12,0,negative
C:\Users\kundu\OneDrive\Desktop\KMU-FED-2\data\processed\06_SU_dy\06_SU_dy_085.jpg,C:\Users\kundu\OneDrive\Desktop\KMU-FED-2\data\processed\07_FE_sw\07_FE_sw_129.jpg,Surprise,Fear,6,7,0,negative
C:\Users\kundu\OneDrive\Desktop\KMU-FED-2\data\processed\03_AN_s02\03_AN_s02_033.jpg,C:\Users\kundu\OneDrive\Desktop\KMU-FED-2\data\processed\07_AN_sw\07_AN_sw_082.jpg,Anger,Anger,3,7,1,cross_subject_pos
C:\Users\kundu\OneDrive\Desktop\KMU-FED-2\data\processed\01_HA_mr\01_HA_mr_001.jpg,C:\Users\kundu\OneDrive\Desktop\KMU-FED-2\data\processed\07_HA_sw\07_HA_sw_129.jpg,Happiness,Happiness,1,7,1,cross_subject_pos
C:\Users\kundu\OneDrive\Desktop\KMU-FED-2\data\processed\06_HA_dy\06_HA_dy_104.jpg,C:\Users\kundu\OneDrive\Desktop\KMU-FED-2\data\processed\12_DI_gu\12_DI_gu_122.jpg,Happiness,Disgust,6,12,0,negative
C:\Users\kundu\OneDrive\Desktop\KMU-FED-2\data\processed\01_DI_mr\01_DI_mr_009.jpg,C:\Users\kundu\OneDrive\Desktop\KMU-FED-2\data\processed\06_DI_dy\06_DI_dy_051.jpg,Disgust,Disgust,1,6,1,cross_subject_pos
C:\Users\kundu\OneDrive\Desktop\KMU-FED-2\data\processed\01_FE_mr\01_FE_mr_002.jpg,C:\Users\kundu\OneDrive\Desktop\KMU-FED-2\data\processed\12_AN_gu\12_AN_gu_182.jpg,Fear,Anger,1,12,0,negative
C:\Users\kundu\OneDrive\Desktop\KMU-FED-2\data\processed\06_FE_dy\06_FE_dy_103.jpg,C:\Users\kundu\OneDrive\Desktop\KMU-FED-2\data\processed\10_HA_ko\10_HA_ko_188.jpg,Fear,Happiness,6,10,0,negative
C:\Users\kundu\OneDrive\Desktop\KMU-FED-2\data\processed\06_SA_dy\06_SA_dy_078.jpg,C:\Users\kundu\OneDrive\Desktop\KMU-FED-2\data\processed\12_DI_gu\12_DI_gu_127.jpg,Sadness,Disgust,6,12,0,negative
C:\Users\kundu\OneDrive\Desktop\KMU-FED-2\data\processed\07_SA_sw\07_SA_sw_087.jpg,C:\Users\kundu\OneDrive\Desktop\KMU-FED-2\data\processed\07_SA_sw\07_SA_sw_071.jpg,Sadness,Sadness,7,7,1,same_subject_pos
C:\Users\kundu\OneDrive\Desktop\KMU-FED-2\data\processed\06_SU_dy\06_SU_dy_093.jpg,C:\Users\kundu\OneDrive\Desktop\KMU-FED-2\data\processed\05_SU_uj\05_SU_uj_078.jpg,Surprise,Surprise,6,5,1,cross_subject_pos
C:\Users\kundu\OneDrive\Desktop\KMU-FED-2\data\processed\01_FE_mr\01_FE_mr_006.jpg,C:\Users\kundu\OneDrive\Desktop\KMU-FED-2\data\processed\10_FE_ko\10_FE_ko_179.jpg,Fear,Fear,1,10,1,cross_subject_pos
C:\Users\kundu\OneDrive\Desktop\KMU-FED-2\data\processed\06_FE_dy\06_FE_dy_113.jpg,C:\Users\kundu\OneDrive\Desktop\KMU-FED-2\data\processed\07_FE_sw\07_FE_sw_127.jpg,Fear,Fear,6,7,1,cross_subject_pos
C:\Users\kundu\OneDrive\Desktop\KMU-FED-2\data\processed\10_SU_ko\10_SU_ko_113.jpg,C:\Users\kundu\OneDrive\Desktop\KMU-FED-2\data\processed\05_SA_uj\05_SA_uj_058.jpg,Surprise,Sadness,10,5,0,negative
C:\Users\kundu\OneDrive\Desktop\KMU-FED-2\data\processed\06_SU_dy\06_SU_dy_083.jpg,C:\Users\kundu\OneDrive\Desktop\KMU-FED-2\data\processed\03_SA_s02\03_SA_s02_022.jpg,Surprise,Sadness,6,3,0,negative
C:\Users\kundu\OneDrive\Desktop\KMU-FED-2\data\processed\06_SU_dy\06_SU_dy_083.jpg,C:\Users\kundu\OneDrive\Desktop\KMU-FED-2\data\processed\01_HA_mr\01_HA_mr_003.jpg,Surprise,Happiness,6,1,0,negative
C:\Users\kundu\OneDrive\Desktop\KMU-FED-2\data\processed\03_FE_s02\03_FE_s02_050.jpg,C:\Users\kundu\OneDrive\Desktop\KMU-FED-2\data\processed\06_DI_dy\06_DI_dy_058.jpg,Fear,Disgust,3,6,0,negative
C:\Users\kundu\OneDrive\Desktop\KMU-FED-2\data\processed\10_SU_ko\10_SU_ko_122.jpg,C:\Users\kundu\OneDrive\Desktop\KMU-FED-2\data\processed\06_SU_dy\06_SU_dy_100.jpg,Surprise,Surprise,10,6,1,cross_subject_pos
C:\Users\kundu\OneDrive\Desktop\KMU-FED-2\data\processed\05_SU_uj\05_SU_uj_062.jpg,C:\Users\kundu\OneDrive\Desktop\KMU-FED-2\data\processed\01_HA_mr\01_HA_mr_004.jpg,Surprise,Happiness,5,1,0,negative
C:\Users\kundu\OneDrive\Desktop\KMU-FED-2\data\processed\01_AN_mr\01_AN_mr_017.jpg,C:\Users\kundu\OneDrive\Desktop\KMU-FED-2\data\processed\01_SA_mr\01_SA_mr_012.jpg,Anger,Sadness,1,1,0,negative
C:\Users\kundu\OneDrive\Desktop\KMU-FED-2\data\processed\09_AN_sj\09_AN_sj_134.jpg,C:\Users\kundu\OneDrive\Desktop\KMU-FED-2\data\processed\09_AN_sj\09_AN_sj_124.jpg,Anger,Anger,9,9,1,same_subject_pos
C:\Users\kundu\OneDrive\Desktop\KMU-FED-2\data\processed\01_SU_mr\01_SU_mr_003.jpg,C:\Users\kundu\OneDrive\Desktop\KMU-FED-2\data\processed\01_DI_mr\01_DI_mr_004.jpg,Surprise,Disgust,1,1,0,negative
C:\Users\kundu\OneDrive\Desktop\KMU-FED-2\data\processed\03_AN_s02\03_AN_s02_040.jpg,C:\Users\kundu\OneDrive\Desktop\KMU-FED-2\data\processed\01_AN_mr\01_AN_mr_006.jpg,Anger,Anger,3,1,1,cross_subject_pos
C:\Users\kundu\OneDrive\Desktop\KMU-FED-2\data\processed\01_HA_mr\01_HA_mr_019.jpg,C:\Users\kundu\OneDrive\Desktop\KMU-FED-2\data\processed\10_HA_ko\10_HA_ko_173.jpg,Happiness,Happiness,1,10,1,cross_subject_pos
C:\Users\kundu\OneDrive\Desktop\KMU-FED-2\data\processed\06_AN_dy\06_AN_dy_071.jpg,C:\Users\kundu\OneDrive\Desktop\KMU-FED-2\data\processed\05_SA_uj\05_SA_uj_060.jpg,Anger,Sadness,6,5,0,negative
C:\Users\kundu\OneDrive\Desktop\KMU-FED-2\data\processed\01_SA_mr\01_SA_mr_016.jpg,C:\Users\kundu\OneDrive\Desktop\KMU-FED-2\data\processed\03_SA_s02\03_SA_s02_026.jpg,Sadness,Sadness,1,3,1,cross_subject_pos
C:\Users\kundu\OneDrive\Desktop\KMU-FED-2\data\processed\09_SU_sj\09_SU_sj_107.jpg,C:\Users\kundu\OneDrive\Desktop\KMU-FED-2\data\processed\06_HA_dy\06_HA_dy_091.jpg,Surprise,Happiness,9,6,0,negative
C:\Users\kundu\OneDrive\Desktop\KMU-FED-2\data\processed\01_FE_mr\01_FE_mr_016.jpg,C:\Users\kundu\OneDrive\Desktop\KMU-FED-2\data\processed\01_FE_mr\01_FE_mr_001.jpg,Fear,Fear,1,1,1,same_subject_pos
C:\Users\kundu\OneDrive\Desktop\KMU-FED-2\data\processed\09_AN_sj\09_AN_sj_134.jpg,C:\Users\kundu\OneDrive\Desktop\KMU-FED-2\data\processed\12_AN_gu\12_AN_gu_182.jpg,Anger,Anger,9,12,1,cross_subject_pos
C:\Users\kundu\OneDrive\Desktop\KMU-FED-2\data\processed\05_SA_uj\05_SA_uj_059.jpg,C:\Users\kundu\OneDrive\Desktop\KMU-FED-2\data\processed\07_SA_sw\07_SA_sw_078.jpg,Sadness,Sadness,5,7,1,cross_subject_pos
C:\Users\kundu\OneDrive\Desktop\KMU-FED-2\data\processed\07_SU_sw\07_SU_sw_097.jpg,C:\Users\kundu\OneDrive\Desktop\KMU-FED-2\data\processed\03_HA_s02\03_HA_s02_037.jpg,Surprise,Happiness,7,3,0,negative
C:\Users\kundu\OneDrive\Desktop\KMU-FED-2\data\processed\05_AN_uj\05_AN_uj_056.jpg,C:\Users\kundu\OneDrive\Desktop\KMU-FED-2\data\processed\12_AN_gu\12_AN_gu_188.jpg,Anger,Anger,5,12,1,cross_subject_pos
C:\Users\kundu\OneDrive\Desktop\KMU-FED-2\data\processed\05_SA_uj\05_SA_uj_051.jpg,C:\Users\kundu\OneDrive\Desktop\KMU-FED-2\data\processed\01_DI_mr\01_DI_mr_004.jpg,Sadness,Disgust,5,1,0,negative
C:\Users\kundu\OneDrive\Desktop\KMU-FED-2\data\processed\03_SA_s02\03_SA_s02_040.jpg,C:\Users\kundu\OneDrive\Desktop\KMU-FED-2\data\processed\01_SA_mr\01_SA_mr_020.jpg,Sadness,Sadness,3,1,1,cross_subject_pos
C:\Users\kundu\OneDrive\Desktop\KMU-FED-2\data\processed\09_HA_sj\09_HA_sj_155.jpg,C:\Users\kundu\OneDrive\Desktop\KMU-FED-2\data\processed\03_HA_s02\03_HA_s02_031.jpg,Happiness,Happiness,9,3,1,cross_subject_pos
C:\Users\kundu\OneDrive\Desktop\KMU-FED-2\data\processed\03_FE_s02\03_FE_s02_052.jpg,C:\Users\kundu\OneDrive\Desktop\KMU-FED-2\data\processed\05_FE_uj\05_FE_uj_094.jpg,Fear,Fear,3,5,1,cross_subject_pos
C:\Users\kundu\OneDrive\Desktop\KMU-FED-2\data\processed\07_SU_sw\07_SU_sw_095.jpg,C:\Users\kundu\OneDrive\Desktop\KMU-FED-2\data\processed\05_SU_uj\05_SU_uj_075.jpg,Surprise,Surprise,7,5,1,cross_subject_pos
C:\Users\kundu\OneDrive\Desktop\KMU-FED-2\data\processed\01_HA_mr\01_HA_mr_003.jpg,C:\Users\kundu\OneDrive\Desktop\KMU-FED-2\data\processed\12_DI_gu\12_DI_gu_127.jpg,Happiness,Disgust,1,12,0,negative
C:\Users\kundu\OneDrive\Desktop\KMU-FED-2\data\processed\12_AN_gu\12_AN_gu_171.jpg,C:\Users\kundu\OneDrive\Desktop\KMU-FED-2\data\processed\06_AN_dy\06_AN_dy_067.jpg,Anger,Anger,12,6,1,cross_subject_pos
C:\Users\kundu\OneDrive\Desktop\KMU-FED-2\data\processed\09_HA_sj\09_HA_sj_156.jpg,C:\Users\kundu\OneDrive\Desktop\KMU-FED-2\data\processed\09_HA_sj\09_HA_sj_155.jpg,Happiness,Happiness,9,9,1,same_subject_pos
C:\Users\kundu\OneDrive\Desktop\KMU-FED-2\data\processed\01_SU_mr\01_SU_mr_011.jpg,C:\Users\kundu\OneDrive\Desktop\KMU-FED-2\data\processed\03_SU_s02\03_SU_s02_057.jpg,Surprise,Surprise,1,3,1,cross_subject_pos
C:\Users\kundu\OneDrive\Desktop\KMU-FED-2\data\processed\12_HA_gu\12_HA_gu_187.jpg,C:\Users\kundu\OneDrive\Desktop\KMU-FED-2\data\processed\07_HA_sw\07_HA_sw_130.jpg,Happiness,Happiness,12,7,1,cross_subject_pos
C:\Users\kundu\OneDrive\Desktop\KMU-FED-2\data\processed\07_FE_sw\07_FE_sw_124.jpg,C:\Users\kundu\OneDrive\Desktop\KMU-FED-2\data\processed\10_AN_ko\10_AN_ko_146.jpg,Fear,Anger,7,10,0,negative
C:\Users\kundu\OneDrive\Desktop\KMU-FED-2\data\processed\06_DI_dy\06_DI_dy_057.jpg,C:\Users\kundu\OneDrive\Desktop\KMU-FED-2\data\processed\03_SU_s02\03_SU_s02_056.jpg,Disgust,Surprise,6,3,0,negative
C:\Users\kundu\OneDrive\Desktop\KMU-FED-2\data\processed\05_DI_uj\05_DI_uj_036.jpg,C:\Users\kundu\OneDrive\Desktop\KMU-FED-2\data\processed\03_SU_s02\03_SU_s02_041.jpg,Disgust,Surprise,5,3,0,negative
C:\Users\kundu\OneDrive\Desktop\KMU-FED-2\data\processed\09_AN_sj\09_AN_sj_129.jpg,C:\Users\kundu\OneDrive\Desktop\KMU-FED-2\data\processed\01_AN_mr\01_AN_mr_013.jpg,Anger,Anger,9,1,1,cross_subject_pos
C:\Users\kundu\OneDrive\Desktop\KMU-FED-2\data\processed\05_HA_uj\05_HA_uj_079.jpg,C:\Users\kundu\OneDrive\Desktop\KMU-FED-2\data\processed\06_DI_dy\06_DI_dy_070.jpg,Happiness,Disgust,5,6,0,negative
C:\Users\kundu\OneDrive\Desktop\KMU-FED-2\data\processed\01_SU_mr\01_SU_mr_011.jpg,C:\Users\kundu\OneDrive\Desktop\KMU-FED-2\data\processed\07_SU_sw\07_SU_sw_085.jpg,Surprise,Surprise,1,7,1,cross_subject_pos
C:\Users\kundu\OneDrive\Desktop\KMU-FED-2\data\processed\07_HA_sw\07_HA_sw_116.jpg,C:\Users\kundu\OneDrive\Desktop\KMU-FED-2\data\processed\09_SU_sj\09_SU_sj_110.jpg,Happiness,Surprise,7,9,0,negative
C:\Users\kundu\OneDrive\Desktop\KMU-FED-2\data\processed\06_HA_dy\06_HA_dy_101.jpg,C:\Users\kundu\OneDrive\Desktop\KMU-FED-2\data\processed\12_AN_gu\12_AN_gu_172.jpg,Happiness,Anger,6,12,0,negative
C:\Users\kundu\OneDrive\Desktop\KMU-FED-2\data\processed\07_SU_sw\07_SU_sw_093.jpg,C:\Users\kundu\OneDrive\Desktop\KMU-FED-2\data\processed\05_SU_uj\05_SU_uj_063.jpg,Surprise,Surprise,7,5,1,cross_subject_pos
C:\Users\kundu\OneDrive\Desktop\KMU-FED-2\data\processed\01_FE_mr\01_FE_mr_020.jpg,C:\Users\kundu\OneDrive\Desktop\KMU-FED-2\data\processed\03_SA_s02\03_SA_s02_022.jpg,Fear,Sadness,1,3,0,negative
C:\Users\kundu\OneDrive\Desktop\KMU-FED-2\data\processed\05_FE_uj\05_FE_uj_081.jpg,C:\Users\kundu\OneDrive\Desktop\KMU-FED-2\data\processed\01_DI_mr\01_DI_mr_002.jpg,Fear,Disgust,5,1,0,negative
C:\Users\kundu\OneDrive\Desktop\KMU-FED-2\data\processed\12_DI_gu\12_DI_gu_129.jpg,C:\Users\kundu\OneDrive\Desktop\KMU-FED-2\data\processed\06_DI_dy\06_DI_dy_062.jpg,Disgust,Disgust,12,6,1,cross_subject_pos
C:\Users\kundu\OneDrive\Desktop\KMU-FED-2\data\processed\05_AN_uj\05_AN_uj_046.jpg,C:\Users\kundu\OneDrive\Desktop\KMU-FED-2\data\processed\01_DI_mr\01_DI_mr_001.jpg,Anger,Disgust,5,1,0,negative
C:\Users\kundu\OneDrive\Desktop\KMU-FED-2\data\processed\12_HA_gu\12_HA_gu_188.jpg,C:\Users\kundu\OneDrive\Desktop\KMU-FED-2\data\processed\05_HA_uj\05_HA_uj_080.jpg,Happiness,Happiness,12,5,1,cross_subject_pos
C:\Users\kundu\OneDrive\Desktop\KMU-FED-2\data\processed\12_DI_gu\12_DI_gu_127.jpg,C:\Users\kundu\OneDrive\Desktop\KMU-FED-2\data\processed\01_DI_mr\01_DI_mr_006.jpg,Disgust,Disgust,12,1,1,cross_subject_pos
C:\Users\kundu\OneDrive\Desktop\KMU-FED-2\data\processed\05_AN_uj\05_AN_uj_053.jpg,C:\Users\kundu\OneDrive\Desktop\KMU-FED-2\data\processed\10_AN_ko\10_AN_ko_142.jpg,Anger,Anger,5,10,1,cross_subject_pos
C:\Users\kundu\OneDrive\Desktop\KMU-FED-2\data\processed\01_SU_mr\01_SU_mr_015.jpg,C:\Users\kundu\OneDrive\Desktop\KMU-FED-2\data\processed\01_SU_mr\01_SU_mr_004.jpg,Surprise,Surprise,1,1,1,same_subject_pos
C:\Users\kundu\OneDrive\Desktop\KMU-FED-2\data\processed\03_HA_s02\03_HA_s02_032.jpg,C:\Users\kundu\OneDrive\Desktop\KMU-FED-2\data\processed\05_FE_uj\05_FE_uj_081.jpg,Happiness,Fear,3,5,0,negative
C:\Users\kundu\OneDrive\Desktop\KMU-FED-2\data\processed\01_SA_mr\01_SA_mr_019.jpg,C:\Users\kundu\OneDrive\Desktop\KMU-FED-2\data\processed\03_SA_s02\03_SA_s02_033.jpg,Sadness,Sadness,1,3,1,cross_subject_pos
C:\Users\kundu\OneDrive\Desktop\KMU-FED-2\data\processed\03_SU_s02\03_SU_s02_050.jpg,C:\Users\kundu\OneDrive\Desktop\KMU-FED-2\data\processed\01_SA_mr\01_SA_mr_019.jpg,Surprise,Sadness,3,1,0,negative
C:\Users\kundu\OneDrive\Desktop\KMU-FED-2\data\processed\01_DI_mr\01_DI_mr_018.jpg,C:\Users\kundu\OneDrive\Desktop\KMU-FED-2\data\processed\05_DI_uj\05_DI_uj_036.jpg,Disgust,Disgust,1,5,1,cross_subject_pos
C:\Users\kundu\OneDrive\Desktop\KMU-FED-2\data\processed\06_FE_dy\06_FE_dy_118.jpg,C:\Users\kundu\OneDrive\Desktop\KMU-FED-2\data\processed\12_HA_gu\12_HA_gu_181.jpg,Fear,Happiness,6,12,0,negative
C:\Users\kundu\OneDrive\Desktop\KMU-FED-2\data\processed\05_HA_uj\05_HA_uj_073.jpg,C:\Users\kundu\OneDrive\Desktop\KMU-FED-2\data\processed\07_SA_sw\07_SA_sw_090.jpg,Happiness,Sadness,5,7,0,negative
C:\Users\kundu\OneDrive\Desktop\KMU-FED-2\data\processed\05_AN_uj\05_AN_uj_043.jpg,C:\Users\kundu\OneDrive\Desktop\KMU-FED-2\data\processed\03_SU_s02\03_SU_s02_060.jpg,Anger,Surprise,5,3,0,negative
C:\Users\kundu\OneDrive\Desktop\KMU-FED-2\data\processed\03_SA_s02\03_SA_s02_034.jpg,C:\Users\kundu\OneDrive\Desktop\KMU-FED-2\data\processed\06_SA_dy\06_SA_dy_084.jpg,Sadness,Sadness,3,6,1,cross_subject_pos
C:\Users\kundu\OneDrive\Desktop\KMU-FED-2\data\processed\03_SU_s02\03_SU_s02_052.jpg,C:\Users\kundu\OneDrive\Desktop\KMU-FED-2\data\processed\07_SU_sw\07_SU_sw_096.jpg,Surprise,Surprise,3,7,1,cross_subject_pos
C:\Users\kundu\OneDrive\Desktop\KMU-FED-2\data\processed\07_SU_sw\07_SU_sw_089.jpg,C:\Users\kundu\OneDrive\Desktop\KMU-FED-2\data\processed\01_SU_mr\01_SU_mr_006.jpg,Surprise,Surprise,7,1,1,cross_subject_pos
C:\Users\kundu\OneDrive\Desktop\KMU-FED-2\data\processed\01_DI_mr\01_DI_mr_015.jpg,C:\Users\kundu\OneDrive\Desktop\KMU-FED-2\data\processed\12_SA_gu\12_SA_gu_163.jpg,Disgust,Sadness,1,12,0,negative
C:\Users\kundu\OneDrive\Desktop\KMU-FED-2\data\processed\07_HA_sw\07_HA_sw_116.jpg,C:\Users\kundu\OneDrive\Desktop\KMU-FED-2\data\processed\07_SA_sw\07_SA_sw_071.jpg,Happiness,Sadness,7,7,0,negative
C:\Users\kundu\OneDrive\Desktop\KMU-FED-2\data\processed\05_FE_uj\05_FE_uj_082.jpg,C:\Users\kundu\OneDrive\Desktop\KMU-FED-2\data\processed\01_FE_mr\01_FE_mr_014.jpg,Fear,Fear,5,1,1,cross_subject_pos
C:\Users\kundu\OneDrive\Desktop\KMU-FED-2\data\processed\07_FE_sw\07_FE_sw_124.jpg,C:\Users\kundu\OneDrive\Desktop\KMU-FED-2\data\processed\05_FE_uj\05_FE_uj_087.jpg,Fear,Fear,7,5,1,cross_subject_pos
C:\Users\kundu\OneDrive\Desktop\KMU-FED-2\data\processed\09_FE_sj\09_FE_sj_154.jpg,C:\Users\kundu\OneDrive\Desktop\KMU-FED-2\data\processed\10_DI_ko\10_DI_ko_095.jpg,Fear,Disgust,9,10,0,negative
C:\Users\kundu\OneDrive\Desktop\KMU-FED-2\data\processed\09_HA_sj\09_HA_sj_169.jpg,C:\Users\kundu\OneDrive\Desktop\KMU-FED-2\data\processed\05_HA_uj\05_HA_uj_075.jpg,Happiness,Happiness,9,5,1,cross_subject_pos
C:\Users\kundu\OneDrive\Desktop\KMU-FED-2\data\processed\06_AN_dy\06_AN_dy_077.jpg,C:\Users\kundu\OneDrive\Desktop\KMU-FED-2\data\processed\05_AN_uj\05_AN_uj_056.jpg,Anger,Anger,6,5,1,cross_subject_pos
C:\Users\kundu\OneDrive\Desktop\KMU-FED-2\data\processed\07_SU_sw\07_SU_sw_093.jpg,C:\Users\kundu\OneDrive\Desktop\KMU-FED-2\data\processed\01_DI_mr\01_DI_mr_001.jpg,Surprise,Disgust,7,1,0,negative
C:\Users\kundu\OneDrive\Desktop\KMU-FED-2\data\processed\05_AN_uj\05_AN_uj_054.jpg,C:\Users\kundu\OneDrive\Desktop\KMU-FED-2\data\processed\10_AN_ko\10_AN_ko_141.jpg,Anger,Anger,5,10,1,cross_subject_pos
C:\Users\kundu\OneDrive\Desktop\KMU-FED-2\data\processed\06_FE_dy\06_FE_dy_110.jpg,C:\Users\kundu\OneDrive\Desktop\KMU-FED-2\data\processed\06_HA_dy\06_HA_dy_097.jpg,Fear,Happiness,6,6,0,negative
C:\Users\kundu\OneDrive\Desktop\KMU-FED-2\data\processed\01_FE_mr\01_FE_mr_005.jpg,C:\Users\kundu\OneDrive\Desktop\KMU-FED-2\data\processed\01_DI_mr\01_DI_mr_008.jpg,Fear,Disgust,1,1,0,negative
C:\Users\kundu\OneDrive\Desktop\KMU-FED-2\data\processed\06_AN_dy\06_AN_dy_070.jpg,C:\Users\kundu\OneDrive\Desktop\KMU-FED-2\data\processed\03_AN_s02\03_AN_s02_036.jpg,Anger,Anger,6,3,1,cross_subject_pos
C:\Users\kundu\OneDrive\Desktop\KMU-FED-2\data\processed\10_DI_ko\10_DI_ko_100.jpg,C:\Users\kundu\OneDrive\Desktop\KMU-FED-2\data\processed\01_DI_mr\01_DI_mr_016.jpg,Disgust,Disgust,10,1,1,cross_subject_pos
C:\Users\kundu\OneDrive\Desktop\KMU-FED-2\data\processed\12_SA_gu\12_SA_gu_165.jpg,C:\Users\kundu\OneDrive\Desktop\KMU-FED-2\data\processed\03_SU_s02\03_SU_s02_050.jpg,Sadness,Surprise,12,3,0,negative
C:\Users\kundu\OneDrive\Desktop\KMU-FED-2\data\processed\10_FE_ko\10_FE_ko_176.jpg,C:\Users\kundu\OneDrive\Desktop\KMU-FED-2\data\processed\05_FE_uj\05_FE_uj_090.jpg,Fear,Fear,10,5,1,cross_subject_pos
C:\Users\kundu\OneDrive\Desktop\KMU-FED-2\data\processed\10_DI_ko\10_DI_ko_097.jpg,C:\Users\kundu\OneDrive\Desktop\KMU-FED-2\data\processed\01_SA_mr\01_SA_mr_014.jpg,Disgust,Sadness,10,1,0,negative
C:\Users\kundu\OneDrive\Desktop\KMU-FED-2\data\processed\09_SU_sj\09_SU_sj_109.jpg,C:\Users\kundu\OneDrive\Desktop\KMU-FED-2\data\processed\03_SU_s02\03_SU_s02_060.jpg,Surprise,Surprise,9,3,1,cross_subject_pos
C:\Users\kundu\OneDrive\Desktop\KMU-FED-2\data\processed\12_AN_gu\12_AN_gu_186.jpg,C:\Users\kundu\OneDrive\Desktop\KMU-FED-2\data\processed\06_AN_dy\06_AN_dy_066.jpg,Anger,Anger,12,6,1,cross_subject_pos
C:\Users\kundu\OneDrive\Desktop\KMU-FED-2\data\processed\10_HA_ko\10_HA_ko_187.jpg,C:\Users\kundu\OneDrive\Desktop\KMU-FED-2\data\processed\05_AN_uj\05_AN_uj_049.jpg,Happiness,Anger,10,5,0,negative
C:\Users\kundu\OneDrive\Desktop\KMU-FED-2\data\processed\03_SU_s02\03_SU_s02_060.jpg,C:\Users\kundu\OneDrive\Desktop\KMU-FED-2\data\processed\01_DI_mr\01_DI_mr_017.jpg,Surprise,Disgust,3,1,0,negative
C:\Users\kundu\OneDrive\Desktop\KMU-FED-2\data\processed\09_SU_sj\09_SU_sj_109.jpg,C:\Users\kundu\OneDrive\Desktop\KMU-FED-2\data\processed\07_SA_sw\07_SA_sw_088.jpg,Surprise,Sadness,9,7,0,negative
C:\Users\kundu\OneDrive\Desktop\KMU-FED-2\data\processed\06_HA_dy\06_HA_dy_101.jpg,C:\Users\kundu\OneDrive\Desktop\KMU-FED-2\data\processed\10_HA_ko\10_HA_ko_177.jpg,Happiness,Happiness,6,10,1,cross_subject_pos
C:\Users\kundu\OneDrive\Desktop\KMU-FED-2\data\processed\10_DI_ko\10_DI_ko_100.jpg,C:\Users\kundu\OneDrive\Desktop\KMU-FED-2\data\processed\07_HA_sw\07_HA_sw_123.jpg,Disgust,Happiness,10,7,0,negative
C:\Users\kundu\OneDrive\Desktop\KMU-FED-2\data\processed\10_FE_ko\10_FE_ko_178.jpg,C:\Users\kundu\OneDrive\Desktop\KMU-FED-2\data\processed\05_AN_uj\05_AN_uj_048.jpg,Fear,Anger,10,5,0,negative
C:\Users\kundu\OneDrive\Desktop\KMU-FED-2\data\processed\10_HA_ko\10_HA_ko_175.jpg,C:\Users\kundu\OneDrive\Desktop\KMU-FED-2\data\processed\07_AN_sw\07_AN_sw_081.jpg,Happiness,Anger,10,7,0,negative
C:\Users\kundu\OneDrive\Desktop\KMU-FED-2\data\processed\12_AN_gu\12_AN_gu_184.jpg,C:\Users\kundu\OneDrive\Desktop\KMU-FED-2\data\processed\10_HA_ko\10_HA_ko_185.jpg,Anger,Happiness,12,10,0,negative
C:\Users\kundu\OneDrive\Desktop\KMU-FED-2\data\processed\01_SU_mr\01_SU_mr_012.jpg,C:\Users\kundu\OneDrive\Desktop\KMU-FED-2\data\processed\01_HA_mr\01_HA_mr_011.jpg,Surprise,Happiness,1,1,0,negative
C:\Users\kundu\OneDrive\Desktop\KMU-FED-2\data\processed\03_AN_s02\03_AN_s02_035.jpg,C:\Users\kundu\OneDrive\Desktop\KMU-FED-2\data\processed\10_AN_ko\10_AN_ko_141.jpg,Anger,Anger,3,10,1,cross_subject_pos
C:\Users\kundu\OneDrive\Desktop\KMU-FED-2\data\processed\01_SU_mr\01_SU_mr_020.jpg,C:\Users\kundu\OneDrive\Desktop\KMU-FED-2\data\processed\07_SA_sw\07_SA_sw_084.jpg,Surprise,Sadness,1,7,0,negative
C:\Users\kundu\OneDrive\Desktop\KMU-FED-2\data\processed\06_SA_dy\06_SA_dy_084.jpg,C:\Users\kundu\OneDrive\Desktop\KMU-FED-2\data\processed\01_SA_mr\01_SA_mr_019.jpg,Sadness,Sadness,6,1,1,cross_subject_pos
C:\Users\kundu\OneDrive\Desktop\KMU-FED-2\data\processed\05_FE_uj\05_FE_uj_097.jpg,C:\Users\kundu\OneDrive\Desktop\KMU-FED-2\data\processed\01_DI_mr\01_DI_mr_009.jpg,Fear,Disgust,5,1,0,negative
C:\Users\kundu\OneDrive\Desktop\KMU-FED-2\data\processed\01_DI_mr\01_DI_mr_012.jpg,C:\Users\kundu\OneDrive\Desktop\KMU-FED-2\data\processed\06_DI_dy\06_DI_dy_056.jpg,Disgust,Disgust,1,6,1,cross_subject_pos
C:\Users\kundu\OneDrive\Desktop\KMU-FED-2\data\processed\05_SU_uj\05_SU_uj_061.jpg,C:\Users\kundu\OneDrive\Desktop\KMU-FED-2\data\processed\03_SU_s02\03_SU_s02_043.jpg,Surprise,Surprise,5,3,1,cross_subject_pos
C:\Users\kundu\OneDrive\Desktop\KMU-FED-2\data\processed\05_SU_uj\05_SU_uj_075.jpg,C:\Users\kundu\OneDrive\Desktop\KMU-FED-2\data\processed\03_SU_s02\03_SU_s02_056.jpg,Surprise,Surprise,5,3,1,cross_subject_pos
C:\Users\kundu\OneDrive\Desktop\KMU-FED-2\data\processed\03_SA_s02\03_SA_s02_022.jpg,C:\Users\kundu\OneDrive\Desktop\KMU-FED-2\data\processed\01_SA_mr\01_SA_mr_014.jpg,Sadness,Sadness,3,1,1,cross_subject_pos
C:\Users\kundu\OneDrive\Desktop\KMU-FED-2\data\processed\07_SA_sw\07_SA_sw_077.jpg,C:\Users\kundu\OneDrive\Desktop\KMU-FED-2\data\processed\03_HA_s02\03_HA_s02_039.jpg,Sadness,Happiness,7,3,0,negative
C:\Users\kundu\OneDrive\Desktop\KMU-FED-2\data\processed\06_SU_dy\06_SU_dy_096.jpg,C:\Users\kundu\OneDrive\Desktop\KMU-FED-2\data\processed\01_SU_mr\01_SU_mr_001.jpg,Surprise,Surprise,6,1,1,cross_subject_pos
C:\Users\kundu\OneDrive\Desktop\KMU-FED-2\data\processed\06_DI_dy\06_DI_dy_056.jpg,C:\Users\kundu\OneDrive\Desktop\KMU-FED-2\data\processed\09_HA_sj\09_HA_sj_151.jpg,Disgust,Happiness,6,9,0,negative
C:\Users\kundu\OneDrive\Desktop\KMU-FED-2\data\processed\12_DI_gu\12_DI_gu_128.jpg,C:\Users\kundu\OneDrive\Desktop\KMU-FED-2\data\processed\10_FE_ko\10_FE_ko_171.jpg,Disgust,Fear,12,10,0,negative
C:\Users\kundu\OneDrive\Desktop\KMU-FED-2\data\processed\09_HA_sj\09_HA_sj_163.jpg,C:\Users\kundu\OneDrive\Desktop\KMU-FED-2\data\processed\01_DI_mr\01_DI_mr_014.jpg,Happiness,Disgust,9,1,0,negative
C:\Users\kundu\OneDrive\Desktop\KMU-FED-2\data\processed\09_SA_sj\09_SA_sj_117.jpg,C:\Users\kundu\OneDrive\Desktop\KMU-FED-2\data\processed\06_SA_dy\06_SA_dy_074.jpg,Sadness,Sadness,9,6,1,cross_subject_pos
C:\Users\kundu\OneDrive\Desktop\KMU-FED-2\data\processed\06_FE_dy\06_FE_dy_117.jpg,C:\Users\kundu\OneDrive\Desktop\KMU-FED-2\data\processed\10_DI_ko\10_DI_ko_092.jpg,Fear,Disgust,6,10,0,negative
C:\Users\kundu\OneDrive\Desktop\KMU-FED-2\data\processed\03_AN_s02\03_AN_s02_036.jpg,C:\Users\kundu\OneDrive\Desktop\KMU-FED-2\data\processed\10_AN_ko\10_AN_ko_144.jpg,Anger,Anger,3,10,1,cross_subject_pos
C:\Users\kundu\OneDrive\Desktop\KMU-FED-2\data\processed\05_HA_uj\05_HA_uj_073.jpg,C:\Users\kundu\OneDrive\Desktop\KMU-FED-2\data\processed\03_HA_s02\03_HA_s02_046.jpg,Happiness,Happiness,5,3,1,cross_subject_pos
C:\Users\kundu\OneDrive\Desktop\KMU-FED-2\data\processed\10_SU_ko\10_SU_ko_121.jpg,C:\Users\kundu\OneDrive\Desktop\KMU-FED-2\data\processed\01_FE_mr\01_FE_mr_014.jpg,Surprise,Fear,10,1,0,negative
C:\Users\kundu\OneDrive\Desktop\KMU-FED-2\data\processed\01_FE_mr\01_FE_mr_004.jpg,C:\Users\kundu\OneDrive\Desktop\KMU-FED-2\data\processed\05_HA_uj\05_HA_uj_076.jpg,Fear,Happiness,1,5,0,negative
C:\Users\kundu\OneDrive\Desktop\KMU-FED-2\data\processed\09_HA_sj\09_HA_sj_163.jpg,C:\Users\kundu\OneDrive\Desktop\KMU-FED-2\data\processed\10_SU_ko\10_SU_ko_126.jpg,Happiness,Surprise,9,10,0,negative
C:\Users\kundu\OneDrive\Desktop\KMU-FED-2\data\processed\05_DI_uj\05_DI_uj_036.jpg,C:\Users\kundu\OneDrive\Desktop\KMU-FED-2\data\processed\05_SA_uj\05_SA_uj_058.jpg,Disgust,Sadness,5,5,0,negative
C:\Users\kundu\OneDrive\Desktop\KMU-FED-2\data\processed\06_HA_dy\06_HA_dy_106.jpg,C:\Users\kundu\OneDrive\Desktop\KMU-FED-2\data\processed\10_HA_ko\10_HA_ko_175.jpg,Happiness,Happiness,6,10,1,cross_subject_pos
C:\Users\kundu\OneDrive\Desktop\KMU-FED-2\data\processed\09_SU_sj\09_SU_sj_103.jpg,C:\Users\kundu\OneDrive\Desktop\KMU-FED-2\data\processed\12_SA_gu\12_SA_gu_165.jpg,Surprise,Sadness,9,12,0,negative
C:\Users\kundu\OneDrive\Desktop\KMU-FED-2\data\processed\01_HA_mr\01_HA_mr_018.jpg,C:\Users\kundu\OneDrive\Desktop\KMU-FED-2\data\processed\01_SU_mr\01_SU_mr_011.jpg,Happiness,Surprise,1,1,0,negative
C:\Users\kundu\OneDrive\Desktop\KMU-FED-2\data\processed\01_SA_mr\01_SA_mr_010.jpg,C:\Users\kundu\OneDrive\Desktop\KMU-FED-2\data\processed\06_SU_dy\06_SU_dy_097.jpg,Sadness,Surprise,1,6,0,negative
C:\Users\kundu\OneDrive\Desktop\KMU-FED-2\data\processed\12_DI_gu\12_DI_gu_122.jpg,C:\Users\kundu\OneDrive\Desktop\KMU-FED-2\data\processed\05_DI_uj\05_DI_uj_039.jpg,Disgust,Disgust,12,5,1,cross_subject_pos
C:\Users\kundu\OneDrive\Desktop\KMU-FED-2\data\processed\07_AN_sw\07_AN_sw_091.jpg,C:\Users\kundu\OneDrive\Desktop\KMU-FED-2\data\processed\06_AN_dy\06_AN_dy_075.jpg,Anger,Anger,7,6,1,cross_subject_pos
C:\Users\kundu\OneDrive\Desktop\KMU-FED-2\data\processed\07_AN_sw\07_AN_sw_093.jpg,C:\Users\kundu\OneDrive\Desktop\KMU-FED-2\data\processed\05_AN_uj\05_AN_uj_048.jpg,Anger,Anger,7,5,1,cross_subject_pos
C:\Users\kundu\OneDrive\Desktop\KMU-FED-2\data\processed\03_AN_s02\03_AN_s02_032.jpg,C:\Users\kundu\OneDrive\Desktop\KMU-FED-2\data\processed\03_AN_s02\03_AN_s02_034.jpg,Anger,Anger,3,3,1,same_subject_pos
C:\Users\kundu\OneDrive\Desktop\KMU-FED-2\data\processed\01_SA_mr\01_SA_mr_003.jpg,C:\Users\kundu\OneDrive\Desktop\KMU-FED-2\data\processed\03_SA_s02\03_SA_s02_030.jpg,Sadness,Sadness,1,3,1,cross_subject_pos
C:\Users\kundu\OneDrive\Desktop\KMU-FED-2\data\processed\03_SU_s02\03_SU_s02_060.jpg,C:\Users\kundu\OneDrive\Desktop\KMU-FED-2\data\processed\01_FE_mr\01_FE_mr_017.jpg,Surprise,Fear,3,1,0,negative
C:\Users\kundu\OneDrive\Desktop\KMU-FED-2\data\processed\03_SU_s02\03_SU_s02_060.jpg,C:\Users\kundu\OneDrive\Desktop\KMU-FED-2\data\processed\06_HA_dy\06_HA_dy_097.jpg,Surprise,Happiness,3,6,0,negative
C:\Users\kundu\OneDrive\Desktop\KMU-FED-2\data\processed\03_SA_s02\03_SA_s02_025.jpg,C:\Users\kundu\OneDrive\Desktop\KMU-FED-2\data\processed\03_SA_s02\03_SA_s02_035.jpg,Sadness,Sadness,3,3,1,same_subject_pos
C:\Users\kundu\OneDrive\Desktop\KMU-FED-2\data\processed\10_AN_ko\10_AN_ko_147.jpg,C:\Users\kundu\OneDrive\Desktop\KMU-FED-2\data\processed\06_DI_dy\06_DI_dy_063.jpg,Anger,Disgust,10,6,0,negative
C:\Users\kundu\OneDrive\Desktop\KMU-FED-2\data\processed\06_DI_dy\06_DI_dy_064.jpg,C:\Users\kundu\OneDrive\Desktop\KMU-FED-2\data\processed\03_FE_s02\03_FE_s02_052.jpg,Disgust,Fear,6,3,0,negative
C:\Users\kundu\OneDrive\Desktop\KMU-FED-2\data\processed\10_FE_ko\10_FE_ko_162.jpg,C:\Users\kundu\OneDrive\Desktop\KMU-FED-2\data\processed\03_FE_s02\03_FE_s02_045.jpg,Fear,Fear,10,3,1,cross_subject_pos
C:\Users\kundu\OneDrive\Desktop\KMU-FED-2\data\processed\06_HA_dy\06_HA_dy_107.jpg,C:\Users\kundu\OneDrive\Desktop\KMU-FED-2\data\processed\03_SA_s02\03_SA_s02_024.jpg,Happiness,Sadness,6,3,0,negative
C:\Users\kundu\OneDrive\Desktop\KMU-FED-2\data\processed\05_SA_uj\05_SA_uj_057.jpg,C:\Users\kundu\OneDrive\Desktop\KMU-FED-2\data\processed\03_SA_s02\03_SA_s02_034.jpg,Sadness,Sadness,5,3,1,cross_subject_pos
C:\Users\kundu\OneDrive\Desktop\KMU-FED-2\data\processed\12_DI_gu\12_DI_gu_124.jpg,C:\Users\kundu\OneDrive\Desktop\KMU-FED-2\data\processed\06_FE_dy\06_FE_dy_103.jpg,Disgust,Fear,12,6,0,negative
C:\Users\kundu\OneDrive\Desktop\KMU-FED-2\data\processed\12_DI_gu\12_DI_gu_130.jpg,C:\Users\kundu\OneDrive\Desktop\KMU-FED-2\data\processed\06_DI_dy\06_DI_dy_052.jpg,Disgust,Disgust,12,6,1,cross_subject_pos
C:\Users\kundu\OneDrive\Desktop\KMU-FED-2\data\processed\01_HA_mr\01_HA_mr_003.jpg,C:\Users\kundu\OneDrive\Desktop\KMU-FED-2\data\processed\06_AN_dy\06_AN_dy_075.jpg,Happiness,Anger,1,6,0,negative
C:\Users\kundu\OneDrive\Desktop\KMU-FED-2\data\processed\01_SU_mr\01_SU_mr_004.jpg,C:\Users\kundu\OneDrive\Desktop\KMU-FED-2\data\processed\10_FE_ko\10_FE_ko_171.jpg,Surprise,Fear,1,10,0,negative
C:\Users\kundu\OneDrive\Desktop\KMU-FED-2\data\processed\07_SU_sw\07_SU_sw_099.jpg,C:\Users\kundu\OneDrive\Desktop\KMU-FED-2\data\processed\12_AN_gu\12_AN_gu_187.jpg,Surprise,Anger,7,12,0,negative
C:\Users\kundu\OneDrive\Desktop\KMU-FED-2\data\processed\09_FE_sj\09_FE_sj_156.jpg,C:\Users\kundu\OneDrive\Desktop\KMU-FED-2\data\processed\05_FE_uj\05_FE_uj_099.jpg,Fear,Fear,9,5,1,cross_subject_pos
C:\Users\kundu\OneDrive\Desktop\KMU-FED-2\data\processed\03_SA_s02\03_SA_s02_038.jpg,C:\Users\kundu\OneDrive\Desktop\KMU-FED-2\data\processed\12_SA_gu\12_SA_gu_151.jpg,Sadness,Sadness,3,12,1,cross_subject_pos
C:\Users\kundu\OneDrive\Desktop\KMU-FED-2\data\processed\07_AN_sw\07_AN_sw_089.jpg,C:\Users\kundu\OneDrive\Desktop\KMU-FED-2\data\processed\10_AN_ko\10_AN_ko_144.jpg,Anger,Anger,7,10,1,cross_subject_pos
C:\Users\kundu\OneDrive\Desktop\KMU-FED-2\data\processed\03_SU_s02\03_SU_s02_053.jpg,C:\Users\kundu\OneDrive\Desktop\KMU-FED-2\data\processed\03_AN_s02\03_AN_s02_036.jpg,Surprise,Anger,3,3,0,negative
C:\Users\kundu\OneDrive\Desktop\KMU-FED-2\data\processed\06_DI_dy\06_DI_dy_055.jpg,C:\Users\kundu\OneDrive\Desktop\KMU-FED-2\data\processed\10_DI_ko\10_DI_ko_098.jpg,Disgust,Disgust,6,10,1,cross_subject_pos
C:\Users\kundu\OneDrive\Desktop\KMU-FED-2\data\processed\12_SA_gu\12_SA_gu_166.jpg,C:\Users\kundu\OneDrive\Desktop\KMU-FED-2\data\processed\03_FE_s02\03_FE_s02_044.jpg,Sadness,Fear,12,3,0,negative
C:\Users\kundu\OneDrive\Desktop\KMU-FED-2\data\processed\06_FE_dy\06_FE_dy_116.jpg,C:\Users\kundu\OneDrive\Desktop\KMU-FED-2\data\processed\06_SA_dy\06_SA_dy_080.jpg,Fear,Sadness,6,6,0,negative
C:\Users\kundu\OneDrive\Desktop\KMU-FED-2\data\processed\05_SU_uj\05_SU_uj_065.jpg,C:\Users\kundu\OneDrive\Desktop\KMU-FED-2\data\processed\10_SU_ko\10_SU_ko_114.jpg,Surprise,Surprise,5,10,1,cross_subject_pos
C:\Users\kundu\OneDrive\Desktop\KMU-FED-2\data\processed\12_AN_gu\12_AN_gu_173.jpg,C:\Users\kundu\OneDrive\Desktop\KMU-FED-2\data\processed\05_FE_uj\05_FE_uj_100.jpg,Anger,Fear,12,5,0,negative
C:\Users\kundu\OneDrive\Desktop\KMU-FED-2\data\processed\06_SA_dy\06_SA_dy_086.jpg,C:\Users\kundu\OneDrive\Desktop\KMU-FED-2\data\processed\12_SA_gu\12_SA_gu_157.jpg,Sadness,Sadness,6,12,1,cross_subject_pos
C:\Users\kundu\OneDrive\Desktop\KMU-FED-2\data\processed\10_DI_ko\10_DI_ko_094.jpg,C:\Users\kundu\OneDrive\Desktop\KMU-FED-2\data\processed\06_DI_dy\06_DI_dy_070.jpg,Disgust,Disgust,10,6,1,cross_subject_pos
C:\Users\kundu\OneDrive\Desktop\KMU-FED-2\data\processed\06_DI_dy\06_DI_dy_068.jpg,C:\Users\kundu\OneDrive\Desktop\KMU-FED-2\data\processed\12_DI_gu\12_DI_gu_126.jpg,Disgust,Disgust,6,12,1,cross_subject_pos
C:\Users\kundu\OneDrive\Desktop\KMU-FED-2\data\processed\05_FE_uj\05_FE_uj_092.jpg,C:\Users\kundu\OneDrive\Desktop\KMU-FED-2\data\processed\12_AN_gu\12_AN_gu_179.jpg,Fear,Anger,5,12,0,negative
C:\Users\kundu\OneDrive\Desktop\KMU-FED-2\data\processed\12_AN_gu\12_AN_gu_181.jpg,C:\Users\kundu\OneDrive\Desktop\KMU-FED-2\data\processed\09_AN_sj\09_AN_sj_126.jpg,Anger,Anger,12,9,1,cross_subject_pos
C:\Users\kundu\OneDrive\Desktop\KMU-FED-2\data\processed\05_DI_uj\05_DI_uj_033.jpg,C:\Users\kundu\OneDrive\Desktop\KMU-FED-2\data\processed\01_DI_mr\01_DI_mr_011.jpg,Disgust,Disgust,5,1,1,cross_subject_pos
C:\Users\kundu\OneDrive\Desktop\KMU-FED-2\data\processed\07_FE_sw\07_FE_sw_138.jpg,C:\Users\kundu\OneDrive\Desktop\KMU-FED-2\data\processed\10_FE_ko\10_FE_ko_163.jpg,Fear,Fear,7,10,1,cross_subject_pos
C:\Users\kundu\OneDrive\Desktop\KMU-FED-2\data\processed\10_DI_ko\10_DI_ko_098.jpg,C:\Users\kundu\OneDrive\Desktop\KMU-FED-2\data\processed\10_SU_ko\10_SU_ko_121.jpg,Disgust,Surprise,10,10,0,negative
C:\Users\kundu\OneDrive\Desktop\KMU-FED-2\data\processed\01_SU_mr\01_SU_mr_012.jpg,C:\Users\kundu\OneDrive\Desktop\KMU-FED-2\data\processed\07_AN_sw\07_AN_sw_083.jpg,Surprise,Anger,1,7,0,negative
C:\Users\kundu\OneDrive\Desktop\KMU-FED-2\data\processed\12_AN_gu\12_AN_gu_174.jpg,C:\Users\kundu\OneDrive\Desktop\KMU-FED-2\data\processed\01_DI_mr\01_DI_mr_019.jpg,Anger,Disgust,12,1,0,negative
C:\Users\kundu\OneDrive\Desktop\KMU-FED-2\data\processed\01_DI_mr\01_DI_mr_018.jpg,C:\Users\kundu\OneDrive\Desktop\KMU-FED-2\data\processed\06_DI_dy\06_DI_dy_053.jpg,Disgust,Disgust,1,6,1,cross_subject_pos
C:\Users\kundu\OneDrive\Desktop\KMU-FED-2\data\processed\09_FE_sj\09_FE_sj_151.jpg,C:\Users\kundu\OneDrive\Desktop\KMU-FED-2\data\processed\05_FE_uj\05_FE_uj_097.jpg,Fear,Fear,9,5,1,cross_subject_pos
C:\Users\kundu\OneDrive\Desktop\KMU-FED-2\data\processed\06_DI_dy\06_DI_dy_059.jpg,C:\Users\kundu\OneDrive\Desktop\KMU-FED-2\data\processed\06_SU_dy\06_SU_dy_091.jpg,Disgust,Surprise,6,6,0,negative
C:\Users\kundu\OneDrive\Desktop\KMU-FED-2\data\processed\06_FE_dy\06_FE_dy_115.jpg,C:\Users\kundu\OneDrive\Desktop\KMU-FED-2\data\processed\03_FE_s02\03_FE_s02_058.jpg,Fear,Fear,6,3,1,cross_subject_pos
C:\Users\kundu\OneDrive\Desktop\KMU-FED-2\data\processed\03_SA_s02\03_SA_s02_026.jpg,C:\Users\kundu\OneDrive\Desktop\KMU-FED-2\data\processed\09_HA_sj\09_HA_sj_165.jpg,Sadness,Happiness,3,9,0,negative
C:\Users\kundu\OneDrive\Desktop\KMU-FED-2\data\processed\05_SU_uj\05_SU_uj_063.jpg,C:\Users\kundu\OneDrive\Desktop\KMU-FED-2\data\processed\05_DI_uj\05_DI_uj_033.jpg,Surprise,Disgust,5,5,0,negative
C:\Users\kundu\OneDrive\Desktop\KMU-FED-2\data\processed\09_AN_sj\09_AN_sj_138.jpg,C:\Users\kundu\OneDrive\Desktop\KMU-FED-2\data\processed\01_AN_mr\01_AN_mr_005.jpg,Anger,Anger,9,1,1,cross_subject_pos
C:\Users\kundu\OneDrive\Desktop\KMU-FED-2\data\processed\07_SA_sw\07_SA_sw_083.jpg,C:\Users\kundu\OneDrive\Desktop\KMU-FED-2\data\processed\01_SA_mr\01_SA_mr_020.jpg,Sadness,Sadness,7,1,1,cross_subject_pos
C:\Users\kundu\OneDrive\Desktop\KMU-FED-2\data\processed\07_SA_sw\07_SA_sw_087.jpg,C:\Users\kundu\OneDrive\Desktop\KMU-FED-2\data\processed\03_SA_s02\03_SA_s02_040.jpg,Sadness,Sadness,7,3,1,cross_subject_pos
C:\Users\kundu\OneDrive\Desktop\KMU-FED-2\data\processed\05_SA_uj\05_SA_uj_055.jpg,C:\Users\kundu\OneDrive\Desktop\KMU-FED-2\data\processed\12_SA_gu\12_SA_gu_161.jpg,Sadness,Sadness,5,12,1,cross_subject_pos
C:\Users\kundu\OneDrive\Desktop\KMU-FED-2\data\processed\06_DI_dy\06_DI_dy_064.jpg,C:\Users\kundu\OneDrive\Desktop\KMU-FED-2\data\processed\10_SU_ko\10_SU_ko_126.jpg,Disgust,Surprise,6,10,0,negative
C:\Users\kundu\OneDrive\Desktop\KMU-FED-2\data\processed\05_SU_uj\05_SU_uj_078.jpg,C:\Users\kundu\OneDrive\Desktop\KMU-FED-2\data\processed\07_FE_sw\07_FE_sw_121.jpg,Surprise,Fear,5,7,0,negative
C:\Users\kundu\OneDrive\Desktop\KMU-FED-2\data\processed\12_SA_gu\12_SA_gu_162.jpg,C:\Users\kundu\OneDrive\Desktop\KMU-FED-2\data\processed\12_SA_gu\12_SA_gu_169.jpg,Sadness,Sadness,12,12,1,same_subject_pos
C:\Users\kundu\OneDrive\Desktop\KMU-FED-2\data\processed\10_HA_ko\10_HA_ko_177.jpg,C:\Users\kundu\OneDrive\Desktop\KMU-FED-2\data\processed\05_SA_uj\05_SA_uj_068.jpg,Happiness,Sadness,10,5,0,negative
C:\Users\kundu\OneDrive\Desktop\KMU-FED-2\data\processed\10_DI_ko\10_DI_ko_097.jpg,C:\Users\kundu\OneDrive\Desktop\KMU-FED-2\data\processed\01_DI_mr\01_DI_mr_005.jpg,Disgust,Disgust,10,1,1,cross_subject_pos
C:\Users\kundu\OneDrive\Desktop\KMU-FED-2\data\processed\05_AN_uj\05_AN_uj_050.jpg,C:\Users\kundu\OneDrive\Desktop\KMU-FED-2\data\processed\07_FE_sw\07_FE_sw_130.jpg,Anger,Fear,5,7,0,negative
C:\Users\kundu\OneDrive\Desktop\KMU-FED-2\data\processed\05_SU_uj\05_SU_uj_069.jpg,C:\Users\kundu\OneDrive\Desktop\KMU-FED-2\data\processed\10_SU_ko\10_SU_ko_119.jpg,Surprise,Surprise,5,10,1,cross_subject_pos
C:\Users\kundu\OneDrive\Desktop\KMU-FED-2\data\processed\01_HA_mr\01_HA_mr_008.jpg,C:\Users\kundu\OneDrive\Desktop\KMU-FED-2\data\processed\09_HA_sj\09_HA_sj_158.jpg,Happiness,Happiness,1,9,1,cross_subject_pos
C:\Users\kundu\OneDrive\Desktop\KMU-FED-2\data\processed\07_AN_sw\07_AN_sw_085.jpg,C:\Users\kundu\OneDrive\Desktop\KMU-FED-2\data\processed\06_FE_dy\06_FE_dy_108.jpg,Anger,Fear,7,6,0,negative
C:\Users\kundu\OneDrive\Desktop\KMU-FED-2\data\processed\01_FE_mr\01_FE_mr_008.jpg,C:\Users\kundu\OneDrive\Desktop\KMU-FED-2\data\processed\01_FE_mr\01_FE_mr_003.jpg,Fear,Fear,1,1,1,same_subject_pos
C:\Users\kundu\OneDrive\Desktop\KMU-FED-2\data\processed\07_AN_sw\07_AN_sw_094.jpg,C:\Users\kundu\OneDrive\Desktop\KMU-FED-2\data\processed\05_AN_uj\05_AN_uj_054.jpg,Anger,Anger,7,5,1,cross_subject_pos
C:\Users\kundu\OneDrive\Desktop\KMU-FED-2\data\processed\07_HA_sw\07_HA_sw_112.jpg,C:\Users\kundu\OneDrive\Desktop\KMU-FED-2\data\processed\12_HA_gu\12_HA_gu_180.jpg,Happiness,Happiness,7,12,1,cross_subject_pos
C:\Users\kundu\OneDrive\Desktop\KMU-FED-2\data\processed\12_HA_gu\12_HA_gu_181.jpg,C:\Users\kundu\OneDrive\Desktop\KMU-FED-2\data\processed\07_SA_sw\07_SA_sw_082.jpg,Happiness,Sadness,12,7,0,negative
C:\Users\kundu\OneDrive\Desktop\KMU-FED-2\data\processed\07_HA_sw\07_HA_sw_119.jpg,C:\Users\kundu\OneDrive\Desktop\KMU-FED-2\data\processed\06_FE_dy\06_FE_dy_116.jpg,Happiness,Fear,7,6,0,negative
C:\Users\kundu\OneDrive\Desktop\KMU-FED-2\data\processed\07_SA_sw\07_SA_sw_073.jpg,C:\Users\kundu\OneDrive\Desktop\KMU-FED-2\data\processed\05_SU_uj\05_SU_uj_076.jpg,Sadness,Surprise,7,5,0,negative
C:\Users\kundu\OneDrive\Desktop\KMU-FED-2\data\processed\01_FE_mr\01_FE_mr_012.jpg,C:\Users\kundu\OneDrive\Desktop\KMU-FED-2\data\processed\07_FE_sw\07_FE_sw_124.jpg,Fear,Fear,1,7,1,cross_subject_pos
C:\Users\kundu\OneDrive\Desktop\KMU-FED-2\data\processed\03_SU_s02\03_SU_s02_042.jpg,C:\Users\kundu\OneDrive\Desktop\KMU-FED-2\data\processed\01_SU_mr\01_SU_mr_007.jpg,Surprise,Surprise,3,1,1,cross_subject_pos
C:\Users\kundu\OneDrive\Desktop\KMU-FED-2\data\processed\05_AN_uj\05_AN_uj_054.jpg,C:\Users\kundu\OneDrive\Desktop\KMU-FED-2\data\processed\12_HA_gu\12_HA_gu_187.jpg,Anger,Happiness,5,12,0,negative
C:\Users\kundu\OneDrive\Desktop\KMU-FED-2\data\processed\01_SU_mr\01_SU_mr_009.jpg,C:\Users\kundu\OneDrive\Desktop\KMU-FED-2\data\processed\12_AN_gu\12_AN_gu_176.jpg,Surprise,Anger,1,12,0,negative
C:\Users\kundu\OneDrive\Desktop\KMU-FED-2\data\processed\07_SU_sw\07_SU_sw_081.jpg,C:\Users\kundu\OneDrive\Desktop\KMU-FED-2\data\processed\01_FE_mr\01_FE_mr_007.jpg,Surprise,Fear,7,1,0,negative
C:\Users\kundu\OneDrive\Desktop\KMU-FED-2\data\processed\09_HA_sj\09_HA_sj_153.jpg,C:\Users\kundu\OneDrive\Desktop\KMU-FED-2\data\processed\12_DI_gu\12_DI_gu_130.jpg,Happiness,Disgust,9,12,0,negative
C:\Users\kundu\OneDrive\Desktop\KMU-FED-2\data\processed\07_AN_sw\07_AN_sw_094.jpg,C:\Users\kundu\OneDrive\Desktop\KMU-FED-2\data\processed\05_SA_uj\05_SA_uj_057.jpg,Anger,Sadness,7,5,0,negative
C:\Users\kundu\OneDrive\Desktop\KMU-FED-2\data\processed\01_HA_mr\01_HA_mr_013.jpg,C:\Users\kundu\OneDrive\Desktop\KMU-FED-2\data\processed\09_SA_sj\09_SA_sj_112.jpg,Happiness,Sadness,1,9,0,negative
C:\Users\kundu\OneDrive\Desktop\KMU-FED-2\data\processed\12_DI_gu\12_DI_gu_122.jpg,C:\Users\kundu\OneDrive\Desktop\KMU-FED-2\data\processed\03_FE_s02\03_FE_s02_053.jpg,Disgust,Fear,12,3,0,negative
C:\Users\kundu\OneDrive\Desktop\KMU-FED-2\data\processed\06_AN_dy\06_AN_dy_078.jpg,C:\Users\kundu\OneDrive\Desktop\KMU-FED-2\data\processed\10_AN_ko\10_AN_ko_143.jpg,Anger,Anger,6,10,1,cross_subject_pos
C:\Users\kundu\OneDrive\Desktop\KMU-FED-2\data\processed\12_DI_gu\12_DI_gu_126.jpg,C:\Users\kundu\OneDrive\Desktop\KMU-FED-2\data\processed\01_SU_mr\01_SU_mr_016.jpg,Disgust,Surprise,12,1,0,negative
C:\Users\kundu\OneDrive\Desktop\KMU-FED-2\data\processed\06_DI_dy\06_DI_dy_069.jpg,C:\Users\kundu\OneDrive\Desktop\KMU-FED-2\data\processed\05_AN_uj\05_AN_uj_051.jpg,Disgust,Anger,6,5,0,negative
C:\Users\kundu\OneDrive\Desktop\KMU-FED-2\data\processed\10_AN_ko\10_AN_ko_144.jpg,C:\Users\kundu\OneDrive\Desktop\KMU-FED-2\data\processed\03_AN_s02\03_AN_s02_036.jpg,Anger,Anger,10,3,1,cross_subject_pos
C:\Users\kundu\OneDrive\Desktop\KMU-FED-2\data\processed\07_AN_sw\07_AN_sw_095.jpg,C:\Users\kundu\OneDrive\Desktop\KMU-FED-2\data\processed\06_AN_dy\06_AN_dy_080.jpg,Anger,Anger,7,6,1,cross_subject_pos
C:\Users\kundu\OneDrive\Desktop\KMU-FED-2\data\processed\03_HA_s02\03_HA_s02_049.jpg,C:\Users\kundu\OneDrive\Desktop\KMU-FED-2\data\processed\05_HA_uj\05_HA_uj_076.jpg,Happiness,Happiness,3,5,1,cross_subject_pos
C:\Users\kundu\OneDrive\Desktop\KMU-FED-2\data\processed\03_SU_s02\03_SU_s02_046.jpg,C:\Users\kundu\OneDrive\Desktop\KMU-FED-2\data\processed\05_SA_uj\05_SA_uj_060.jpg,Surprise,Sadness,3,5,0,negative
C:\Users\kundu\OneDrive\Desktop\KMU-FED-2\data\processed\05_DI_uj\05_DI_uj_035.jpg,C:\Users\kundu\OneDrive\Desktop\KMU-FED-2\data\processed\03_SU_s02\03_SU_s02_049.jpg,Disgust,Surprise,5,3,0,negative
C:\Users\kundu\OneDrive\Desktop\KMU-FED-2\data\processed\07_FE_sw\07_FE_sw_134.jpg,C:\Users\kundu\OneDrive\Desktop\KMU-FED-2\data\processed\10_FE_ko\10_FE_ko_161.jpg,Fear,Fear,7,10,1,cross_subject_pos
C:\Users\kundu\OneDrive\Desktop\KMU-FED-2\data\processed\01_SA_mr\01_SA_mr_006.jpg,C:\Users\kundu\OneDrive\Desktop\KMU-FED-2\data\processed\07_SA_sw\07_SA_sw_088.jpg,Sadness,Sadness,1,7,1,cross_subject_pos
C:\Users\kundu\OneDrive\Desktop\KMU-FED-2\data\processed\05_SA_uj\05_SA_uj_059.jpg,C:\Users\kundu\OneDrive\Desktop\KMU-FED-2\data\processed\01_SA_mr\01_SA_mr_014.jpg,Sadness,Sadness,5,1,1,cross_subject_pos
C:\Users\kundu\OneDrive\Desktop\KMU-FED-2\data\processed\03_SA_s02\03_SA_s02_039.jpg,C:\Users\kundu\OneDrive\Desktop\KMU-FED-2\data\processed\05_SA_uj\05_SA_uj_053.jpg,Sadness,Sadness,3,5,1,cross_subject_pos
C:\Users\kundu\OneDrive\Desktop\KMU-FED-2\data\processed\01_DI_mr\01_DI_mr_012.jpg,C:\Users\kundu\OneDrive\Desktop\KMU-FED-2\data\processed\03_SU_s02\03_SU_s02_043.jpg,Disgust,Surprise,1,3,0,negative
C:\Users\kundu\OneDrive\Desktop\KMU-FED-2\data\processed\12_SA_gu\12_SA_gu_169.jpg,C:\Users\kundu\OneDrive\Desktop\KMU-FED-2\data\processed\01_DI_mr\01_DI_mr_002.jpg,Sadness,Disgust,12,1,0,negative
C:\Users\kundu\OneDrive\Desktop\KMU-FED-2\data\processed\05_SA_uj\05_SA_uj_066.jpg,C:\Users\kundu\OneDrive\Desktop\KMU-FED-2\data\processed\12_SA_gu\12_SA_gu_160.jpg,Sadness,Sadness,5,12,1,cross_subject_pos
C:\Users\kundu\OneDrive\Desktop\KMU-FED-2\data\processed\10_DI_ko\10_DI_ko_094.jpg,C:\Users\kundu\OneDrive\Desktop\KMU-FED-2\data\processed\12_AN_gu\12_AN_gu_174.jpg,Disgust,Anger,10,12,0,negative
C:\Users\kundu\OneDrive\Desktop\KMU-FED-2\data\processed\01_AN_mr\01_AN_mr_005.jpg,C:\Users\kundu\OneDrive\Desktop\KMU-FED-2\data\processed\01_AN_mr\01_AN_mr_018.jpg,Anger,Anger,1,1,1,same_subject_pos
C:\Users\kundu\OneDrive\Desktop\KMU-FED-2\data\processed\01_DI_mr\01_DI_mr_001.jpg,C:\Users\kundu\OneDrive\Desktop\KMU-FED-2\data\processed\07_SU_sw\07_SU_sw_090.jpg,Disgust,Surprise,1,7,0,negative
C:\Users\kundu\OneDrive\Desktop\KMU-FED-2\data\processed\03_SA_s02\03_SA_s02_035.jpg,C:\Users\kundu\OneDrive\Desktop\KMU-FED-2\data\processed\07_SA_sw\07_SA_sw_080.jpg,Sadness,Sadness,3,7,1,cross_subject_pos
C:\Users\kundu\OneDrive\Desktop\KMU-FED-2\data\processed\03_SA_s02\03_SA_s02_024.jpg,C:\Users\kundu\OneDrive\Desktop\KMU-FED-2\data\processed\07_AN_sw\07_AN_sw_084.jpg,Sadness,Anger,3,7,0,negative
C:\Users\kundu\OneDrive\Desktop\KMU-FED-2\data\processed\12_HA_gu\12_HA_gu_174.jpg,C:\Users\kundu\OneDrive\Desktop\KMU-FED-2\data\processed\01_SA_mr\01_SA_mr_012.jpg,Happiness,Sadness,12,1,0,negative
C:\Users\kundu\OneDrive\Desktop\KMU-FED-2\data\processed\05_SU_uj\05_SU_uj_068.jpg,C:\Users\kundu\OneDrive\Desktop\KMU-FED-2\data\processed\09_HA_sj\09_HA_sj_157.jpg,Surprise,Happiness,5,9,0,negative
C:\Users\kundu\OneDrive\Desktop\KMU-FED-2\data\processed\07_SU_sw\07_SU_sw_089.jpg,C:\Users\kundu\OneDrive\Desktop\KMU-FED-2\data\processed\07_SU_sw\07_SU_sw_091.jpg,Surprise,Surprise,7,7,1,same_subject_pos
C:\Users\kundu\OneDrive\Desktop\KMU-FED-2\data\processed\05_FE_uj\05_FE_uj_085.jpg,C:\Users\kundu\OneDrive\Desktop\KMU-FED-2\data\processed\01_FE_mr\01_FE_mr_001.jpg,Fear,Fear,5,1,1,cross_subject_pos
C:\Users\kundu\OneDrive\Desktop\KMU-FED-2\data\processed\01_SU_mr\01_SU_mr_002.jpg,C:\Users\kundu\OneDrive\Desktop\KMU-FED-2\data\processed\05_DI_uj\05_DI_uj_036.jpg,Surprise,Disgust,1,5,0,negative
C:\Users\kundu\OneDrive\Desktop\KMU-FED-2\data\processed\12_AN_gu\12_AN_gu_188.jpg,C:\Users\kundu\OneDrive\Desktop\KMU-FED-2\data\processed\09_AN_sj\09_AN_sj_122.jpg,Anger,Anger,12,9,1,cross_subject_pos
C:\Users\kundu\OneDrive\Desktop\KMU-FED-2\data\processed\06_DI_dy\06_DI_dy_070.jpg,C:\Users\kundu\OneDrive\Desktop\KMU-FED-2\data\processed\06_DI_dy\06_DI_dy_066.jpg,Disgust,Disgust,6,6,1,same_subject_pos
C:\Users\kundu\OneDrive\Desktop\KMU-FED-2\data\processed\07_SA_sw\07_SA_sw_081.jpg,C:\Users\kundu\OneDrive\Desktop\KMU-FED-2\data\processed\07_HA_sw\07_HA_sw_111.jpg,Sadness,Happiness,7,7,0,negative
C:\Users\kundu\OneDrive\Desktop\KMU-FED-2\data\processed\01_DI_mr\01_DI_mr_006.jpg,C:\Users\kundu\OneDrive\Desktop\KMU-FED-2\data\processed\06_DI_dy\06_DI_dy_060.jpg,Disgust,Disgust,1,6,1,cross_subject_pos
C:\Users\kundu\OneDrive\Desktop\KMU-FED-2\data\processed\07_HA_sw\07_HA_sw_111.jpg,C:\Users\kundu\OneDrive\Desktop\KMU-FED-2\data\processed\10_HA_ko\10_HA_ko_173.jpg,Happiness,Happiness,7,10,1,cross_subject_pos
C:\Users\kundu\OneDrive\Desktop\KMU-FED-2\data\processed\01_SU_mr\01_SU_mr_018.jpg,C:\Users\kundu\OneDrive\Desktop\KMU-FED-2\data\processed\03_FE_s02\03_FE_s02_056.jpg,Surprise,Fear,1,3,0,negative
C:\Users\kundu\OneDrive\Desktop\KMU-FED-2\data\processed\01_SA_mr\01_SA_mr_010.jpg,C:\Users\kundu\OneDrive\Desktop\KMU-FED-2\data\processed\05_FE_uj\05_FE_uj_099.jpg,Sadness,Fear,1,5,0,negative
C:\Users\kundu\OneDrive\Desktop\KMU-FED-2\data\processed\01_SU_mr\01_SU_mr_009.jpg,C:\Users\kundu\OneDrive\Desktop\KMU-FED-2\data\processed\12_SA_gu\12_SA_gu_157.jpg,Surprise,Sadness,1,12,0,negative
C:\Users\kundu\OneDrive\Desktop\KMU-FED-2\data\processed\01_DI_mr\01_DI_mr_007.jpg,C:\Users\kundu\OneDrive\Desktop\KMU-FED-2\data\processed\10_FE_ko\10_FE_ko_161.jpg,Disgust,Fear,1,10,0,negative
C:\Users\kundu\OneDrive\Desktop\KMU-FED-2\data\processed\07_AN_sw\07_AN_sw_084.jpg,C:\Users\kundu\OneDrive\Desktop\KMU-FED-2\data\processed\09_HA_sj\09_HA_sj_168.jpg,Anger,Happiness,7,9,0,negative
C:\Users\kundu\OneDrive\Desktop\KMU-FED-2\data\processed\01_SA_mr\01_SA_mr_013.jpg,C:\Users\kundu\OneDrive\Desktop\KMU-FED-2\data\processed\06_SA_dy\06_SA_dy_073.jpg,Sadness,Sadness,1,6,1,cross_subject_pos
C:\Users\kundu\OneDrive\Desktop\KMU-FED-2\data\processed\06_HA_dy\06_HA_dy_108.jpg,C:\Users\kundu\OneDrive\Desktop\KMU-FED-2\data\processed\12_HA_gu\12_HA_gu_174.jpg,Happiness,Happiness,6,12,1,cross_subject_pos
C:\Users\kundu\OneDrive\Desktop\KMU-FED-2\data\processed\07_AN_sw\07_AN_sw_097.jpg,C:\Users\kundu\OneDrive\Desktop\KMU-FED-2\data\processed\05_AN_uj\05_AN_uj_044.jpg,Anger,Anger,7,5,1,cross_subject_pos
C:\Users\kundu\OneDrive\Desktop\KMU-FED-2\data\processed\12_HA_gu\12_HA_gu_181.jpg,C:\Users\kundu\OneDrive\Desktop\KMU-FED-2\data\processed\10_HA_ko\10_HA_ko_181.jpg,Happiness,Happiness,12,10,1,cross_subject_pos
C:\Users\kundu\OneDrive\Desktop\KMU-FED-2\data\processed\01_HA_mr\01_HA_mr_005.jpg,C:\Users\kundu\OneDrive\Desktop\KMU-FED-2\data\processed\06_DI_dy\06_DI_dy_067.jpg,Happiness,Disgust,1,6,0,negative
C:\Users\kundu\OneDrive\Desktop\KMU-FED-2\data\processed\05_SA_uj\05_SA_uj_066.jpg,C:\Users\kundu\OneDrive\Desktop\KMU-FED-2\data\processed\03_HA_s02\03_HA_s02_038.jpg,Sadness,Happiness,5,3,0,negative
C:\Users\kundu\OneDrive\Desktop\KMU-FED-2\data\processed\07_SU_sw\07_SU_sw_082.jpg,C:\Users\kundu\OneDrive\Desktop\KMU-FED-2\data\processed\06_SU_dy\06_SU_dy_099.jpg,Surprise,Surprise,7,6,1,cross_subject_pos
C:\Users\kundu\OneDrive\Desktop\KMU-FED-2\data\processed\01_HA_mr\01_HA_mr_003.jpg,C:\Users\kundu\OneDrive\Desktop\KMU-FED-2\data\processed\03_SA_s02\03_SA_s02_030.jpg,Happiness,Sadness,1,3,0,negative
C:\Users\kundu\OneDrive\Desktop\KMU-FED-2\data\processed\01_SU_mr\01_SU_mr_009.jpg,C:\Users\kundu\OneDrive\Desktop\KMU-FED-2\data\processed\07_SU_sw\07_SU_sw_092.jpg,Surprise,Surprise,1,7,1,cross_subject_pos
C:\Users\kundu\OneDrive\Desktop\KMU-FED-2\data\processed\05_SU_uj\05_SU_uj_069.jpg,C:\Users\kundu\OneDrive\Desktop\KMU-FED-2\data\processed\10_SU_ko\10_SU_ko_111.jpg,Surprise,Surprise,5,10,1,cross_subject_pos
C:\Users\kundu\OneDrive\Desktop\KMU-FED-2\data\processed\07_HA_sw\07_HA_sw_118.jpg,C:\Users\kundu\OneDrive\Desktop\KMU-FED-2\data\processed\12_SA_gu\12_SA_gu_154.jpg,Happiness,Sadness,7,12,0,negative
C:\Users\kundu\OneDrive\Desktop\KMU-FED-2\data\processed\07_SU_sw\07_SU_sw_083.jpg,C:\Users\kundu\OneDrive\Desktop\KMU-FED-2\data\processed\12_HA_gu\12_HA_gu_171.jpg,Surprise,Happiness,7,12,0,negative
C:\Users\kundu\OneDrive\Desktop\KMU-FED-2\data\processed\10_DI_ko\10_DI_ko_098.jpg,C:\Users\kundu\OneDrive\Desktop\KMU-FED-2\data\processed\06_SU_dy\06_SU_dy_099.jpg,Disgust,Surprise,10,6,0,negative
C:\Users\kundu\OneDrive\Desktop\KMU-FED-2\data\processed\03_FE_s02\03_FE_s02_048.jpg,C:\Users\kundu\OneDrive\Desktop\KMU-FED-2\data\processed\07_FE_sw\07_FE_sw_137.jpg,Fear,Fear,3,7,1,cross_subject_pos
C:\Users\kundu\OneDrive\Desktop\KMU-FED-2\data\processed\01_SU_mr\01_SU_mr_008.jpg,C:\Users\kundu\OneDrive\Desktop\KMU-FED-2\data\processed\01_SU_mr\01_SU_mr_001.jpg,Surprise,Surprise,1,1,1,same_subject_pos
C:\Users\kundu\OneDrive\Desktop\KMU-FED-2\data\processed\06_FE_dy\06_FE_dy_109.jpg,C:\Users\kundu\OneDrive\Desktop\KMU-FED-2\data\processed\09_FE_sj\09_FE_sj_155.jpg,Fear,Fear,6,9,1,cross_subject_pos
C:\Users\kundu\OneDrive\Desktop\KMU-FED-2\data\processed\06_FE_dy\06_FE_dy_119.jpg,C:\Users\kundu\OneDrive\Desktop\KMU-FED-2\data\processed\01_SA_mr\01_SA_mr_014.jpg,Fear,Sadness,6,1,0,negative
C:\Users\kundu\OneDrive\Desktop\KMU-FED-2\data\processed\07_SA_sw\07_SA_sw_073.jpg,C:\Users\kundu\OneDrive\Desktop\KMU-FED-2\data\processed\09_SU_sj\09_SU_sj_101.jpg,Sadness,Surprise,7,9,0,negative
C:\Users\kundu\OneDrive\Desktop\KMU-FED-2\data\processed\06_HA_dy\06_HA_dy_106.jpg,C:\Users\kundu\OneDrive\Desktop\KMU-FED-2\data\processed\12_HA_gu\12_HA_gu_189.jpg,Happiness,Happiness,6,12,1,cross_subject_pos
C:\Users\kundu\OneDrive\Desktop\KMU-FED-2\data\processed\03_SA_s02\03_SA_s02_032.jpg,C:\Users\kundu\OneDrive\Desktop\KMU-FED-2\data\processed\01_DI_mr\01_DI_mr_016.jpg,Sadness,Disgust,3,1,0,negative
C:\Users\kundu\OneDrive\Desktop\KMU-FED-2\data\processed\06_DI_dy\06_DI_dy_067.jpg,C:\Users\kundu\OneDrive\Desktop\KMU-FED-2\data\processed\07_HA_sw\07_HA_sw_112.jpg,Disgust,Happiness,6,7,0,negative
C:\Users\kundu\OneDrive\Desktop\KMU-FED-2\data\processed\09_AN_sj\09_AN_sj_138.jpg,C:\Users\kundu\OneDrive\Desktop\KMU-FED-2\data\processed\12_AN_gu\12_AN_gu_176.jpg,Anger,Anger,9,12,1,cross_subject_pos
C:\Users\kundu\OneDrive\Desktop\KMU-FED-2\data\processed\07_AN_sw\07_AN_sw_087.jpg,C:\Users\kundu\OneDrive\Desktop\KMU-FED-2\data\processed\06_AN_dy\06_AN_dy_077.jpg,Anger,Anger,7,6,1,cross_subject_pos
C:\Users\kundu\OneDrive\Desktop\KMU-FED-2\data\processed\10_HA_ko\10_HA_ko_180.jpg,C:\Users\kundu\OneDrive\Desktop\KMU-FED-2\data\processed\03_SU_s02\03_SU_s02_055.jpg,Happiness,Surprise,10,3,0,negative
C:\Users\kundu\OneDrive\Desktop\KMU-FED-2\data\processed\07_HA_sw\07_HA_sw_116.jpg,C:\Users\kundu\OneDrive\Desktop\KMU-FED-2\data\processed\07_AN_sw\07_AN_sw_088.jpg,Happiness,Anger,7,7,0,negative
C:\Users\kundu\OneDrive\Desktop\KMU-FED-2\data\processed\06_DI_dy\06_DI_dy_069.jpg,C:\Users\kundu\OneDrive\Desktop\KMU-FED-2\data\processed\09_SA_sj\09_SA_sj_113.jpg,Disgust,Sadness,6,9,0,negative
C:\Users\kundu\OneDrive\Desktop\KMU-FED-2\data\processed\01_AN_mr\01_AN_mr_017.jpg,C:\Users\kundu\OneDrive\Desktop\KMU-FED-2\data\processed\06_AN_dy\06_AN_dy_061.jpg,Anger,Anger,1,6,1,cross_subject_pos
C:\Users\kundu\OneDrive\Desktop\KMU-FED-2\data\processed\12_HA_gu\12_HA_gu_174.jpg,C:\Users\kundu\OneDrive\Desktop\KMU-FED-2\data\processed\07_HA_sw\07_HA_sw_117.jpg,Happiness,Happiness,12,7,1,cross_subject_pos
C:\Users\kundu\OneDrive\Desktop\KMU-FED-2\data\processed\01_DI_mr\01_DI_mr_006.jpg,C:\Users\kundu\OneDrive\Desktop\KMU-FED-2\data\processed\07_AN_sw\07_AN_sw_087.jpg,Disgust,Anger,1,7,0,negative
C:\Users\kundu\OneDrive\Desktop\KMU-FED-2\data\processed\01_DI_mr\01_DI_mr_011.jpg,C:\Users\kundu\OneDrive\Desktop\KMU-FED-2\data\processed\12_AN_gu\12_AN_gu_188.jpg,Disgust,Anger,1,12,0,negative
C:\Users\kundu\OneDrive\Desktop\KMU-FED-2\data\processed\01_SU_mr\01_SU_mr_014.jpg,C:\Users\kundu\OneDrive\Desktop\KMU-FED-2\data\processed\06_SU_dy\06_SU_dy_093.jpg,Surprise,Surprise,1,6,1,cross_subject_pos
C:\Users\kundu\OneDrive\Desktop\KMU-FED-2\data\processed\06_SA_dy\06_SA_dy_087.jpg,C:\Users\kundu\OneDrive\Desktop\KMU-FED-2\data\processed\07_SA_sw\07_SA_sw_077.jpg,Sadness,Sadness,6,7,1,cross_subject_pos
C:\Users\kundu\OneDrive\Desktop\KMU-FED-2\data\processed\01_SU_mr\01_SU_mr_016.jpg,C:\Users\kundu\OneDrive\Desktop\KMU-FED-2\data\processed\05_AN_uj\05_AN_uj_047.jpg,Surprise,Anger,1,5,0,negative
C:\Users\kundu\OneDrive\Desktop\KMU-FED-2\data\processed\03_SA_s02\03_SA_s02_038.jpg,C:\Users\kundu\OneDrive\Desktop\KMU-FED-2\data\processed\03_SA_s02\03_SA_s02_031.jpg,Sadness,Sadness,3,3,1,same_subject_pos
C:\Users\kundu\OneDrive\Desktop\KMU-FED-2\data\processed\05_FE_uj\05_FE_uj_083.jpg,C:\Users\kundu\OneDrive\Desktop\KMU-FED-2\data\processed\06_FE_dy\06_FE_dy_111.jpg,Fear,Fear,5,6,1,cross_subject_pos
C:\Users\kundu\OneDrive\Desktop\KMU-FED-2\data\processed\05_DI_uj\05_DI_uj_037.jpg,C:\Users\kundu\OneDrive\Desktop\KMU-FED-2\data\processed\01_DI_mr\01_DI_mr_009.jpg,Disgust,Disgust,5,1,1,cross_subject_pos
C:\Users\kundu\OneDrive\Desktop\KMU-FED-2\data\processed\07_AN_sw\07_AN_sw_081.jpg,C:\Users\kundu\OneDrive\Desktop\KMU-FED-2\data\processed\09_AN_sj\09_AN_sj_137.jpg,Anger,Anger,7,9,1,cross_subject_pos
C:\Users\kundu\OneDrive\Desktop\KMU-FED-2\data\processed\09_SA_sj\09_SA_sj_117.jpg,C:\Users\kundu\OneDrive\Desktop\KMU-FED-2\data\processed\07_SA_sw\07_SA_sw_084.jpg,Sadness,Sadness,9,7,1,cross_subject_pos
C:\Users\kundu\OneDrive\Desktop\KMU-FED-2\data\processed\05_FE_uj\05_FE_uj_098.jpg,C:\Users\kundu\OneDrive\Desktop\KMU-FED-2\data\processed\07_SA_sw\07_SA_sw_077.jpg,Fear,Sadness,5,7,0,negative
C:\Users\kundu\OneDrive\Desktop\KMU-FED-2\data\processed\03_AN_s02\03_AN_s02_040.jpg,C:\Users\kundu\OneDrive\Desktop\KMU-FED-2\data\processed\05_AN_uj\05_AN_uj_047.jpg,Anger,Anger,3,5,1,cross_subject_pos
C:\Users\kundu\OneDrive\Desktop\KMU-FED-2\data\processed\10_DI_ko\10_DI_ko_100.jpg,C:\Users\kundu\OneDrive\Desktop\KMU-FED-2\data\processed\01_DI_mr\01_DI_mr_008.jpg,Disgust,Disgust,10,1,1,cross_subject_pos
C:\Users\kundu\OneDrive\Desktop\KMU-FED-2\data\processed\07_SU_sw\07_SU_sw_096.jpg,C:\Users\kundu\OneDrive\Desktop\KMU-FED-2\data\processed\07_SU_sw\07_SU_sw_089.jpg,Surprise,Surprise,7,7,1,same_subject_pos
C:\Users\kundu\OneDrive\Desktop\KMU-FED-2\data\processed\06_DI_dy\06_DI_dy_068.jpg,C:\Users\kundu\OneDrive\Desktop\KMU-FED-2\data\processed\09_HA_sj\09_HA_sj_152.jpg,Disgust,Happiness,6,9,0,negative
C:\Users\kundu\OneDrive\Desktop\KMU-FED-2\data\processed\07_FE_sw\07_FE_sw_123.jpg,C:\Users\kundu\OneDrive\Desktop\KMU-FED-2\data\processed\01_DI_mr\01_DI_mr_009.jpg,Fear,Disgust,7,1,0,negative
C:\Users\kundu\OneDrive\Desktop\KMU-FED-2\data\processed\06_DI_dy\06_DI_dy_059.jpg,C:\Users\kundu\OneDrive\Desktop\KMU-FED-2\data\processed\10_AN_ko\10_AN_ko_149.jpg,Disgust,Anger,6,10,0,negative
C:\Users\kundu\OneDrive\Desktop\KMU-FED-2\data\processed\09_HA_sj\09_HA_sj_151.jpg,C:\Users\kundu\OneDrive\Desktop\KMU-FED-2\data\processed\01_SA_mr\01_SA_mr_008.jpg,Happiness,Sadness,9,1,0,negative
C:\Users\kundu\OneDrive\Desktop\KMU-FED-2\data\processed\07_AN_sw\07_AN_sw_088.jpg,C:\Users\kundu\OneDrive\Desktop\KMU-FED-2\data\processed\05_SA_uj\05_SA_uj_063.jpg,Anger,Sadness,7,5,0,negative
C:\Users\kundu\OneDrive\Desktop\KMU-FED-2\data\processed\01_FE_mr\01_FE_mr_004.jpg,C:\Users\kundu\OneDrive\Desktop\KMU-FED-2\data\processed\03_SA_s02\03_SA_s02_034.jpg,Fear,Sadness,1,3,0,negative
C:\Users\kundu\OneDrive\Desktop\KMU-FED-2\data\processed\05_SA_uj\05_SA_uj_060.jpg,C:\Users\kundu\OneDrive\Desktop\KMU-FED-2\data\processed\09_FE_sj\09_FE_sj_159.jpg,Sadness,Fear,5,9,0,negative
C:\Users\kundu\OneDrive\Desktop\KMU-FED-2\data\processed\05_SU_uj\05_SU_uj_078.jpg,C:\Users\kundu\OneDrive\Desktop\KMU-FED-2\data\processed\10_HA_ko\10_HA_ko_186.jpg,Surprise,Happiness,5,10,0,negative
C:\Users\kundu\OneDrive\Desktop\KMU-FED-2\data\processed\12_DI_gu\12_DI_gu_123.jpg,C:\Users\kundu\OneDrive\Desktop\KMU-FED-2\data\processed\05_DI_uj\05_DI_uj_038.jpg,Disgust,Disgust,12,5,1,cross_subject_pos
C:\Users\kundu\OneDrive\Desktop\KMU-FED-2\data\processed\07_SU_sw\07_SU_sw_086.jpg,C:\Users\kundu\OneDrive\Desktop\KMU-FED-2\data\processed\01_FE_mr\01_FE_mr_011.jpg,Surprise,Fear,7,1,0,negative
C:\Users\kundu\OneDrive\Desktop\KMU-FED-2\data\processed\03_SA_s02\03_SA_s02_023.jpg,C:\Users\kundu\OneDrive\Desktop\KMU-FED-2\data\processed\01_HA_mr\01_HA_mr_002.jpg,Sadness,Happiness,3,1,0,negative
C:\Users\kundu\OneDrive\Desktop\KMU-FED-2\data\processed\09_SA_sj\09_SA_sj_115.jpg,C:\Users\kundu\OneDrive\Desktop\KMU-FED-2\data\processed\09_SA_sj\09_SA_sj_116.jpg,Sadness,Sadness,9,9,1,same_subject_pos
C:\Users\kundu\OneDrive\Desktop\KMU-FED-2\data\processed\05_HA_uj\05_HA_uj_073.jpg,C:\Users\kundu\OneDrive\Desktop\KMU-FED-2\data\processed\09_HA_sj\09_HA_sj_170.jpg,Happiness,Happiness,5,9,1,cross_subject_pos
C:\Users\kundu\OneDrive\Desktop\KMU-FED-2\data\processed\07_AN_sw\07_AN_sw_092.jpg,C:\Users\kundu\OneDrive\Desktop\KMU-FED-2\data\processed\12_AN_gu\12_AN_gu_172.jpg,Anger,Anger,7,12,1,cross_subject_pos
C:\Users\kundu\OneDrive\Desktop\KMU-FED-2\data\processed\05_HA_uj\05_HA_uj_076.jpg,C:\Users\kundu\OneDrive\Desktop\KMU-FED-2\data\processed\10_AN_ko\10_AN_ko_147.jpg,Happiness,Anger,5,10,0,negative
C:\Users\kundu\OneDrive\Desktop\KMU-FED-2\data\processed\01_DI_mr\01_DI_mr_017.jpg,C:\Users\kundu\OneDrive\Desktop\KMU-FED-2\data\processed\06_SA_dy\06_SA_dy_088.jpg,Disgust,Sadness,1,6,0,negative
C:\Users\kundu\OneDrive\Desktop\KMU-FED-2\data\processed\03_AN_s02\03_AN_s02_036.jpg,C:\Users\kundu\OneDrive\Desktop\KMU-FED-2\data\processed\12_HA_gu\12_HA_gu_174.jpg,Anger,Happiness,3,12,0,negative
C:\Users\kundu\OneDrive\Desktop\KMU-FED-2\data\processed\01_SA_mr\01_SA_mr_019.jpg,C:\Users\kundu\OneDrive\Desktop\KMU-FED-2\data\processed\06_SA_dy\06_SA_dy_090.jpg,Sadness,Sadness,1,6,1,cross_subject_pos
C:\Users\kundu\OneDrive\Desktop\KMU-FED-2\data\processed\06_DI_dy\06_DI_dy_055.jpg,C:\Users\kundu\OneDrive\Desktop\KMU-FED-2\data\processed\06_DI_dy\06_DI_dy_060.jpg,Disgust,Disgust,6,6,1,same_subject_pos
C:\Users\kundu\OneDrive\Desktop\KMU-FED-2\data\processed\01_DI_mr\01_DI_mr_012.jpg,C:\Users\kundu\OneDrive\Desktop\KMU-FED-2\data\processed\01_FE_mr\01_FE_mr_020.jpg,Disgust,Fear,1,1,0,negative
C:\Users\kundu\OneDrive\Desktop\KMU-FED-2\data\processed\05_SA_uj\05_SA_uj_067.jpg,C:\Users\kundu\OneDrive\Desktop\KMU-FED-2\data\processed\12_SA_gu\12_SA_gu_155.jpg,Sadness,Sadness,5,12,1,cross_subject_pos
C:\Users\kundu\OneDrive\Desktop\KMU-FED-2\data\processed\07_SA_sw\07_SA_sw_073.jpg,C:\Users\kundu\OneDrive\Desktop\KMU-FED-2\data\processed\06_SA_dy\06_SA_dy_071.jpg,Sadness,Sadness,7,6,1,cross_subject_pos
C:\Users\kundu\OneDrive\Desktop\KMU-FED-2\data\processed\10_FE_ko\10_FE_ko_165.jpg,C:\Users\kundu\OneDrive\Desktop\KMU-FED-2\data\processed\07_FE_sw\07_FE_sw_128.jpg,Fear,Fear,10,7,1,cross_subject_pos
C:\Users\kundu\OneDrive\Desktop\KMU-FED-2\data\processed\06_FE_dy\06_FE_dy_107.jpg,C:\Users\kundu\OneDrive\Desktop\KMU-FED-2\data\processed\07_SA_sw\07_SA_sw_086.jpg,Fear,Sadness,6,7,0,negative
C:\Users\kundu\OneDrive\Desktop\KMU-FED-2\data\processed\07_SU_sw\07_SU_sw_099.jpg,C:\Users\kundu\OneDrive\Desktop\KMU-FED-2\data\processed\03_SU_s02\03_SU_s02_058.jpg,Surprise,Surprise,7,3,1,cross_subject_pos
C:\Users\kundu\OneDrive\Desktop\KMU-FED-2\data\processed\10_HA_ko\10_HA_ko_187.jpg,C:\Users\kundu\OneDrive\Desktop\KMU-FED-2\data\processed\09_HA_sj\09_HA_sj_153.jpg,Happiness,Happiness,10,9,1,cross_subject_pos
C:\Users\kundu\OneDrive\Desktop\KMU-FED-2\data\processed\03_SU_s02\03_SU_s02_059.jpg,C:\Users\kundu\OneDrive\Desktop\KMU-FED-2\data\processed\07_SU_sw\07_SU_sw_089.jpg,Surprise,Surprise,3,7,1,cross_subject_pos
C:\Users\kundu\OneDrive\Desktop\KMU-FED-2\data\processed\06_SU_dy\06_SU_dy_085.jpg,C:\Users\kundu\OneDrive\Desktop\KMU-FED-2\data\processed\01_DI_mr\01_DI_mr_016.jpg,Surprise,Disgust,6,1,0,negative
C:\Users\kundu\OneDrive\Desktop\KMU-FED-2\data\processed\03_SU_s02\03_SU_s02_054.jpg,C:\Users\kundu\OneDrive\Desktop\KMU-FED-2\data\processed\07_SU_sw\07_SU_sw_085.jpg,Surprise,Surprise,3,7,1,cross_subject_pos
C:\Users\kundu\OneDrive\Desktop\KMU-FED-2\data\processed\07_SA_sw\07_SA_sw_087.jpg,C:\Users\kundu\OneDrive\Desktop\KMU-FED-2\data\processed\12_SA_gu\12_SA_gu_157.jpg,Sadness,Sadness,7,12,1,cross_subject_pos
C:\Users\kundu\OneDrive\Desktop\KMU-FED-2\data\processed\03_FE_s02\03_FE_s02_057.jpg,C:\Users\kundu\OneDrive\Desktop\KMU-FED-2\data\processed\07_SU_sw\07_SU_sw_096.jpg,Fear,Surprise,3,7,0,negative
C:\Users\kundu\OneDrive\Desktop\KMU-FED-2\data\processed\06_SA_dy\06_SA_dy_073.jpg,C:\Users\kundu\OneDrive\Desktop\KMU-FED-2\data\processed\01_HA_mr\01_HA_mr_012.jpg,Sadness,Happiness,6,1,0,negative
C:\Users\kundu\OneDrive\Desktop\KMU-FED-2\data\processed\12_AN_gu\12_AN_gu_181.jpg,C:\Users\kundu\OneDrive\Desktop\KMU-FED-2\data\processed\10_AN_ko\10_AN_ko_145.jpg,Anger,Anger,12,10,1,cross_subject_pos
C:\Users\kundu\OneDrive\Desktop\KMU-FED-2\data\processed\06_DI_dy\06_DI_dy_069.jpg,C:\Users\kundu\OneDrive\Desktop\KMU-FED-2\data\processed\01_DI_mr\01_DI_mr_011.jpg,Disgust,Disgust,6,1,1,cross_subject_pos
C:\Users\kundu\OneDrive\Desktop\KMU-FED-2\data\processed\05_FE_uj\05_FE_uj_090.jpg,C:\Users\kundu\OneDrive\Desktop\KMU-FED-2\data\processed\07_FE_sw\07_FE_sw_137.jpg,Fear,Fear,5,7,1,cross_subject_pos
C:\Users\kundu\OneDrive\Desktop\KMU-FED-2\data\processed\07_SA_sw\07_SA_sw_082.jpg,C:\Users\kundu\OneDrive\Desktop\KMU-FED-2\data\processed\05_SU_uj\05_SU_uj_063.jpg,Sadness,Surprise,7,5,0,negative
C:\Users\kundu\OneDrive\Desktop\KMU-FED-2\data\processed\03_FE_s02\03_FE_s02_042.jpg,C:\Users\kundu\OneDrive\Desktop\KMU-FED-2\data\processed\03_AN_s02\03_AN_s02_037.jpg,Fear,Anger,3,3,0,negative
C:\Users\kundu\OneDrive\Desktop\KMU-FED-2\data\processed\10_DI_ko\10_DI_ko_097.jpg,C:\Users\kundu\OneDrive\Desktop\KMU-FED-2\data\processed\09_HA_sj\09_HA_sj_167.jpg,Disgust,Happiness,10,9,0,negative
C:\Users\kundu\OneDrive\Desktop\KMU-FED-2\data\processed\01_HA_mr\01_HA_mr_008.jpg,C:\Users\kundu\OneDrive\Desktop\KMU-FED-2\data\processed\01_HA_mr\01_HA_mr_016.jpg,Happiness,Happiness,1,1,1,same_subject_pos
C:\Users\kundu\OneDrive\Desktop\KMU-FED-2\data\processed\05_FE_uj\05_FE_uj_100.jpg,C:\Users\kundu\OneDrive\Desktop\KMU-FED-2\data\processed\12_HA_gu\12_HA_gu_179.jpg,Fear,Happiness,5,12,0,negative
C:\Users\kundu\OneDrive\Desktop\KMU-FED-2\data\processed\05_SU_uj\05_SU_uj_065.jpg,C:\Users\kundu\OneDrive\Desktop\KMU-FED-2\data\processed\09_SU_sj\09_SU_sj_101.jpg,Surprise,Surprise,5,9,1,cross_subject_pos
C:\Users\kundu\OneDrive\Desktop\KMU-FED-2\data\processed\10_SU_ko\10_SU_ko_116.jpg,C:\Users\kundu\OneDrive\Desktop\KMU-FED-2\data\processed\07_HA_sw\07_HA_sw_121.jpg,Surprise,Happiness,10,7,0,negative
C:\Users\kundu\OneDrive\Desktop\KMU-FED-2\data\processed\03_HA_s02\03_HA_s02_043.jpg,C:\Users\kundu\OneDrive\Desktop\KMU-FED-2\data\processed\03_SU_s02\03_SU_s02_047.jpg,Happiness,Surprise,3,3,0,negative
C:\Users\kundu\OneDrive\Desktop\KMU-FED-2\data\processed\05_FE_uj\05_FE_uj_082.jpg,C:\Users\kundu\OneDrive\Desktop\KMU-FED-2\data\processed\01_FE_mr\01_FE_mr_012.jpg,Fear,Fear,5,1,1,cross_subject_pos
C:\Users\kundu\OneDrive\Desktop\KMU-FED-2\data\processed\12_HA_gu\12_HA_gu_182.jpg,C:\Users\kundu\OneDrive\Desktop\KMU-FED-2\data\processed\03_HA_s02\03_HA_s02_048.jpg,Happiness,Happiness,12,3,1,cross_subject_pos
C:\Users\kundu\OneDrive\Desktop\KMU-FED-2\data\processed\05_SA_uj\05_SA_uj_056.jpg,C:\Users\kundu\OneDrive\Desktop\KMU-FED-2\data\processed\06_SU_dy\06_SU_dy_085.jpg,Sadness,Surprise,5,6,0,negative
C:\Users\kundu\OneDrive\Desktop\KMU-FED-2\data\processed\01_SA_mr\01_SA_mr_015.jpg,C:\Users\kundu\OneDrive\Desktop\KMU-FED-2\data\processed\01_SA_mr\01_SA_mr_002.jpg,Sadness,Sadness,1,1,1,same_subject_pos
C:\Users\kundu\OneDrive\Desktop\KMU-FED-2\data\processed\03_AN_s02\03_AN_s02_034.jpg,C:\Users\kundu\OneDrive\Desktop\KMU-FED-2\data\processed\09_AN_sj\09_AN_sj_139.jpg,Anger,Anger,3,9,1,cross_subject_pos
C:\Users\kundu\OneDrive\Desktop\KMU-FED-2\data\processed\10_SU_ko\10_SU_ko_126.jpg,C:\Users\kundu\OneDrive\Desktop\KMU-FED-2\data\processed\12_HA_gu\12_HA_gu_178.jpg,Surprise,Happiness,10,12,0,negative
C:\Users\kundu\OneDrive\Desktop\KMU-FED-2\data\processed\01_DI_mr\01_DI_mr_015.jpg,C:\Users\kundu\OneDrive\Desktop\KMU-FED-2\data\processed\06_SA_dy\06_SA_dy_089.jpg,Disgust,Sadness,1,6,0,negative
C:\Users\kundu\OneDrive\Desktop\KMU-FED-2\data\processed\07_SU_sw\07_SU_sw_099.jpg,C:\Users\kundu\OneDrive\Desktop\KMU-FED-2\data\processed\10_DI_ko\10_DI_ko_095.jpg,Surprise,Disgust,7,10,0,negative
C:\Users\kundu\OneDrive\Desktop\KMU-FED-2\data\processed\03_FE_s02\03_FE_s02_060.jpg,C:\Users\kundu\OneDrive\Desktop\KMU-FED-2\data\processed\03_FE_s02\03_FE_s02_044.jpg,Fear,Fear,3,3,1,same_subject_pos
C:\Users\kundu\OneDrive\Desktop\KMU-FED-2\data\processed\06_SU_dy\06_SU_dy_093.jpg,C:\Users\kundu\OneDrive\Desktop\KMU-FED-2\data\processed\05_SU_uj\05_SU_uj_061.jpg,Surprise,Surprise,6,5,1,cross_subject_pos
C:\Users\kundu\OneDrive\Desktop\KMU-FED-2\data\processed\05_SA_uj\05_SA_uj_062.jpg,C:\Users\kundu\OneDrive\Desktop\KMU-FED-2\data\processed\09_AN_sj\09_AN_sj_124.jpg,Sadness,Anger,5,9,0,negative
C:\Users\kundu\OneDrive\Desktop\KMU-FED-2\data\processed\06_SU_dy\06_SU_dy_082.jpg,C:\Users\kundu\OneDrive\Desktop\KMU-FED-2\data\processed\09_SU_sj\09_SU_sj_104.jpg,Surprise,Surprise,6,9,1,cross_subject_pos
C:\Users\kundu\OneDrive\Desktop\KMU-FED-2\data\processed\12_DI_gu\12_DI_gu_129.jpg,C:\Users\kundu\OneDrive\Desktop\KMU-FED-2\data\processed\06_AN_dy\06_AN_dy_066.jpg,Disgust,Anger,12,6,0,negative
C:\Users\kundu\OneDrive\Desktop\KMU-FED-2\data\processed\03_SU_s02\03_SU_s02_045.jpg,C:\Users\kundu\OneDrive\Desktop\KMU-FED-2\data\processed\07_SU_sw\07_SU_sw_090.jpg,Surprise,Surprise,3,7,1,cross_subject_pos
C:\Users\kundu\OneDrive\Desktop\KMU-FED-2\data\processed\06_FE_dy\06_FE_dy_105.jpg,C:\Users\kundu\OneDrive\Desktop\KMU-FED-2\data\processed\03_HA_s02\03_HA_s02_039.jpg,Fear,Happiness,6,3,0,negative
C:\Users\kundu\OneDrive\Desktop\KMU-FED-2\data\processed\12_SA_gu\12_SA_gu_153.jpg,C:\Users\kundu\OneDrive\Desktop\KMU-FED-2\data\processed\01_DI_mr\01_DI_mr_006.jpg,Sadness,Disgust,12,1,0,negative
C:\Users\kundu\OneDrive\Desktop\KMU-FED-2\data\processed\10_DI_ko\10_DI_ko_092.jpg,C:\Users\kundu\OneDrive\Desktop\KMU-FED-2\data\processed\12_HA_gu\12_HA_gu_188.jpg,Disgust,Happiness,10,12,0,negative
C:\Users\kundu\OneDrive\Desktop\KMU-FED-2\data\processed\05_SA_uj\05_SA_uj_051.jpg,C:\Users\kundu\OneDrive\Desktop\KMU-FED-2\data\processed\01_SA_mr\01_SA_mr_017.jpg,Sadness,Sadness,5,1,1,cross_subject_pos
C:\Users\kundu\OneDrive\Desktop\KMU-FED-2\data\processed\05_FE_uj\05_FE_uj_082.jpg,C:\Users\kundu\OneDrive\Desktop\KMU-FED-2\data\processed\07_FE_sw\07_FE_sw_126.jpg,Fear,Fear,5,7,1,cross_subject_pos
C:\Users\kundu\OneDrive\Desktop\KMU-FED-2\data\processed\12_SA_gu\12_SA_gu_166.jpg,C:\Users\kundu\OneDrive\Desktop\KMU-FED-2\data\processed\12_AN_gu\12_AN_gu_187.jpg,Sadness,Anger,12,12,0,negative
C:\Users\kundu\OneDrive\Desktop\KMU-FED-2\data\processed\05_SU_uj\05_SU_uj_066.jpg,C:\Users\kundu\OneDrive\Desktop\KMU-FED-2\data\processed\12_AN_gu\12_AN_gu_179.jpg,Surprise,Anger,5,12,0,negative
C:\Users\kundu\OneDrive\Desktop\KMU-FED-2\data\processed\01_DI_mr\01_DI_mr_019.jpg,C:\Users\kundu\OneDrive\Desktop\KMU-FED-2\data\processed\12_HA_gu\12_HA_gu_185.jpg,Disgust,Happiness,1,12,0,negative
C:\Users\kundu\OneDrive\Desktop\KMU-FED-2\data\processed\09_FE_sj\09_FE_sj_154.jpg,C:\Users\kundu\OneDrive\Desktop\KMU-FED-2\data\processed\12_SA_gu\12_SA_gu_152.jpg,Fear,Sadness,9,12,0,negative
C:\Users\kundu\OneDrive\Desktop\KMU-FED-2\data\processed\10_HA_ko\10_HA_ko_184.jpg,C:\Users\kundu\OneDrive\Desktop\KMU-FED-2\data\processed\01_HA_mr\01_HA_mr_005.jpg,Happiness,Happiness,10,1,1,cross_subject_pos
C:\Users\kundu\OneDrive\Desktop\KMU-FED-2\data\processed\03_HA_s02\03_HA_s02_035.jpg,C:\Users\kundu\OneDrive\Desktop\KMU-FED-2\data\processed\01_AN_mr\01_AN_mr_017.jpg,Happiness,Anger,3,1,0,negative
C:\Users\kundu\OneDrive\Desktop\KMU-FED-2\data\processed\07_SU_sw\07_SU_sw_082.jpg,C:\Users\kundu\OneDrive\Desktop\KMU-FED-2\data\processed\07_SU_sw\07_SU_sw_099.jpg,Surprise,Surprise,7,7,1,same_subject_pos
C:\Users\kundu\OneDrive\Desktop\KMU-FED-2\data\processed\06_AN_dy\06_AN_dy_073.jpg,C:\Users\kundu\OneDrive\Desktop\KMU-FED-2\data\processed\12_AN_gu\12_AN_gu_172.jpg,Anger,Anger,6,12,1,cross_subject_pos
C:\Users\kundu\OneDrive\Desktop\KMU-FED-2\data\processed\10_SU_ko\10_SU_ko_123.jpg,C:\Users\kundu\OneDrive\Desktop\KMU-FED-2\data\processed\07_SU_sw\07_SU_sw_082.jpg,Surprise,Surprise,10,7,1,cross_subject_pos
C:\Users\kundu\OneDrive\Desktop\KMU-FED-2\data\processed\01_SU_mr\01_SU_mr_017.jpg,C:\Users\kundu\OneDrive\Desktop\KMU-FED-2\data\processed\07_SA_sw\07_SA_sw_082.jpg,Surprise,Sadness,1,7,0,negative
C:\Users\kundu\OneDrive\Desktop\KMU-FED-2\data\processed\12_SA_gu\12_SA_gu_156.jpg,C:\Users\kundu\OneDrive\Desktop\KMU-FED-2\data\processed\03_SA_s02\03_SA_s02_031.jpg,Sadness,Sadness,12,3,1,cross_subject_pos
C:\Users\kundu\OneDrive\Desktop\KMU-FED-2\data\processed\05_SA_uj\05_SA_uj_067.jpg,C:\Users\kundu\OneDrive\Desktop\KMU-FED-2\data\processed\01_SA_mr\01_SA_mr_006.jpg,Sadness,Sadness,5,1,1,cross_subject_pos
C:\Users\kundu\OneDrive\Desktop\KMU-FED-2\data\processed\10_AN_ko\10_AN_ko_149.jpg,C:\Users\kundu\OneDrive\Desktop\KMU-FED-2\data\processed\03_SU_s02\03_SU_s02_043.jpg,Anger,Surprise,10,3,0,negative
C:\Users\kundu\OneDrive\Desktop\KMU-FED-2\data\processed\01_HA_mr\01_HA_mr_003.jpg,C:\Users\kundu\OneDrive\Desktop\KMU-FED-2\data\processed\01_DI_mr\01_DI_mr_016.jpg,Happiness,Disgust,1,1,0,negative
C:\Users\kundu\OneDrive\Desktop\KMU-FED-2\data\processed\03_FE_s02\03_FE_s02_041.jpg,C:\Users\kundu\OneDrive\Desktop\KMU-FED-2\data\processed\05_FE_uj\05_FE_uj_091.jpg,Fear,Fear,3,5,1,cross_subject_pos
C:\Users\kundu\OneDrive\Desktop\KMU-FED-2\data\processed\06_SU_dy\06_SU_dy_097.jpg,C:\Users\kundu\OneDrive\Desktop\KMU-FED-2\data\processed\06_HA_dy\06_HA_dy_102.jpg,Surprise,Happiness,6,6,0,negative
C:\Users\kundu\OneDrive\Desktop\KMU-FED-2\data\processed\06_HA_dy\06_HA_dy_097.jpg,C:\Users\kundu\OneDrive\Desktop\KMU-FED-2\data\processed\01_DI_mr\01_DI_mr_010.jpg,Happiness,Disgust,6,1,0,negative
C:\Users\kundu\OneDrive\Desktop\KMU-FED-2\data\processed\06_DI_dy\06_DI_dy_062.jpg,C:\Users\kundu\OneDrive\Desktop\KMU-FED-2\data\processed\05_FE_uj\05_FE_uj_099.jpg,Disgust,Fear,6,5,0,negative
C:\Users\kundu\OneDrive\Desktop\KMU-FED-2\data\processed\06_SU_dy\06_SU_dy_081.jpg,C:\Users\kundu\OneDrive\Desktop\KMU-FED-2\data\processed\09_HA_sj\09_HA_sj_152.jpg,Surprise,Happiness,6,9,0,negative
C:\Users\kundu\OneDrive\Desktop\KMU-FED-2\data\processed\05_FE_uj\05_FE_uj_086.jpg,C:\Users\kundu\OneDrive\Desktop\KMU-FED-2\data\processed\03_SA_s02\03_SA_s02_032.jpg,Fear,Sadness,5,3,0,negative
C:\Users\kundu\OneDrive\Desktop\KMU-FED-2\data\processed\09_SA_sj\09_SA_sj_115.jpg,C:\Users\kundu\OneDrive\Desktop\KMU-FED-2\data\processed\06_DI_dy\06_DI_dy_061.jpg,Sadness,Disgust,9,6,0,negative
C:\Users\kundu\OneDrive\Desktop\KMU-FED-2\data\processed\01_FE_mr\01_FE_mr_017.jpg,C:\Users\kundu\OneDrive\Desktop\KMU-FED-2\data\processed\09_SU_sj\09_SU_sj_102.jpg,Fear,Surprise,1,9,0,negative
C:\Users\kundu\OneDrive\Desktop\KMU-FED-2\data\processed\05_SU_uj\05_SU_uj_064.jpg,C:\Users\kundu\OneDrive\Desktop\KMU-FED-2\data\processed\12_DI_gu\12_DI_gu_123.jpg,Surprise,Disgust,5,12,0,negative
C:\Users\kundu\OneDrive\Desktop\KMU-FED-2\data\processed\05_FE_uj\05_FE_uj_094.jpg,C:\Users\kundu\OneDrive\Desktop\KMU-FED-2\data\processed\03_FE_s02\03_FE_s02_059.jpg,Fear,Fear,5,3,1,cross_subject_pos
C:\Users\kundu\OneDrive\Desktop\KMU-FED-2\data\processed\06_HA_dy\06_HA_dy_093.jpg,C:\Users\kundu\OneDrive\Desktop\KMU-FED-2\data\processed\10_HA_ko\10_HA_ko_186.jpg,Happiness,Happiness,6,10,1,cross_subject_pos
C:\Users\kundu\OneDrive\Desktop\KMU-FED-2\data\processed\10_HA_ko\10_HA_ko_171.jpg,C:\Users\kundu\OneDrive\Desktop\KMU-FED-2\data\processed\05_DI_uj\05_DI_uj_032.jpg,Happiness,Disgust,10,5,0,negative
C:\Users\kundu\OneDrive\Desktop\KMU-FED-2\data\processed\06_AN_dy\06_AN_dy_079.jpg,C:\Users\kundu\OneDrive\Desktop\KMU-FED-2\data\processed\01_AN_mr\01_AN_mr_008.jpg,Anger,Anger,6,1,1,cross_subject_pos
C:\Users\kundu\OneDrive\Desktop\KMU-FED-2\data\processed\01_HA_mr\01_HA_mr_006.jpg,C:\Users\kundu\OneDrive\Desktop\KMU-FED-2\data\processed\07_FE_sw\07_FE_sw_130.jpg,Happiness,Fear,1,7,0,negative
C:\Users\kundu\OneDrive\Desktop\KMU-FED-2\data\processed\03_HA_s02\03_HA_s02_041.jpg,C:\Users\kundu\OneDrive\Desktop\KMU-FED-2\data\processed\12_HA_gu\12_HA_gu_186.jpg,Happiness,Happiness,3,12,1,cross_subject_pos
C:\Users\kundu\OneDrive\Desktop\KMU-FED-2\data\processed\05_SA_uj\05_SA_uj_051.jpg,C:\Users\kundu\OneDrive\Desktop\KMU-FED-2\data\processed\07_SA_sw\07_SA_sw_084.jpg,Sadness,Sadness,5,7,1,cross_subject_pos
C:\Users\kundu\OneDrive\Desktop\KMU-FED-2\data\processed\01_SU_mr\01_SU_mr_002.jpg,C:\Users\kundu\OneDrive\Desktop\KMU-FED-2\data\processed\06_FE_dy\06_FE_dy_111.jpg,Surprise,Fear,1,6,0,negative
C:\Users\kundu\OneDrive\Desktop\KMU-FED-2\data\processed\01_SU_mr\01_SU_mr_020.jpg,C:\Users\kundu\OneDrive\Desktop\KMU-FED-2\data\processed\07_SA_sw\07_SA_sw_086.jpg,Surprise,Sadness,1,7,0,negative
C:\Users\kundu\OneDrive\Desktop\KMU-FED-2\data\processed\01_FE_mr\01_FE_mr_020.jpg,C:\Users\kundu\OneDrive\Desktop\KMU-FED-2\data\processed\03_FE_s02\03_FE_s02_048.jpg,Fear,Fear,1,3,1,cross_subject_pos
C:\Users\kundu\OneDrive\Desktop\KMU-FED-2\data\processed\06_DI_dy\06_DI_dy_066.jpg,C:\Users\kundu\OneDrive\Desktop\KMU-FED-2\data\processed\05_DI_uj\05_DI_uj_039.jpg,Disgust,Disgust,6,5,1,cross_subject_pos
C:\Users\kundu\OneDrive\Desktop\KMU-FED-2\data\processed\10_DI_ko\10_DI_ko_093.jpg,C:\Users\kundu\OneDrive\Desktop\KMU-FED-2\data\processed\12_DI_gu\12_DI_gu_124.jpg,Disgust,Disgust,10,12,1,cross_subject_pos
C:\Users\kundu\OneDrive\Desktop\KMU-FED-2\data\processed\01_SU_mr\01_SU_mr_014.jpg,C:\Users\kundu\OneDrive\Desktop\KMU-FED-2\data\processed\06_SU_dy\06_SU_dy_092.jpg,Surprise,Surprise,1,6,1,cross_subject_pos
C:\Users\kundu\OneDrive\Desktop\KMU-FED-2\data\processed\07_AN_sw\07_AN_sw_100.jpg,C:\Users\kundu\OneDrive\Desktop\KMU-FED-2\data\processed\06_AN_dy\06_AN_dy_068.jpg,Anger,Anger,7,6,1,cross_subject_pos
C:\Users\kundu\OneDrive\Desktop\KMU-FED-2\data\processed\05_FE_uj\05_FE_uj_091.jpg,C:\Users\kundu\OneDrive\Desktop\KMU-FED-2\data\processed\05_AN_uj\05_AN_uj_046.jpg,Fear,Anger,5,5,0,negative
C:\Users\kundu\OneDrive\Desktop\KMU-FED-2\data\processed\01_SU_mr\01_SU_mr_013.jpg,C:\Users\kundu\OneDrive\Desktop\KMU-FED-2\data\processed\12_SA_gu\12_SA_gu_151.jpg,Surprise,Sadness,1,12,0,negative
C:\Users\kundu\OneDrive\Desktop\KMU-FED-2\data\processed\07_AN_sw\07_AN_sw_095.jpg,C:\Users\kundu\OneDrive\Desktop\KMU-FED-2\data\processed\01_HA_mr\01_HA_mr_010.jpg,Anger,Happiness,7,1,0,negative
C:\Users\kundu\OneDrive\Desktop\KMU-FED-2\data\processed\01_SA_mr\01_SA_mr_013.jpg,C:\Users\kundu\OneDrive\Desktop\KMU-FED-2\data\processed\07_HA_sw\07_HA_sw_117.jpg,Sadness,Happiness,1,7,0,negative
C:\Users\kundu\OneDrive\Desktop\KMU-FED-2\data\processed\06_DI_dy\06_DI_dy_063.jpg,C:\Users\kundu\OneDrive\Desktop\KMU-FED-2\data\processed\01_DI_mr\01_DI_mr_012.jpg,Disgust,Disgust,6,1,1,cross_subject_pos
C:\Users\kundu\OneDrive\Desktop\KMU-FED-2\data\processed\01_FE_mr\01_FE_mr_003.jpg,C:\Users\kundu\OneDrive\Desktop\KMU-FED-2\data\processed\10_FE_ko\10_FE_ko_178.jpg,Fear,Fear,1,10,1,cross_subject_pos
C:\Users\kundu\OneDrive\Desktop\KMU-FED-2\data\processed\06_DI_dy\06_DI_dy_056.jpg,C:\Users\kundu\OneDrive\Desktop\KMU-FED-2\data\processed\10_DI_ko\10_DI_ko_098.jpg,Disgust,Disgust,6,10,1,cross_subject_pos
C:\Users\kundu\OneDrive\Desktop\KMU-FED-2\data\processed\09_SA_sj\09_SA_sj_117.jpg,C:\Users\kundu\OneDrive\Desktop\KMU-FED-2\data\processed\03_SA_s02\03_SA_s02_029.jpg,Sadness,Sadness,9,3,1,cross_subject_pos
C:\Users\kundu\OneDrive\Desktop\KMU-FED-2\data\processed\12_SA_gu\12_SA_gu_167.jpg,C:\Users\kundu\OneDrive\Desktop\KMU-FED-2\data\processed\03_SU_s02\03_SU_s02_042.jpg,Sadness,Surprise,12,3,0,negative
C:\Users\kundu\OneDrive\Desktop\KMU-FED-2\data\processed\12_SA_gu\12_SA_gu_162.jpg,C:\Users\kundu\OneDrive\Desktop\KMU-FED-2\data\processed\07_FE_sw\07_FE_sw_130.jpg,Sadness,Fear,12,7,0,negative
C:\Users\kundu\OneDrive\Desktop\KMU-FED-2\data\processed\10_HA_ko\10_HA_ko_185.jpg,C:\Users\kundu\OneDrive\Desktop\KMU-FED-2\data\processed\06_HA_dy\06_HA_dy_106.jpg,Happiness,Happiness,10,6,1,cross_subject_pos
C:\Users\kundu\OneDrive\Desktop\KMU-FED-2\data\processed\01_HA_mr\01_HA_mr_008.jpg,C:\Users\kundu\OneDrive\Desktop\KMU-FED-2\data\processed\12_SA_gu\12_SA_gu_164.jpg,Happiness,Sadness,1,12,0,negative
C:\Users\kundu\OneDrive\Desktop\KMU-FED-2\data\processed\03_SA_s02\03_SA_s02_025.jpg,C:\Users\kundu\OneDrive\Desktop\KMU-FED-2\data\processed\07_AN_sw\07_AN_sw_097.jpg,Sadness,Anger,3,7,0,negative
C:\Users\kundu\OneDrive\Desktop\KMU-FED-2\data\processed\06_DI_dy\06_DI_dy_068.jpg,C:\Users\kundu\OneDrive\Desktop\KMU-FED-2\data\processed\06_DI_dy\06_DI_dy_069.jpg,Disgust,Disgust,6,6,1,same_subject_pos
C:\Users\kundu\OneDrive\Desktop\KMU-FED-2\data\processed\06_DI_dy\06_DI_dy_064.jpg,C:\Users\kundu\OneDrive\Desktop\KMU-FED-2\data\processed\01_SU_mr\01_SU_mr_011.jpg,Disgust,Surprise,6,1,0,negative
C:\Users\kundu\OneDrive\Desktop\KMU-FED-2\data\processed\01_DI_mr\01_DI_mr_017.jpg,C:\Users\kundu\OneDrive\Desktop\KMU-FED-2\data\processed\05_AN_uj\05_AN_uj_058.jpg,Disgust,Anger,1,5,0,negative
C:\Users\kundu\OneDrive\Desktop\KMU-FED-2\data\processed\03_SA_s02\03_SA_s02_022.jpg,C:\Users\kundu\OneDrive\Desktop\KMU-FED-2\data\processed\03_SA_s02\03_SA_s02_035.jpg,Sadness,Sadness,3,3,1,same_subject_pos
C:\Users\kundu\OneDrive\Desktop\KMU-FED-2\data\processed\06_HA_dy\06_HA_dy_091.jpg,C:\Users\kundu\OneDrive\Desktop\KMU-FED-2\data\processed\06_DI_dy\06_DI_dy_061.jpg,Happiness,Disgust,6,6,0,negative
C:\Users\kundu\OneDrive\Desktop\KMU-FED-2\data\processed\05_SU_uj\05_SU_uj_064.jpg,C:\Users\kundu\OneDrive\Desktop\KMU-FED-2\data\processed\12_DI_gu\12_DI_gu_124.jpg,Surprise,Disgust,5,12,0,negative
C:\Users\kundu\OneDrive\Desktop\KMU-FED-2\data\processed\03_FE_s02\03_FE_s02_044.jpg,C:\Users\kundu\OneDrive\Desktop\KMU-FED-2\data\processed\01_SU_mr\01_SU_mr_015.jpg,Fear,Surprise,3,1,0,negative
C:\Users\kundu\OneDrive\Desktop\KMU-FED-2\data\processed\10_SU_ko\10_SU_ko_111.jpg,C:\Users\kundu\OneDrive\Desktop\KMU-FED-2\data\processed\05_AN_uj\05_AN_uj_043.jpg,Surprise,Anger,10,5,0,negative
C:\Users\kundu\OneDrive\Desktop\KMU-FED-2\data\processed\06_HA_dy\06_HA_dy_093.jpg,C:\Users\kundu\OneDrive\Desktop\KMU-FED-2\data\processed\05_SA_uj\05_SA_uj_055.jpg,Happiness,Sadness,6,5,0,negative
C:\Users\kundu\OneDrive\Desktop\KMU-FED-2\data\processed\03_HA_s02\03_HA_s02_040.jpg,C:\Users\kundu\OneDrive\Desktop\KMU-FED-2\data\processed\06_HA_dy\06_HA_dy_091.jpg,Happiness,Happiness,3,6,1,cross_subject_pos
C:\Users\kundu\OneDrive\Desktop\KMU-FED-2\data\processed\06_SU_dy\06_SU_dy_098.jpg,C:\Users\kundu\OneDrive\Desktop\KMU-FED-2\data\processed\07_FE_sw\07_FE_sw_129.jpg,Surprise,Fear,6,7,0,negative
C:\Users\kundu\OneDrive\Desktop\KMU-FED-2\data\processed\10_SU_ko\10_SU_ko_127.jpg,C:\Users\kundu\OneDrive\Desktop\KMU-FED-2\data\processed\03_SU_s02\03_SU_s02_059.jpg,Surprise,Surprise,10,3,1,cross_subject_pos
C:\Users\kundu\OneDrive\Desktop\KMU-FED-2\data\processed\07_HA_sw\07_HA_sw_126.jpg,C:\Users\kundu\OneDrive\Desktop\KMU-FED-2\data\processed\03_SU_s02\03_SU_s02_041.jpg,Happiness,Surprise,7,3,0,negative
C:\Users\kundu\OneDrive\Desktop\KMU-FED-2\data\processed\03_FE_s02\03_FE_s02_044.jpg,C:\Users\kundu\OneDrive\Desktop\KMU-FED-2\data\processed\12_DI_gu\12_DI_gu_123.jpg,Fear,Disgust,3,12,0,negative
C:\Users\kundu\OneDrive\Desktop\KMU-FED-2\data\processed\07_SU_sw\07_SU_sw_082.jpg,C:\Users\kundu\OneDrive\Desktop\KMU-FED-2\data\processed\03_SU_s02\03_SU_s02_049.jpg,Surprise,Surprise,7,3,1,cross_subject_pos
C:\Users\kundu\OneDrive\Desktop\KMU-FED-2\data\processed\01_FE_mr\01_FE_mr_016.jpg,C:\Users\kundu\OneDrive\Desktop\KMU-FED-2\data\processed\03_FE_s02\03_FE_s02_051.jpg,Fear,Fear,1,3,1,cross_subject_pos
C:\Users\kundu\OneDrive\Desktop\KMU-FED-2\data\processed\01_AN_mr\01_AN_mr_011.jpg,C:\Users\kundu\OneDrive\Desktop\KMU-FED-2\data\processed\07_AN_sw\07_AN_sw_099.jpg,Anger,Anger,1,7,1,cross_subject_pos
C:\Users\kundu\OneDrive\Desktop\KMU-FED-2\data\processed\07_FE_sw\07_FE_sw_136.jpg,C:\Users\kundu\OneDrive\Desktop\KMU-FED-2\data\processed\06_FE_dy\06_FE_dy_115.jpg,Fear,Fear,7,6,1,cross_subject_pos
C:\Users\kundu\OneDrive\Desktop\KMU-FED-2\data\processed\07_FE_sw\07_FE_sw_127.jpg,C:\Users\kundu\OneDrive\Desktop\KMU-FED-2\data\processed\07_FE_sw\07_FE_sw_137.jpg,Fear,Fear,7,7,1,same_subject_pos
C:\Users\kundu\OneDrive\Desktop\KMU-FED-2\data\processed\06_SA_dy\06_SA_dy_071.jpg,C:\Users\kundu\OneDrive\Desktop\KMU-FED-2\data\processed\06_SU_dy\06_SU_dy_094.jpg,Sadness,Surprise,6,6,0,negative
C:\Users\kundu\OneDrive\Desktop\KMU-FED-2\data\processed\06_DI_dy\06_DI_dy_061.jpg,C:\Users\kundu\OneDrive\Desktop\KMU-FED-2\data\processed\09_AN_sj\09_AN_sj_136.jpg,Disgust,Anger,6,9,0,negative
C:\Users\kundu\OneDrive\Desktop\KMU-FED-2\data\processed\06_SA_dy\06_SA_dy_077.jpg,C:\Users\kundu\OneDrive\Desktop\KMU-FED-2\data\processed\07_SU_sw\07_SU_sw_081.jpg,Sadness,Surprise,6,7,0,negative
C:\Users\kundu\OneDrive\Desktop\KMU-FED-2\data\processed\07_SU_sw\07_SU_sw_097.jpg,C:\Users\kundu\OneDrive\Desktop\KMU-FED-2\data\processed\06_SU_dy\06_SU_dy_082.jpg,Surprise,Surprise,7,6,1,cross_subject_pos
C:\Users\kundu\OneDrive\Desktop\KMU-FED-2\data\processed\01_HA_mr\01_HA_mr_011.jpg,C:\Users\kundu\OneDrive\Desktop\KMU-FED-2\data\processed\03_SU_s02\03_SU_s02_046.jpg,Happiness,Surprise,1,3,0,negative
C:\Users\kundu\OneDrive\Desktop\KMU-FED-2\data\processed\10_SU_ko\10_SU_ko_115.jpg,C:\Users\kundu\OneDrive\Desktop\KMU-FED-2\data\processed\07_SU_sw\07_SU_sw_081.jpg,Surprise,Surprise,10,7,1,cross_subject_pos
C:\Users\kundu\OneDrive\Desktop\KMU-FED-2\data\processed\09_AN_sj\09_AN_sj_130.jpg,C:\Users\kundu\OneDrive\Desktop\KMU-FED-2\data\processed\09_AN_sj\09_AN_sj_132.jpg,Anger,Anger,9,9,1,same_subject_pos
C:\Users\kundu\OneDrive\Desktop\KMU-FED-2\data\processed\12_AN_gu\12_AN_gu_177.jpg,C:\Users\kundu\OneDrive\Desktop\KMU-FED-2\data\processed\07_AN_sw\07_AN_sw_094.jpg,Anger,Anger,12,7,1,cross_subject_pos
C:\Users\kundu\OneDrive\Desktop\KMU-FED-2\data\processed\06_DI_dy\06_DI_dy_055.jpg,C:\Users\kundu\OneDrive\Desktop\KMU-FED-2\data\processed\10_DI_ko\10_DI_ko_094.jpg,Disgust,Disgust,6,10,1,cross_subject_pos
C:\Users\kundu\OneDrive\Desktop\KMU-FED-2\data\processed\03_FE_s02\03_FE_s02_041.jpg,C:\Users\kundu\OneDrive\Desktop\KMU-FED-2\data\processed\05_FE_uj\05_FE_uj_088.jpg,Fear,Fear,3,5,1,cross_subject_pos
C:\Users\kundu\OneDrive\Desktop\KMU-FED-2\data\processed\01_FE_mr\01_FE_mr_002.jpg,C:\Users\kundu\OneDrive\Desktop\KMU-FED-2\data\processed\09_SU_sj\09_SU_sj_101.jpg,Fear,Surprise,1,9,0,negative
C:\Users\kundu\OneDrive\Desktop\KMU-FED-2\data\processed\01_DI_mr\01_DI_mr_015.jpg,C:\Users\kundu\OneDrive\Desktop\KMU-FED-2\data\processed\10_DI_ko\10_DI_ko_100.jpg,Disgust,Disgust,1,10,1,cross_subject_pos
C:\Users\kundu\OneDrive\Desktop\KMU-FED-2\data\processed\12_AN_gu\12_AN_gu_181.jpg,C:\Users\kundu\OneDrive\Desktop\KMU-FED-2\data\processed\06_AN_dy\06_AN_dy_063.jpg,Anger,Anger,12,6,1,cross_subject_pos
C:\Users\kundu\OneDrive\Desktop\KMU-FED-2\data\processed\01_FE_mr\01_FE_mr_004.jpg,C:\Users\kundu\OneDrive\Desktop\KMU-FED-2\data\processed\01_FE_mr\01_FE_mr_012.jpg,Fear,Fear,1,1,1,same_subject_pos
C:\Users\kundu\OneDrive\Desktop\KMU-FED-2\data\processed\12_HA_gu\12_HA_gu_172.jpg,C:\Users\kundu\OneDrive\Desktop\KMU-FED-2\data\processed\09_HA_sj\09_HA_sj_158.jpg,Happiness,Happiness,12,9,1,cross_subject_pos
C:\Users\kundu\OneDrive\Desktop\KMU-FED-2\data\processed\03_HA_s02\03_HA_s02_049.jpg,C:\Users\kundu\OneDrive\Desktop\KMU-FED-2\data\processed\10_FE_ko\10_FE_ko_180.jpg,Happiness,Fear,3,10,0,negative
C:\Users\kundu\OneDrive\Desktop\KMU-FED-2\data\processed\03_FE_s02\03_FE_s02_058.jpg,C:\Users\kundu\OneDrive\Desktop\KMU-FED-2\data\processed\12_AN_gu\12_AN_gu_179.jpg,Fear,Anger,3,12,0,negative
C:\Users\kundu\OneDrive\Desktop\KMU-FED-2\data\processed\01_SA_mr\01_SA_mr_012.jpg,C:\Users\kundu\OneDrive\Desktop\KMU-FED-2\data\processed\01_SU_mr\01_SU_mr_001.jpg,Sadness,Surprise,1,1,0,negative
C:\Users\kundu\OneDrive\Desktop\KMU-FED-2\data\processed\05_FE_uj\05_FE_uj_081.jpg,C:\Users\kundu\OneDrive\Desktop\KMU-FED-2\data\processed\12_SA_gu\12_SA_gu_152.jpg,Fear,Sadness,5,12,0,negative
C:\Users\kundu\OneDrive\Desktop\KMU-FED-2\data\processed\05_FE_uj\05_FE_uj_082.jpg,C:\Users\kundu\OneDrive\Desktop\KMU-FED-2\data\processed\07_SU_sw\07_SU_sw_097.jpg,Fear,Surprise,5,7,0,negative
C:\Users\kundu\OneDrive\Desktop\KMU-FED-2\data\processed\01_SA_mr\01_SA_mr_013.jpg,C:\Users\kundu\OneDrive\Desktop\KMU-FED-2\data\processed\09_AN_sj\09_AN_sj_127.jpg,Sadness,Anger,1,9,0,negative
C:\Users\kundu\OneDrive\Desktop\KMU-FED-2\data\processed\03_FE_s02\03_FE_s02_060.jpg,C:\Users\kundu\OneDrive\Desktop\KMU-FED-2\data\processed\05_FE_uj\05_FE_uj_084.jpg,Fear,Fear,3,5,1,cross_subject_pos
C:\Users\kundu\OneDrive\Desktop\KMU-FED-2\data\processed\03_SU_s02\03_SU_s02_047.jpg,C:\Users\kundu\OneDrive\Desktop\KMU-FED-2\data\processed\05_SU_uj\05_SU_uj_077.jpg,Surprise,Surprise,3,5,1,cross_subject_pos
C:\Users\kundu\OneDrive\Desktop\KMU-FED-2\data\processed\07_SA_sw\07_SA_sw_081.jpg,C:\Users\kundu\OneDrive\Desktop\KMU-FED-2\data\processed\01_SA_mr\01_SA_mr_013.jpg,Sadness,Sadness,7,1,1,cross_subject_pos
C:\Users\kundu\OneDrive\Desktop\KMU-FED-2\data\processed\03_SU_s02\03_SU_s02_053.jpg,C:\Users\kundu\OneDrive\Desktop\KMU-FED-2\data\processed\09_SU_sj\09_SU_sj_109.jpg,Surprise,Surprise,3,9,1,cross_subject_pos
C:\Users\kundu\OneDrive\Desktop\KMU-FED-2\data\processed\10_HA_ko\10_HA_ko_186.jpg,C:\Users\kundu\OneDrive\Desktop\KMU-FED-2\data\processed\05_HA_uj\05_HA_uj_078.jpg,Happiness,Happiness,10,5,1,cross_subject_pos
C:\Users\kundu\OneDrive\Desktop\KMU-FED-2\data\processed\01_DI_mr\01_DI_mr_013.jpg,C:\Users\kundu\OneDrive\Desktop\KMU-FED-2\data\processed\10_DI_ko\10_DI_ko_091.jpg,Disgust,Disgust,1,10,1,cross_subject_pos
C:\Users\kundu\OneDrive\Desktop\KMU-FED-2\data\processed\10_SU_ko\10_SU_ko_114.jpg,C:\Users\kundu\OneDrive\Desktop\KMU-FED-2\data\processed\03_SU_s02\03_SU_s02_060.jpg,Surprise,Surprise,10,3,1,cross_subject_pos
C:\Users\kundu\OneDrive\Desktop\KMU-FED-2\data\processed\12_SA_gu\12_SA_gu_154.jpg,C:\Users\kundu\OneDrive\Desktop\KMU-FED-2\data\processed\06_SU_dy\06_SU_dy_085.jpg,Sadness,Surprise,12,6,0,negative
C:\Users\kundu\OneDrive\Desktop\KMU-FED-2\data\processed\01_HA_mr\01_HA_mr_018.jpg,C:\Users\kundu\OneDrive\Desktop\KMU-FED-2\data\processed\05_DI_uj\05_DI_uj_034.jpg,Happiness,Disgust,1,5,0,negative
C:\Users\kundu\OneDrive\Desktop\KMU-FED-2\data\processed\06_HA_dy\06_HA_dy_109.jpg,C:\Users\kundu\OneDrive\Desktop\KMU-FED-2\data\processed\05_HA_uj\05_HA_uj_079.jpg,Happiness,Happiness,6,5,1,cross_subject_pos
C:\Users\kundu\OneDrive\Desktop\KMU-FED-2\data\processed\03_SU_s02\03_SU_s02_053.jpg,C:\Users\kundu\OneDrive\Desktop\KMU-FED-2\data\processed\09_FE_sj\09_FE_sj_152.jpg,Surprise,Fear,3,9,0,negative
C:\Users\kundu\OneDrive\Desktop\KMU-FED-2\data\processed\06_FE_dy\06_FE_dy_104.jpg,C:\Users\kundu\OneDrive\Desktop\KMU-FED-2\data\processed\01_FE_mr\01_FE_mr_003.jpg,Fear,Fear,6,1,1,cross_subject_pos
C:\Users\kundu\OneDrive\Desktop\KMU-FED-2\data\processed\05_SA_uj\05_SA_uj_070.jpg,C:\Users\kundu\OneDrive\Desktop\KMU-FED-2\data\processed\01_DI_mr\01_DI_mr_004.jpg,Sadness,Disgust,5,1,0,negative
C:\Users\kundu\OneDrive\Desktop\KMU-FED-2\data\processed\12_AN_gu\12_AN_gu_186.jpg,C:\Users\kundu\OneDrive\Desktop\KMU-FED-2\data\processed\06_AN_dy\06_AN_dy_068.jpg,Anger,Anger,12,6,1,cross_subject_pos
C:\Users\kundu\OneDrive\Desktop\KMU-FED-2\data\processed\12_DI_gu\12_DI_gu_124.jpg,C:\Users\kundu\OneDrive\Desktop\KMU-FED-2\data\processed\10_DI_ko\10_DI_ko_100.jpg,Disgust,Disgust,12,10,1,cross_subject_pos
C:\Users\kundu\OneDrive\Desktop\KMU-FED-2\data\processed\12_DI_gu\12_DI_gu_126.jpg,C:\Users\kundu\OneDrive\Desktop\KMU-FED-2\data\processed\10_DI_ko\10_DI_ko_092.jpg,Disgust,Disgust,12,10,1,cross_subject_pos
C:\Users\kundu\OneDrive\Desktop\KMU-FED-2\data\processed\06_SU_dy\06_SU_dy_081.jpg,C:\Users\kundu\OneDrive\Desktop\KMU-FED-2\data\processed\07_FE_sw\07_FE_sw_135.jpg,Surprise,Fear,6,7,0,negative
C:\Users\kundu\OneDrive\Desktop\KMU-FED-2\data\processed\09_SU_sj\09_SU_sj_109.jpg,C:\Users\kundu\OneDrive\Desktop\KMU-FED-2\data\processed\07_SU_sw\07_SU_sw_084.jpg,Surprise,Surprise,9,7,1,cross_subject_pos
C:\Users\kundu\OneDrive\Desktop\KMU-FED-2\data\processed\03_SA_s02\03_SA_s02_034.jpg,C:\Users\kundu\OneDrive\Desktop\KMU-FED-2\data\processed\03_SA_s02\03_SA_s02_023.jpg,Sadness,Sadness,3,3,1,same_subject_pos
C:\Users\kundu\OneDrive\Desktop\KMU-FED-2\data\processed\01_HA_mr\01_HA_mr_020.jpg,C:\Users\kundu\OneDrive\Desktop\KMU-FED-2\data\processed\06_FE_dy\06_FE_dy_111.jpg,Happiness,Fear,1,6,0,negative
C:\Users\kundu\OneDrive\Desktop\KMU-FED-2\data\processed\06_DI_dy\06_DI_dy_057.jpg,C:\Users\kundu\OneDrive\Desktop\KMU-FED-2\data\processed\01_DI_mr\01_DI_mr_004.jpg,Disgust,Disgust,6,1,1,cross_subject_pos
C:\Users\kundu\OneDrive\Desktop\KMU-FED-2\data\processed\07_AN_sw\07_AN_sw_097.jpg,C:\Users\kundu\OneDrive\Desktop\KMU-FED-2\data\processed\05_SU_uj\05_SU_uj_061.jpg,Anger,Surprise,7,5,0,negative
C:\Users\kundu\OneDrive\Desktop\KMU-FED-2\data\processed\01_HA_mr\01_HA_mr_018.jpg,C:\Users\kundu\OneDrive\Desktop\KMU-FED-2\data\processed\05_SA_uj\05_SA_uj_069.jpg,Happiness,Sadness,1,5,0,negative
C:\Users\kundu\OneDrive\Desktop\KMU-FED-2\data\processed\03_SU_s02\03_SU_s02_055.jpg,C:\Users\kundu\OneDrive\Desktop\KMU-FED-2\data\processed\09_SA_sj\09_SA_sj_115.jpg,Surprise,Sadness,3,9,0,negative
C:\Users\kundu\OneDrive\Desktop\KMU-FED-2\data\processed\05_SA_uj\05_SA_uj_056.jpg,C:\Users\kundu\OneDrive\Desktop\KMU-FED-2\data\processed\12_AN_gu\12_AN_gu_172.jpg,Sadness,Anger,5,12,0,negative
C:\Users\kundu\OneDrive\Desktop\KMU-FED-2\data\processed\06_HA_dy\06_HA_dy_103.jpg,C:\Users\kundu\OneDrive\Desktop\KMU-FED-2\data\processed\05_DI_uj\05_DI_uj_037.jpg,Happiness,Disgust,6,5,0,negative
C:\Users\kundu\OneDrive\Desktop\KMU-FED-2\data\processed\06_DI_dy\06_DI_dy_058.jpg,C:\Users\kundu\OneDrive\Desktop\KMU-FED-2\data\processed\05_DI_uj\05_DI_uj_040.jpg,Disgust,Disgust,6,5,1,cross_subject_pos
C:\Users\kundu\OneDrive\Desktop\KMU-FED-2\data\processed\10_DI_ko\10_DI_ko_100.jpg,C:\Users\kundu\OneDrive\Desktop\KMU-FED-2\data\processed\06_DI_dy\06_DI_dy_053.jpg,Disgust,Disgust,10,6,1,cross_subject_pos
C:\Users\kundu\OneDrive\Desktop\KMU-FED-2\data\processed\05_DI_uj\05_DI_uj_040.jpg,C:\Users\kundu\OneDrive\Desktop\KMU-FED-2\data\processed\12_DI_gu\12_DI_gu_125.jpg,Disgust,Disgust,5,12,1,cross_subject_pos
C:\Users\kundu\OneDrive\Desktop\KMU-FED-2\data\processed\10_DI_ko\10_DI_ko_093.jpg,C:\Users\kundu\OneDrive\Desktop\KMU-FED-2\data\processed\07_HA_sw\07_HA_sw_121.jpg,Disgust,Happiness,10,7,0,negative
C:\Users\kundu\OneDrive\Desktop\KMU-FED-2\data\processed\12_AN_gu\12_AN_gu_189.jpg,C:\Users\kundu\OneDrive\Desktop\KMU-FED-2\data\processed\07_AN_sw\07_AN_sw_085.jpg,Anger,Anger,12,7,1,cross_subject_pos
C:\Users\kundu\OneDrive\Desktop\KMU-FED-2\data\processed\05_SA_uj\05_SA_uj_054.jpg,C:\Users\kundu\OneDrive\Desktop\KMU-FED-2\data\processed\06_SA_dy\06_SA_dy_073.jpg,Sadness,Sadness,5,6,1,cross_subject_pos
C:\Users\kundu\OneDrive\Desktop\KMU-FED-2\data\processed\01_AN_mr\01_AN_mr_010.jpg,C:\Users\kundu\OneDrive\Desktop\KMU-FED-2\data\processed\06_FE_dy\06_FE_dy_110.jpg,Anger,Fear,1,6,0,negative
C:\Users\kundu\OneDrive\Desktop\KMU-FED-2\data\processed\06_DI_dy\06_DI_dy_056.jpg,C:\Users\kundu\OneDrive\Desktop\KMU-FED-2\data\processed\05_AN_uj\05_AN_uj_043.jpg,Disgust,Anger,6,5,0,negative
C:\Users\kundu\OneDrive\Desktop\KMU-FED-2\data\processed\12_AN_gu\12_AN_gu_188.jpg,C:\Users\kundu\OneDrive\Desktop\KMU-FED-2\data\processed\10_DI_ko\10_DI_ko_096.jpg,Anger,Disgust,12,10,0,negative
C:\Users\kundu\OneDrive\Desktop\KMU-FED-2\data\processed\12_AN_gu\12_AN_gu_185.jpg,C:\Users\kundu\OneDrive\Desktop\KMU-FED-2\data\processed\10_AN_ko\10_AN_ko_145.jpg,Anger,Anger,12,10,1,cross_subject_pos
C:\Users\kundu\OneDrive\Desktop\KMU-FED-2\data\processed\06_DI_dy\06_DI_dy_070.jpg,C:\Users\kundu\OneDrive\Desktop\KMU-FED-2\data\processed\12_DI_gu\12_DI_gu_125.jpg,Disgust,Disgust,6,12,1,cross_subject_pos
C:\Users\kundu\OneDrive\Desktop\KMU-FED-2\data\processed\07_SU_sw\07_SU_sw_096.jpg,C:\Users\kundu\OneDrive\Desktop\KMU-FED-2\data\processed\06_SU_dy\06_SU_dy_081.jpg,Surprise,Surprise,7,6,1,cross_subject_pos
C:\Users\kundu\OneDrive\Desktop\KMU-FED-2\data\processed\05_FE_uj\05_FE_uj_090.jpg,C:\Users\kundu\OneDrive\Desktop\KMU-FED-2\data\processed\07_FE_sw\07_FE_sw_124.jpg,Fear,Fear,5,7,1,cross_subject_pos
C:\Users\kundu\OneDrive\Desktop\KMU-FED-2\data\processed\05_SA_uj\05_SA_uj_067.jpg,C:\Users\kundu\OneDrive\Desktop\KMU-FED-2\data\processed\06_DI_dy\06_DI_dy_056.jpg,Sadness,Disgust,5,6,0,negative
C:\Users\kundu\OneDrive\Desktop\KMU-FED-2\data\processed\03_HA_s02\03_HA_s02_031.jpg,C:\Users\kundu\OneDrive\Desktop\KMU-FED-2\data\processed\10_SU_ko\10_SU_ko_113.jpg,Happiness,Surprise,3,10,0,negative
C:\Users\kundu\OneDrive\Desktop\KMU-FED-2\data\processed\10_HA_ko\10_HA_ko_172.jpg,C:\Users\kundu\OneDrive\Desktop\KMU-FED-2\data\processed\06_HA_dy\06_HA_dy_099.jpg,Happiness,Happiness,10,6,1,cross_subject_pos
C:\Users\kundu\OneDrive\Desktop\KMU-FED-2\data\processed\12_HA_gu\12_HA_gu_178.jpg,C:\Users\kundu\OneDrive\Desktop\KMU-FED-2\data\processed\10_HA_ko\10_HA_ko_182.jpg,Happiness,Happiness,12,10,1,cross_subject_pos
C:\Users\kundu\OneDrive\Desktop\KMU-FED-2\data\processed\07_SU_sw\07_SU_sw_085.jpg,C:\Users\kundu\OneDrive\Desktop\KMU-FED-2\data\processed\06_FE_dy\06_FE_dy_110.jpg,Surprise,Fear,7,6,0,negative
C:\Users\kundu\OneDrive\Desktop\KMU-FED-2\data\processed\06_AN_dy\06_AN_dy_062.jpg,C:\Users\kundu\OneDrive\Desktop\KMU-FED-2\data\processed\05_AN_uj\05_AN_uj_045.jpg,Anger,Anger,6,5,1,cross_subject_pos
C:\Users\kundu\OneDrive\Desktop\KMU-FED-2\data\processed\06_FE_dy\06_FE_dy_104.jpg,C:\Users\kundu\OneDrive\Desktop\KMU-FED-2\data\processed\09_AN_sj\09_AN_sj_121.jpg,Fear,Anger,6,9,0,negative
C:\Users\kundu\OneDrive\Desktop\KMU-FED-2\data\processed\09_SU_sj\09_SU_sj_102.jpg,C:\Users\kundu\OneDrive\Desktop\KMU-FED-2\data\processed\05_FE_uj\05_FE_uj_098.jpg,Surprise,Fear,9,5,0,negative
C:\Users\kundu\OneDrive\Desktop\KMU-FED-2\data\processed\10_SU_ko\10_SU_ko_118.jpg,C:\Users\kundu\OneDrive\Desktop\KMU-FED-2\data\processed\09_AN_sj\09_AN_sj_126.jpg,Surprise,Anger,10,9,0,negative
C:\Users\kundu\OneDrive\Desktop\KMU-FED-2\data\processed\10_SU_ko\10_SU_ko_119.jpg,C:\Users\kundu\OneDrive\Desktop\KMU-FED-2\data\processed\05_FE_uj\05_FE_uj_096.jpg,Surprise,Fear,10,5,0,negative
C:\Users\kundu\OneDrive\Desktop\KMU-FED-2\data\processed\09_AN_sj\09_AN_sj_125.jpg,C:\Users\kundu\OneDrive\Desktop\KMU-FED-2\data\processed\01_FE_mr\01_FE_mr_006.jpg,Anger,Fear,9,1,0,negative
C:\Users\kundu\OneDrive\Desktop\KMU-FED-2\data\processed\06_SA_dy\06_SA_dy_088.jpg,C:\Users\kundu\OneDrive\Desktop\KMU-FED-2\data\processed\06_SA_dy\06_SA_dy_073.jpg,Sadness,Sadness,6,6,1,same_subject_pos
C:\Users\kundu\OneDrive\Desktop\KMU-FED-2\data\processed\07_HA_sw\07_HA_sw_126.jpg,C:\Users\kundu\OneDrive\Desktop\KMU-FED-2\data\processed\03_FE_s02\03_FE_s02_058.jpg,Happiness,Fear,7,3,0,negative
C:\Users\kundu\OneDrive\Desktop\KMU-FED-2\data\processed\09_HA_sj\09_HA_sj_152.jpg,C:\Users\kundu\OneDrive\Desktop\KMU-FED-2\data\processed\03_HA_s02\03_HA_s02_040.jpg,Happiness,Happiness,9,3,1,cross_subject_pos
C:\Users\kundu\OneDrive\Desktop\KMU-FED-2\data\processed\05_HA_uj\05_HA_uj_090.jpg,C:\Users\kundu\OneDrive\Desktop\KMU-FED-2\data\processed\01_SA_mr\01_SA_mr_004.jpg,Happiness,Sadness,5,1,0,negative
C:\Users\kundu\OneDrive\Desktop\KMU-FED-2\data\processed\01_AN_mr\01_AN_mr_007.jpg,C:\Users\kundu\OneDrive\Desktop\KMU-FED-2\data\processed\05_AN_uj\05_AN_uj_058.jpg,Anger,Anger,1,5,1,cross_subject_pos
C:\Users\kundu\OneDrive\Desktop\KMU-FED-2\data\processed\10_SU_ko\10_SU_ko_120.jpg,C:\Users\kundu\OneDrive\Desktop\KMU-FED-2\data\processed\01_DI_mr\01_DI_mr_016.jpg,Surprise,Disgust,10,1,0,negative
C:\Users\kundu\OneDrive\Desktop\KMU-FED-2\data\processed\07_FE_sw\07_FE_sw_127.jpg,C:\Users\kundu\OneDrive\Desktop\KMU-FED-2\data\processed\01_FE_mr\01_FE_mr_015.jpg,Fear,Fear,7,1,1,cross_subject_pos
C:\Users\kundu\OneDrive\Desktop\KMU-FED-2\data\processed\12_SA_gu\12_SA_gu_154.jpg,C:\Users\kundu\OneDrive\Desktop\KMU-FED-2\data\processed\05_AN_uj\05_AN_uj_056.jpg,Sadness,Anger,12,5,0,negative
C:\Users\kundu\OneDrive\Desktop\KMU-FED-2\data\processed\12_HA_gu\12_HA_gu_172.jpg,C:\Users\kundu\OneDrive\Desktop\KMU-FED-2\data\processed\10_HA_ko\10_HA_ko_172.jpg,Happiness,Happiness,12,10,1,cross_subject_pos
C:\Users\kundu\OneDrive\Desktop\KMU-FED-2\data\processed\05_AN_uj\05_AN_uj_041.jpg,C:\Users\kundu\OneDrive\Desktop\KMU-FED-2\data\processed\06_HA_dy\06_HA_dy_103.jpg,Anger,Happiness,5,6,0,negative
C:\Users\kundu\OneDrive\Desktop\KMU-FED-2\data\processed\12_HA_gu\12_HA_gu_189.jpg,C:\Users\kundu\OneDrive\Desktop\KMU-FED-2\data\processed\09_SU_sj\09_SU_sj_107.jpg,Happiness,Surprise,12,9,0,negative
C:\Users\kundu\OneDrive\Desktop\KMU-FED-2\data\processed\01_SA_mr\01_SA_mr_002.jpg,C:\Users\kundu\OneDrive\Desktop\KMU-FED-2\data\processed\07_SU_sw\07_SU_sw_091.jpg,Sadness,Surprise,1,7,0,negative
C:\Users\kundu\OneDrive\Desktop\KMU-FED-2\data\processed\06_AN_dy\06_AN_dy_066.jpg,C:\Users\kundu\OneDrive\Desktop\KMU-FED-2\data\processed\10_HA_ko\10_HA_ko_176.jpg,Anger,Happiness,6,10,0,negative
C:\Users\kundu\OneDrive\Desktop\KMU-FED-2\data\processed\09_AN_sj\09_AN_sj_133.jpg,C:\Users\kundu\OneDrive\Desktop\KMU-FED-2\data\processed\10_HA_ko\10_HA_ko_184.jpg,Anger,Happiness,9,10,0,negative
C:\Users\kundu\OneDrive\Desktop\KMU-FED-2\data\processed\06_HA_dy\06_HA_dy_106.jpg,C:\Users\kundu\OneDrive\Desktop\KMU-FED-2\data\processed\07_HA_sw\07_HA_sw_125.jpg,Happiness,Happiness,6,7,1,cross_subject_pos
C:\Users\kundu\OneDrive\Desktop\KMU-FED-2\data\processed\05_AN_uj\05_AN_uj_043.jpg,C:\Users\kundu\OneDrive\Desktop\KMU-FED-2\data\processed\07_AN_sw\07_AN_sw_081.jpg,Anger,Anger,5,7,1,cross_subject_pos
C:\Users\kundu\OneDrive\Desktop\KMU-FED-2\data\processed\01_FE_mr\01_FE_mr_015.jpg,C:\Users\kundu\OneDrive\Desktop\KMU-FED-2\data\processed\03_FE_s02\03_FE_s02_058.jpg,Fear,Fear,1,3,1,cross_subject_pos
C:\Users\kundu\OneDrive\Desktop\KMU-FED-2\data\processed\07_AN_sw\07_AN_sw_094.jpg,C:\Users\kundu\OneDrive\Desktop\KMU-FED-2\data\processed\07_AN_sw\07_AN_sw_086.jpg,Anger,Anger,7,7,1,same_subject_pos
C:\Users\kundu\OneDrive\Desktop\KMU-FED-2\data\processed\12_DI_gu\12_DI_gu_125.jpg,C:\Users\kundu\OneDrive\Desktop\KMU-FED-2\data\processed\01_SU_mr\01_SU_mr_017.jpg,Disgust,Surprise,12,1,0,negative
C:\Users\kundu\OneDrive\Desktop\KMU-FED-2\data\processed\07_AN_sw\07_AN_sw_081.jpg,C:\Users\kundu\OneDrive\Desktop\KMU-FED-2\data\processed\06_SU_dy\06_SU_dy_094.jpg,Anger,Surprise,7,6,0,negative
C:\Users\kundu\OneDrive\Desktop\KMU-FED-2\data\processed\01_HA_mr\01_HA_mr_006.jpg,C:\Users\kundu\OneDrive\Desktop\KMU-FED-2\data\processed\07_SA_sw\07_SA_sw_072.jpg,Happiness,Sadness,1,7,0,negative
C:\Users\kundu\OneDrive\Desktop\KMU-FED-2\data\processed\12_DI_gu\12_DI_gu_127.jpg,C:\Users\kundu\OneDrive\Desktop\KMU-FED-2\data\processed\05_DI_uj\05_DI_uj_032.jpg,Disgust,Disgust,12,5,1,cross_subject_pos
C:\Users\kundu\OneDrive\Desktop\KMU-FED-2\data\processed\03_SU_s02\03_SU_s02_059.jpg,C:\Users\kundu\OneDrive\Desktop\KMU-FED-2\data\processed\03_SU_s02\03_SU_s02_051.jpg,Surprise,Surprise,3,3,1,same_subject_pos
C:\Users\kundu\OneDrive\Desktop\KMU-FED-2\data\processed\09_SA_sj\09_SA_sj_117.jpg,C:\Users\kundu\OneDrive\Desktop\KMU-FED-2\data\processed\05_SA_uj\05_SA_uj_052.jpg,Sadness,Sadness,9,5,1,cross_subject_pos
C:\Users\kundu\OneDrive\Desktop\KMU-FED-2\data\processed\01_HA_mr\01_HA_mr_010.jpg,C:\Users\kundu\OneDrive\Desktop\KMU-FED-2\data\processed\03_FE_s02\03_FE_s02_056.jpg,Happiness,Fear,1,3,0,negative
C:\Users\kundu\OneDrive\Desktop\KMU-FED-2\data\processed\07_FE_sw\07_FE_sw_122.jpg,C:\Users\kundu\OneDrive\Desktop\KMU-FED-2\data\processed\07_HA_sw\07_HA_sw_115.jpg,Fear,Happiness,7,7,0,negative
C:\Users\kundu\OneDrive\Desktop\KMU-FED-2\data\processed\07_FE_sw\07_FE_sw_125.jpg,C:\Users\kundu\OneDrive\Desktop\KMU-FED-2\data\processed\12_HA_gu\12_HA_gu_179.jpg,Fear,Happiness,7,12,0,negative
C:\Users\kundu\OneDrive\Desktop\KMU-FED-2\data\processed\03_SU_s02\03_SU_s02_052.jpg,C:\Users\kundu\OneDrive\Desktop\KMU-FED-2\data\processed\06_SU_dy\06_SU_dy_097.jpg,Surprise,Surprise,3,6,1,cross_subject_pos
C:\Users\kundu\OneDrive\Desktop\KMU-FED-2\data\processed\12_AN_gu\12_AN_gu_174.jpg,C:\Users\kundu\OneDrive\Desktop\KMU-FED-2\data\processed\09_AN_sj\09_AN_sj_126.jpg,Anger,Anger,12,9,1,cross_subject_pos
C:\Users\kundu\OneDrive\Desktop\KMU-FED-2\data\processed\10_FE_ko\10_FE_ko_164.jpg,C:\Users\kundu\OneDrive\Desktop\KMU-FED-2\data\processed\10_HA_ko\10_HA_ko_180.jpg,Fear,Happiness,10,10,0,negative
C:\Users\kundu\OneDrive\Desktop\KMU-FED-2\data\processed\07_AN_sw\07_AN_sw_100.jpg,C:\Users\kundu\OneDrive\Desktop\KMU-FED-2\data\processed\01_SU_mr\01_SU_mr_009.jpg,Anger,Surprise,7,1,0,negative
C:\Users\kundu\OneDrive\Desktop\KMU-FED-2\data\processed\10_FE_ko\10_FE_ko_175.jpg,C:\Users\kundu\OneDrive\Desktop\KMU-FED-2\data\processed\12_DI_gu\12_DI_gu_128.jpg,Fear,Disgust,10,12,0,negative
C:\Users\kundu\OneDrive\Desktop\KMU-FED-2\data\processed\06_SA_dy\06_SA_dy_078.jpg,C:\Users\kundu\OneDrive\Desktop\KMU-FED-2\data\processed\03_SA_s02\03_SA_s02_034.jpg,Sadness,Sadness,6,3,1,cross_subject_pos
C:\Users\kundu\OneDrive\Desktop\KMU-FED-2\data\processed\03_FE_s02\03_FE_s02_041.jpg,C:\Users\kundu\OneDrive\Desktop\KMU-FED-2\data\processed\12_AN_gu\12_AN_gu_187.jpg,Fear,Anger,3,12,0,negative
C:\Users\kundu\OneDrive\Desktop\KMU-FED-2\data\processed\05_DI_uj\05_DI_uj_040.jpg,C:\Users\kundu\OneDrive\Desktop\KMU-FED-2\data\processed\06_HA_dy\06_HA_dy_097.jpg,Disgust,Happiness,5,6,0,negative
C:\Users\kundu\OneDrive\Desktop\KMU-FED-2\data\processed\10_HA_ko\10_HA_ko_175.jpg,C:\Users\kundu\OneDrive\Desktop\KMU-FED-2\data\processed\07_SU_sw\07_SU_sw_091.jpg,Happiness,Surprise,10,7,0,negative
C:\Users\kundu\OneDrive\Desktop\KMU-FED-2\data\processed\06_DI_dy\06_DI_dy_066.jpg,C:\Users\kundu\OneDrive\Desktop\KMU-FED-2\data\processed\05_DI_uj\05_DI_uj_039.jpg,Disgust,Disgust,6,5,1,cross_subject_pos
C:\Users\kundu\OneDrive\Desktop\KMU-FED-2\data\processed\10_FE_ko\10_FE_ko_170.jpg,C:\Users\kundu\OneDrive\Desktop\KMU-FED-2\data\processed\10_FE_ko\10_FE_ko_174.jpg,Fear,Fear,10,10,1,same_subject_pos
C:\Users\kundu\OneDrive\Desktop\KMU-FED-2\data\processed\05_DI_uj\05_DI_uj_038.jpg,C:\Users\kundu\OneDrive\Desktop\KMU-FED-2\data\processed\05_SA_uj\05_SA_uj_063.jpg,Disgust,Sadness,5,5,0,negative
C:\Users\kundu\OneDrive\Desktop\KMU-FED-2\data\processed\01_FE_mr\01_FE_mr_004.jpg,C:\Users\kundu\OneDrive\Desktop\KMU-FED-2\data\processed\07_FE_sw\07_FE_sw_122.jpg,Fear,Fear,1,7,1,cross_subject_pos
C:\Users\kundu\OneDrive\Desktop\KMU-FED-2\data\processed\01_HA_mr\01_HA_mr_004.jpg,C:\Users\kundu\OneDrive\Desktop\KMU-FED-2\data\processed\07_HA_sw\07_HA_sw_113.jpg,Happiness,Happiness,1,7,1,cross_subject_pos
C:\Users\kundu\OneDrive\Desktop\KMU-FED-2\data\processed\01_DI_mr\01_DI_mr_001.jpg,C:\Users\kundu\OneDrive\Desktop\KMU-FED-2\data\processed\03_HA_s02\03_HA_s02_034.jpg,Disgust,Happiness,1,3,0,negative
C:\Users\kundu\OneDrive\Desktop\KMU-FED-2\data\processed\12_HA_gu\12_HA_gu_175.jpg,C:\Users\kundu\OneDrive\Desktop\KMU-FED-2\data\processed\01_AN_mr\01_AN_mr_013.jpg,Happiness,Anger,12,1,0,negative
C:\Users\kundu\OneDrive\Desktop\KMU-FED-2\data\processed\12_SA_gu\12_SA_gu_170.jpg,C:\Users\kundu\OneDrive\Desktop\KMU-FED-2\data\processed\03_AN_s02\03_AN_s02_037.jpg,Sadness,Anger,12,3,0,negative
C:\Users\kundu\OneDrive\Desktop\KMU-FED-2\data\processed\01_SU_mr\01_SU_mr_006.jpg,C:\Users\kundu\OneDrive\Desktop\KMU-FED-2\data\processed\09_SU_sj\09_SU_sj_107.jpg,Surprise,Surprise,1,9,1,cross_subject_pos
C:\Users\kundu\OneDrive\Desktop\KMU-FED-2\data\processed\01_DI_mr\01_DI_mr_003.jpg,C:\Users\kundu\OneDrive\Desktop\KMU-FED-2\data\processed\03_SU_s02\03_SU_s02_043.jpg,Disgust,Surprise,1,3,0,negative
C:\Users\kundu\OneDrive\Desktop\KMU-FED-2\data\processed\07_SA_sw\07_SA_sw_077.jpg,C:\Users\kundu\OneDrive\Desktop\KMU-FED-2\data\processed\06_SU_dy\06_SU_dy_082.jpg,Sadness,Surprise,7,6,0,negative
C:\Users\kundu\OneDrive\Desktop\KMU-FED-2\data\processed\05_FE_uj\05_FE_uj_092.jpg,C:\Users\kundu\OneDrive\Desktop\KMU-FED-2\data\processed\03_HA_s02\03_HA_s02_035.jpg,Fear,Happiness,5,3,0,negative
C:\Users\kundu\OneDrive\Desktop\KMU-FED-2\data\processed\03_FE_s02\03_FE_s02_044.jpg,C:\Users\kundu\OneDrive\Desktop\KMU-FED-2\data\processed\12_SA_gu\12_SA_gu_152.jpg,Fear,Sadness,3,12,0,negative
C:\Users\kundu\OneDrive\Desktop\KMU-FED-2\data\processed\10_DI_ko\10_DI_ko_092.jpg,C:\Users\kundu\OneDrive\Desktop\KMU-FED-2\data\processed\01_HA_mr\01_HA_mr_011.jpg,Disgust,Happiness,10,1,0,negative
C:\Users\kundu\OneDrive\Desktop\KMU-FED-2\data\processed\06_FE_dy\06_FE_dy_116.jpg,C:\Users\kundu\OneDrive\Desktop\KMU-FED-2\data\processed\01_SU_mr\01_SU_mr_003.jpg,Fear,Surprise,6,1,0,negative
C:\Users\kundu\OneDrive\Desktop\KMU-FED-2\data\processed\07_FE_sw\07_FE_sw_128.jpg,C:\Users\kundu\OneDrive\Desktop\KMU-FED-2\data\processed\03_AN_s02\03_AN_s02_033.jpg,Fear,Anger,7,3,0,negative
C:\Users\kundu\OneDrive\Desktop\KMU-FED-2\data\processed\07_FE_sw\07_FE_sw_131.jpg,C:\Users\kundu\OneDrive\Desktop\KMU-FED-2\data\processed\06_FE_dy\06_FE_dy_105.jpg,Fear,Fear,7,6,1,cross_subject_pos
C:\Users\kundu\OneDrive\Desktop\KMU-FED-2\data\processed\12_SA_gu\12_SA_gu_163.jpg,C:\Users\kundu\OneDrive\Desktop\KMU-FED-2\data\processed\09_SA_sj\09_SA_sj_112.jpg,Sadness,Sadness,12,9,1,cross_subject_pos
C:\Users\kundu\OneDrive\Desktop\KMU-FED-2\data\processed\10_FE_ko\10_FE_ko_177.jpg,C:\Users\kundu\OneDrive\Desktop\KMU-FED-2\data\processed\07_HA_sw\07_HA_sw_126.jpg,Fear,Happiness,10,7,0,negative
C:\Users\kundu\OneDrive\Desktop\KMU-FED-2\data\processed\05_HA_uj\05_HA_uj_080.jpg,C:\Users\kundu\OneDrive\Desktop\KMU-FED-2\data\processed\06_HA_dy\06_HA_dy_102.jpg,Happiness,Happiness,5,6,1,cross_subject_pos
C:\Users\kundu\OneDrive\Desktop\KMU-FED-2\data\processed\01_HA_mr\01_HA_mr_011.jpg,C:\Users\kundu\OneDrive\Desktop\KMU-FED-2\data\processed\07_HA_sw\07_HA_sw_129.jpg,Happiness,Happiness,1,7,1,cross_subject_pos
C:\Users\kundu\OneDrive\Desktop\KMU-FED-2\data\processed\01_DI_mr\01_DI_mr_003.jpg,C:\Users\kundu\OneDrive\Desktop\KMU-FED-2\data\processed\06_SA_dy\06_SA_dy_086.jpg,Disgust,Sadness,1,6,0,negative
C:\Users\kundu\OneDrive\Desktop\KMU-FED-2\data\processed\03_HA_s02\03_HA_s02_042.jpg,C:\Users\kundu\OneDrive\Desktop\KMU-FED-2\data\processed\10_AN_ko\10_AN_ko_146.jpg,Happiness,Anger,3,10,0,negative
C:\Users\kundu\OneDrive\Desktop\KMU-FED-2\data\processed\09_HA_sj\09_HA_sj_166.jpg,C:\Users\kundu\OneDrive\Desktop\KMU-FED-2\data\processed\10_HA_ko\10_HA_ko_175.jpg,Happiness,Happiness,9,10,1,cross_subject_pos
C:\Users\kundu\OneDrive\Desktop\KMU-FED-2\data\processed\10_FE_ko\10_FE_ko_175.jpg,C:\Users\kundu\OneDrive\Desktop\KMU-FED-2\data\processed\01_FE_mr\01_FE_mr_004.jpg,Fear,Fear,10,1,1,cross_subject_pos
C:\Users\kundu\OneDrive\Desktop\KMU-FED-2\data\processed\10_HA_ko\10_HA_ko_190.jpg,C:\Users\kundu\OneDrive\Desktop\KMU-FED-2\data\processed\03_SA_s02\03_SA_s02_024.jpg,Happiness,Sadness,10,3,0,negative
C:\Users\kundu\OneDrive\Desktop\KMU-FED-2\data\processed\10_SU_ko\10_SU_ko_122.jpg,C:\Users\kundu\OneDrive\Desktop\KMU-FED-2\data\processed\09_SU_sj\09_SU_sj_107.jpg,Surprise,Surprise,10,9,1,cross_subject_pos
C:\Users\kundu\OneDrive\Desktop\KMU-FED-2\data\processed\01_DI_mr\01_DI_mr_001.jpg,C:\Users\kundu\OneDrive\Desktop\KMU-FED-2\data\processed\03_SA_s02\03_SA_s02_026.jpg,Disgust,Sadness,1,3,0,negative
C:\Users\kundu\OneDrive\Desktop\KMU-FED-2\data\processed\10_SU_ko\10_SU_ko_113.jpg,C:\Users\kundu\OneDrive\Desktop\KMU-FED-2\data\processed\07_HA_sw\07_HA_sw_116.jpg,Surprise,Happiness,10,7,0,negative
C:\Users\kundu\OneDrive\Desktop\KMU-FED-2\data\processed\06_HA_dy\06_HA_dy_108.jpg,C:\Users\kundu\OneDrive\Desktop\KMU-FED-2\data\processed\06_HA_dy\06_HA_dy_098.jpg,Happiness,Happiness,6,6,1,same_subject_pos
C:\Users\kundu\OneDrive\Desktop\KMU-FED-2\data\processed\12_DI_gu\12_DI_gu_129.jpg,C:\Users\kundu\OneDrive\Desktop\KMU-FED-2\data\processed\09_SA_sj\09_SA_sj_111.jpg,Disgust,Sadness,12,9,0,negative
C:\Users\kundu\OneDrive\Desktop\KMU-FED-2\data\processed\03_FE_s02\03_FE_s02_046.jpg,C:\Users\kundu\OneDrive\Desktop\KMU-FED-2\data\processed\05_SA_uj\05_SA_uj_059.jpg,Fear,Sadness,3,5,0,negative
C:\Users\kundu\OneDrive\Desktop\KMU-FED-2\data\processed\03_AN_s02\03_AN_s02_033.jpg,C:\Users\kundu\OneDrive\Desktop\KMU-FED-2\data\processed\01_SU_mr\01_SU_mr_015.jpg,Anger,Surprise,3,1,0,negative
C:\Users\kundu\OneDrive\Desktop\KMU-FED-2\data\processed\07_HA_sw\07_HA_sw_128.jpg,C:\Users\kundu\OneDrive\Desktop\KMU-FED-2\data\processed\06_AN_dy\06_AN_dy_067.jpg,Happiness,Anger,7,6,0,negative
C:\Users\kundu\OneDrive\Desktop\KMU-FED-2\data\processed\10_AN_ko\10_AN_ko_145.jpg,C:\Users\kundu\OneDrive\Desktop\KMU-FED-2\data\processed\12_DI_gu\12_DI_gu_121.jpg,Anger,Disgust,10,12,0,negative
C:\Users\kundu\OneDrive\Desktop\KMU-FED-2\data\processed\01_AN_mr\01_AN_mr_018.jpg,C:\Users\kundu\OneDrive\Desktop\KMU-FED-2\data\processed\10_FE_ko\10_FE_ko_170.jpg,Anger,Fear,1,10,0,negative
C:\Users\kundu\OneDrive\Desktop\KMU-FED-2\data\processed\03_HA_s02\03_HA_s02_034.jpg,C:\Users\kundu\OneDrive\Desktop\KMU-FED-2\data\processed\09_SU_sj\09_SU_sj_103.jpg,Happiness,Surprise,3,9,0,negative
C:\Users\kundu\OneDrive\Desktop\KMU-FED-2\data\processed\01_FE_mr\01_FE_mr_007.jpg,C:\Users\kundu\OneDrive\Desktop\KMU-FED-2\data\processed\03_HA_s02\03_HA_s02_036.jpg,Fear,Happiness,1,3,0,negative
C:\Users\kundu\OneDrive\Desktop\KMU-FED-2\data\processed\12_SA_gu\12_SA_gu_168.jpg,C:\Users\kundu\OneDrive\Desktop\KMU-FED-2\data\processed\06_SU_dy\06_SU_dy_097.jpg,Sadness,Surprise,12,6,0,negative
C:\Users\kundu\OneDrive\Desktop\KMU-FED-2\data\processed\06_AN_dy\06_AN_dy_078.jpg,C:\Users\kundu\OneDrive\Desktop\KMU-FED-2\data\processed\12_AN_gu\12_AN_gu_179.jpg,Anger,Anger,6,12,1,cross_subject_pos
C:\Users\kundu\OneDrive\Desktop\KMU-FED-2\data\processed\09_AN_sj\09_AN_sj_127.jpg,C:\Users\kundu\OneDrive\Desktop\KMU-FED-2\data\processed\03_AN_s02\03_AN_s02_031.jpg,Anger,Anger,9,3,1,cross_subject_pos
C:\Users\kundu\OneDrive\Desktop\KMU-FED-2\data\processed\01_SU_mr\01_SU_mr_004.jpg,C:\Users\kundu\OneDrive\Desktop\KMU-FED-2\data\processed\07_SU_sw\07_SU_sw_087.jpg,Surprise,Surprise,1,7,1,cross_subject_pos
C:\Users\kundu\OneDrive\Desktop\KMU-FED-2\data\processed\10_HA_ko\10_HA_ko_179.jpg,C:\Users\kundu\OneDrive\Desktop\KMU-FED-2\data\processed\01_HA_mr\01_HA_mr_012.jpg,Happiness,Happiness,10,1,1,cross_subject_pos
C:\Users\kundu\OneDrive\Desktop\KMU-FED-2\data\processed\03_SU_s02\03_SU_s02_056.jpg,C:\Users\kundu\OneDrive\Desktop\KMU-FED-2\data\processed\03_SU_s02\03_SU_s02_057.jpg,Surprise,Surprise,3,3,1,same_subject_pos
C:\Users\kundu\OneDrive\Desktop\KMU-FED-2\data\processed\06_DI_dy\06_DI_dy_067.jpg,C:\Users\kundu\OneDrive\Desktop\KMU-FED-2\data\processed\10_FE_ko\10_FE_ko_164.jpg,Disgust,Fear,6,10,0,negative
C:\Users\kundu\OneDrive\Desktop\KMU-FED-2\data\processed\05_SU_uj\05_SU_uj_065.jpg,C:\Users\kundu\OneDrive\Desktop\KMU-FED-2\data\processed\07_HA_sw\07_HA_sw_115.jpg,Surprise,Happiness,5,7,0,negative
C:\Users\kundu\OneDrive\Desktop\KMU-FED-2\data\processed\03_AN_s02\03_AN_s02_034.jpg,C:\Users\kundu\OneDrive\Desktop\KMU-FED-2\data\processed\12_AN_gu\12_AN_gu_180.jpg,Anger,Anger,3,12,1,cross_subject_pos
C:\Users\kundu\OneDrive\Desktop\KMU-FED-2\data\processed\01_DI_mr\01_DI_mr_007.jpg,C:\Users\kundu\OneDrive\Desktop\KMU-FED-2\data\processed\01_DI_mr\01_DI_mr_013.jpg,Disgust,Disgust,1,1,1,same_subject_pos
C:\Users\kundu\OneDrive\Desktop\KMU-FED-2\data\processed\10_HA_ko\10_HA_ko_171.jpg,C:\Users\kundu\OneDrive\Desktop\KMU-FED-2\data\processed\07_HA_sw\07_HA_sw_126.jpg,Happiness,Happiness,10,7,1,cross_subject_pos
C:\Users\kundu\OneDrive\Desktop\KMU-FED-2\data\processed\01_SA_mr\01_SA_mr_011.jpg,C:\Users\kundu\OneDrive\Desktop\KMU-FED-2\data\processed\06_AN_dy\06_AN_dy_074.jpg,Sadness,Anger,1,6,0,negative
C:\Users\kundu\OneDrive\Desktop\KMU-FED-2\data\processed\03_SU_s02\03_SU_s02_044.jpg,C:\Users\kundu\OneDrive\Desktop\KMU-FED-2\data\processed\01_SA_mr\01_SA_mr_005.jpg,Surprise,Sadness,3,1,0,negative
C:\Users\kundu\OneDrive\Desktop\KMU-FED-2\data\processed\03_SA_s02\03_SA_s02_036.jpg,C:\Users\kundu\OneDrive\Desktop\KMU-FED-2\data\processed\06_DI_dy\06_DI_dy_063.jpg,Sadness,Disgust,3,6,0,negative
C:\Users\kundu\OneDrive\Desktop\KMU-FED-2\data\processed\06_DI_dy\06_DI_dy_063.jpg,C:\Users\kundu\OneDrive\Desktop\KMU-FED-2\data\processed\05_SU_uj\05_SU_uj_066.jpg,Disgust,Surprise,6,5,0,negative
C:\Users\kundu\OneDrive\Desktop\KMU-FED-2\data\processed\07_HA_sw\07_HA_sw_117.jpg,C:\Users\kundu\OneDrive\Desktop\KMU-FED-2\data\processed\06_HA_dy\06_HA_dy_098.jpg,Happiness,Happiness,7,6,1,cross_subject_pos
C:\Users\kundu\OneDrive\Desktop\KMU-FED-2\data\processed\09_AN_sj\09_AN_sj_131.jpg,C:\Users\kundu\OneDrive\Desktop\KMU-FED-2\data\processed\01_FE_mr\01_FE_mr_010.jpg,Anger,Fear,9,1,0,negative
C:\Users\kundu\OneDrive\Desktop\KMU-FED-2\data\processed\03_HA_s02\03_HA_s02_032.jpg,C:\Users\kundu\OneDrive\Desktop\KMU-FED-2\data\processed\12_HA_gu\12_HA_gu_189.jpg,Happiness,Happiness,3,12,1,cross_subject_pos
C:\Users\kundu\OneDrive\Desktop\KMU-FED-2\data\processed\09_HA_sj\09_HA_sj_151.jpg,C:\Users\kundu\OneDrive\Desktop\KMU-FED-2\data\processed\09_AN_sj\09_AN_sj_137.jpg,Happiness,Anger,9,9,0,negative
C:\Users\kundu\OneDrive\Desktop\KMU-FED-2\data\processed\10_DI_ko\10_DI_ko_099.jpg,C:\Users\kundu\OneDrive\Desktop\KMU-FED-2\data\processed\10_AN_ko\10_AN_ko_144.jpg,Disgust,Anger,10,10,0,negative
C:\Users\kundu\OneDrive\Desktop\KMU-FED-2\data\processed\03_HA_s02\03_HA_s02_038.jpg,C:\Users\kundu\OneDrive\Desktop\KMU-FED-2\data\processed\01_HA_mr\01_HA_mr_003.jpg,Happiness,Happiness,3,1,1,cross_subject_pos
C:\Users\kundu\OneDrive\Desktop\KMU-FED-2\data\processed\07_SU_sw\07_SU_sw_090.jpg,C:\Users\kundu\OneDrive\Desktop\KMU-FED-2\data\processed\09_SU_sj\09_SU_sj_103.jpg,Surprise,Surprise,7,9,1,cross_subject_pos
C:\Users\kundu\OneDrive\Desktop\KMU-FED-2\data\processed\01_DI_mr\01_DI_mr_016.jpg,C:\Users\kundu\OneDrive\Desktop\KMU-FED-2\data\processed\07_AN_sw\07_AN_sw_090.jpg,Disgust,Anger,1,7,0,negative
C:\Users\kundu\OneDrive\Desktop\KMU-FED-2\data\processed\05_DI_uj\05_DI_uj_040.jpg,C:\Users\kundu\OneDrive\Desktop\KMU-FED-2\data\processed\07_FE_sw\07_FE_sw_140.jpg,Disgust,Fear,5,7,0,negative
C:\Users\kundu\OneDrive\Desktop\KMU-FED-2\data\processed\03_AN_s02\03_AN_s02_039.jpg,C:\Users\kundu\OneDrive\Desktop\KMU-FED-2\data\processed\12_AN_gu\12_AN_gu_178.jpg,Anger,Anger,3,12,1,cross_subject_pos
C:\Users\kundu\OneDrive\Desktop\KMU-FED-2\data\processed\01_HA_mr\01_HA_mr_016.jpg,C:\Users\kundu\OneDrive\Desktop\KMU-FED-2\data\processed\03_FE_s02\03_FE_s02_054.jpg,Happiness,Fear,1,3,0,negative
C:\Users\kundu\OneDrive\Desktop\KMU-FED-2\data\processed\01_AN_mr\01_AN_mr_007.jpg,C:\Users\kundu\OneDrive\Desktop\KMU-FED-2\data\processed\05_HA_uj\05_HA_uj_076.jpg,Anger,Happiness,1,5,0,negative
C:\Users\kundu\OneDrive\Desktop\KMU-FED-2\data\processed\09_AN_sj\09_AN_sj_126.jpg,C:\Users\kundu\OneDrive\Desktop\KMU-FED-2\data\processed\05_AN_uj\05_AN_uj_041.jpg,Anger,Anger,9,5,1,cross_subject_pos
C:\Users\kundu\OneDrive\Desktop\KMU-FED-2\data\processed\12_HA_gu\12_HA_gu_171.jpg,C:\Users\kundu\OneDrive\Desktop\KMU-FED-2\data\processed\01_HA_mr\01_HA_mr_001.jpg,Happiness,Happiness,12,1,1,cross_subject_pos
C:\Users\kundu\OneDrive\Desktop\KMU-FED-2\data\processed\07_SU_sw\07_SU_sw_085.jpg,C:\Users\kundu\OneDrive\Desktop\KMU-FED-2\data\processed\07_SA_sw\07_SA_sw_080.jpg,Surprise,Sadness,7,7,0,negative
C:\Users\kundu\OneDrive\Desktop\KMU-FED-2\data\processed\12_HA_gu\12_HA_gu_183.jpg,C:\Users\kundu\OneDrive\Desktop\KMU-FED-2\data\processed\01_AN_mr\01_AN_mr_001.jpg,Happiness,Anger,12,1,0,negative
C:\Users\kundu\OneDrive\Desktop\KMU-FED-2\data\processed\05_FE_uj\05_FE_uj_095.jpg,C:\Users\kundu\OneDrive\Desktop\KMU-FED-2\data\processed\05_FE_uj\05_FE_uj_093.jpg,Fear,Fear,5,5,1,same_subject_pos
C:\Users\kundu\OneDrive\Desktop\KMU-FED-2\data\processed\07_FE_sw\07_FE_sw_121.jpg,C:\Users\kundu\OneDrive\Desktop\KMU-FED-2\data\processed\06_AN_dy\06_AN_dy_076.jpg,Fear,Anger,7,6,0,negative
C:\Users\kundu\OneDrive\Desktop\KMU-FED-2\data\processed\07_SU_sw\07_SU_sw_091.jpg,C:\Users\kundu\OneDrive\Desktop\KMU-FED-2\data\processed\01_SU_mr\01_SU_mr_014.jpg,Surprise,Surprise,7,1,1,cross_subject_pos
